
===========================================================================
report_checks -path_delay max (Setup)
============================================================================
======================= nom_tt_025C_1v80 Corner ===================================

Startpoint: yP[9] (input port clocked by __VIRTUAL_CLK__)
Endpoint: zP[14] (output port clocked by __VIRTUAL_CLK__)
Path Group: __VIRTUAL_CLK__
Path Type: max

Fanout         Cap        Slew       Delay        Time   Description
---------------------------------------------------------------------------------------------
                      0.000000    0.000000    0.000000   clock __VIRTUAL_CLK__ (rise edge)
                                  0.000000    0.000000   clock network delay (ideal)
                                  0.000000    0.000000 v input external delay
    20    0.066976    0.148354    0.115569    0.115569 v yP[9] (in)
                                                         yP[9] (net)
                      0.148601    0.000000    0.115569 v g54/B (sky130_fd_sc_hd__and2_1)
     1    0.001659    0.030554    0.200543    0.316111 v g54/X (sky130_fd_sc_hd__and2_1)
                                                         n94 (net)
                      0.030554    0.000048    0.316159 v g56/A (sky130_fd_sc_hd__or2_1)
     2    0.006654    0.065461    0.250519    0.566679 v g56/X (sky130_fd_sc_hd__or2_1)
                                                         n96 (net)
                      0.065461    0.000184    0.566863 v g784/A (sky130_fd_sc_hd__xor2_1)
     2    0.004746    0.145286    0.185202    0.752065 ^ g784/X (sky130_fd_sc_hd__xor2_1)
                                                         n824 (net)
                      0.145286    0.000091    0.752156 ^ g790/A (sky130_fd_sc_hd__inv_1)
     1    0.001979    0.035637    0.051470    0.803626 v g790/Y (sky130_fd_sc_hd__inv_1)
                                                         n830 (net)
                      0.035637    0.000057    0.803683 v g791/B (sky130_fd_sc_hd__and2_1)
     2    0.007385    0.054241    0.175826    0.979510 v g791/X (sky130_fd_sc_hd__and2_1)
                                                         n831 (net)
                      0.054242    0.000304    0.979814 v g1265/A (sky130_fd_sc_hd__xor2_1)
     2    0.007135    0.187298    0.214549    1.194363 ^ g1265/X (sky130_fd_sc_hd__xor2_1)
                                                         n1305 (net)
                      0.187298    0.000143    1.194506 ^ g1266/A (sky130_fd_sc_hd__xor2_1)
     2    0.005142    0.152151    0.199394    1.393900 ^ g1266/X (sky130_fd_sc_hd__xor2_1)
                                                         n1306 (net)
                      0.152151    0.000131    1.394031 ^ g1270/A (sky130_fd_sc_hd__inv_1)
     1    0.001689    0.035334    0.049788    1.443818 v g1270/Y (sky130_fd_sc_hd__inv_1)
                                                         n1310 (net)
                      0.035334    0.000034    1.443852 v g1271/B (sky130_fd_sc_hd__and2_1)
     2    0.009227    0.061253    0.184183    1.628035 v g1271/X (sky130_fd_sc_hd__and2_1)
                                                         n1311 (net)
                      0.061254    0.000345    1.628379 v g1780/A (sky130_fd_sc_hd__xor2_1)
     2    0.011875    0.273230    0.284851    1.913230 ^ g1780/X (sky130_fd_sc_hd__xor2_1)
                                                         n1820 (net)
                      0.273231    0.000530    1.913760 ^ g1785/A (sky130_fd_sc_hd__and2_1)
     2    0.007369    0.087965    0.213435    2.127195 ^ g1785/X (sky130_fd_sc_hd__and2_1)
                                                         n1825 (net)
                      0.087965    0.000236    2.127432 ^ g2220/B (sky130_fd_sc_hd__xor2_1)
     2    0.006311    0.172708    0.202241    2.329673 ^ g2220/X (sky130_fd_sc_hd__xor2_1)
                                                         n2260 (net)
                      0.172708    0.000206    2.329879 ^ g2226/A (sky130_fd_sc_hd__inv_1)
     1    0.001734    0.038283    0.052128    2.382007 v g2226/Y (sky130_fd_sc_hd__inv_1)
                                                         n2266 (net)
                      0.038283    0.000035    2.382042 v g2227/B (sky130_fd_sc_hd__and2_1)
     2    0.006554    0.050530    0.173169    2.555211 v g2227/X (sky130_fd_sc_hd__and2_1)
                                                         n2267 (net)
                      0.050530    0.000126    2.555337 v g2585/B (sky130_fd_sc_hd__xor2_1)
     2    0.006398    0.064781    0.162251    2.717588 v g2585/X (sky130_fd_sc_hd__xor2_1)
                                                         n2625 (net)
                      0.064781    0.000151    2.717739 v g2588/B (sky130_fd_sc_hd__and2_1)
     1    0.002064    0.032057    0.162302    2.880041 v g2588/X (sky130_fd_sc_hd__and2_1)
                                                         n2628 (net)
                      0.032057    0.000060    2.880102 v g2589/B (sky130_fd_sc_hd__or2_1)
     2    0.004033    0.053938    0.216306    3.096407 v g2589/X (sky130_fd_sc_hd__or2_1)
                                                         n2629 (net)
                      0.053938    0.000106    3.096513 v g2594/A (sky130_fd_sc_hd__inv_1)
     1    0.002292    0.031209    0.051909    3.148422 ^ g2594/Y (sky130_fd_sc_hd__inv_1)
                                                         n2634 (net)
                      0.031209    0.000067    3.148489 ^ g2595/B (sky130_fd_sc_hd__and2_1)
     2    0.006952    0.081927    0.146337    3.294826 ^ g2595/X (sky130_fd_sc_hd__and2_1)
                                                         n2635 (net)
                      0.081927    0.000132    3.294958 ^ g2924/B (sky130_fd_sc_hd__xor2_1)
     2    0.005411    0.156832    0.188139    3.483097 ^ g2924/X (sky130_fd_sc_hd__xor2_1)
                                                         n2964 (net)
                      0.156832    0.000128    3.483224 ^ g2930/A (sky130_fd_sc_hd__inv_1)
     1    0.001815    0.036507    0.051278    3.534503 v g2930/Y (sky130_fd_sc_hd__inv_1)
                                                         n2970 (net)
                      0.036507    0.000054    3.534556 v g2931/B (sky130_fd_sc_hd__and2_1)
     2    0.006792    0.051589    0.173443    3.707999 v g2931/X (sky130_fd_sc_hd__and2_1)
                                                         n2971 (net)
                      0.051589    0.000206    3.708205 v g3278/A (sky130_fd_sc_hd__xor2_1)
     2    0.006624    0.178225    0.206078    3.914283 ^ g3278/X (sky130_fd_sc_hd__xor2_1)
                                                         n3318 (net)
                      0.178225    0.000218    3.914501 ^ g3280/A (sky130_fd_sc_hd__inv_1)
     1    0.002141    0.040897    0.056300    3.970801 v g3280/Y (sky130_fd_sc_hd__inv_1)
                                                         n3320 (net)
                      0.040897    0.000061    3.970862 v g3281/B (sky130_fd_sc_hd__and2_1)
     2    0.007539    0.054952    0.178995    4.149857 v g3281/X (sky130_fd_sc_hd__and2_1)
                                                         n3321 (net)
                      0.054952    0.000282    4.150139 v g3546/A (sky130_fd_sc_hd__xor2_1)
     2    0.006688    0.066704    0.184447    4.334586 v g3546/X (sky130_fd_sc_hd__xor2_1)
                                                         n3586 (net)
                      0.066704    0.000168    4.334754 v g3549/B (sky130_fd_sc_hd__and2_1)
     1    0.001942    0.031578    0.162475    4.497230 v g3549/X (sky130_fd_sc_hd__and2_1)
                                                         n3589 (net)
                      0.031578    0.000056    4.497286 v g3550/B (sky130_fd_sc_hd__or2_1)
     2    0.004595    0.056175    0.219602    4.716888 v g3550/X (sky130_fd_sc_hd__or2_1)
                                                         n3590 (net)
                      0.056175    0.000134    4.717021 v g3562/A (sky130_fd_sc_hd__inv_1)
     1    0.002401    0.032327    0.053411    4.770433 ^ g3562/Y (sky130_fd_sc_hd__inv_1)
                                                         n3602 (net)
                      0.032327    0.000072    4.770505 ^ g3563/B (sky130_fd_sc_hd__and2_1)
     2    0.007208    0.084210    0.148486    4.918991 ^ g3563/X (sky130_fd_sc_hd__and2_1)
                                                         n3603 (net)
                      0.084210    0.000211    4.919202 ^ g3767/B (sky130_fd_sc_hd__xor2_1)
     2    0.007168    0.187895    0.213461    5.132663 ^ g3767/X (sky130_fd_sc_hd__xor2_1)
                                                         n3807 (net)
                      0.187895    0.000207    5.132870 ^ g3768/A (sky130_fd_sc_hd__xor2_1)
     2    0.004555    0.141978    0.190969    5.323840 ^ g3768/X (sky130_fd_sc_hd__xor2_1)
                                                         n3808 (net)
                      0.141978    0.000129    5.323968 ^ g3772/A (sky130_fd_sc_hd__inv_1)
     1    0.002076    0.035584    0.051905    5.375874 v g3772/Y (sky130_fd_sc_hd__inv_1)
                                                         n3812 (net)
                      0.035584    0.000043    5.375917 v g3773/B (sky130_fd_sc_hd__and2_1)
     2    0.008124    0.057266    0.179325    5.555242 v g3773/X (sky130_fd_sc_hd__and2_1)
                                                         n3813 (net)
                      0.057266    0.000276    5.555518 v g3918/B (sky130_fd_sc_hd__xor2_1)
     2    0.006292    0.066325    0.164455    5.719973 v g3918/X (sky130_fd_sc_hd__xor2_1)
                                                         n3958 (net)
                      0.066327    0.000086    5.720059 v g3921/B (sky130_fd_sc_hd__and2_1)
     1    0.001655    0.030462    0.160523    5.880582 v g3921/X (sky130_fd_sc_hd__and2_1)
                                                         n3961 (net)
                      0.030462    0.000048    5.880630 v g3922/B (sky130_fd_sc_hd__or2_1)
     2    0.008639    0.074188    0.243976    6.124606 v g3922/X (sky130_fd_sc_hd__or2_1)
                                                         n3962 (net)
                      0.074189    0.000373    6.124979 v g3933/A (sky130_fd_sc_hd__and2_1)
     2    0.006404    0.049828    0.169598    6.294578 v g3933/X (sky130_fd_sc_hd__and2_1)
                                                         n3973 (net)
                      0.049828    0.000183    6.294761 v g4020/A (sky130_fd_sc_hd__xor2_1)
     2    0.006456    0.066308    0.181331    6.476091 v g4020/X (sky130_fd_sc_hd__xor2_1)
                                                         n4060 (net)
                      0.066308    0.000128    6.476220 v g4023/B (sky130_fd_sc_hd__and2_1)
     1    0.001436    0.029598    0.159159    6.635379 v g4023/X (sky130_fd_sc_hd__and2_1)
                                                         n4063 (net)
                      0.029598    0.000028    6.635407 v g4024/B (sky130_fd_sc_hd__or2_1)
     2    0.005723    0.061087    0.225875    6.861282 v g4024/X (sky130_fd_sc_hd__or2_1)
                                                         n4064 (net)
                      0.061087    0.000195    6.861476 v g4036/A (sky130_fd_sc_hd__inv_1)
     1    0.002152    0.031842    0.053613    6.915090 ^ g4036/Y (sky130_fd_sc_hd__inv_1)
                                                         n4076 (net)
                      0.031842    0.000047    6.915136 ^ g4037/B (sky130_fd_sc_hd__and2_1)
     2    0.007113    0.083373    0.147661    7.062798 ^ g4037/X (sky130_fd_sc_hd__and2_1)
                                                         n4077 (net)
                      0.083373    0.000198    7.062996 ^ g4140/A (sky130_fd_sc_hd__xor2_1)
     2    0.005354    0.155839    0.181076    7.244072 ^ g4140/X (sky130_fd_sc_hd__xor2_1)
                                                         n4180 (net)
                      0.155839    0.000150    7.244222 ^ g4142/A (sky130_fd_sc_hd__inv_1)
     1    0.001903    0.036754    0.051914    7.296136 v g4142/Y (sky130_fd_sc_hd__inv_1)
                                                         n4182 (net)
                      0.036754    0.000057    7.296194 v g4143/B (sky130_fd_sc_hd__and2_1)
     4    0.012165    0.073409    0.196132    7.492325 v g4143/X (sky130_fd_sc_hd__and2_1)
                                                         n4183 (net)
                      0.073409    0.000239    7.492564 v g4228/B (sky130_fd_sc_hd__or2_1)
     3    0.008758    0.074884    0.260467    7.753031 v g4228/X (sky130_fd_sc_hd__or2_1)
                                                         n4268 (net)
                      0.074884    0.000292    7.753324 v g4430/B (sky130_fd_sc_hd__and2_1)
     1    0.001908    0.031434    0.166220    7.919543 v g4430/X (sky130_fd_sc_hd__and2_1)
                                                         n4470 (net)
                      0.031434    0.000039    7.919582 v g4431/B (sky130_fd_sc_hd__or2_1)
     2    0.006196    0.063262    0.229404    8.148987 v g4431/X (sky130_fd_sc_hd__or2_1)
                                                         n4471 (net)
                      0.063262    0.000115    8.149101 v g4668/A (sky130_fd_sc_hd__xor2_1)
     2    0.008739    0.216084    0.241235    8.390337 ^ g4668/X (sky130_fd_sc_hd__xor2_1)
                                                         n4708 (net)
                      0.216084    0.000321    8.390657 ^ g4670/A (sky130_fd_sc_hd__inv_1)
     1    0.001865    0.044765    0.057594    8.448251 v g4670/Y (sky130_fd_sc_hd__inv_1)
                                                         n4710 (net)
                      0.044765    0.000053    8.448304 v g4671/B (sky130_fd_sc_hd__and2_1)
     1    0.014715    0.084242    0.209588    8.657892 v g4671/X (sky130_fd_sc_hd__and2_1)
                                                         zP[14] (net)
                      0.084245    0.000647    8.658539 v zP[14] (out)
                                              8.658539   data arrival time

                      0.000000   10.000000   10.000000   clock __VIRTUAL_CLK__ (rise edge)
                                  0.000000   10.000000   clock network delay (ideal)
                                  0.000000   10.000000   clock reconvergence pessimism
                                  0.000000   10.000000   output external delay
                                             10.000000   data required time
---------------------------------------------------------------------------------------------
                                             10.000000   data required time
                                             -8.658539   data arrival time
---------------------------------------------------------------------------------------------
                                              1.341461   slack (MET)


Startpoint: yP[9] (input port clocked by __VIRTUAL_CLK__)
Endpoint: zN[14] (output port clocked by __VIRTUAL_CLK__)
Path Group: __VIRTUAL_CLK__
Path Type: max

Fanout         Cap        Slew       Delay        Time   Description
---------------------------------------------------------------------------------------------
                      0.000000    0.000000    0.000000   clock __VIRTUAL_CLK__ (rise edge)
                                  0.000000    0.000000   clock network delay (ideal)
                                  0.000000    0.000000 v input external delay
    20    0.066976    0.148354    0.115569    0.115569 v yP[9] (in)
                                                         yP[9] (net)
                      0.148601    0.000000    0.115569 v g54/B (sky130_fd_sc_hd__and2_1)
     1    0.001659    0.030554    0.200543    0.316111 v g54/X (sky130_fd_sc_hd__and2_1)
                                                         n94 (net)
                      0.030554    0.000048    0.316159 v g56/A (sky130_fd_sc_hd__or2_1)
     2    0.006654    0.065461    0.250519    0.566679 v g56/X (sky130_fd_sc_hd__or2_1)
                                                         n96 (net)
                      0.065461    0.000184    0.566863 v g784/A (sky130_fd_sc_hd__xor2_1)
     2    0.004746    0.145286    0.185202    0.752065 ^ g784/X (sky130_fd_sc_hd__xor2_1)
                                                         n824 (net)
                      0.145286    0.000091    0.752156 ^ g790/A (sky130_fd_sc_hd__inv_1)
     1    0.001979    0.035637    0.051470    0.803626 v g790/Y (sky130_fd_sc_hd__inv_1)
                                                         n830 (net)
                      0.035637    0.000057    0.803683 v g791/B (sky130_fd_sc_hd__and2_1)
     2    0.007385    0.054241    0.175826    0.979510 v g791/X (sky130_fd_sc_hd__and2_1)
                                                         n831 (net)
                      0.054242    0.000304    0.979814 v g1265/A (sky130_fd_sc_hd__xor2_1)
     2    0.007135    0.187298    0.214549    1.194363 ^ g1265/X (sky130_fd_sc_hd__xor2_1)
                                                         n1305 (net)
                      0.187298    0.000143    1.194506 ^ g1266/A (sky130_fd_sc_hd__xor2_1)
     2    0.005142    0.152151    0.199394    1.393900 ^ g1266/X (sky130_fd_sc_hd__xor2_1)
                                                         n1306 (net)
                      0.152151    0.000131    1.394031 ^ g1270/A (sky130_fd_sc_hd__inv_1)
     1    0.001689    0.035334    0.049788    1.443818 v g1270/Y (sky130_fd_sc_hd__inv_1)
                                                         n1310 (net)
                      0.035334    0.000034    1.443852 v g1271/B (sky130_fd_sc_hd__and2_1)
     2    0.009227    0.061253    0.184183    1.628035 v g1271/X (sky130_fd_sc_hd__and2_1)
                                                         n1311 (net)
                      0.061254    0.000345    1.628379 v g1780/A (sky130_fd_sc_hd__xor2_1)
     2    0.011875    0.273230    0.284851    1.913230 ^ g1780/X (sky130_fd_sc_hd__xor2_1)
                                                         n1820 (net)
                      0.273231    0.000553    1.913783 ^ g1786/A (sky130_fd_sc_hd__inv_1)
     1    0.002142    0.054115    0.066480    1.980263 v g1786/Y (sky130_fd_sc_hd__inv_1)
                                                         n1826 (net)
                      0.054115    0.000063    1.980326 v g1787/B (sky130_fd_sc_hd__and2_1)
     2    0.007648    0.055486    0.185660    2.165987 v g1787/X (sky130_fd_sc_hd__and2_1)
                                                         n1827 (net)
                      0.055486    0.000237    2.166223 v g2222/B (sky130_fd_sc_hd__xor2_1)
     2    0.006057    0.168204    0.180455    2.346679 ^ g2222/X (sky130_fd_sc_hd__xor2_1)
                                                         n2262 (net)
                      0.168204    0.000177    2.346856 ^ g2224/A (sky130_fd_sc_hd__inv_1)
     1    0.002118    0.039399    0.055025    2.401881 v g2224/Y (sky130_fd_sc_hd__inv_1)
                                                         n2264 (net)
                      0.039399    0.000060    2.401941 v g2225/B (sky130_fd_sc_hd__and2_1)
     2    0.006801    0.051641    0.174823    2.576764 v g2225/X (sky130_fd_sc_hd__and2_1)
                                                         n2265 (net)
                      0.051641    0.000199    2.576963 v g2580/B (sky130_fd_sc_hd__xor2_1)
     2    0.006594    0.066142    0.163428    2.740391 v g2580/X (sky130_fd_sc_hd__xor2_1)
                                                         n2620 (net)
                      0.066142    0.000189    2.740580 v g2583/B (sky130_fd_sc_hd__and2_1)
     1    0.001974    0.031704    0.162400    2.902979 v g2583/X (sky130_fd_sc_hd__and2_1)
                                                         n2623 (net)
                      0.031704    0.000061    2.903040 v g2584/B (sky130_fd_sc_hd__or2_1)
     2    0.004048    0.053992    0.216298    3.119338 v g2584/X (sky130_fd_sc_hd__or2_1)
                                                         n2624 (net)
                      0.053992    0.000068    3.119406 v g2596/A (sky130_fd_sc_hd__inv_1)
     1    0.001997    0.029431    0.050103    3.169509 ^ g2596/Y (sky130_fd_sc_hd__inv_1)
                                                         n2636 (net)
                      0.029431    0.000060    3.169568 ^ g2597/B (sky130_fd_sc_hd__and2_1)
     2    0.006617    0.078953    0.143373    3.312941 ^ g2597/X (sky130_fd_sc_hd__and2_1)
                                                         n2637 (net)
                      0.078953    0.000151    3.313092 ^ g2926/B (sky130_fd_sc_hd__xor2_1)
     2    0.004778    0.145836    0.178511    3.491603 ^ g2926/X (sky130_fd_sc_hd__xor2_1)
                                                         n2966 (net)
                      0.145836    0.000096    3.491699 ^ g2928/A (sky130_fd_sc_hd__inv_1)
     1    0.002439    0.037683    0.055224    3.546923 v g2928/Y (sky130_fd_sc_hd__inv_1)
                                                         n2968 (net)
                      0.037683    0.000057    3.546980 v g2929/B (sky130_fd_sc_hd__and2_1)
     2    0.007997    0.056870    0.179695    3.726676 v g2929/X (sky130_fd_sc_hd__and2_1)
                                                         n2969 (net)
                      0.056870    0.000274    3.726949 v g3276/A (sky130_fd_sc_hd__xor2_1)
     2    0.006217    0.171060    0.202616    3.929565 ^ g3276/X (sky130_fd_sc_hd__xor2_1)
                                                         n3316 (net)
                      0.171060    0.000215    3.929781 ^ g3282/A (sky130_fd_sc_hd__inv_1)
     1    0.001741    0.038096    0.052035    3.981816 v g3282/Y (sky130_fd_sc_hd__inv_1)
                                                         n3322 (net)
                      0.038096    0.000036    3.981852 v g3283/B (sky130_fd_sc_hd__and2_1)
     2    0.007011    0.052567    0.175210    4.157062 v g3283/X (sky130_fd_sc_hd__and2_1)
                                                         n3323 (net)
                      0.052567    0.000221    4.157282 v g3551/A (sky130_fd_sc_hd__xor2_1)
     2    0.006205    0.065119    0.181486    4.338768 v g3551/X (sky130_fd_sc_hd__xor2_1)
                                                         n3591 (net)
                      0.065119    0.000079    4.338848 v g3554/B (sky130_fd_sc_hd__and2_1)
     1    0.002315    0.033029    0.164017    4.502865 v g3554/X (sky130_fd_sc_hd__and2_1)
                                                         n3594 (net)
                      0.033029    0.000051    4.502915 v g3555/B (sky130_fd_sc_hd__or2_1)
     2    0.003988    0.053757    0.216353    4.719268 v g3555/X (sky130_fd_sc_hd__or2_1)
                                                         n3595 (net)
                      0.053757    0.000074    4.719342 v g3560/A (sky130_fd_sc_hd__inv_1)
     1    0.002274    0.031061    0.051728    4.771070 ^ g3560/Y (sky130_fd_sc_hd__inv_1)
                                                         n3600 (net)
                      0.031061    0.000071    4.771141 ^ g3561/B (sky130_fd_sc_hd__and2_1)
     2    0.007081    0.083085    0.147189    4.918330 ^ g3561/X (sky130_fd_sc_hd__and2_1)
                                                         n3601 (net)
                      0.083085    0.000203    4.918533 ^ g3762/B (sky130_fd_sc_hd__xor2_1)
     2    0.007111    0.186886    0.212405    5.130938 ^ g3762/X (sky130_fd_sc_hd__xor2_1)
                                                         n3802 (net)
                      0.186886    0.000216    5.131154 ^ g3763/A (sky130_fd_sc_hd__xor2_1)
     2    0.005713    0.162141    0.207614    5.338768 ^ g3763/X (sky130_fd_sc_hd__xor2_1)
                                                         n3803 (net)
                      0.162141    0.000178    5.338946 ^ g3774/A (sky130_fd_sc_hd__inv_1)
     1    0.001769    0.037024    0.051412    5.390358 v g3774/Y (sky130_fd_sc_hd__inv_1)
                                                         n3814 (net)
                      0.037024    0.000052    5.390410 v g3775/B (sky130_fd_sc_hd__and2_1)
     2    0.006655    0.050981    0.173045    5.563455 v g3775/X (sky130_fd_sc_hd__and2_1)
                                                         n3815 (net)
                      0.050981    0.000183    5.563638 v g3923/B (sky130_fd_sc_hd__xor2_1)
     2    0.006343    0.067287    0.162195    5.725833 v g3923/X (sky130_fd_sc_hd__xor2_1)
                                                         n3963 (net)
                      0.067288    0.000087    5.725919 v g3926/B (sky130_fd_sc_hd__and2_1)
     1    0.001798    0.031016    0.161864    5.887784 v g3926/X (sky130_fd_sc_hd__and2_1)
                                                         n3966 (net)
                      0.031016    0.000054    5.887838 v g3927/B (sky130_fd_sc_hd__or2_1)
     2    0.007002    0.067191    0.234139    6.121977 v g3927/X (sky130_fd_sc_hd__or2_1)
                                                         n3967 (net)
                      0.067191    0.000274    6.122251 v g3935/A (sky130_fd_sc_hd__and2_1)
     2    0.006750    0.051358    0.167907    6.290158 v g3935/X (sky130_fd_sc_hd__and2_1)
                                                         n3975 (net)
                      0.051358    0.000191    6.290350 v g4025/A (sky130_fd_sc_hd__xor2_1)
     2    0.007664    0.072517    0.186867    6.477216 v g4025/X (sky130_fd_sc_hd__xor2_1)
                                                         n4065 (net)
                      0.072517    0.000213    6.477429 v g4028/B (sky130_fd_sc_hd__and2_1)
     1    0.001463    0.029700    0.162319    6.639748 v g4028/X (sky130_fd_sc_hd__and2_1)
                                                         n4068 (net)
                      0.029700    0.000029    6.639777 v g4029/B (sky130_fd_sc_hd__or2_1)
     2    0.004731    0.056735    0.219847    6.859624 v g4029/X (sky130_fd_sc_hd__or2_1)
                                                         n4069 (net)
                      0.056735    0.000118    6.859741 v g4034/A (sky130_fd_sc_hd__inv_1)
     1    0.001886    0.029345    0.050374    6.910116 ^ g4034/Y (sky130_fd_sc_hd__inv_1)
                                                         n4074 (net)
                      0.029345    0.000056    6.910172 ^ g4035/B (sky130_fd_sc_hd__and2_1)
     2    0.006980    0.082214    0.145921    7.056092 ^ g4035/X (sky130_fd_sc_hd__and2_1)
                                                         n4075 (net)
                      0.082214    0.000194    7.056286 ^ g4138/A (sky130_fd_sc_hd__xor2_1)
     2    0.004380    0.138925    0.166526    7.222812 ^ g4138/X (sky130_fd_sc_hd__xor2_1)
                                                         n4178 (net)
                      0.138925    0.000078    7.222890 ^ g4144/A (sky130_fd_sc_hd__inv_1)
     1    0.002194    0.035646    0.052506    7.275395 v g4144/Y (sky130_fd_sc_hd__inv_1)
                                                         n4184 (net)
                      0.035646    0.000047    7.275442 v g4145/B (sky130_fd_sc_hd__and2_1)
     4    0.012030    0.072800    0.195198    7.470640 v g4145/X (sky130_fd_sc_hd__and2_1)
                                                         n4185 (net)
                      0.072800    0.000096    7.470736 v g4241/B (sky130_fd_sc_hd__or2_1)
     3    0.009026    0.075840    0.261871    7.732608 v g4241/X (sky130_fd_sc_hd__or2_1)
                                                         n4281 (net)
                      0.075840    0.000269    7.732877 v g4424/B (sky130_fd_sc_hd__and2_1)
     1    0.001716    0.030689    0.165488    7.898365 v g4424/X (sky130_fd_sc_hd__and2_1)
                                                         n4464 (net)
                      0.030689    0.000050    7.898415 v g4427/A (sky130_fd_sc_hd__or2_1)
     2    0.006350    0.064004    0.248731    8.147145 v g4427/X (sky130_fd_sc_hd__or2_1)
                                                         n4467 (net)
                      0.064004    0.000175    8.147321 v g4666/A (sky130_fd_sc_hd__xor2_1)
     2    0.008259    0.207433    0.234722    8.382042 ^ g4666/X (sky130_fd_sc_hd__xor2_1)
                                                         n4706 (net)
                      0.207433    0.000327    8.382369 ^ g4672/A (sky130_fd_sc_hd__inv_1)
     1    0.001871    0.043621    0.056793    8.439161 v g4672/Y (sky130_fd_sc_hd__inv_1)
                                                         n4712 (net)
                      0.043621    0.000053    8.439215 v g4673/B (sky130_fd_sc_hd__and2_1)
     1    0.014080    0.081527    0.206638    8.645853 v g4673/X (sky130_fd_sc_hd__and2_1)
                                                         zN[14] (net)
                      0.081529    0.000559    8.646412 v zN[14] (out)
                                              8.646412   data arrival time

                      0.000000   10.000000   10.000000   clock __VIRTUAL_CLK__ (rise edge)
                                  0.000000   10.000000   clock network delay (ideal)
                                  0.000000   10.000000   clock reconvergence pessimism
                                  0.000000   10.000000   output external delay
                                             10.000000   data required time
---------------------------------------------------------------------------------------------
                                             10.000000   data required time
                                             -8.646412   data arrival time
---------------------------------------------------------------------------------------------
                                              1.353588   slack (MET)


Startpoint: yP[9] (input port clocked by __VIRTUAL_CLK__)
Endpoint: zP[15] (output port clocked by __VIRTUAL_CLK__)
Path Group: __VIRTUAL_CLK__
Path Type: max

Fanout         Cap        Slew       Delay        Time   Description
---------------------------------------------------------------------------------------------
                      0.000000    0.000000    0.000000   clock __VIRTUAL_CLK__ (rise edge)
                                  0.000000    0.000000   clock network delay (ideal)
                                  0.000000    0.000000 v input external delay
    20    0.066976    0.148354    0.115569    0.115569 v yP[9] (in)
                                                         yP[9] (net)
                      0.148601    0.000000    0.115569 v g54/B (sky130_fd_sc_hd__and2_1)
     1    0.001659    0.030554    0.200543    0.316111 v g54/X (sky130_fd_sc_hd__and2_1)
                                                         n94 (net)
                      0.030554    0.000048    0.316159 v g56/A (sky130_fd_sc_hd__or2_1)
     2    0.006654    0.065461    0.250519    0.566679 v g56/X (sky130_fd_sc_hd__or2_1)
                                                         n96 (net)
                      0.065461    0.000184    0.566863 v g784/A (sky130_fd_sc_hd__xor2_1)
     2    0.004746    0.145286    0.185202    0.752065 ^ g784/X (sky130_fd_sc_hd__xor2_1)
                                                         n824 (net)
                      0.145286    0.000091    0.752156 ^ g790/A (sky130_fd_sc_hd__inv_1)
     1    0.001979    0.035637    0.051470    0.803626 v g790/Y (sky130_fd_sc_hd__inv_1)
                                                         n830 (net)
                      0.035637    0.000057    0.803683 v g791/B (sky130_fd_sc_hd__and2_1)
     2    0.007385    0.054241    0.175826    0.979510 v g791/X (sky130_fd_sc_hd__and2_1)
                                                         n831 (net)
                      0.054242    0.000304    0.979814 v g1265/A (sky130_fd_sc_hd__xor2_1)
     2    0.007135    0.187298    0.214549    1.194363 ^ g1265/X (sky130_fd_sc_hd__xor2_1)
                                                         n1305 (net)
                      0.187298    0.000143    1.194506 ^ g1266/A (sky130_fd_sc_hd__xor2_1)
     2    0.005142    0.152151    0.199394    1.393900 ^ g1266/X (sky130_fd_sc_hd__xor2_1)
                                                         n1306 (net)
                      0.152151    0.000131    1.394031 ^ g1270/A (sky130_fd_sc_hd__inv_1)
     1    0.001689    0.035334    0.049788    1.443818 v g1270/Y (sky130_fd_sc_hd__inv_1)
                                                         n1310 (net)
                      0.035334    0.000034    1.443852 v g1271/B (sky130_fd_sc_hd__and2_1)
     2    0.009227    0.061253    0.184183    1.628035 v g1271/X (sky130_fd_sc_hd__and2_1)
                                                         n1311 (net)
                      0.061254    0.000345    1.628379 v g1780/A (sky130_fd_sc_hd__xor2_1)
     2    0.011875    0.273230    0.284851    1.913230 ^ g1780/X (sky130_fd_sc_hd__xor2_1)
                                                         n1820 (net)
                      0.273231    0.000530    1.913760 ^ g1785/A (sky130_fd_sc_hd__and2_1)
     2    0.007369    0.087965    0.213435    2.127195 ^ g1785/X (sky130_fd_sc_hd__and2_1)
                                                         n1825 (net)
                      0.087965    0.000236    2.127432 ^ g2220/B (sky130_fd_sc_hd__xor2_1)
     2    0.006311    0.172708    0.202241    2.329673 ^ g2220/X (sky130_fd_sc_hd__xor2_1)
                                                         n2260 (net)
                      0.172708    0.000206    2.329879 ^ g2226/A (sky130_fd_sc_hd__inv_1)
     1    0.001734    0.038283    0.052128    2.382007 v g2226/Y (sky130_fd_sc_hd__inv_1)
                                                         n2266 (net)
                      0.038283    0.000035    2.382042 v g2227/B (sky130_fd_sc_hd__and2_1)
     2    0.006554    0.050530    0.173169    2.555211 v g2227/X (sky130_fd_sc_hd__and2_1)
                                                         n2267 (net)
                      0.050530    0.000126    2.555337 v g2585/B (sky130_fd_sc_hd__xor2_1)
     2    0.006398    0.064781    0.162251    2.717588 v g2585/X (sky130_fd_sc_hd__xor2_1)
                                                         n2625 (net)
                      0.064781    0.000151    2.717739 v g2588/B (sky130_fd_sc_hd__and2_1)
     1    0.002064    0.032057    0.162302    2.880041 v g2588/X (sky130_fd_sc_hd__and2_1)
                                                         n2628 (net)
                      0.032057    0.000060    2.880102 v g2589/B (sky130_fd_sc_hd__or2_1)
     2    0.004033    0.053938    0.216306    3.096407 v g2589/X (sky130_fd_sc_hd__or2_1)
                                                         n2629 (net)
                      0.053938    0.000106    3.096513 v g2594/A (sky130_fd_sc_hd__inv_1)
     1    0.002292    0.031209    0.051909    3.148422 ^ g2594/Y (sky130_fd_sc_hd__inv_1)
                                                         n2634 (net)
                      0.031209    0.000067    3.148489 ^ g2595/B (sky130_fd_sc_hd__and2_1)
     2    0.006952    0.081927    0.146337    3.294826 ^ g2595/X (sky130_fd_sc_hd__and2_1)
                                                         n2635 (net)
                      0.081927    0.000132    3.294958 ^ g2924/B (sky130_fd_sc_hd__xor2_1)
     2    0.005411    0.156832    0.188139    3.483097 ^ g2924/X (sky130_fd_sc_hd__xor2_1)
                                                         n2964 (net)
                      0.156832    0.000128    3.483224 ^ g2930/A (sky130_fd_sc_hd__inv_1)
     1    0.001815    0.036507    0.051278    3.534503 v g2930/Y (sky130_fd_sc_hd__inv_1)
                                                         n2970 (net)
                      0.036507    0.000054    3.534556 v g2931/B (sky130_fd_sc_hd__and2_1)
     2    0.006792    0.051589    0.173443    3.707999 v g2931/X (sky130_fd_sc_hd__and2_1)
                                                         n2971 (net)
                      0.051589    0.000206    3.708205 v g3278/A (sky130_fd_sc_hd__xor2_1)
     2    0.006624    0.178225    0.206078    3.914283 ^ g3278/X (sky130_fd_sc_hd__xor2_1)
                                                         n3318 (net)
                      0.178225    0.000218    3.914501 ^ g3280/A (sky130_fd_sc_hd__inv_1)
     1    0.002141    0.040897    0.056300    3.970801 v g3280/Y (sky130_fd_sc_hd__inv_1)
                                                         n3320 (net)
                      0.040897    0.000061    3.970862 v g3281/B (sky130_fd_sc_hd__and2_1)
     2    0.007539    0.054952    0.178995    4.149857 v g3281/X (sky130_fd_sc_hd__and2_1)
                                                         n3321 (net)
                      0.054952    0.000282    4.150139 v g3546/A (sky130_fd_sc_hd__xor2_1)
     2    0.006688    0.066704    0.184447    4.334586 v g3546/X (sky130_fd_sc_hd__xor2_1)
                                                         n3586 (net)
                      0.066704    0.000168    4.334754 v g3549/B (sky130_fd_sc_hd__and2_1)
     1    0.001942    0.031578    0.162475    4.497230 v g3549/X (sky130_fd_sc_hd__and2_1)
                                                         n3589 (net)
                      0.031578    0.000056    4.497286 v g3550/B (sky130_fd_sc_hd__or2_1)
     2    0.004595    0.056175    0.219602    4.716888 v g3550/X (sky130_fd_sc_hd__or2_1)
                                                         n3590 (net)
                      0.056175    0.000134    4.717021 v g3562/A (sky130_fd_sc_hd__inv_1)
     1    0.002401    0.032327    0.053411    4.770433 ^ g3562/Y (sky130_fd_sc_hd__inv_1)
                                                         n3602 (net)
                      0.032327    0.000072    4.770505 ^ g3563/B (sky130_fd_sc_hd__and2_1)
     2    0.007208    0.084210    0.148486    4.918991 ^ g3563/X (sky130_fd_sc_hd__and2_1)
                                                         n3603 (net)
                      0.084210    0.000211    4.919202 ^ g3767/B (sky130_fd_sc_hd__xor2_1)
     2    0.007168    0.187895    0.213461    5.132663 ^ g3767/X (sky130_fd_sc_hd__xor2_1)
                                                         n3807 (net)
                      0.187895    0.000207    5.132870 ^ g3768/A (sky130_fd_sc_hd__xor2_1)
     2    0.004555    0.141978    0.190969    5.323840 ^ g3768/X (sky130_fd_sc_hd__xor2_1)
                                                         n3808 (net)
                      0.141978    0.000129    5.323968 ^ g3772/A (sky130_fd_sc_hd__inv_1)
     1    0.002076    0.035584    0.051905    5.375874 v g3772/Y (sky130_fd_sc_hd__inv_1)
                                                         n3812 (net)
                      0.035584    0.000043    5.375917 v g3773/B (sky130_fd_sc_hd__and2_1)
     2    0.008124    0.057266    0.179325    5.555242 v g3773/X (sky130_fd_sc_hd__and2_1)
                                                         n3813 (net)
                      0.057266    0.000276    5.555518 v g3918/B (sky130_fd_sc_hd__xor2_1)
     2    0.006292    0.066325    0.164455    5.719973 v g3918/X (sky130_fd_sc_hd__xor2_1)
                                                         n3958 (net)
                      0.066327    0.000086    5.720059 v g3921/B (sky130_fd_sc_hd__and2_1)
     1    0.001655    0.030462    0.160523    5.880582 v g3921/X (sky130_fd_sc_hd__and2_1)
                                                         n3961 (net)
                      0.030462    0.000048    5.880630 v g3922/B (sky130_fd_sc_hd__or2_1)
     2    0.008639    0.074188    0.243976    6.124606 v g3922/X (sky130_fd_sc_hd__or2_1)
                                                         n3962 (net)
                      0.074189    0.000373    6.124979 v g3933/A (sky130_fd_sc_hd__and2_1)
     2    0.006404    0.049828    0.169598    6.294578 v g3933/X (sky130_fd_sc_hd__and2_1)
                                                         n3973 (net)
                      0.049828    0.000183    6.294761 v g4020/A (sky130_fd_sc_hd__xor2_1)
     2    0.006456    0.066308    0.181331    6.476091 v g4020/X (sky130_fd_sc_hd__xor2_1)
                                                         n4060 (net)
                      0.066308    0.000128    6.476220 v g4023/B (sky130_fd_sc_hd__and2_1)
     1    0.001436    0.029598    0.159159    6.635379 v g4023/X (sky130_fd_sc_hd__and2_1)
                                                         n4063 (net)
                      0.029598    0.000028    6.635407 v g4024/B (sky130_fd_sc_hd__or2_1)
     2    0.005723    0.061087    0.225875    6.861282 v g4024/X (sky130_fd_sc_hd__or2_1)
                                                         n4064 (net)
                      0.061087    0.000195    6.861476 v g4036/A (sky130_fd_sc_hd__inv_1)
     1    0.002152    0.031842    0.053613    6.915090 ^ g4036/Y (sky130_fd_sc_hd__inv_1)
                                                         n4076 (net)
                      0.031842    0.000047    6.915136 ^ g4037/B (sky130_fd_sc_hd__and2_1)
     2    0.007113    0.083373    0.147661    7.062798 ^ g4037/X (sky130_fd_sc_hd__and2_1)
                                                         n4077 (net)
                      0.083373    0.000198    7.062996 ^ g4140/A (sky130_fd_sc_hd__xor2_1)
     2    0.005354    0.155839    0.181076    7.244072 ^ g4140/X (sky130_fd_sc_hd__xor2_1)
                                                         n4180 (net)
                      0.155839    0.000150    7.244222 ^ g4142/A (sky130_fd_sc_hd__inv_1)
     1    0.001903    0.036754    0.051914    7.296136 v g4142/Y (sky130_fd_sc_hd__inv_1)
                                                         n4182 (net)
                      0.036754    0.000057    7.296194 v g4143/B (sky130_fd_sc_hd__and2_1)
     4    0.012165    0.073409    0.196132    7.492325 v g4143/X (sky130_fd_sc_hd__and2_1)
                                                         n4183 (net)
                      0.073409    0.000239    7.492564 v g4228/B (sky130_fd_sc_hd__or2_1)
     3    0.008758    0.074884    0.260467    7.753031 v g4228/X (sky130_fd_sc_hd__or2_1)
                                                         n4268 (net)
                      0.074884    0.000298    7.753329 v g4421/A (sky130_fd_sc_hd__inv_1)
     1    0.002149    0.034693    0.058546    7.811875 ^ g4421/Y (sky130_fd_sc_hd__inv_1)
                                                         n4461 (net)
                      0.034693    0.000064    7.811939 ^ g4422/B (sky130_fd_sc_hd__and2_1)
     1    0.001792    0.038365    0.109003    7.920942 ^ g4422/X (sky130_fd_sc_hd__and2_1)
                                                         n4462 (net)
                      0.038365    0.000052    7.920995 ^ g4423/B (sky130_fd_sc_hd__or2_1)
     2    0.007902    0.083805    0.124609    8.045604 ^ g4423/X (sky130_fd_sc_hd__or2_1)
                                                         n4463 (net)
                      0.083805    0.000273    8.045877 ^ g4680/B (sky130_fd_sc_hd__xor2_1)
     2    0.005689    0.161713    0.192504    8.238380 ^ g4680/X (sky130_fd_sc_hd__xor2_1)
                                                         n4720 (net)
                      0.161713    0.000165    8.238545 ^ g4682/A (sky130_fd_sc_hd__inv_1)
     1    0.001771    0.036975    0.051388    8.289933 v g4682/Y (sky130_fd_sc_hd__inv_1)
                                                         n4722 (net)
                      0.036975    0.000052    8.289985 v g4683/B (sky130_fd_sc_hd__and2_1)
     1    0.015562    0.087809    0.209331    8.499316 v g4683/X (sky130_fd_sc_hd__and2_1)
                                                         zP[15] (net)
                      0.087810    0.000476    8.499792 v zP[15] (out)
                                              8.499792   data arrival time

                      0.000000   10.000000   10.000000   clock __VIRTUAL_CLK__ (rise edge)
                                  0.000000   10.000000   clock network delay (ideal)
                                  0.000000   10.000000   clock reconvergence pessimism
                                  0.000000   10.000000   output external delay
                                             10.000000   data required time
---------------------------------------------------------------------------------------------
                                             10.000000   data required time
                                             -8.499792   data arrival time
---------------------------------------------------------------------------------------------
                                              1.500208   slack (MET)


Startpoint: yP[9] (input port clocked by __VIRTUAL_CLK__)
Endpoint: zN[15] (output port clocked by __VIRTUAL_CLK__)
Path Group: __VIRTUAL_CLK__
Path Type: max

Fanout         Cap        Slew       Delay        Time   Description
---------------------------------------------------------------------------------------------
                      0.000000    0.000000    0.000000   clock __VIRTUAL_CLK__ (rise edge)
                                  0.000000    0.000000   clock network delay (ideal)
                                  0.000000    0.000000 v input external delay
    20    0.066976    0.148354    0.115569    0.115569 v yP[9] (in)
                                                         yP[9] (net)
                      0.148601    0.000000    0.115569 v g54/B (sky130_fd_sc_hd__and2_1)
     1    0.001659    0.030554    0.200543    0.316111 v g54/X (sky130_fd_sc_hd__and2_1)
                                                         n94 (net)
                      0.030554    0.000048    0.316159 v g56/A (sky130_fd_sc_hd__or2_1)
     2    0.006654    0.065461    0.250519    0.566679 v g56/X (sky130_fd_sc_hd__or2_1)
                                                         n96 (net)
                      0.065461    0.000184    0.566863 v g784/A (sky130_fd_sc_hd__xor2_1)
     2    0.004746    0.145286    0.185202    0.752065 ^ g784/X (sky130_fd_sc_hd__xor2_1)
                                                         n824 (net)
                      0.145286    0.000091    0.752156 ^ g790/A (sky130_fd_sc_hd__inv_1)
     1    0.001979    0.035637    0.051470    0.803626 v g790/Y (sky130_fd_sc_hd__inv_1)
                                                         n830 (net)
                      0.035637    0.000057    0.803683 v g791/B (sky130_fd_sc_hd__and2_1)
     2    0.007385    0.054241    0.175826    0.979510 v g791/X (sky130_fd_sc_hd__and2_1)
                                                         n831 (net)
                      0.054242    0.000304    0.979814 v g1265/A (sky130_fd_sc_hd__xor2_1)
     2    0.007135    0.187298    0.214549    1.194363 ^ g1265/X (sky130_fd_sc_hd__xor2_1)
                                                         n1305 (net)
                      0.187298    0.000143    1.194506 ^ g1266/A (sky130_fd_sc_hd__xor2_1)
     2    0.005142    0.152151    0.199394    1.393900 ^ g1266/X (sky130_fd_sc_hd__xor2_1)
                                                         n1306 (net)
                      0.152151    0.000131    1.394031 ^ g1270/A (sky130_fd_sc_hd__inv_1)
     1    0.001689    0.035334    0.049788    1.443818 v g1270/Y (sky130_fd_sc_hd__inv_1)
                                                         n1310 (net)
                      0.035334    0.000034    1.443852 v g1271/B (sky130_fd_sc_hd__and2_1)
     2    0.009227    0.061253    0.184183    1.628035 v g1271/X (sky130_fd_sc_hd__and2_1)
                                                         n1311 (net)
                      0.061254    0.000345    1.628379 v g1780/A (sky130_fd_sc_hd__xor2_1)
     2    0.011875    0.273230    0.284851    1.913230 ^ g1780/X (sky130_fd_sc_hd__xor2_1)
                                                         n1820 (net)
                      0.273231    0.000530    1.913760 ^ g1785/A (sky130_fd_sc_hd__and2_1)
     2    0.007369    0.087965    0.213435    2.127195 ^ g1785/X (sky130_fd_sc_hd__and2_1)
                                                         n1825 (net)
                      0.087965    0.000236    2.127432 ^ g2220/B (sky130_fd_sc_hd__xor2_1)
     2    0.006311    0.172708    0.202241    2.329673 ^ g2220/X (sky130_fd_sc_hd__xor2_1)
                                                         n2260 (net)
                      0.172708    0.000206    2.329879 ^ g2226/A (sky130_fd_sc_hd__inv_1)
     1    0.001734    0.038283    0.052128    2.382007 v g2226/Y (sky130_fd_sc_hd__inv_1)
                                                         n2266 (net)
                      0.038283    0.000035    2.382042 v g2227/B (sky130_fd_sc_hd__and2_1)
     2    0.006554    0.050530    0.173169    2.555211 v g2227/X (sky130_fd_sc_hd__and2_1)
                                                         n2267 (net)
                      0.050530    0.000126    2.555337 v g2585/B (sky130_fd_sc_hd__xor2_1)
     2    0.006398    0.064781    0.162251    2.717588 v g2585/X (sky130_fd_sc_hd__xor2_1)
                                                         n2625 (net)
                      0.064781    0.000151    2.717739 v g2588/B (sky130_fd_sc_hd__and2_1)
     1    0.002064    0.032057    0.162302    2.880041 v g2588/X (sky130_fd_sc_hd__and2_1)
                                                         n2628 (net)
                      0.032057    0.000060    2.880102 v g2589/B (sky130_fd_sc_hd__or2_1)
     2    0.004033    0.053938    0.216306    3.096407 v g2589/X (sky130_fd_sc_hd__or2_1)
                                                         n2629 (net)
                      0.053938    0.000106    3.096513 v g2594/A (sky130_fd_sc_hd__inv_1)
     1    0.002292    0.031209    0.051909    3.148422 ^ g2594/Y (sky130_fd_sc_hd__inv_1)
                                                         n2634 (net)
                      0.031209    0.000067    3.148489 ^ g2595/B (sky130_fd_sc_hd__and2_1)
     2    0.006952    0.081927    0.146337    3.294826 ^ g2595/X (sky130_fd_sc_hd__and2_1)
                                                         n2635 (net)
                      0.081927    0.000132    3.294958 ^ g2924/B (sky130_fd_sc_hd__xor2_1)
     2    0.005411    0.156832    0.188139    3.483097 ^ g2924/X (sky130_fd_sc_hd__xor2_1)
                                                         n2964 (net)
                      0.156832    0.000128    3.483224 ^ g2930/A (sky130_fd_sc_hd__inv_1)
     1    0.001815    0.036507    0.051278    3.534503 v g2930/Y (sky130_fd_sc_hd__inv_1)
                                                         n2970 (net)
                      0.036507    0.000054    3.534556 v g2931/B (sky130_fd_sc_hd__and2_1)
     2    0.006792    0.051589    0.173443    3.707999 v g2931/X (sky130_fd_sc_hd__and2_1)
                                                         n2971 (net)
                      0.051589    0.000206    3.708205 v g3278/A (sky130_fd_sc_hd__xor2_1)
     2    0.006624    0.178225    0.206078    3.914283 ^ g3278/X (sky130_fd_sc_hd__xor2_1)
                                                         n3318 (net)
                      0.178225    0.000218    3.914501 ^ g3280/A (sky130_fd_sc_hd__inv_1)
     1    0.002141    0.040897    0.056300    3.970801 v g3280/Y (sky130_fd_sc_hd__inv_1)
                                                         n3320 (net)
                      0.040897    0.000061    3.970862 v g3281/B (sky130_fd_sc_hd__and2_1)
     2    0.007539    0.054952    0.178995    4.149857 v g3281/X (sky130_fd_sc_hd__and2_1)
                                                         n3321 (net)
                      0.054952    0.000282    4.150139 v g3546/A (sky130_fd_sc_hd__xor2_1)
     2    0.006688    0.066704    0.184447    4.334586 v g3546/X (sky130_fd_sc_hd__xor2_1)
                                                         n3586 (net)
                      0.066704    0.000168    4.334754 v g3549/B (sky130_fd_sc_hd__and2_1)
     1    0.001942    0.031578    0.162475    4.497230 v g3549/X (sky130_fd_sc_hd__and2_1)
                                                         n3589 (net)
                      0.031578    0.000056    4.497286 v g3550/B (sky130_fd_sc_hd__or2_1)
     2    0.004595    0.056175    0.219602    4.716888 v g3550/X (sky130_fd_sc_hd__or2_1)
                                                         n3590 (net)
                      0.056175    0.000134    4.717021 v g3562/A (sky130_fd_sc_hd__inv_1)
     1    0.002401    0.032327    0.053411    4.770433 ^ g3562/Y (sky130_fd_sc_hd__inv_1)
                                                         n3602 (net)
                      0.032327    0.000072    4.770505 ^ g3563/B (sky130_fd_sc_hd__and2_1)
     2    0.007208    0.084210    0.148486    4.918991 ^ g3563/X (sky130_fd_sc_hd__and2_1)
                                                         n3603 (net)
                      0.084210    0.000211    4.919202 ^ g3767/B (sky130_fd_sc_hd__xor2_1)
     2    0.007168    0.187895    0.213461    5.132663 ^ g3767/X (sky130_fd_sc_hd__xor2_1)
                                                         n3807 (net)
                      0.187895    0.000207    5.132870 ^ g3768/A (sky130_fd_sc_hd__xor2_1)
     2    0.004555    0.141978    0.190969    5.323840 ^ g3768/X (sky130_fd_sc_hd__xor2_1)
                                                         n3808 (net)
                      0.141978    0.000129    5.323968 ^ g3772/A (sky130_fd_sc_hd__inv_1)
     1    0.002076    0.035584    0.051905    5.375874 v g3772/Y (sky130_fd_sc_hd__inv_1)
                                                         n3812 (net)
                      0.035584    0.000043    5.375917 v g3773/B (sky130_fd_sc_hd__and2_1)
     2    0.008124    0.057266    0.179325    5.555242 v g3773/X (sky130_fd_sc_hd__and2_1)
                                                         n3813 (net)
                      0.057266    0.000276    5.555518 v g3918/B (sky130_fd_sc_hd__xor2_1)
     2    0.006292    0.066325    0.164455    5.719973 v g3918/X (sky130_fd_sc_hd__xor2_1)
                                                         n3958 (net)
                      0.066327    0.000086    5.720059 v g3921/B (sky130_fd_sc_hd__and2_1)
     1    0.001655    0.030462    0.160523    5.880582 v g3921/X (sky130_fd_sc_hd__and2_1)
                                                         n3961 (net)
                      0.030462    0.000048    5.880630 v g3922/B (sky130_fd_sc_hd__or2_1)
     2    0.008639    0.074188    0.243976    6.124606 v g3922/X (sky130_fd_sc_hd__or2_1)
                                                         n3962 (net)
                      0.074189    0.000373    6.124979 v g3933/A (sky130_fd_sc_hd__and2_1)
     2    0.006404    0.049828    0.169598    6.294578 v g3933/X (sky130_fd_sc_hd__and2_1)
                                                         n3973 (net)
                      0.049828    0.000183    6.294761 v g4020/A (sky130_fd_sc_hd__xor2_1)
     2    0.006456    0.066308    0.181331    6.476091 v g4020/X (sky130_fd_sc_hd__xor2_1)
                                                         n4060 (net)
                      0.066308    0.000128    6.476220 v g4023/B (sky130_fd_sc_hd__and2_1)
     1    0.001436    0.029598    0.159159    6.635379 v g4023/X (sky130_fd_sc_hd__and2_1)
                                                         n4063 (net)
                      0.029598    0.000028    6.635407 v g4024/B (sky130_fd_sc_hd__or2_1)
     2    0.005723    0.061087    0.225875    6.861282 v g4024/X (sky130_fd_sc_hd__or2_1)
                                                         n4064 (net)
                      0.061087    0.000195    6.861476 v g4036/A (sky130_fd_sc_hd__inv_1)
     1    0.002152    0.031842    0.053613    6.915090 ^ g4036/Y (sky130_fd_sc_hd__inv_1)
                                                         n4076 (net)
                      0.031842    0.000047    6.915136 ^ g4037/B (sky130_fd_sc_hd__and2_1)
     2    0.007113    0.083373    0.147661    7.062798 ^ g4037/X (sky130_fd_sc_hd__and2_1)
                                                         n4077 (net)
                      0.083373    0.000198    7.062996 ^ g4140/A (sky130_fd_sc_hd__xor2_1)
     2    0.005354    0.155839    0.181076    7.244072 ^ g4140/X (sky130_fd_sc_hd__xor2_1)
                                                         n4180 (net)
                      0.155839    0.000150    7.244222 ^ g4142/A (sky130_fd_sc_hd__inv_1)
     1    0.001903    0.036754    0.051914    7.296136 v g4142/Y (sky130_fd_sc_hd__inv_1)
                                                         n4182 (net)
                      0.036754    0.000057    7.296194 v g4143/B (sky130_fd_sc_hd__and2_1)
     4    0.012165    0.073409    0.196132    7.492325 v g4143/X (sky130_fd_sc_hd__and2_1)
                                                         n4183 (net)
                      0.073409    0.000239    7.492564 v g4228/B (sky130_fd_sc_hd__or2_1)
     3    0.008758    0.074884    0.260467    7.753031 v g4228/X (sky130_fd_sc_hd__or2_1)
                                                         n4268 (net)
                      0.074884    0.000298    7.753329 v g4421/A (sky130_fd_sc_hd__inv_1)
     1    0.002149    0.034693    0.058546    7.811875 ^ g4421/Y (sky130_fd_sc_hd__inv_1)
                                                         n4461 (net)
                      0.034693    0.000064    7.811939 ^ g4422/B (sky130_fd_sc_hd__and2_1)
     1    0.001792    0.038365    0.109003    7.920942 ^ g4422/X (sky130_fd_sc_hd__and2_1)
                                                         n4462 (net)
                      0.038365    0.000052    7.920995 ^ g4423/B (sky130_fd_sc_hd__or2_1)
     2    0.007902    0.083805    0.124609    8.045604 ^ g4423/X (sky130_fd_sc_hd__or2_1)
                                                         n4463 (net)
                      0.083805    0.000273    8.045877 ^ g4680/B (sky130_fd_sc_hd__xor2_1)
     2    0.005689    0.161713    0.192504    8.238380 ^ g4680/X (sky130_fd_sc_hd__xor2_1)
                                                         n4720 (net)
                      0.161713    0.000138    8.238518 ^ g4685/A (sky130_fd_sc_hd__and2_1)
     1    0.015523    0.160409    0.243205    8.481723 ^ g4685/X (sky130_fd_sc_hd__and2_1)
                                                         zN[15] (net)
                      0.160409    0.000443    8.482166 ^ zN[15] (out)
                                              8.482166   data arrival time

                      0.000000   10.000000   10.000000   clock __VIRTUAL_CLK__ (rise edge)
                                  0.000000   10.000000   clock network delay (ideal)
                                  0.000000   10.000000   clock reconvergence pessimism
                                  0.000000   10.000000   output external delay
                                             10.000000   data required time
---------------------------------------------------------------------------------------------
                                             10.000000   data required time
                                             -8.482166   data arrival time
---------------------------------------------------------------------------------------------
                                              1.517834   slack (MET)


Startpoint: yP[9] (input port clocked by __VIRTUAL_CLK__)
Endpoint: zP[13] (output port clocked by __VIRTUAL_CLK__)
Path Group: __VIRTUAL_CLK__
Path Type: max

Fanout         Cap        Slew       Delay        Time   Description
---------------------------------------------------------------------------------------------
                      0.000000    0.000000    0.000000   clock __VIRTUAL_CLK__ (rise edge)
                                  0.000000    0.000000   clock network delay (ideal)
                                  0.000000    0.000000 v input external delay
    20    0.066976    0.148354    0.115569    0.115569 v yP[9] (in)
                                                         yP[9] (net)
                      0.148601    0.000000    0.115569 v g54/B (sky130_fd_sc_hd__and2_1)
     1    0.001659    0.030554    0.200543    0.316111 v g54/X (sky130_fd_sc_hd__and2_1)
                                                         n94 (net)
                      0.030554    0.000048    0.316159 v g56/A (sky130_fd_sc_hd__or2_1)
     2    0.006654    0.065461    0.250519    0.566679 v g56/X (sky130_fd_sc_hd__or2_1)
                                                         n96 (net)
                      0.065461    0.000184    0.566863 v g784/A (sky130_fd_sc_hd__xor2_1)
     2    0.004746    0.145286    0.185202    0.752065 ^ g784/X (sky130_fd_sc_hd__xor2_1)
                                                         n824 (net)
                      0.145286    0.000091    0.752156 ^ g790/A (sky130_fd_sc_hd__inv_1)
     1    0.001979    0.035637    0.051470    0.803626 v g790/Y (sky130_fd_sc_hd__inv_1)
                                                         n830 (net)
                      0.035637    0.000057    0.803683 v g791/B (sky130_fd_sc_hd__and2_1)
     2    0.007385    0.054241    0.175826    0.979510 v g791/X (sky130_fd_sc_hd__and2_1)
                                                         n831 (net)
                      0.054242    0.000304    0.979814 v g1265/A (sky130_fd_sc_hd__xor2_1)
     2    0.007135    0.187298    0.214549    1.194363 ^ g1265/X (sky130_fd_sc_hd__xor2_1)
                                                         n1305 (net)
                      0.187298    0.000143    1.194506 ^ g1266/A (sky130_fd_sc_hd__xor2_1)
     2    0.005142    0.152151    0.199394    1.393900 ^ g1266/X (sky130_fd_sc_hd__xor2_1)
                                                         n1306 (net)
                      0.152151    0.000131    1.394031 ^ g1270/A (sky130_fd_sc_hd__inv_1)
     1    0.001689    0.035334    0.049788    1.443818 v g1270/Y (sky130_fd_sc_hd__inv_1)
                                                         n1310 (net)
                      0.035334    0.000034    1.443852 v g1271/B (sky130_fd_sc_hd__and2_1)
     2    0.009227    0.061253    0.184183    1.628035 v g1271/X (sky130_fd_sc_hd__and2_1)
                                                         n1311 (net)
                      0.061254    0.000345    1.628379 v g1780/A (sky130_fd_sc_hd__xor2_1)
     2    0.011875    0.273230    0.284851    1.913230 ^ g1780/X (sky130_fd_sc_hd__xor2_1)
                                                         n1820 (net)
                      0.273231    0.000530    1.913760 ^ g1785/A (sky130_fd_sc_hd__and2_1)
     2    0.007369    0.087965    0.213435    2.127195 ^ g1785/X (sky130_fd_sc_hd__and2_1)
                                                         n1825 (net)
                      0.087965    0.000236    2.127432 ^ g2220/B (sky130_fd_sc_hd__xor2_1)
     2    0.006311    0.172708    0.202241    2.329673 ^ g2220/X (sky130_fd_sc_hd__xor2_1)
                                                         n2260 (net)
                      0.172708    0.000206    2.329879 ^ g2226/A (sky130_fd_sc_hd__inv_1)
     1    0.001734    0.038283    0.052128    2.382007 v g2226/Y (sky130_fd_sc_hd__inv_1)
                                                         n2266 (net)
                      0.038283    0.000035    2.382042 v g2227/B (sky130_fd_sc_hd__and2_1)
     2    0.006554    0.050530    0.173169    2.555211 v g2227/X (sky130_fd_sc_hd__and2_1)
                                                         n2267 (net)
                      0.050530    0.000126    2.555337 v g2585/B (sky130_fd_sc_hd__xor2_1)
     2    0.006398    0.064781    0.162251    2.717588 v g2585/X (sky130_fd_sc_hd__xor2_1)
                                                         n2625 (net)
                      0.064781    0.000151    2.717739 v g2588/B (sky130_fd_sc_hd__and2_1)
     1    0.002064    0.032057    0.162302    2.880041 v g2588/X (sky130_fd_sc_hd__and2_1)
                                                         n2628 (net)
                      0.032057    0.000060    2.880102 v g2589/B (sky130_fd_sc_hd__or2_1)
     2    0.004033    0.053938    0.216306    3.096407 v g2589/X (sky130_fd_sc_hd__or2_1)
                                                         n2629 (net)
                      0.053938    0.000106    3.096513 v g2594/A (sky130_fd_sc_hd__inv_1)
     1    0.002292    0.031209    0.051909    3.148422 ^ g2594/Y (sky130_fd_sc_hd__inv_1)
                                                         n2634 (net)
                      0.031209    0.000067    3.148489 ^ g2595/B (sky130_fd_sc_hd__and2_1)
     2    0.006952    0.081927    0.146337    3.294826 ^ g2595/X (sky130_fd_sc_hd__and2_1)
                                                         n2635 (net)
                      0.081927    0.000132    3.294958 ^ g2924/B (sky130_fd_sc_hd__xor2_1)
     2    0.005411    0.156832    0.188139    3.483097 ^ g2924/X (sky130_fd_sc_hd__xor2_1)
                                                         n2964 (net)
                      0.156832    0.000128    3.483224 ^ g2930/A (sky130_fd_sc_hd__inv_1)
     1    0.001815    0.036507    0.051278    3.534503 v g2930/Y (sky130_fd_sc_hd__inv_1)
                                                         n2970 (net)
                      0.036507    0.000054    3.534556 v g2931/B (sky130_fd_sc_hd__and2_1)
     2    0.006792    0.051589    0.173443    3.707999 v g2931/X (sky130_fd_sc_hd__and2_1)
                                                         n2971 (net)
                      0.051589    0.000206    3.708205 v g3278/A (sky130_fd_sc_hd__xor2_1)
     2    0.006624    0.178225    0.206078    3.914283 ^ g3278/X (sky130_fd_sc_hd__xor2_1)
                                                         n3318 (net)
                      0.178225    0.000218    3.914501 ^ g3280/A (sky130_fd_sc_hd__inv_1)
     1    0.002141    0.040897    0.056300    3.970801 v g3280/Y (sky130_fd_sc_hd__inv_1)
                                                         n3320 (net)
                      0.040897    0.000061    3.970862 v g3281/B (sky130_fd_sc_hd__and2_1)
     2    0.007539    0.054952    0.178995    4.149857 v g3281/X (sky130_fd_sc_hd__and2_1)
                                                         n3321 (net)
                      0.054952    0.000282    4.150139 v g3546/A (sky130_fd_sc_hd__xor2_1)
     2    0.006688    0.066704    0.184447    4.334586 v g3546/X (sky130_fd_sc_hd__xor2_1)
                                                         n3586 (net)
                      0.066704    0.000168    4.334754 v g3549/B (sky130_fd_sc_hd__and2_1)
     1    0.001942    0.031578    0.162475    4.497230 v g3549/X (sky130_fd_sc_hd__and2_1)
                                                         n3589 (net)
                      0.031578    0.000056    4.497286 v g3550/B (sky130_fd_sc_hd__or2_1)
     2    0.004595    0.056175    0.219602    4.716888 v g3550/X (sky130_fd_sc_hd__or2_1)
                                                         n3590 (net)
                      0.056175    0.000134    4.717021 v g3562/A (sky130_fd_sc_hd__inv_1)
     1    0.002401    0.032327    0.053411    4.770433 ^ g3562/Y (sky130_fd_sc_hd__inv_1)
                                                         n3602 (net)
                      0.032327    0.000072    4.770505 ^ g3563/B (sky130_fd_sc_hd__and2_1)
     2    0.007208    0.084210    0.148486    4.918991 ^ g3563/X (sky130_fd_sc_hd__and2_1)
                                                         n3603 (net)
                      0.084210    0.000211    4.919202 ^ g3767/B (sky130_fd_sc_hd__xor2_1)
     2    0.007168    0.187895    0.213461    5.132663 ^ g3767/X (sky130_fd_sc_hd__xor2_1)
                                                         n3807 (net)
                      0.187895    0.000207    5.132870 ^ g3768/A (sky130_fd_sc_hd__xor2_1)
     2    0.004555    0.141978    0.190969    5.323840 ^ g3768/X (sky130_fd_sc_hd__xor2_1)
                                                         n3808 (net)
                      0.141978    0.000129    5.323968 ^ g3772/A (sky130_fd_sc_hd__inv_1)
     1    0.002076    0.035584    0.051905    5.375874 v g3772/Y (sky130_fd_sc_hd__inv_1)
                                                         n3812 (net)
                      0.035584    0.000043    5.375917 v g3773/B (sky130_fd_sc_hd__and2_1)
     2    0.008124    0.057266    0.179325    5.555242 v g3773/X (sky130_fd_sc_hd__and2_1)
                                                         n3813 (net)
                      0.057266    0.000276    5.555518 v g3918/B (sky130_fd_sc_hd__xor2_1)
     2    0.006292    0.066325    0.164455    5.719973 v g3918/X (sky130_fd_sc_hd__xor2_1)
                                                         n3958 (net)
                      0.066327    0.000086    5.720059 v g3921/B (sky130_fd_sc_hd__and2_1)
     1    0.001655    0.030462    0.160523    5.880582 v g3921/X (sky130_fd_sc_hd__and2_1)
                                                         n3961 (net)
                      0.030462    0.000048    5.880630 v g3922/B (sky130_fd_sc_hd__or2_1)
     2    0.008639    0.074188    0.243976    6.124606 v g3922/X (sky130_fd_sc_hd__or2_1)
                                                         n3962 (net)
                      0.074189    0.000373    6.124979 v g3933/A (sky130_fd_sc_hd__and2_1)
     2    0.006404    0.049828    0.169598    6.294578 v g3933/X (sky130_fd_sc_hd__and2_1)
                                                         n3973 (net)
                      0.049828    0.000183    6.294761 v g4020/A (sky130_fd_sc_hd__xor2_1)
     2    0.006456    0.066308    0.181331    6.476091 v g4020/X (sky130_fd_sc_hd__xor2_1)
                                                         n4060 (net)
                      0.066308    0.000128    6.476220 v g4023/B (sky130_fd_sc_hd__and2_1)
     1    0.001436    0.029598    0.159159    6.635379 v g4023/X (sky130_fd_sc_hd__and2_1)
                                                         n4063 (net)
                      0.029598    0.000028    6.635407 v g4024/B (sky130_fd_sc_hd__or2_1)
     2    0.005723    0.061087    0.225875    6.861282 v g4024/X (sky130_fd_sc_hd__or2_1)
                                                         n4064 (net)
                      0.061087    0.000195    6.861476 v g4036/A (sky130_fd_sc_hd__inv_1)
     1    0.002152    0.031842    0.053613    6.915090 ^ g4036/Y (sky130_fd_sc_hd__inv_1)
                                                         n4076 (net)
                      0.031842    0.000047    6.915136 ^ g4037/B (sky130_fd_sc_hd__and2_1)
     2    0.007113    0.083373    0.147661    7.062798 ^ g4037/X (sky130_fd_sc_hd__and2_1)
                                                         n4077 (net)
                      0.083373    0.000198    7.062996 ^ g4140/A (sky130_fd_sc_hd__xor2_1)
     2    0.005354    0.155839    0.181076    7.244072 ^ g4140/X (sky130_fd_sc_hd__xor2_1)
                                                         n4180 (net)
                      0.155839    0.000150    7.244222 ^ g4142/A (sky130_fd_sc_hd__inv_1)
     1    0.001903    0.036754    0.051914    7.296136 v g4142/Y (sky130_fd_sc_hd__inv_1)
                                                         n4182 (net)
                      0.036754    0.000057    7.296194 v g4143/B (sky130_fd_sc_hd__and2_1)
     4    0.012165    0.073409    0.196132    7.492325 v g4143/X (sky130_fd_sc_hd__and2_1)
                                                         n4183 (net)
                      0.073411    0.000528    7.492853 v g4415/A (sky130_fd_sc_hd__and2_1)
     1    0.001685    0.030559    0.144651    7.637503 v g4415/X (sky130_fd_sc_hd__and2_1)
                                                         n4455 (net)
                      0.030559    0.000035    7.637538 v g4417/A (sky130_fd_sc_hd__or2_1)
     2    0.007153    0.067922    0.253552    7.891090 v g4417/X (sky130_fd_sc_hd__or2_1)
                                                         n4457 (net)
                      0.067922    0.000215    7.891304 v g4656/A (sky130_fd_sc_hd__xor2_1)
     2    0.009269    0.225752    0.250758    8.142062 ^ g4656/X (sky130_fd_sc_hd__xor2_1)
                                                         n4696 (net)
                      0.225753    0.000395    8.142458 ^ g4658/A (sky130_fd_sc_hd__inv_1)
     1    0.001941    0.046466    0.059328    8.201785 v g4658/Y (sky130_fd_sc_hd__inv_1)
                                                         n4698 (net)
                      0.046466    0.000054    8.201839 v g4659/B (sky130_fd_sc_hd__and2_1)
     1    0.011493    0.070573    0.198146    8.399986 v g4659/X (sky130_fd_sc_hd__and2_1)
                                                         zP[13] (net)
                      0.070573    0.000229    8.400215 v zP[13] (out)
                                              8.400215   data arrival time

                      0.000000   10.000000   10.000000   clock __VIRTUAL_CLK__ (rise edge)
                                  0.000000   10.000000   clock network delay (ideal)
                                  0.000000   10.000000   clock reconvergence pessimism
                                  0.000000   10.000000   output external delay
                                             10.000000   data required time
---------------------------------------------------------------------------------------------
                                             10.000000   data required time
                                             -8.400215   data arrival time
---------------------------------------------------------------------------------------------
                                              1.599785   slack (MET)


Startpoint: yN[9] (input port clocked by __VIRTUAL_CLK__)
Endpoint: zN[16] (output port clocked by __VIRTUAL_CLK__)
Path Group: __VIRTUAL_CLK__
Path Type: max

Fanout         Cap        Slew       Delay        Time   Description
---------------------------------------------------------------------------------------------
                      0.000000    0.000000    0.000000   clock __VIRTUAL_CLK__ (rise edge)
                                  0.000000    0.000000   clock network delay (ideal)
                                  0.000000    0.000000 v input external delay
    20    0.071467    0.158163    0.122760    0.122760 v yN[9] (in)
                                                         yN[9] (net)
                      0.158394    0.000000    0.122760 v g57/B (sky130_fd_sc_hd__and2_1)
     1    0.001661    0.030614    0.205405    0.328166 v g57/X (sky130_fd_sc_hd__and2_1)
                                                         n97 (net)
                      0.030614    0.000034    0.328199 v g59/A (sky130_fd_sc_hd__or2_1)
     2    0.007112    0.067755    0.253259    0.581458 v g59/X (sky130_fd_sc_hd__or2_1)
                                                         n99 (net)
                      0.067755    0.000338    0.581796 v g786/A (sky130_fd_sc_hd__xor2_1)
     2    0.004399    0.139284    0.181201    0.762997 ^ g786/X (sky130_fd_sc_hd__xor2_1)
                                                         n826 (net)
                      0.139284    0.000119    0.763116 ^ g788/A (sky130_fd_sc_hd__inv_1)
     1    0.001990    0.034858    0.050937    0.814053 v g788/Y (sky130_fd_sc_hd__inv_1)
                                                         n828 (net)
                      0.034858    0.000058    0.814111 v g789/B (sky130_fd_sc_hd__and2_1)
     2    0.008373    0.058075    0.180175    0.994286 v g789/X (sky130_fd_sc_hd__and2_1)
                                                         n829 (net)
                      0.058075    0.000303    0.994589 v g1260/A (sky130_fd_sc_hd__xor2_1)
     2    0.006839    0.182048    0.212017    1.206605 ^ g1260/X (sky130_fd_sc_hd__xor2_1)
                                                         n1300 (net)
                      0.182048    0.000125    1.206731 ^ g1261/A (sky130_fd_sc_hd__xor2_1)
     2    0.004805    0.146307    0.193669    1.400400 ^ g1261/X (sky130_fd_sc_hd__xor2_1)
                                                         n1301 (net)
                      0.146307    0.000078    1.400478 ^ g1272/A (sky130_fd_sc_hd__inv_1)
     1    0.001651    0.034396    0.048931    1.449409 v g1272/Y (sky130_fd_sc_hd__inv_1)
                                                         n1312 (net)
                      0.034396    0.000033    1.449442 v g1273/B (sky130_fd_sc_hd__and2_1)
     2    0.009432    0.062081    0.184557    1.634000 v g1273/X (sky130_fd_sc_hd__and2_1)
                                                         n1313 (net)
                      0.062082    0.000303    1.634302 v g1783/B (sky130_fd_sc_hd__and2_1)
     2    0.005174    0.044723    0.177718    1.812021 v g1783/X (sky130_fd_sc_hd__and2_1)
                                                         n1823 (net)
                      0.044723    0.000166    1.812186 v g1788/A (sky130_fd_sc_hd__inv_1)
     1    0.002266    0.030030    0.047683    1.859869 ^ g1788/Y (sky130_fd_sc_hd__inv_1)
                                                         n1828 (net)
                      0.030031    0.000067    1.859936 ^ g1789/B (sky130_fd_sc_hd__and2_1)
     2    0.011479    0.122737    0.177603    2.037539 ^ g1789/X (sky130_fd_sc_hd__and2_1)
                                                         n1829 (net)
                      0.122737    0.000480    2.038019 ^ g2248/A (sky130_fd_sc_hd__xor2_1)
     2    0.004312    0.137786    0.176960    2.214979 ^ g2248/X (sky130_fd_sc_hd__xor2_1)
                                                         n2288 (net)
                      0.137786    0.000075    2.215054 ^ g2254/A (sky130_fd_sc_hd__inv_1)
     1    0.002144    0.035286    0.051990    2.267045 v g2254/Y (sky130_fd_sc_hd__inv_1)
                                                         n2294 (net)
                      0.035286    0.000062    2.267106 v g2255/B (sky130_fd_sc_hd__and2_1)
     2    0.006626    0.050861    0.172073    2.439179 v g2255/X (sky130_fd_sc_hd__and2_1)
                                                         n2295 (net)
                      0.050861    0.000252    2.439431 v g2627/A (sky130_fd_sc_hd__xor2_1)
     2    0.006490    0.069490    0.181933    2.621364 v g2627/X (sky130_fd_sc_hd__xor2_1)
                                                         n2667 (net)
                      0.069490    0.000113    2.621476 v g2630/B (sky130_fd_sc_hd__and2_1)
     1    0.002054    0.032008    0.164510    2.785987 v g2630/X (sky130_fd_sc_hd__and2_1)
                                                         n2670 (net)
                      0.032008    0.000061    2.786047 v g2631/B (sky130_fd_sc_hd__or2_1)
     2    0.004328    0.055110    0.218113    3.004160 v g2631/X (sky130_fd_sc_hd__or2_1)
                                                         n2671 (net)
                      0.055110    0.000077    3.004237 v g2636/A (sky130_fd_sc_hd__inv_1)
     1    0.002258    0.031245    0.052126    3.056364 ^ g2636/Y (sky130_fd_sc_hd__inv_1)
                                                         n2676 (net)
                      0.031245    0.000066    3.056429 ^ g2637/B (sky130_fd_sc_hd__and2_1)
     2    0.007246    0.084569    0.148417    3.204846 ^ g2637/X (sky130_fd_sc_hd__and2_1)
                                                         n2677 (net)
                      0.084569    0.000212    3.205059 ^ g2966/A (sky130_fd_sc_hd__xor2_1)
     2    0.007777    0.198775    0.216320    3.421379 ^ g2966/X (sky130_fd_sc_hd__xor2_1)
                                                         n3006 (net)
                      0.198775    0.000177    3.421556 ^ g2969/B (sky130_fd_sc_hd__and2_1)
     1    0.002557    0.045904    0.158406    3.579962 ^ g2969/X (sky130_fd_sc_hd__and2_1)
                                                         n3009 (net)
                      0.045904    0.000080    3.580042 ^ g2970/B (sky130_fd_sc_hd__or2_1)
     2    0.005406    0.061857    0.110574    3.690616 ^ g2970/X (sky130_fd_sc_hd__or2_1)
                                                         n3010 (net)
                      0.061857    0.000144    3.690760 ^ g2982/A (sky130_fd_sc_hd__inv_1)
     1    0.001828    0.020974    0.036286    3.727046 v g2982/Y (sky130_fd_sc_hd__inv_1)
                                                         n3022 (net)
                      0.020974    0.000055    3.727101 v g2983/B (sky130_fd_sc_hd__and2_1)
     2    0.008205    0.057487    0.173122    3.900223 v g2983/X (sky130_fd_sc_hd__and2_1)
                                                         n3023 (net)
                      0.057487    0.000272    3.900494 v g3323/B (sky130_fd_sc_hd__xor2_1)
     2    0.006646    0.067673    0.165970    4.066464 v g3323/X (sky130_fd_sc_hd__xor2_1)
                                                         n3363 (net)
                      0.067673    0.000171    4.066635 v g3326/B (sky130_fd_sc_hd__and2_1)
     1    0.001660    0.030479    0.161201    4.227836 v g3326/X (sky130_fd_sc_hd__and2_1)
                                                         n3366 (net)
                      0.030479    0.000048    4.227884 v g3327/B (sky130_fd_sc_hd__or2_1)
     2    0.006182    0.063210    0.228977    4.456861 v g3327/X (sky130_fd_sc_hd__or2_1)
                                                         n3367 (net)
                      0.063210    0.000191    4.457053 v g3332/A (sky130_fd_sc_hd__inv_1)
     1    0.002205    0.032596    0.054725    4.511777 ^ g3332/Y (sky130_fd_sc_hd__inv_1)
                                                         n3372 (net)
                      0.032596    0.000049    4.511826 ^ g3333/B (sky130_fd_sc_hd__and2_1)
     2    0.007665    0.088302    0.151831    4.663657 ^ g3333/X (sky130_fd_sc_hd__and2_1)
                                                         n3373 (net)
                      0.088302    0.000276    4.663933 ^ g3600/A (sky130_fd_sc_hd__xor2_1)
     2    0.006707    0.179696    0.202057    4.865990 ^ g3600/X (sky130_fd_sc_hd__xor2_1)
                                                         n3640 (net)
                      0.179696    0.000191    4.866181 ^ g3601/A (sky130_fd_sc_hd__xor2_1)
     2    0.006406    0.174380    0.216470    5.082651 ^ g3601/X (sky130_fd_sc_hd__xor2_1)
                                                         n3641 (net)
                      0.174380    0.000206    5.082858 ^ g3612/A (sky130_fd_sc_hd__inv_1)
     1    0.002131    0.040313    0.055792    5.138649 v g3612/Y (sky130_fd_sc_hd__inv_1)
                                                         n3652 (net)
                      0.040313    0.000061    5.138710 v g3613/B (sky130_fd_sc_hd__and2_1)
     2    0.006298    0.049422    0.172887    5.311597 v g3613/X (sky130_fd_sc_hd__and2_1)
                                                         n3653 (net)
                      0.049422    0.000115    5.311712 v g3803/B (sky130_fd_sc_hd__xor2_1)
     2    0.006321    0.064056    0.161578    5.473290 v g3803/X (sky130_fd_sc_hd__xor2_1)
                                                         n3843 (net)
                      0.064056    0.000101    5.473391 v g3806/B (sky130_fd_sc_hd__and2_1)
     1    0.001476    0.029760    0.158324    5.631715 v g3806/X (sky130_fd_sc_hd__and2_1)
                                                         n3846 (net)
                      0.029760    0.000029    5.631744 v g3807/B (sky130_fd_sc_hd__or2_1)
     2    0.005437    0.059789    0.224190    5.855935 v g3807/X (sky130_fd_sc_hd__or2_1)
                                                         n3847 (net)
                      0.059789    0.000127    5.856061 v g3815/A (sky130_fd_sc_hd__and2_1)
     2    0.007471    0.054560    0.167768    6.023829 v g3815/X (sky130_fd_sc_hd__and2_1)
                                                         n3855 (net)
                      0.054560    0.000219    6.024048 v g3953/A (sky130_fd_sc_hd__xor2_1)
     2    0.006786    0.066621    0.184676    6.208725 v g3953/X (sky130_fd_sc_hd__xor2_1)
                                                         n3993 (net)
                      0.066621    0.000183    6.208907 v g3956/B (sky130_fd_sc_hd__and2_1)
     1    0.001881    0.031339    0.162055    6.370962 v g3956/X (sky130_fd_sc_hd__and2_1)
                                                         n3996 (net)
                      0.031339    0.000055    6.371017 v g3957/B (sky130_fd_sc_hd__or2_1)
     2    0.006225    0.063419    0.229517    6.600534 v g3957/X (sky130_fd_sc_hd__or2_1)
                                                         n3997 (net)
                      0.063419    0.000210    6.600744 v g3962/A (sky130_fd_sc_hd__inv_1)
     1    0.002278    0.033076    0.055289    6.656033 ^ g3962/Y (sky130_fd_sc_hd__inv_1)
                                                         n4002 (net)
                      0.033076    0.000051    6.656084 ^ g3963/B (sky130_fd_sc_hd__and2_1)
     2    0.006913    0.081605    0.146616    6.802700 ^ g3963/X (sky130_fd_sc_hd__and2_1)
                                                         n4003 (net)
                      0.081605    0.000206    6.802905 ^ g4162/A (sky130_fd_sc_hd__xor2_1)
     2    0.005018    0.149984    0.175667    6.978572 ^ g4162/X (sky130_fd_sc_hd__xor2_1)
                                                         n4202 (net)
                      0.149984    0.000127    6.978700 ^ g4168/A (sky130_fd_sc_hd__inv_1)
     1    0.001839    0.035685    0.050806    7.029505 v g4168/Y (sky130_fd_sc_hd__inv_1)
                                                         n4208 (net)
                      0.035685    0.000054    7.029559 v g4169/B (sky130_fd_sc_hd__and2_1)
     4    0.013857    0.080572    0.202093    7.231651 v g4169/X (sky130_fd_sc_hd__and2_1)
                                                         n4209 (net)
                      0.080572    0.000386    7.232038 v g4243/B (sky130_fd_sc_hd__or2_1)
     3    0.012772    0.091489    0.281805    7.513842 v g4243/X (sky130_fd_sc_hd__or2_1)
                                                         n4283 (net)
                      0.091489    0.000342    7.514184 v g4452/B (sky130_fd_sc_hd__and2_1)
     1    0.001675    0.030510    0.172783    7.686967 v g4452/X (sky130_fd_sc_hd__and2_1)
                                                         n4492 (net)
                      0.030510    0.000035    7.687002 v g4455/A (sky130_fd_sc_hd__or2_1)
     2    0.007657    0.070471    0.256574    7.943576 v g4455/X (sky130_fd_sc_hd__or2_1)
                                                         n4495 (net)
                      0.070471    0.000273    7.943849 v g4690/A (sky130_fd_sc_hd__xor2_1)
     2    0.004533    0.141609    0.184309    8.128157 ^ g4690/X (sky130_fd_sc_hd__xor2_1)
                                                         n4730 (net)
                      0.141609    0.000126    8.128284 ^ g4696/A (sky130_fd_sc_hd__inv_1)
     1    0.002252    0.036264    0.053261    8.181544 v g4696/Y (sky130_fd_sc_hd__inv_1)
                                                         n4736 (net)
                      0.036264    0.000047    8.181592 v g4697/B (sky130_fd_sc_hd__and2_1)
     1    0.011914    0.072347    0.194961    8.376553 v g4697/X (sky130_fd_sc_hd__and2_1)
                                                         zN[16] (net)
                      0.072348    0.000353    8.376905 v zN[16] (out)
                                              8.376905   data arrival time

                      0.000000   10.000000   10.000000   clock __VIRTUAL_CLK__ (rise edge)
                                  0.000000   10.000000   clock network delay (ideal)
                                  0.000000   10.000000   clock reconvergence pessimism
                                  0.000000   10.000000   output external delay
                                             10.000000   data required time
---------------------------------------------------------------------------------------------
                                             10.000000   data required time
                                             -8.376905   data arrival time
---------------------------------------------------------------------------------------------
                                              1.623095   slack (MET)


Startpoint: yP[9] (input port clocked by __VIRTUAL_CLK__)
Endpoint: zN[13] (output port clocked by __VIRTUAL_CLK__)
Path Group: __VIRTUAL_CLK__
Path Type: max

Fanout         Cap        Slew       Delay        Time   Description
---------------------------------------------------------------------------------------------
                      0.000000    0.000000    0.000000   clock __VIRTUAL_CLK__ (rise edge)
                                  0.000000    0.000000   clock network delay (ideal)
                                  0.000000    0.000000 v input external delay
    20    0.066976    0.148354    0.115569    0.115569 v yP[9] (in)
                                                         yP[9] (net)
                      0.148601    0.000000    0.115569 v g54/B (sky130_fd_sc_hd__and2_1)
     1    0.001659    0.030554    0.200543    0.316111 v g54/X (sky130_fd_sc_hd__and2_1)
                                                         n94 (net)
                      0.030554    0.000048    0.316159 v g56/A (sky130_fd_sc_hd__or2_1)
     2    0.006654    0.065461    0.250519    0.566679 v g56/X (sky130_fd_sc_hd__or2_1)
                                                         n96 (net)
                      0.065461    0.000184    0.566863 v g784/A (sky130_fd_sc_hd__xor2_1)
     2    0.004746    0.145286    0.185202    0.752065 ^ g784/X (sky130_fd_sc_hd__xor2_1)
                                                         n824 (net)
                      0.145286    0.000091    0.752156 ^ g790/A (sky130_fd_sc_hd__inv_1)
     1    0.001979    0.035637    0.051470    0.803626 v g790/Y (sky130_fd_sc_hd__inv_1)
                                                         n830 (net)
                      0.035637    0.000057    0.803683 v g791/B (sky130_fd_sc_hd__and2_1)
     2    0.007385    0.054241    0.175826    0.979510 v g791/X (sky130_fd_sc_hd__and2_1)
                                                         n831 (net)
                      0.054242    0.000304    0.979814 v g1265/A (sky130_fd_sc_hd__xor2_1)
     2    0.007135    0.187298    0.214549    1.194363 ^ g1265/X (sky130_fd_sc_hd__xor2_1)
                                                         n1305 (net)
                      0.187298    0.000143    1.194506 ^ g1266/A (sky130_fd_sc_hd__xor2_1)
     2    0.005142    0.152151    0.199394    1.393900 ^ g1266/X (sky130_fd_sc_hd__xor2_1)
                                                         n1306 (net)
                      0.152151    0.000131    1.394031 ^ g1270/A (sky130_fd_sc_hd__inv_1)
     1    0.001689    0.035334    0.049788    1.443818 v g1270/Y (sky130_fd_sc_hd__inv_1)
                                                         n1310 (net)
                      0.035334    0.000034    1.443852 v g1271/B (sky130_fd_sc_hd__and2_1)
     2    0.009227    0.061253    0.184183    1.628035 v g1271/X (sky130_fd_sc_hd__and2_1)
                                                         n1311 (net)
                      0.061254    0.000345    1.628379 v g1780/A (sky130_fd_sc_hd__xor2_1)
     2    0.011875    0.273230    0.284851    1.913230 ^ g1780/X (sky130_fd_sc_hd__xor2_1)
                                                         n1820 (net)
                      0.273231    0.000530    1.913760 ^ g1785/A (sky130_fd_sc_hd__and2_1)
     2    0.007369    0.087965    0.213435    2.127195 ^ g1785/X (sky130_fd_sc_hd__and2_1)
                                                         n1825 (net)
                      0.087965    0.000236    2.127432 ^ g2220/B (sky130_fd_sc_hd__xor2_1)
     2    0.006311    0.172708    0.202241    2.329673 ^ g2220/X (sky130_fd_sc_hd__xor2_1)
                                                         n2260 (net)
                      0.172708    0.000206    2.329879 ^ g2226/A (sky130_fd_sc_hd__inv_1)
     1    0.001734    0.038283    0.052128    2.382007 v g2226/Y (sky130_fd_sc_hd__inv_1)
                                                         n2266 (net)
                      0.038283    0.000035    2.382042 v g2227/B (sky130_fd_sc_hd__and2_1)
     2    0.006554    0.050530    0.173169    2.555211 v g2227/X (sky130_fd_sc_hd__and2_1)
                                                         n2267 (net)
                      0.050530    0.000126    2.555337 v g2585/B (sky130_fd_sc_hd__xor2_1)
     2    0.006398    0.064781    0.162251    2.717588 v g2585/X (sky130_fd_sc_hd__xor2_1)
                                                         n2625 (net)
                      0.064781    0.000151    2.717739 v g2588/B (sky130_fd_sc_hd__and2_1)
     1    0.002064    0.032057    0.162302    2.880041 v g2588/X (sky130_fd_sc_hd__and2_1)
                                                         n2628 (net)
                      0.032057    0.000060    2.880102 v g2589/B (sky130_fd_sc_hd__or2_1)
     2    0.004033    0.053938    0.216306    3.096407 v g2589/X (sky130_fd_sc_hd__or2_1)
                                                         n2629 (net)
                      0.053938    0.000106    3.096513 v g2594/A (sky130_fd_sc_hd__inv_1)
     1    0.002292    0.031209    0.051909    3.148422 ^ g2594/Y (sky130_fd_sc_hd__inv_1)
                                                         n2634 (net)
                      0.031209    0.000067    3.148489 ^ g2595/B (sky130_fd_sc_hd__and2_1)
     2    0.006952    0.081927    0.146337    3.294826 ^ g2595/X (sky130_fd_sc_hd__and2_1)
                                                         n2635 (net)
                      0.081927    0.000132    3.294958 ^ g2924/B (sky130_fd_sc_hd__xor2_1)
     2    0.005411    0.156832    0.188139    3.483097 ^ g2924/X (sky130_fd_sc_hd__xor2_1)
                                                         n2964 (net)
                      0.156832    0.000128    3.483224 ^ g2930/A (sky130_fd_sc_hd__inv_1)
     1    0.001815    0.036507    0.051278    3.534503 v g2930/Y (sky130_fd_sc_hd__inv_1)
                                                         n2970 (net)
                      0.036507    0.000054    3.534556 v g2931/B (sky130_fd_sc_hd__and2_1)
     2    0.006792    0.051589    0.173443    3.707999 v g2931/X (sky130_fd_sc_hd__and2_1)
                                                         n2971 (net)
                      0.051589    0.000206    3.708205 v g3278/A (sky130_fd_sc_hd__xor2_1)
     2    0.006624    0.178225    0.206078    3.914283 ^ g3278/X (sky130_fd_sc_hd__xor2_1)
                                                         n3318 (net)
                      0.178225    0.000218    3.914501 ^ g3280/A (sky130_fd_sc_hd__inv_1)
     1    0.002141    0.040897    0.056300    3.970801 v g3280/Y (sky130_fd_sc_hd__inv_1)
                                                         n3320 (net)
                      0.040897    0.000061    3.970862 v g3281/B (sky130_fd_sc_hd__and2_1)
     2    0.007539    0.054952    0.178995    4.149857 v g3281/X (sky130_fd_sc_hd__and2_1)
                                                         n3321 (net)
                      0.054952    0.000282    4.150139 v g3546/A (sky130_fd_sc_hd__xor2_1)
     2    0.006688    0.066704    0.184447    4.334586 v g3546/X (sky130_fd_sc_hd__xor2_1)
                                                         n3586 (net)
                      0.066704    0.000168    4.334754 v g3549/B (sky130_fd_sc_hd__and2_1)
     1    0.001942    0.031578    0.162475    4.497230 v g3549/X (sky130_fd_sc_hd__and2_1)
                                                         n3589 (net)
                      0.031578    0.000056    4.497286 v g3550/B (sky130_fd_sc_hd__or2_1)
     2    0.004595    0.056175    0.219602    4.716888 v g3550/X (sky130_fd_sc_hd__or2_1)
                                                         n3590 (net)
                      0.056175    0.000134    4.717021 v g3562/A (sky130_fd_sc_hd__inv_1)
     1    0.002401    0.032327    0.053411    4.770433 ^ g3562/Y (sky130_fd_sc_hd__inv_1)
                                                         n3602 (net)
                      0.032327    0.000072    4.770505 ^ g3563/B (sky130_fd_sc_hd__and2_1)
     2    0.007208    0.084210    0.148486    4.918991 ^ g3563/X (sky130_fd_sc_hd__and2_1)
                                                         n3603 (net)
                      0.084210    0.000211    4.919202 ^ g3767/B (sky130_fd_sc_hd__xor2_1)
     2    0.007168    0.187895    0.213461    5.132663 ^ g3767/X (sky130_fd_sc_hd__xor2_1)
                                                         n3807 (net)
                      0.187895    0.000207    5.132870 ^ g3768/A (sky130_fd_sc_hd__xor2_1)
     2    0.004555    0.141978    0.190969    5.323840 ^ g3768/X (sky130_fd_sc_hd__xor2_1)
                                                         n3808 (net)
                      0.141978    0.000129    5.323968 ^ g3772/A (sky130_fd_sc_hd__inv_1)
     1    0.002076    0.035584    0.051905    5.375874 v g3772/Y (sky130_fd_sc_hd__inv_1)
                                                         n3812 (net)
                      0.035584    0.000043    5.375917 v g3773/B (sky130_fd_sc_hd__and2_1)
     2    0.008124    0.057266    0.179325    5.555242 v g3773/X (sky130_fd_sc_hd__and2_1)
                                                         n3813 (net)
                      0.057266    0.000276    5.555518 v g3918/B (sky130_fd_sc_hd__xor2_1)
     2    0.006292    0.066325    0.164455    5.719973 v g3918/X (sky130_fd_sc_hd__xor2_1)
                                                         n3958 (net)
                      0.066327    0.000086    5.720059 v g3921/B (sky130_fd_sc_hd__and2_1)
     1    0.001655    0.030462    0.160523    5.880582 v g3921/X (sky130_fd_sc_hd__and2_1)
                                                         n3961 (net)
                      0.030462    0.000048    5.880630 v g3922/B (sky130_fd_sc_hd__or2_1)
     2    0.008639    0.074188    0.243976    6.124606 v g3922/X (sky130_fd_sc_hd__or2_1)
                                                         n3962 (net)
                      0.074189    0.000373    6.124979 v g3933/A (sky130_fd_sc_hd__and2_1)
     2    0.006404    0.049828    0.169598    6.294578 v g3933/X (sky130_fd_sc_hd__and2_1)
                                                         n3973 (net)
                      0.049828    0.000183    6.294761 v g4020/A (sky130_fd_sc_hd__xor2_1)
     2    0.006456    0.066308    0.181331    6.476091 v g4020/X (sky130_fd_sc_hd__xor2_1)
                                                         n4060 (net)
                      0.066308    0.000128    6.476220 v g4023/B (sky130_fd_sc_hd__and2_1)
     1    0.001436    0.029598    0.159159    6.635379 v g4023/X (sky130_fd_sc_hd__and2_1)
                                                         n4063 (net)
                      0.029598    0.000028    6.635407 v g4024/B (sky130_fd_sc_hd__or2_1)
     2    0.005723    0.061087    0.225875    6.861282 v g4024/X (sky130_fd_sc_hd__or2_1)
                                                         n4064 (net)
                      0.061087    0.000195    6.861476 v g4036/A (sky130_fd_sc_hd__inv_1)
     1    0.002152    0.031842    0.053613    6.915090 ^ g4036/Y (sky130_fd_sc_hd__inv_1)
                                                         n4076 (net)
                      0.031842    0.000047    6.915136 ^ g4037/B (sky130_fd_sc_hd__and2_1)
     2    0.007113    0.083373    0.147661    7.062798 ^ g4037/X (sky130_fd_sc_hd__and2_1)
                                                         n4077 (net)
                      0.083373    0.000198    7.062996 ^ g4140/A (sky130_fd_sc_hd__xor2_1)
     2    0.005354    0.155839    0.181076    7.244072 ^ g4140/X (sky130_fd_sc_hd__xor2_1)
                                                         n4180 (net)
                      0.155839    0.000150    7.244222 ^ g4142/A (sky130_fd_sc_hd__inv_1)
     1    0.001903    0.036754    0.051914    7.296136 v g4142/Y (sky130_fd_sc_hd__inv_1)
                                                         n4182 (net)
                      0.036754    0.000057    7.296194 v g4143/B (sky130_fd_sc_hd__and2_1)
     4    0.012165    0.073409    0.196132    7.492325 v g4143/X (sky130_fd_sc_hd__and2_1)
                                                         n4183 (net)
                      0.073411    0.000541    7.492866 v g4410/A (sky130_fd_sc_hd__and2_1)
     1    0.001950    0.031556    0.146268    7.639134 v g4410/X (sky130_fd_sc_hd__and2_1)
                                                         n4450 (net)
                      0.031556    0.000059    7.639193 v g4413/A (sky130_fd_sc_hd__or2_1)
     2    0.006893    0.066640    0.252332    7.891525 v g4413/X (sky130_fd_sc_hd__or2_1)
                                                         n4453 (net)
                      0.066640    0.000208    7.891733 v g4654/A (sky130_fd_sc_hd__xor2_1)
     2    0.007843    0.199969    0.229962    8.121695 ^ g4654/X (sky130_fd_sc_hd__xor2_1)
                                                         n4694 (net)
                      0.199969    0.000276    8.121971 ^ g4660/A (sky130_fd_sc_hd__inv_1)
     1    0.001715    0.041844    0.054553    8.176524 v g4660/Y (sky130_fd_sc_hd__inv_1)
                                                         n4700 (net)
                      0.041844    0.000035    8.176558 v g4661/B (sky130_fd_sc_hd__and2_1)
     1    0.011161    0.069189    0.194722    8.371280 v g4661/X (sky130_fd_sc_hd__and2_1)
                                                         zN[13] (net)
                      0.069189    0.000214    8.371494 v zN[13] (out)
                                              8.371494   data arrival time

                      0.000000   10.000000   10.000000   clock __VIRTUAL_CLK__ (rise edge)
                                  0.000000   10.000000   clock network delay (ideal)
                                  0.000000   10.000000   clock reconvergence pessimism
                                  0.000000   10.000000   output external delay
                                             10.000000   data required time
---------------------------------------------------------------------------------------------
                                             10.000000   data required time
                                             -8.371494   data arrival time
---------------------------------------------------------------------------------------------
                                              1.628506   slack (MET)


Startpoint: yP[9] (input port clocked by __VIRTUAL_CLK__)
Endpoint: zP[16] (output port clocked by __VIRTUAL_CLK__)
Path Group: __VIRTUAL_CLK__
Path Type: max

Fanout         Cap        Slew       Delay        Time   Description
---------------------------------------------------------------------------------------------
                      0.000000    0.000000    0.000000   clock __VIRTUAL_CLK__ (rise edge)
                                  0.000000    0.000000   clock network delay (ideal)
                                  0.000000    0.000000 v input external delay
    20    0.066976    0.148354    0.115569    0.115569 v yP[9] (in)
                                                         yP[9] (net)
                      0.148601    0.000000    0.115569 v g54/B (sky130_fd_sc_hd__and2_1)
     1    0.001659    0.030554    0.200543    0.316111 v g54/X (sky130_fd_sc_hd__and2_1)
                                                         n94 (net)
                      0.030554    0.000048    0.316159 v g56/A (sky130_fd_sc_hd__or2_1)
     2    0.006654    0.065461    0.250519    0.566679 v g56/X (sky130_fd_sc_hd__or2_1)
                                                         n96 (net)
                      0.065461    0.000184    0.566863 v g784/A (sky130_fd_sc_hd__xor2_1)
     2    0.004746    0.145286    0.185202    0.752065 ^ g784/X (sky130_fd_sc_hd__xor2_1)
                                                         n824 (net)
                      0.145286    0.000091    0.752156 ^ g790/A (sky130_fd_sc_hd__inv_1)
     1    0.001979    0.035637    0.051470    0.803626 v g790/Y (sky130_fd_sc_hd__inv_1)
                                                         n830 (net)
                      0.035637    0.000057    0.803683 v g791/B (sky130_fd_sc_hd__and2_1)
     2    0.007385    0.054241    0.175826    0.979510 v g791/X (sky130_fd_sc_hd__and2_1)
                                                         n831 (net)
                      0.054242    0.000304    0.979814 v g1265/A (sky130_fd_sc_hd__xor2_1)
     2    0.007135    0.187298    0.214549    1.194363 ^ g1265/X (sky130_fd_sc_hd__xor2_1)
                                                         n1305 (net)
                      0.187298    0.000143    1.194506 ^ g1266/A (sky130_fd_sc_hd__xor2_1)
     2    0.005142    0.152151    0.199394    1.393900 ^ g1266/X (sky130_fd_sc_hd__xor2_1)
                                                         n1306 (net)
                      0.152151    0.000131    1.394031 ^ g1270/A (sky130_fd_sc_hd__inv_1)
     1    0.001689    0.035334    0.049788    1.443818 v g1270/Y (sky130_fd_sc_hd__inv_1)
                                                         n1310 (net)
                      0.035334    0.000034    1.443852 v g1271/B (sky130_fd_sc_hd__and2_1)
     2    0.009227    0.061253    0.184183    1.628035 v g1271/X (sky130_fd_sc_hd__and2_1)
                                                         n1311 (net)
                      0.061254    0.000317    1.628351 v g1781/B (sky130_fd_sc_hd__and2_1)
     2    0.004443    0.041770    0.173840    1.802191 v g1781/X (sky130_fd_sc_hd__and2_1)
                                                         n1821 (net)
                      0.041770    0.000107    1.802299 v g1790/A (sky130_fd_sc_hd__inv_1)
     1    0.001910    0.027373    0.044166    1.846465 ^ g1790/Y (sky130_fd_sc_hd__inv_1)
                                                         n1830 (net)
                      0.027373    0.000040    1.846505 ^ g1791/B (sky130_fd_sc_hd__and2_1)
     2    0.011423    0.122229    0.176300    2.022805 ^ g1791/X (sky130_fd_sc_hd__and2_1)
                                                         n1831 (net)
                      0.122229    0.000607    2.023412 ^ g2250/A (sky130_fd_sc_hd__xor2_1)
     2    0.004389    0.139107    0.177941    2.201353 ^ g2250/X (sky130_fd_sc_hd__xor2_1)
                                                         n2290 (net)
                      0.139107    0.000121    2.201474 ^ g2252/A (sky130_fd_sc_hd__inv_1)
     1    0.001992    0.034842    0.050932    2.252406 v g2252/Y (sky130_fd_sc_hd__inv_1)
                                                         n2292 (net)
                      0.034842    0.000060    2.252465 v g2253/B (sky130_fd_sc_hd__and2_1)
     2    0.007535    0.054882    0.176231    2.428696 v g2253/X (sky130_fd_sc_hd__and2_1)
                                                         n2293 (net)
                      0.054882    0.000186    2.428882 v g2622/A (sky130_fd_sc_hd__xor2_1)
     2    0.006279    0.070372    0.182786    2.611668 v g2622/X (sky130_fd_sc_hd__xor2_1)
                                                         n2662 (net)
                      0.070372    0.000099    2.611767 v g2625/B (sky130_fd_sc_hd__and2_1)
     1    0.002125    0.032284    0.165377    2.777145 v g2625/X (sky130_fd_sc_hd__and2_1)
                                                         n2665 (net)
                      0.032284    0.000063    2.777208 v g2626/B (sky130_fd_sc_hd__or2_1)
     2    0.005170    0.058612    0.223356    3.000564 v g2626/X (sky130_fd_sc_hd__or2_1)
                                                         n2666 (net)
                      0.058612    0.000150    3.000713 v g2638/A (sky130_fd_sc_hd__inv_1)
     1    0.002085    0.030933    0.052297    3.053010 ^ g2638/Y (sky130_fd_sc_hd__inv_1)
                                                         n2678 (net)
                      0.030933    0.000062    3.053071 ^ g2639/B (sky130_fd_sc_hd__and2_1)
     2    0.007045    0.082764    0.146879    3.199950 ^ g2639/X (sky130_fd_sc_hd__and2_1)
                                                         n2679 (net)
                      0.082764    0.000216    3.200166 ^ g2971/A (sky130_fd_sc_hd__xor2_1)
     2    0.006862    0.182447    0.202764    3.402930 ^ g2971/X (sky130_fd_sc_hd__xor2_1)
                                                         n3011 (net)
                      0.182447    0.000123    3.403053 ^ g2972/A (sky130_fd_sc_hd__xor2_1)
     2    0.005887    0.165208    0.209438    3.612492 ^ g2972/X (sky130_fd_sc_hd__xor2_1)
                                                         n3012 (net)
                      0.165208    0.000124    3.612616 ^ g2976/A (sky130_fd_sc_hd__inv_1)
     1    0.001736    0.037286    0.051425    3.664040 v g2976/Y (sky130_fd_sc_hd__inv_1)
                                                         n3016 (net)
                      0.037286    0.000035    3.664076 v g2977/B (sky130_fd_sc_hd__and2_1)
     2    0.006523    0.050392    0.172566    3.836642 v g2977/X (sky130_fd_sc_hd__and2_1)
                                                         n3017 (net)
                      0.050392    0.000121    3.836763 v g3300/B (sky130_fd_sc_hd__xor2_1)
     2    0.006410    0.064783    0.162252    3.999015 v g3300/X (sky130_fd_sc_hd__xor2_1)
                                                         n3340 (net)
                      0.064783    0.000159    3.999174 v g3303/B (sky130_fd_sc_hd__and2_1)
     1    0.001921    0.031499    0.161424    4.160598 v g3303/X (sky130_fd_sc_hd__and2_1)
                                                         n3343 (net)
                      0.031499    0.000040    4.160638 v g3304/B (sky130_fd_sc_hd__or2_1)
     2    0.004602    0.056201    0.219624    4.380261 v g3304/X (sky130_fd_sc_hd__or2_1)
                                                         n3344 (net)
                      0.056201    0.000112    4.380374 v g3316/A (sky130_fd_sc_hd__inv_1)
     1    0.002171    0.030946    0.051978    4.432352 ^ g3316/Y (sky130_fd_sc_hd__inv_1)
                                                         n3356 (net)
                      0.030946    0.000062    4.432414 ^ g3317/B (sky130_fd_sc_hd__and2_1)
     2    0.006698    0.079707    0.144397    4.576811 ^ g3317/X (sky130_fd_sc_hd__and2_1)
                                                         n3357 (net)
                      0.079707    0.000193    4.577004 ^ g3587/B (sky130_fd_sc_hd__xor2_1)
     2    0.008212    0.206581    0.227077    4.804081 ^ g3587/X (sky130_fd_sc_hd__xor2_1)
                                                         n3627 (net)
                      0.206581    0.000267    4.804348 ^ g3590/B (sky130_fd_sc_hd__and2_1)
     1    0.001886    0.040740    0.154579    4.958926 ^ g3590/X (sky130_fd_sc_hd__and2_1)
                                                         n3630 (net)
                      0.040740    0.000056    4.958982 ^ g3591/B (sky130_fd_sc_hd__or2_1)
     2    0.005430    0.062079    0.108692    5.067674 ^ g3591/X (sky130_fd_sc_hd__or2_1)
                                                         n3631 (net)
                      0.062079    0.000156    5.067830 ^ g3596/A (sky130_fd_sc_hd__inv_1)
     1    0.001858    0.021099    0.036490    5.104320 v g3596/Y (sky130_fd_sc_hd__inv_1)
                                                         n3636 (net)
                      0.021099    0.000054    5.104373 v g3597/B (sky130_fd_sc_hd__and2_1)
     2    0.006283    0.049303    0.164104    5.268477 v g3597/X (sky130_fd_sc_hd__and2_1)
                                                         n3637 (net)
                      0.049303    0.000179    5.268657 v g3798/A (sky130_fd_sc_hd__xor2_1)
     2    0.006375    0.065198    0.180775    5.449432 v g3798/X (sky130_fd_sc_hd__xor2_1)
                                                         n3838 (net)
                      0.065198    0.000152    5.449584 v g3801/B (sky130_fd_sc_hd__and2_1)
     1    0.001759    0.030867    0.160616    5.610201 v g3801/X (sky130_fd_sc_hd__and2_1)
                                                         n3841 (net)
                      0.030867    0.000052    5.610252 v g3802/B (sky130_fd_sc_hd__or2_1)
     2    0.005559    0.060343    0.225279    5.835531 v g3802/X (sky130_fd_sc_hd__or2_1)
                                                         n3842 (net)
                      0.060343    0.000164    5.835695 v g3813/A (sky130_fd_sc_hd__and2_1)
     2    0.008158    0.057317    0.171264    6.006959 v g3813/X (sky130_fd_sc_hd__and2_1)
                                                         n3853 (net)
                      0.057317    0.000204    6.007164 v g3948/A (sky130_fd_sc_hd__xor2_1)
     2    0.007090    0.068826    0.187059    6.194222 v g3948/X (sky130_fd_sc_hd__xor2_1)
                                                         n3988 (net)
                      0.068826    0.000184    6.194407 v g3951/B (sky130_fd_sc_hd__and2_1)
     1    0.001797    0.031010    0.162602    6.357008 v g3951/X (sky130_fd_sc_hd__and2_1)
                                                         n3991 (net)
                      0.031010    0.000052    6.357060 v g3952/B (sky130_fd_sc_hd__or2_1)
     2    0.004792    0.056986    0.220634    6.577694 v g3952/X (sky130_fd_sc_hd__or2_1)
                                                         n3992 (net)
                      0.056986    0.000122    6.577816 v g3964/A (sky130_fd_sc_hd__inv_1)
     1    0.001910    0.029540    0.050611    6.628428 ^ g3964/Y (sky130_fd_sc_hd__inv_1)
                                                         n4004 (net)
                      0.029540    0.000055    6.628483 ^ g3965/B (sky130_fd_sc_hd__and2_1)
     2    0.007752    0.089087    0.151515    6.779998 ^ g3965/X (sky130_fd_sc_hd__and2_1)
                                                         n4005 (net)
                      0.089087    0.000212    6.780210 ^ g4164/A (sky130_fd_sc_hd__xor2_1)
     2    0.005616    0.160418    0.186493    6.966702 ^ g4164/X (sky130_fd_sc_hd__xor2_1)
                                                         n4204 (net)
                      0.160418    0.000172    6.966875 ^ g4166/A (sky130_fd_sc_hd__inv_1)
     1    0.001827    0.037044    0.051734    7.018609 v g4166/Y (sky130_fd_sc_hd__inv_1)
                                                         n4206 (net)
                      0.037044    0.000052    7.018661 v g4167/B (sky130_fd_sc_hd__and2_1)
     4    0.011719    0.071554    0.194523    7.213184 v g4167/X (sky130_fd_sc_hd__and2_1)
                                                         n4207 (net)
                      0.071554    0.000262    7.213447 v g4230/B (sky130_fd_sc_hd__or2_1)
     3    0.013114    0.092948    0.279706    7.493153 v g4230/X (sky130_fd_sc_hd__or2_1)
                                                         n4270 (net)
                      0.092948    0.000503    7.493656 v g4458/B (sky130_fd_sc_hd__and2_1)
     1    0.002175    0.032435    0.176594    7.670249 v g4458/X (sky130_fd_sc_hd__and2_1)
                                                         n4498 (net)
                      0.032435    0.000048    7.670298 v g4459/B (sky130_fd_sc_hd__or2_1)
     2    0.006564    0.065030    0.231963    7.902260 v g4459/X (sky130_fd_sc_hd__or2_1)
                                                         n4499 (net)
                      0.065030    0.000181    7.902442 v g4692/A (sky130_fd_sc_hd__xor2_1)
     2    0.005340    0.155617    0.193569    8.096010 ^ g4692/X (sky130_fd_sc_hd__xor2_1)
                                                         n4732 (net)
                      0.155617    0.000101    8.096111 ^ g4694/A (sky130_fd_sc_hd__inv_1)
     1    0.002024    0.037244    0.052903    8.149015 v g4694/Y (sky130_fd_sc_hd__inv_1)
                                                         n4734 (net)
                      0.037244    0.000044    8.149058 v g4695/B (sky130_fd_sc_hd__and2_1)
     1    0.011673    0.071342    0.194499    8.343557 v g4695/X (sky130_fd_sc_hd__and2_1)
                                                         zP[16] (net)
                      0.071342    0.000332    8.343889 v zP[16] (out)
                                              8.343889   data arrival time

                      0.000000   10.000000   10.000000   clock __VIRTUAL_CLK__ (rise edge)
                                  0.000000   10.000000   clock network delay (ideal)
                                  0.000000   10.000000   clock reconvergence pessimism
                                  0.000000   10.000000   output external delay
                                             10.000000   data required time
---------------------------------------------------------------------------------------------
                                             10.000000   data required time
                                             -8.343889   data arrival time
---------------------------------------------------------------------------------------------
                                              1.656111   slack (MET)


Startpoint: yN[9] (input port clocked by __VIRTUAL_CLK__)
Endpoint: zN[17] (output port clocked by __VIRTUAL_CLK__)
Path Group: __VIRTUAL_CLK__
Path Type: max

Fanout         Cap        Slew       Delay        Time   Description
---------------------------------------------------------------------------------------------
                      0.000000    0.000000    0.000000   clock __VIRTUAL_CLK__ (rise edge)
                                  0.000000    0.000000   clock network delay (ideal)
                                  0.000000    0.000000 v input external delay
    20    0.071467    0.158163    0.122760    0.122760 v yN[9] (in)
                                                         yN[9] (net)
                      0.158394    0.000000    0.122760 v g57/B (sky130_fd_sc_hd__and2_1)
     1    0.001661    0.030614    0.205405    0.328166 v g57/X (sky130_fd_sc_hd__and2_1)
                                                         n97 (net)
                      0.030614    0.000034    0.328199 v g59/A (sky130_fd_sc_hd__or2_1)
     2    0.007112    0.067755    0.253259    0.581458 v g59/X (sky130_fd_sc_hd__or2_1)
                                                         n99 (net)
                      0.067755    0.000338    0.581796 v g786/A (sky130_fd_sc_hd__xor2_1)
     2    0.004399    0.139284    0.181201    0.762997 ^ g786/X (sky130_fd_sc_hd__xor2_1)
                                                         n826 (net)
                      0.139284    0.000119    0.763116 ^ g788/A (sky130_fd_sc_hd__inv_1)
     1    0.001990    0.034858    0.050937    0.814053 v g788/Y (sky130_fd_sc_hd__inv_1)
                                                         n828 (net)
                      0.034858    0.000058    0.814111 v g789/B (sky130_fd_sc_hd__and2_1)
     2    0.008373    0.058075    0.180175    0.994286 v g789/X (sky130_fd_sc_hd__and2_1)
                                                         n829 (net)
                      0.058075    0.000303    0.994589 v g1260/A (sky130_fd_sc_hd__xor2_1)
     2    0.006839    0.182048    0.212017    1.206605 ^ g1260/X (sky130_fd_sc_hd__xor2_1)
                                                         n1300 (net)
                      0.182048    0.000125    1.206731 ^ g1261/A (sky130_fd_sc_hd__xor2_1)
     2    0.004805    0.146307    0.193669    1.400400 ^ g1261/X (sky130_fd_sc_hd__xor2_1)
                                                         n1301 (net)
                      0.146307    0.000078    1.400478 ^ g1272/A (sky130_fd_sc_hd__inv_1)
     1    0.001651    0.034396    0.048931    1.449409 v g1272/Y (sky130_fd_sc_hd__inv_1)
                                                         n1312 (net)
                      0.034396    0.000033    1.449442 v g1273/B (sky130_fd_sc_hd__and2_1)
     2    0.009432    0.062081    0.184557    1.634000 v g1273/X (sky130_fd_sc_hd__and2_1)
                                                         n1313 (net)
                      0.062082    0.000303    1.634302 v g1783/B (sky130_fd_sc_hd__and2_1)
     2    0.005174    0.044723    0.177718    1.812021 v g1783/X (sky130_fd_sc_hd__and2_1)
                                                         n1823 (net)
                      0.044723    0.000166    1.812186 v g1788/A (sky130_fd_sc_hd__inv_1)
     1    0.002266    0.030030    0.047683    1.859869 ^ g1788/Y (sky130_fd_sc_hd__inv_1)
                                                         n1828 (net)
                      0.030031    0.000067    1.859936 ^ g1789/B (sky130_fd_sc_hd__and2_1)
     2    0.011479    0.122737    0.177603    2.037539 ^ g1789/X (sky130_fd_sc_hd__and2_1)
                                                         n1829 (net)
                      0.122737    0.000480    2.038019 ^ g2248/A (sky130_fd_sc_hd__xor2_1)
     2    0.004312    0.137786    0.176960    2.214979 ^ g2248/X (sky130_fd_sc_hd__xor2_1)
                                                         n2288 (net)
                      0.137786    0.000075    2.215054 ^ g2254/A (sky130_fd_sc_hd__inv_1)
     1    0.002144    0.035286    0.051990    2.267045 v g2254/Y (sky130_fd_sc_hd__inv_1)
                                                         n2294 (net)
                      0.035286    0.000062    2.267106 v g2255/B (sky130_fd_sc_hd__and2_1)
     2    0.006626    0.050861    0.172073    2.439179 v g2255/X (sky130_fd_sc_hd__and2_1)
                                                         n2295 (net)
                      0.050861    0.000252    2.439431 v g2627/A (sky130_fd_sc_hd__xor2_1)
     2    0.006490    0.069490    0.181933    2.621364 v g2627/X (sky130_fd_sc_hd__xor2_1)
                                                         n2667 (net)
                      0.069490    0.000113    2.621476 v g2630/B (sky130_fd_sc_hd__and2_1)
     1    0.002054    0.032008    0.164510    2.785987 v g2630/X (sky130_fd_sc_hd__and2_1)
                                                         n2670 (net)
                      0.032008    0.000061    2.786047 v g2631/B (sky130_fd_sc_hd__or2_1)
     2    0.004328    0.055110    0.218113    3.004160 v g2631/X (sky130_fd_sc_hd__or2_1)
                                                         n2671 (net)
                      0.055110    0.000077    3.004237 v g2636/A (sky130_fd_sc_hd__inv_1)
     1    0.002258    0.031245    0.052126    3.056364 ^ g2636/Y (sky130_fd_sc_hd__inv_1)
                                                         n2676 (net)
                      0.031245    0.000066    3.056429 ^ g2637/B (sky130_fd_sc_hd__and2_1)
     2    0.007246    0.084569    0.148417    3.204846 ^ g2637/X (sky130_fd_sc_hd__and2_1)
                                                         n2677 (net)
                      0.084569    0.000212    3.205059 ^ g2966/A (sky130_fd_sc_hd__xor2_1)
     2    0.007777    0.198775    0.216320    3.421379 ^ g2966/X (sky130_fd_sc_hd__xor2_1)
                                                         n3006 (net)
                      0.198775    0.000177    3.421556 ^ g2969/B (sky130_fd_sc_hd__and2_1)
     1    0.002557    0.045904    0.158406    3.579962 ^ g2969/X (sky130_fd_sc_hd__and2_1)
                                                         n3009 (net)
                      0.045904    0.000080    3.580042 ^ g2970/B (sky130_fd_sc_hd__or2_1)
     2    0.005406    0.061857    0.110574    3.690616 ^ g2970/X (sky130_fd_sc_hd__or2_1)
                                                         n3010 (net)
                      0.061857    0.000144    3.690760 ^ g2982/A (sky130_fd_sc_hd__inv_1)
     1    0.001828    0.020974    0.036286    3.727046 v g2982/Y (sky130_fd_sc_hd__inv_1)
                                                         n3022 (net)
                      0.020974    0.000055    3.727101 v g2983/B (sky130_fd_sc_hd__and2_1)
     2    0.008205    0.057487    0.173122    3.900223 v g2983/X (sky130_fd_sc_hd__and2_1)
                                                         n3023 (net)
                      0.057487    0.000272    3.900494 v g3323/B (sky130_fd_sc_hd__xor2_1)
     2    0.006646    0.067673    0.165970    4.066464 v g3323/X (sky130_fd_sc_hd__xor2_1)
                                                         n3363 (net)
                      0.067673    0.000171    4.066635 v g3326/B (sky130_fd_sc_hd__and2_1)
     1    0.001660    0.030479    0.161201    4.227836 v g3326/X (sky130_fd_sc_hd__and2_1)
                                                         n3366 (net)
                      0.030479    0.000048    4.227884 v g3327/B (sky130_fd_sc_hd__or2_1)
     2    0.006182    0.063210    0.228977    4.456861 v g3327/X (sky130_fd_sc_hd__or2_1)
                                                         n3367 (net)
                      0.063210    0.000191    4.457053 v g3332/A (sky130_fd_sc_hd__inv_1)
     1    0.002205    0.032596    0.054725    4.511777 ^ g3332/Y (sky130_fd_sc_hd__inv_1)
                                                         n3372 (net)
                      0.032596    0.000049    4.511826 ^ g3333/B (sky130_fd_sc_hd__and2_1)
     2    0.007665    0.088302    0.151831    4.663657 ^ g3333/X (sky130_fd_sc_hd__and2_1)
                                                         n3373 (net)
                      0.088302    0.000276    4.663933 ^ g3600/A (sky130_fd_sc_hd__xor2_1)
     2    0.006707    0.179696    0.202057    4.865990 ^ g3600/X (sky130_fd_sc_hd__xor2_1)
                                                         n3640 (net)
                      0.179696    0.000191    4.866181 ^ g3601/A (sky130_fd_sc_hd__xor2_1)
     2    0.006406    0.174380    0.216470    5.082651 ^ g3601/X (sky130_fd_sc_hd__xor2_1)
                                                         n3641 (net)
                      0.174380    0.000206    5.082858 ^ g3612/A (sky130_fd_sc_hd__inv_1)
     1    0.002131    0.040313    0.055792    5.138649 v g3612/Y (sky130_fd_sc_hd__inv_1)
                                                         n3652 (net)
                      0.040313    0.000061    5.138710 v g3613/B (sky130_fd_sc_hd__and2_1)
     2    0.006298    0.049422    0.172887    5.311597 v g3613/X (sky130_fd_sc_hd__and2_1)
                                                         n3653 (net)
                      0.049422    0.000115    5.311712 v g3803/B (sky130_fd_sc_hd__xor2_1)
     2    0.006321    0.064056    0.161578    5.473290 v g3803/X (sky130_fd_sc_hd__xor2_1)
                                                         n3843 (net)
                      0.064056    0.000101    5.473391 v g3806/B (sky130_fd_sc_hd__and2_1)
     1    0.001476    0.029760    0.158324    5.631715 v g3806/X (sky130_fd_sc_hd__and2_1)
                                                         n3846 (net)
                      0.029760    0.000029    5.631744 v g3807/B (sky130_fd_sc_hd__or2_1)
     2    0.005437    0.059789    0.224190    5.855935 v g3807/X (sky130_fd_sc_hd__or2_1)
                                                         n3847 (net)
                      0.059789    0.000127    5.856061 v g3815/A (sky130_fd_sc_hd__and2_1)
     2    0.007471    0.054560    0.167768    6.023829 v g3815/X (sky130_fd_sc_hd__and2_1)
                                                         n3855 (net)
                      0.054560    0.000219    6.024048 v g3953/A (sky130_fd_sc_hd__xor2_1)
     2    0.006786    0.066621    0.184676    6.208725 v g3953/X (sky130_fd_sc_hd__xor2_1)
                                                         n3993 (net)
                      0.066621    0.000183    6.208907 v g3956/B (sky130_fd_sc_hd__and2_1)
     1    0.001881    0.031339    0.162055    6.370962 v g3956/X (sky130_fd_sc_hd__and2_1)
                                                         n3996 (net)
                      0.031339    0.000055    6.371017 v g3957/B (sky130_fd_sc_hd__or2_1)
     2    0.006225    0.063419    0.229517    6.600534 v g3957/X (sky130_fd_sc_hd__or2_1)
                                                         n3997 (net)
                      0.063419    0.000210    6.600744 v g3962/A (sky130_fd_sc_hd__inv_1)
     1    0.002278    0.033076    0.055289    6.656033 ^ g3962/Y (sky130_fd_sc_hd__inv_1)
                                                         n4002 (net)
                      0.033076    0.000051    6.656084 ^ g3963/B (sky130_fd_sc_hd__and2_1)
     2    0.006913    0.081605    0.146616    6.802700 ^ g3963/X (sky130_fd_sc_hd__and2_1)
                                                         n4003 (net)
                      0.081605    0.000206    6.802905 ^ g4162/A (sky130_fd_sc_hd__xor2_1)
     2    0.005018    0.149984    0.175667    6.978572 ^ g4162/X (sky130_fd_sc_hd__xor2_1)
                                                         n4202 (net)
                      0.149984    0.000127    6.978700 ^ g4168/A (sky130_fd_sc_hd__inv_1)
     1    0.001839    0.035685    0.050806    7.029505 v g4168/Y (sky130_fd_sc_hd__inv_1)
                                                         n4208 (net)
                      0.035685    0.000054    7.029559 v g4169/B (sky130_fd_sc_hd__and2_1)
     4    0.013857    0.080572    0.202093    7.231651 v g4169/X (sky130_fd_sc_hd__and2_1)
                                                         n4209 (net)
                      0.080572    0.000386    7.232038 v g4243/B (sky130_fd_sc_hd__or2_1)
     3    0.012772    0.091489    0.281805    7.513842 v g4243/X (sky130_fd_sc_hd__or2_1)
                                                         n4283 (net)
                      0.091493    0.000719    7.514561 v g4446/A (sky130_fd_sc_hd__inv_1)
     1    0.002007    0.037363    0.063389    7.577950 ^ g4446/Y (sky130_fd_sc_hd__inv_1)
                                                         n4486 (net)
                      0.037363    0.000043    7.577992 ^ g4447/B (sky130_fd_sc_hd__and2_1)
     1    0.004791    0.064215    0.132755    7.710748 ^ g4447/X (sky130_fd_sc_hd__and2_1)
                                                         n4487 (net)
                      0.064215    0.000168    7.710916 ^ g4448/B (sky130_fd_sc_hd__or2_1)
     2    0.008202    0.086431    0.136284    7.847199 ^ g4448/X (sky130_fd_sc_hd__or2_1)
                                                         n4488 (net)
                      0.086431    0.000204    7.847404 ^ g4702/B (sky130_fd_sc_hd__xor2_1)
     2    0.005661    0.161217    0.192674    8.040078 ^ g4702/X (sky130_fd_sc_hd__xor2_1)
                                                         n4742 (net)
                      0.161217    0.000145    8.040223 ^ g4708/A (sky130_fd_sc_hd__inv_1)
     1    0.001656    0.036401    0.050364    8.090587 v g4708/Y (sky130_fd_sc_hd__inv_1)
                                                         n4748 (net)
                      0.036401    0.000035    8.090622 v g4709/B (sky130_fd_sc_hd__and2_1)
     1    0.012548    0.075021    0.197439    8.288061 v g4709/X (sky130_fd_sc_hd__and2_1)
                                                         zN[17] (net)
                      0.075021    0.000417    8.288479 v zN[17] (out)
                                              8.288479   data arrival time

                      0.000000   10.000000   10.000000   clock __VIRTUAL_CLK__ (rise edge)
                                  0.000000   10.000000   clock network delay (ideal)
                                  0.000000   10.000000   clock reconvergence pessimism
                                  0.000000   10.000000   output external delay
                                             10.000000   data required time
---------------------------------------------------------------------------------------------
                                             10.000000   data required time
                                             -8.288479   data arrival time
---------------------------------------------------------------------------------------------
                                              1.711522   slack (MET)


Startpoint: yN[9] (input port clocked by __VIRTUAL_CLK__)
Endpoint: zP[17] (output port clocked by __VIRTUAL_CLK__)
Path Group: __VIRTUAL_CLK__
Path Type: max

Fanout         Cap        Slew       Delay        Time   Description
---------------------------------------------------------------------------------------------
                      0.000000    0.000000    0.000000   clock __VIRTUAL_CLK__ (rise edge)
                                  0.000000    0.000000   clock network delay (ideal)
                                  0.000000    0.000000 v input external delay
    20    0.071467    0.158163    0.122760    0.122760 v yN[9] (in)
                                                         yN[9] (net)
                      0.158394    0.000000    0.122760 v g57/B (sky130_fd_sc_hd__and2_1)
     1    0.001661    0.030614    0.205405    0.328166 v g57/X (sky130_fd_sc_hd__and2_1)
                                                         n97 (net)
                      0.030614    0.000034    0.328199 v g59/A (sky130_fd_sc_hd__or2_1)
     2    0.007112    0.067755    0.253259    0.581458 v g59/X (sky130_fd_sc_hd__or2_1)
                                                         n99 (net)
                      0.067755    0.000338    0.581796 v g786/A (sky130_fd_sc_hd__xor2_1)
     2    0.004399    0.139284    0.181201    0.762997 ^ g786/X (sky130_fd_sc_hd__xor2_1)
                                                         n826 (net)
                      0.139284    0.000119    0.763116 ^ g788/A (sky130_fd_sc_hd__inv_1)
     1    0.001990    0.034858    0.050937    0.814053 v g788/Y (sky130_fd_sc_hd__inv_1)
                                                         n828 (net)
                      0.034858    0.000058    0.814111 v g789/B (sky130_fd_sc_hd__and2_1)
     2    0.008373    0.058075    0.180175    0.994286 v g789/X (sky130_fd_sc_hd__and2_1)
                                                         n829 (net)
                      0.058075    0.000303    0.994589 v g1260/A (sky130_fd_sc_hd__xor2_1)
     2    0.006839    0.182048    0.212017    1.206605 ^ g1260/X (sky130_fd_sc_hd__xor2_1)
                                                         n1300 (net)
                      0.182048    0.000125    1.206731 ^ g1261/A (sky130_fd_sc_hd__xor2_1)
     2    0.004805    0.146307    0.193669    1.400400 ^ g1261/X (sky130_fd_sc_hd__xor2_1)
                                                         n1301 (net)
                      0.146307    0.000078    1.400478 ^ g1272/A (sky130_fd_sc_hd__inv_1)
     1    0.001651    0.034396    0.048931    1.449409 v g1272/Y (sky130_fd_sc_hd__inv_1)
                                                         n1312 (net)
                      0.034396    0.000033    1.449442 v g1273/B (sky130_fd_sc_hd__and2_1)
     2    0.009432    0.062081    0.184557    1.634000 v g1273/X (sky130_fd_sc_hd__and2_1)
                                                         n1313 (net)
                      0.062082    0.000303    1.634302 v g1783/B (sky130_fd_sc_hd__and2_1)
     2    0.005174    0.044723    0.177718    1.812021 v g1783/X (sky130_fd_sc_hd__and2_1)
                                                         n1823 (net)
                      0.044723    0.000166    1.812186 v g1788/A (sky130_fd_sc_hd__inv_1)
     1    0.002266    0.030030    0.047683    1.859869 ^ g1788/Y (sky130_fd_sc_hd__inv_1)
                                                         n1828 (net)
                      0.030031    0.000067    1.859936 ^ g1789/B (sky130_fd_sc_hd__and2_1)
     2    0.011479    0.122737    0.177603    2.037539 ^ g1789/X (sky130_fd_sc_hd__and2_1)
                                                         n1829 (net)
                      0.122737    0.000480    2.038019 ^ g2248/A (sky130_fd_sc_hd__xor2_1)
     2    0.004312    0.137786    0.176960    2.214979 ^ g2248/X (sky130_fd_sc_hd__xor2_1)
                                                         n2288 (net)
                      0.137786    0.000075    2.215054 ^ g2254/A (sky130_fd_sc_hd__inv_1)
     1    0.002144    0.035286    0.051990    2.267045 v g2254/Y (sky130_fd_sc_hd__inv_1)
                                                         n2294 (net)
                      0.035286    0.000062    2.267106 v g2255/B (sky130_fd_sc_hd__and2_1)
     2    0.006626    0.050861    0.172073    2.439179 v g2255/X (sky130_fd_sc_hd__and2_1)
                                                         n2295 (net)
                      0.050861    0.000252    2.439431 v g2627/A (sky130_fd_sc_hd__xor2_1)
     2    0.006490    0.069490    0.181933    2.621364 v g2627/X (sky130_fd_sc_hd__xor2_1)
                                                         n2667 (net)
                      0.069490    0.000113    2.621476 v g2630/B (sky130_fd_sc_hd__and2_1)
     1    0.002054    0.032008    0.164510    2.785987 v g2630/X (sky130_fd_sc_hd__and2_1)
                                                         n2670 (net)
                      0.032008    0.000061    2.786047 v g2631/B (sky130_fd_sc_hd__or2_1)
     2    0.004328    0.055110    0.218113    3.004160 v g2631/X (sky130_fd_sc_hd__or2_1)
                                                         n2671 (net)
                      0.055110    0.000077    3.004237 v g2636/A (sky130_fd_sc_hd__inv_1)
     1    0.002258    0.031245    0.052126    3.056364 ^ g2636/Y (sky130_fd_sc_hd__inv_1)
                                                         n2676 (net)
                      0.031245    0.000066    3.056429 ^ g2637/B (sky130_fd_sc_hd__and2_1)
     2    0.007246    0.084569    0.148417    3.204846 ^ g2637/X (sky130_fd_sc_hd__and2_1)
                                                         n2677 (net)
                      0.084569    0.000212    3.205059 ^ g2966/A (sky130_fd_sc_hd__xor2_1)
     2    0.007777    0.198775    0.216320    3.421379 ^ g2966/X (sky130_fd_sc_hd__xor2_1)
                                                         n3006 (net)
                      0.198775    0.000177    3.421556 ^ g2969/B (sky130_fd_sc_hd__and2_1)
     1    0.002557    0.045904    0.158406    3.579962 ^ g2969/X (sky130_fd_sc_hd__and2_1)
                                                         n3009 (net)
                      0.045904    0.000080    3.580042 ^ g2970/B (sky130_fd_sc_hd__or2_1)
     2    0.005406    0.061857    0.110574    3.690616 ^ g2970/X (sky130_fd_sc_hd__or2_1)
                                                         n3010 (net)
                      0.061857    0.000144    3.690760 ^ g2982/A (sky130_fd_sc_hd__inv_1)
     1    0.001828    0.020974    0.036286    3.727046 v g2982/Y (sky130_fd_sc_hd__inv_1)
                                                         n3022 (net)
                      0.020974    0.000055    3.727101 v g2983/B (sky130_fd_sc_hd__and2_1)
     2    0.008205    0.057487    0.173122    3.900223 v g2983/X (sky130_fd_sc_hd__and2_1)
                                                         n3023 (net)
                      0.057487    0.000272    3.900494 v g3323/B (sky130_fd_sc_hd__xor2_1)
     2    0.006646    0.067673    0.165970    4.066464 v g3323/X (sky130_fd_sc_hd__xor2_1)
                                                         n3363 (net)
                      0.067673    0.000171    4.066635 v g3326/B (sky130_fd_sc_hd__and2_1)
     1    0.001660    0.030479    0.161201    4.227836 v g3326/X (sky130_fd_sc_hd__and2_1)
                                                         n3366 (net)
                      0.030479    0.000048    4.227884 v g3327/B (sky130_fd_sc_hd__or2_1)
     2    0.006182    0.063210    0.228977    4.456861 v g3327/X (sky130_fd_sc_hd__or2_1)
                                                         n3367 (net)
                      0.063210    0.000191    4.457053 v g3332/A (sky130_fd_sc_hd__inv_1)
     1    0.002205    0.032596    0.054725    4.511777 ^ g3332/Y (sky130_fd_sc_hd__inv_1)
                                                         n3372 (net)
                      0.032596    0.000049    4.511826 ^ g3333/B (sky130_fd_sc_hd__and2_1)
     2    0.007665    0.088302    0.151831    4.663657 ^ g3333/X (sky130_fd_sc_hd__and2_1)
                                                         n3373 (net)
                      0.088302    0.000276    4.663933 ^ g3600/A (sky130_fd_sc_hd__xor2_1)
     2    0.006707    0.179696    0.202057    4.865990 ^ g3600/X (sky130_fd_sc_hd__xor2_1)
                                                         n3640 (net)
                      0.179696    0.000191    4.866181 ^ g3601/A (sky130_fd_sc_hd__xor2_1)
     2    0.006406    0.174380    0.216470    5.082651 ^ g3601/X (sky130_fd_sc_hd__xor2_1)
                                                         n3641 (net)
                      0.174380    0.000206    5.082858 ^ g3612/A (sky130_fd_sc_hd__inv_1)
     1    0.002131    0.040313    0.055792    5.138649 v g3612/Y (sky130_fd_sc_hd__inv_1)
                                                         n3652 (net)
                      0.040313    0.000061    5.138710 v g3613/B (sky130_fd_sc_hd__and2_1)
     2    0.006298    0.049422    0.172887    5.311597 v g3613/X (sky130_fd_sc_hd__and2_1)
                                                         n3653 (net)
                      0.049422    0.000115    5.311712 v g3803/B (sky130_fd_sc_hd__xor2_1)
     2    0.006321    0.064056    0.161578    5.473290 v g3803/X (sky130_fd_sc_hd__xor2_1)
                                                         n3843 (net)
                      0.064056    0.000101    5.473391 v g3806/B (sky130_fd_sc_hd__and2_1)
     1    0.001476    0.029760    0.158324    5.631715 v g3806/X (sky130_fd_sc_hd__and2_1)
                                                         n3846 (net)
                      0.029760    0.000029    5.631744 v g3807/B (sky130_fd_sc_hd__or2_1)
     2    0.005437    0.059789    0.224190    5.855935 v g3807/X (sky130_fd_sc_hd__or2_1)
                                                         n3847 (net)
                      0.059789    0.000127    5.856061 v g3815/A (sky130_fd_sc_hd__and2_1)
     2    0.007471    0.054560    0.167768    6.023829 v g3815/X (sky130_fd_sc_hd__and2_1)
                                                         n3855 (net)
                      0.054560    0.000219    6.024048 v g3953/A (sky130_fd_sc_hd__xor2_1)
     2    0.006786    0.066621    0.184676    6.208725 v g3953/X (sky130_fd_sc_hd__xor2_1)
                                                         n3993 (net)
                      0.066621    0.000183    6.208907 v g3956/B (sky130_fd_sc_hd__and2_1)
     1    0.001881    0.031339    0.162055    6.370962 v g3956/X (sky130_fd_sc_hd__and2_1)
                                                         n3996 (net)
                      0.031339    0.000055    6.371017 v g3957/B (sky130_fd_sc_hd__or2_1)
     2    0.006225    0.063419    0.229517    6.600534 v g3957/X (sky130_fd_sc_hd__or2_1)
                                                         n3997 (net)
                      0.063419    0.000210    6.600744 v g3962/A (sky130_fd_sc_hd__inv_1)
     1    0.002278    0.033076    0.055289    6.656033 ^ g3962/Y (sky130_fd_sc_hd__inv_1)
                                                         n4002 (net)
                      0.033076    0.000051    6.656084 ^ g3963/B (sky130_fd_sc_hd__and2_1)
     2    0.006913    0.081605    0.146616    6.802700 ^ g3963/X (sky130_fd_sc_hd__and2_1)
                                                         n4003 (net)
                      0.081605    0.000206    6.802905 ^ g4162/A (sky130_fd_sc_hd__xor2_1)
     2    0.005018    0.149984    0.175667    6.978572 ^ g4162/X (sky130_fd_sc_hd__xor2_1)
                                                         n4202 (net)
                      0.149984    0.000127    6.978700 ^ g4168/A (sky130_fd_sc_hd__inv_1)
     1    0.001839    0.035685    0.050806    7.029505 v g4168/Y (sky130_fd_sc_hd__inv_1)
                                                         n4208 (net)
                      0.035685    0.000054    7.029559 v g4169/B (sky130_fd_sc_hd__and2_1)
     4    0.013857    0.080572    0.202093    7.231651 v g4169/X (sky130_fd_sc_hd__and2_1)
                                                         n4209 (net)
                      0.080572    0.000386    7.232038 v g4243/B (sky130_fd_sc_hd__or2_1)
     3    0.012772    0.091489    0.281805    7.513842 v g4243/X (sky130_fd_sc_hd__or2_1)
                                                         n4283 (net)
                      0.091493    0.000719    7.514561 v g4446/A (sky130_fd_sc_hd__inv_1)
     1    0.002007    0.037363    0.063389    7.577950 ^ g4446/Y (sky130_fd_sc_hd__inv_1)
                                                         n4486 (net)
                      0.037363    0.000043    7.577992 ^ g4447/B (sky130_fd_sc_hd__and2_1)
     1    0.004791    0.064215    0.132755    7.710748 ^ g4447/X (sky130_fd_sc_hd__and2_1)
                                                         n4487 (net)
                      0.064215    0.000168    7.710916 ^ g4448/B (sky130_fd_sc_hd__or2_1)
     2    0.008202    0.086431    0.136284    7.847199 ^ g4448/X (sky130_fd_sc_hd__or2_1)
                                                         n4488 (net)
                      0.086431    0.000204    7.847404 ^ g4702/B (sky130_fd_sc_hd__xor2_1)
     2    0.005661    0.161217    0.192674    8.040078 ^ g4702/X (sky130_fd_sc_hd__xor2_1)
                                                         n4742 (net)
                      0.161217    0.000106    8.040184 ^ g4707/A (sky130_fd_sc_hd__and2_1)
     1    0.012309    0.130744    0.220734    8.260918 ^ g4707/X (sky130_fd_sc_hd__and2_1)
                                                         zP[17] (net)
                      0.130744    0.000377    8.261295 ^ zP[17] (out)
                                              8.261295   data arrival time

                      0.000000   10.000000   10.000000   clock __VIRTUAL_CLK__ (rise edge)
                                  0.000000   10.000000   clock network delay (ideal)
                                  0.000000   10.000000   clock reconvergence pessimism
                                  0.000000   10.000000   output external delay
                                             10.000000   data required time
---------------------------------------------------------------------------------------------
                                             10.000000   data required time
                                             -8.261295   data arrival time
---------------------------------------------------------------------------------------------
                                              1.738705   slack (MET)


Startpoint: yP[9] (input port clocked by __VIRTUAL_CLK__)
Endpoint: zP[12] (output port clocked by __VIRTUAL_CLK__)
Path Group: __VIRTUAL_CLK__
Path Type: max

Fanout         Cap        Slew       Delay        Time   Description
---------------------------------------------------------------------------------------------
                      0.000000    0.000000    0.000000   clock __VIRTUAL_CLK__ (rise edge)
                                  0.000000    0.000000   clock network delay (ideal)
                                  0.000000    0.000000 v input external delay
    20    0.066976    0.148354    0.115569    0.115569 v yP[9] (in)
                                                         yP[9] (net)
                      0.148601    0.000000    0.115569 v g54/B (sky130_fd_sc_hd__and2_1)
     1    0.001659    0.030554    0.200543    0.316111 v g54/X (sky130_fd_sc_hd__and2_1)
                                                         n94 (net)
                      0.030554    0.000048    0.316159 v g56/A (sky130_fd_sc_hd__or2_1)
     2    0.006654    0.065461    0.250519    0.566679 v g56/X (sky130_fd_sc_hd__or2_1)
                                                         n96 (net)
                      0.065461    0.000184    0.566863 v g784/A (sky130_fd_sc_hd__xor2_1)
     2    0.004746    0.145286    0.185202    0.752065 ^ g784/X (sky130_fd_sc_hd__xor2_1)
                                                         n824 (net)
                      0.145286    0.000091    0.752156 ^ g790/A (sky130_fd_sc_hd__inv_1)
     1    0.001979    0.035637    0.051470    0.803626 v g790/Y (sky130_fd_sc_hd__inv_1)
                                                         n830 (net)
                      0.035637    0.000057    0.803683 v g791/B (sky130_fd_sc_hd__and2_1)
     2    0.007385    0.054241    0.175826    0.979510 v g791/X (sky130_fd_sc_hd__and2_1)
                                                         n831 (net)
                      0.054242    0.000304    0.979814 v g1265/A (sky130_fd_sc_hd__xor2_1)
     2    0.007135    0.187298    0.214549    1.194363 ^ g1265/X (sky130_fd_sc_hd__xor2_1)
                                                         n1305 (net)
                      0.187298    0.000143    1.194506 ^ g1266/A (sky130_fd_sc_hd__xor2_1)
     2    0.005142    0.152151    0.199394    1.393900 ^ g1266/X (sky130_fd_sc_hd__xor2_1)
                                                         n1306 (net)
                      0.152151    0.000131    1.394031 ^ g1270/A (sky130_fd_sc_hd__inv_1)
     1    0.001689    0.035334    0.049788    1.443818 v g1270/Y (sky130_fd_sc_hd__inv_1)
                                                         n1310 (net)
                      0.035334    0.000034    1.443852 v g1271/B (sky130_fd_sc_hd__and2_1)
     2    0.009227    0.061253    0.184183    1.628035 v g1271/X (sky130_fd_sc_hd__and2_1)
                                                         n1311 (net)
                      0.061254    0.000345    1.628379 v g1780/A (sky130_fd_sc_hd__xor2_1)
     2    0.011875    0.273230    0.284851    1.913230 ^ g1780/X (sky130_fd_sc_hd__xor2_1)
                                                         n1820 (net)
                      0.273231    0.000530    1.913760 ^ g1785/A (sky130_fd_sc_hd__and2_1)
     2    0.007369    0.087965    0.213435    2.127195 ^ g1785/X (sky130_fd_sc_hd__and2_1)
                                                         n1825 (net)
                      0.087965    0.000236    2.127432 ^ g2220/B (sky130_fd_sc_hd__xor2_1)
     2    0.006311    0.172708    0.202241    2.329673 ^ g2220/X (sky130_fd_sc_hd__xor2_1)
                                                         n2260 (net)
                      0.172708    0.000206    2.329879 ^ g2226/A (sky130_fd_sc_hd__inv_1)
     1    0.001734    0.038283    0.052128    2.382007 v g2226/Y (sky130_fd_sc_hd__inv_1)
                                                         n2266 (net)
                      0.038283    0.000035    2.382042 v g2227/B (sky130_fd_sc_hd__and2_1)
     2    0.006554    0.050530    0.173169    2.555211 v g2227/X (sky130_fd_sc_hd__and2_1)
                                                         n2267 (net)
                      0.050530    0.000126    2.555337 v g2585/B (sky130_fd_sc_hd__xor2_1)
     2    0.006398    0.064781    0.162251    2.717588 v g2585/X (sky130_fd_sc_hd__xor2_1)
                                                         n2625 (net)
                      0.064781    0.000151    2.717739 v g2588/B (sky130_fd_sc_hd__and2_1)
     1    0.002064    0.032057    0.162302    2.880041 v g2588/X (sky130_fd_sc_hd__and2_1)
                                                         n2628 (net)
                      0.032057    0.000060    2.880102 v g2589/B (sky130_fd_sc_hd__or2_1)
     2    0.004033    0.053938    0.216306    3.096407 v g2589/X (sky130_fd_sc_hd__or2_1)
                                                         n2629 (net)
                      0.053938    0.000106    3.096513 v g2594/A (sky130_fd_sc_hd__inv_1)
     1    0.002292    0.031209    0.051909    3.148422 ^ g2594/Y (sky130_fd_sc_hd__inv_1)
                                                         n2634 (net)
                      0.031209    0.000067    3.148489 ^ g2595/B (sky130_fd_sc_hd__and2_1)
     2    0.006952    0.081927    0.146337    3.294826 ^ g2595/X (sky130_fd_sc_hd__and2_1)
                                                         n2635 (net)
                      0.081927    0.000132    3.294958 ^ g2924/B (sky130_fd_sc_hd__xor2_1)
     2    0.005411    0.156832    0.188139    3.483097 ^ g2924/X (sky130_fd_sc_hd__xor2_1)
                                                         n2964 (net)
                      0.156832    0.000128    3.483224 ^ g2930/A (sky130_fd_sc_hd__inv_1)
     1    0.001815    0.036507    0.051278    3.534503 v g2930/Y (sky130_fd_sc_hd__inv_1)
                                                         n2970 (net)
                      0.036507    0.000054    3.534556 v g2931/B (sky130_fd_sc_hd__and2_1)
     2    0.006792    0.051589    0.173443    3.707999 v g2931/X (sky130_fd_sc_hd__and2_1)
                                                         n2971 (net)
                      0.051589    0.000206    3.708205 v g3278/A (sky130_fd_sc_hd__xor2_1)
     2    0.006624    0.178225    0.206078    3.914283 ^ g3278/X (sky130_fd_sc_hd__xor2_1)
                                                         n3318 (net)
                      0.178225    0.000218    3.914501 ^ g3280/A (sky130_fd_sc_hd__inv_1)
     1    0.002141    0.040897    0.056300    3.970801 v g3280/Y (sky130_fd_sc_hd__inv_1)
                                                         n3320 (net)
                      0.040897    0.000061    3.970862 v g3281/B (sky130_fd_sc_hd__and2_1)
     2    0.007539    0.054952    0.178995    4.149857 v g3281/X (sky130_fd_sc_hd__and2_1)
                                                         n3321 (net)
                      0.054952    0.000282    4.150139 v g3546/A (sky130_fd_sc_hd__xor2_1)
     2    0.006688    0.066704    0.184447    4.334586 v g3546/X (sky130_fd_sc_hd__xor2_1)
                                                         n3586 (net)
                      0.066704    0.000168    4.334754 v g3549/B (sky130_fd_sc_hd__and2_1)
     1    0.001942    0.031578    0.162475    4.497230 v g3549/X (sky130_fd_sc_hd__and2_1)
                                                         n3589 (net)
                      0.031578    0.000056    4.497286 v g3550/B (sky130_fd_sc_hd__or2_1)
     2    0.004595    0.056175    0.219602    4.716888 v g3550/X (sky130_fd_sc_hd__or2_1)
                                                         n3590 (net)
                      0.056175    0.000134    4.717021 v g3562/A (sky130_fd_sc_hd__inv_1)
     1    0.002401    0.032327    0.053411    4.770433 ^ g3562/Y (sky130_fd_sc_hd__inv_1)
                                                         n3602 (net)
                      0.032327    0.000072    4.770505 ^ g3563/B (sky130_fd_sc_hd__and2_1)
     2    0.007208    0.084210    0.148486    4.918991 ^ g3563/X (sky130_fd_sc_hd__and2_1)
                                                         n3603 (net)
                      0.084210    0.000211    4.919202 ^ g3767/B (sky130_fd_sc_hd__xor2_1)
     2    0.007168    0.187895    0.213461    5.132663 ^ g3767/X (sky130_fd_sc_hd__xor2_1)
                                                         n3807 (net)
                      0.187895    0.000207    5.132870 ^ g3768/A (sky130_fd_sc_hd__xor2_1)
     2    0.004555    0.141978    0.190969    5.323840 ^ g3768/X (sky130_fd_sc_hd__xor2_1)
                                                         n3808 (net)
                      0.141978    0.000129    5.323968 ^ g3772/A (sky130_fd_sc_hd__inv_1)
     1    0.002076    0.035584    0.051905    5.375874 v g3772/Y (sky130_fd_sc_hd__inv_1)
                                                         n3812 (net)
                      0.035584    0.000043    5.375917 v g3773/B (sky130_fd_sc_hd__and2_1)
     2    0.008124    0.057266    0.179325    5.555242 v g3773/X (sky130_fd_sc_hd__and2_1)
                                                         n3813 (net)
                      0.057266    0.000276    5.555518 v g3918/B (sky130_fd_sc_hd__xor2_1)
     2    0.006292    0.066325    0.164455    5.719973 v g3918/X (sky130_fd_sc_hd__xor2_1)
                                                         n3958 (net)
                      0.066327    0.000086    5.720059 v g3921/B (sky130_fd_sc_hd__and2_1)
     1    0.001655    0.030462    0.160523    5.880582 v g3921/X (sky130_fd_sc_hd__and2_1)
                                                         n3961 (net)
                      0.030462    0.000048    5.880630 v g3922/B (sky130_fd_sc_hd__or2_1)
     2    0.008639    0.074188    0.243976    6.124606 v g3922/X (sky130_fd_sc_hd__or2_1)
                                                         n3962 (net)
                      0.074189    0.000381    6.124987 v g3934/A (sky130_fd_sc_hd__inv_1)
     1    0.002105    0.034292    0.057986    6.182972 ^ g3934/Y (sky130_fd_sc_hd__inv_1)
                                                         n3974 (net)
                      0.034292    0.000044    6.183016 ^ g3935/B (sky130_fd_sc_hd__and2_1)
     2    0.007145    0.083703    0.148670    6.331686 ^ g3935/X (sky130_fd_sc_hd__and2_1)
                                                         n3975 (net)
                      0.083703    0.000199    6.331885 ^ g4025/A (sky130_fd_sc_hd__xor2_1)
     2    0.008127    0.205041    0.221057    6.552941 ^ g4025/X (sky130_fd_sc_hd__xor2_1)
                                                         n4065 (net)
                      0.205041    0.000267    6.553209 ^ g4026/A (sky130_fd_sc_hd__xor2_1)
     2    0.005159    0.152462    0.202510    6.755719 ^ g4026/X (sky130_fd_sc_hd__xor2_1)
                                                         n4066 (net)
                      0.152462    0.000135    6.755854 ^ g4030/A (sky130_fd_sc_hd__inv_1)
     1    0.001758    0.035676    0.050386    6.806241 v g4030/Y (sky130_fd_sc_hd__inv_1)
                                                         n4070 (net)
                      0.035676    0.000052    6.806293 v g4031/B (sky130_fd_sc_hd__and2_1)
     2    0.004772    0.042998    0.163500    6.969792 v g4031/X (sky130_fd_sc_hd__and2_1)
                                                         n4071 (net)
                      0.042998    0.000080    6.969873 v g4135/A (sky130_fd_sc_hd__and2_1)
     6    0.018449    0.100244    0.203461    7.173334 v g4135/X (sky130_fd_sc_hd__and2_1)
                                                         n4175 (net)
                      0.100247    0.000737    7.174071 v g4401/A (sky130_fd_sc_hd__and2_1)
     1    0.001643    0.030363    0.157063    7.331135 v g4401/X (sky130_fd_sc_hd__and2_1)
                                                         n4441 (net)
                      0.030363    0.000047    7.331182 v g4403/A (sky130_fd_sc_hd__or2_1)
     2    0.007508    0.069710    0.255625    7.586807 v g4403/X (sky130_fd_sc_hd__or2_1)
                                                         n4443 (net)
                      0.069710    0.000249    7.587056 v g4644/A (sky130_fd_sc_hd__xor2_1)
     2    0.008670    0.214837    0.243046    7.830102 ^ g4644/X (sky130_fd_sc_hd__xor2_1)
                                                         n4684 (net)
                      0.214837    0.000322    7.830424 ^ g4646/A (sky130_fd_sc_hd__inv_1)
     1    0.001919    0.044865    0.058001    7.888424 v g4646/Y (sky130_fd_sc_hd__inv_1)
                                                         n4686 (net)
                      0.044865    0.000056    7.888480 v g4647/B (sky130_fd_sc_hd__and2_1)
     1    0.011205    0.069372    0.196288    8.084768 v g4647/X (sky130_fd_sc_hd__and2_1)
                                                         zP[12] (net)
                      0.069372    0.000222    8.084991 v zP[12] (out)
                                              8.084991   data arrival time

                      0.000000   10.000000   10.000000   clock __VIRTUAL_CLK__ (rise edge)
                                  0.000000   10.000000   clock network delay (ideal)
                                  0.000000   10.000000   clock reconvergence pessimism
                                  0.000000   10.000000   output external delay
                                             10.000000   data required time
---------------------------------------------------------------------------------------------
                                             10.000000   data required time
                                             -8.084991   data arrival time
---------------------------------------------------------------------------------------------
                                              1.915009   slack (MET)


Startpoint: yP[9] (input port clocked by __VIRTUAL_CLK__)
Endpoint: zN[12] (output port clocked by __VIRTUAL_CLK__)
Path Group: __VIRTUAL_CLK__
Path Type: max

Fanout         Cap        Slew       Delay        Time   Description
---------------------------------------------------------------------------------------------
                      0.000000    0.000000    0.000000   clock __VIRTUAL_CLK__ (rise edge)
                                  0.000000    0.000000   clock network delay (ideal)
                                  0.000000    0.000000 v input external delay
    20    0.066976    0.148354    0.115569    0.115569 v yP[9] (in)
                                                         yP[9] (net)
                      0.148601    0.000000    0.115569 v g54/B (sky130_fd_sc_hd__and2_1)
     1    0.001659    0.030554    0.200543    0.316111 v g54/X (sky130_fd_sc_hd__and2_1)
                                                         n94 (net)
                      0.030554    0.000048    0.316159 v g56/A (sky130_fd_sc_hd__or2_1)
     2    0.006654    0.065461    0.250519    0.566679 v g56/X (sky130_fd_sc_hd__or2_1)
                                                         n96 (net)
                      0.065461    0.000184    0.566863 v g784/A (sky130_fd_sc_hd__xor2_1)
     2    0.004746    0.145286    0.185202    0.752065 ^ g784/X (sky130_fd_sc_hd__xor2_1)
                                                         n824 (net)
                      0.145286    0.000091    0.752156 ^ g790/A (sky130_fd_sc_hd__inv_1)
     1    0.001979    0.035637    0.051470    0.803626 v g790/Y (sky130_fd_sc_hd__inv_1)
                                                         n830 (net)
                      0.035637    0.000057    0.803683 v g791/B (sky130_fd_sc_hd__and2_1)
     2    0.007385    0.054241    0.175826    0.979510 v g791/X (sky130_fd_sc_hd__and2_1)
                                                         n831 (net)
                      0.054242    0.000304    0.979814 v g1265/A (sky130_fd_sc_hd__xor2_1)
     2    0.007135    0.187298    0.214549    1.194363 ^ g1265/X (sky130_fd_sc_hd__xor2_1)
                                                         n1305 (net)
                      0.187298    0.000143    1.194506 ^ g1266/A (sky130_fd_sc_hd__xor2_1)
     2    0.005142    0.152151    0.199394    1.393900 ^ g1266/X (sky130_fd_sc_hd__xor2_1)
                                                         n1306 (net)
                      0.152151    0.000131    1.394031 ^ g1270/A (sky130_fd_sc_hd__inv_1)
     1    0.001689    0.035334    0.049788    1.443818 v g1270/Y (sky130_fd_sc_hd__inv_1)
                                                         n1310 (net)
                      0.035334    0.000034    1.443852 v g1271/B (sky130_fd_sc_hd__and2_1)
     2    0.009227    0.061253    0.184183    1.628035 v g1271/X (sky130_fd_sc_hd__and2_1)
                                                         n1311 (net)
                      0.061254    0.000345    1.628379 v g1780/A (sky130_fd_sc_hd__xor2_1)
     2    0.011875    0.273230    0.284851    1.913230 ^ g1780/X (sky130_fd_sc_hd__xor2_1)
                                                         n1820 (net)
                      0.273231    0.000530    1.913760 ^ g1785/A (sky130_fd_sc_hd__and2_1)
     2    0.007369    0.087965    0.213435    2.127195 ^ g1785/X (sky130_fd_sc_hd__and2_1)
                                                         n1825 (net)
                      0.087965    0.000236    2.127432 ^ g2220/B (sky130_fd_sc_hd__xor2_1)
     2    0.006311    0.172708    0.202241    2.329673 ^ g2220/X (sky130_fd_sc_hd__xor2_1)
                                                         n2260 (net)
                      0.172708    0.000206    2.329879 ^ g2226/A (sky130_fd_sc_hd__inv_1)
     1    0.001734    0.038283    0.052128    2.382007 v g2226/Y (sky130_fd_sc_hd__inv_1)
                                                         n2266 (net)
                      0.038283    0.000035    2.382042 v g2227/B (sky130_fd_sc_hd__and2_1)
     2    0.006554    0.050530    0.173169    2.555211 v g2227/X (sky130_fd_sc_hd__and2_1)
                                                         n2267 (net)
                      0.050530    0.000126    2.555337 v g2585/B (sky130_fd_sc_hd__xor2_1)
     2    0.006398    0.064781    0.162251    2.717588 v g2585/X (sky130_fd_sc_hd__xor2_1)
                                                         n2625 (net)
                      0.064781    0.000151    2.717739 v g2588/B (sky130_fd_sc_hd__and2_1)
     1    0.002064    0.032057    0.162302    2.880041 v g2588/X (sky130_fd_sc_hd__and2_1)
                                                         n2628 (net)
                      0.032057    0.000060    2.880102 v g2589/B (sky130_fd_sc_hd__or2_1)
     2    0.004033    0.053938    0.216306    3.096407 v g2589/X (sky130_fd_sc_hd__or2_1)
                                                         n2629 (net)
                      0.053938    0.000106    3.096513 v g2594/A (sky130_fd_sc_hd__inv_1)
     1    0.002292    0.031209    0.051909    3.148422 ^ g2594/Y (sky130_fd_sc_hd__inv_1)
                                                         n2634 (net)
                      0.031209    0.000067    3.148489 ^ g2595/B (sky130_fd_sc_hd__and2_1)
     2    0.006952    0.081927    0.146337    3.294826 ^ g2595/X (sky130_fd_sc_hd__and2_1)
                                                         n2635 (net)
                      0.081927    0.000132    3.294958 ^ g2924/B (sky130_fd_sc_hd__xor2_1)
     2    0.005411    0.156832    0.188139    3.483097 ^ g2924/X (sky130_fd_sc_hd__xor2_1)
                                                         n2964 (net)
                      0.156832    0.000128    3.483224 ^ g2930/A (sky130_fd_sc_hd__inv_1)
     1    0.001815    0.036507    0.051278    3.534503 v g2930/Y (sky130_fd_sc_hd__inv_1)
                                                         n2970 (net)
                      0.036507    0.000054    3.534556 v g2931/B (sky130_fd_sc_hd__and2_1)
     2    0.006792    0.051589    0.173443    3.707999 v g2931/X (sky130_fd_sc_hd__and2_1)
                                                         n2971 (net)
                      0.051589    0.000206    3.708205 v g3278/A (sky130_fd_sc_hd__xor2_1)
     2    0.006624    0.178225    0.206078    3.914283 ^ g3278/X (sky130_fd_sc_hd__xor2_1)
                                                         n3318 (net)
                      0.178225    0.000218    3.914501 ^ g3280/A (sky130_fd_sc_hd__inv_1)
     1    0.002141    0.040897    0.056300    3.970801 v g3280/Y (sky130_fd_sc_hd__inv_1)
                                                         n3320 (net)
                      0.040897    0.000061    3.970862 v g3281/B (sky130_fd_sc_hd__and2_1)
     2    0.007539    0.054952    0.178995    4.149857 v g3281/X (sky130_fd_sc_hd__and2_1)
                                                         n3321 (net)
                      0.054952    0.000282    4.150139 v g3546/A (sky130_fd_sc_hd__xor2_1)
     2    0.006688    0.066704    0.184447    4.334586 v g3546/X (sky130_fd_sc_hd__xor2_1)
                                                         n3586 (net)
                      0.066704    0.000168    4.334754 v g3549/B (sky130_fd_sc_hd__and2_1)
     1    0.001942    0.031578    0.162475    4.497230 v g3549/X (sky130_fd_sc_hd__and2_1)
                                                         n3589 (net)
                      0.031578    0.000056    4.497286 v g3550/B (sky130_fd_sc_hd__or2_1)
     2    0.004595    0.056175    0.219602    4.716888 v g3550/X (sky130_fd_sc_hd__or2_1)
                                                         n3590 (net)
                      0.056175    0.000134    4.717021 v g3562/A (sky130_fd_sc_hd__inv_1)
     1    0.002401    0.032327    0.053411    4.770433 ^ g3562/Y (sky130_fd_sc_hd__inv_1)
                                                         n3602 (net)
                      0.032327    0.000072    4.770505 ^ g3563/B (sky130_fd_sc_hd__and2_1)
     2    0.007208    0.084210    0.148486    4.918991 ^ g3563/X (sky130_fd_sc_hd__and2_1)
                                                         n3603 (net)
                      0.084210    0.000211    4.919202 ^ g3767/B (sky130_fd_sc_hd__xor2_1)
     2    0.007168    0.187895    0.213461    5.132663 ^ g3767/X (sky130_fd_sc_hd__xor2_1)
                                                         n3807 (net)
                      0.187895    0.000207    5.132870 ^ g3768/A (sky130_fd_sc_hd__xor2_1)
     2    0.004555    0.141978    0.190969    5.323840 ^ g3768/X (sky130_fd_sc_hd__xor2_1)
                                                         n3808 (net)
                      0.141978    0.000129    5.323968 ^ g3772/A (sky130_fd_sc_hd__inv_1)
     1    0.002076    0.035584    0.051905    5.375874 v g3772/Y (sky130_fd_sc_hd__inv_1)
                                                         n3812 (net)
                      0.035584    0.000043    5.375917 v g3773/B (sky130_fd_sc_hd__and2_1)
     2    0.008124    0.057266    0.179325    5.555242 v g3773/X (sky130_fd_sc_hd__and2_1)
                                                         n3813 (net)
                      0.057266    0.000276    5.555518 v g3918/B (sky130_fd_sc_hd__xor2_1)
     2    0.006292    0.066325    0.164455    5.719973 v g3918/X (sky130_fd_sc_hd__xor2_1)
                                                         n3958 (net)
                      0.066327    0.000086    5.720059 v g3921/B (sky130_fd_sc_hd__and2_1)
     1    0.001655    0.030462    0.160523    5.880582 v g3921/X (sky130_fd_sc_hd__and2_1)
                                                         n3961 (net)
                      0.030462    0.000048    5.880630 v g3922/B (sky130_fd_sc_hd__or2_1)
     2    0.008639    0.074188    0.243976    6.124606 v g3922/X (sky130_fd_sc_hd__or2_1)
                                                         n3962 (net)
                      0.074189    0.000381    6.124987 v g3934/A (sky130_fd_sc_hd__inv_1)
     1    0.002105    0.034292    0.057986    6.182972 ^ g3934/Y (sky130_fd_sc_hd__inv_1)
                                                         n3974 (net)
                      0.034292    0.000044    6.183016 ^ g3935/B (sky130_fd_sc_hd__and2_1)
     2    0.007145    0.083703    0.148670    6.331686 ^ g3935/X (sky130_fd_sc_hd__and2_1)
                                                         n3975 (net)
                      0.083703    0.000199    6.331885 ^ g4025/A (sky130_fd_sc_hd__xor2_1)
     2    0.008127    0.205041    0.221057    6.552941 ^ g4025/X (sky130_fd_sc_hd__xor2_1)
                                                         n4065 (net)
                      0.205041    0.000267    6.553209 ^ g4026/A (sky130_fd_sc_hd__xor2_1)
     2    0.005159    0.152462    0.202510    6.755719 ^ g4026/X (sky130_fd_sc_hd__xor2_1)
                                                         n4066 (net)
                      0.152462    0.000135    6.755854 ^ g4030/A (sky130_fd_sc_hd__inv_1)
     1    0.001758    0.035676    0.050386    6.806241 v g4030/Y (sky130_fd_sc_hd__inv_1)
                                                         n4070 (net)
                      0.035676    0.000052    6.806293 v g4031/B (sky130_fd_sc_hd__and2_1)
     2    0.004772    0.042998    0.163500    6.969792 v g4031/X (sky130_fd_sc_hd__and2_1)
                                                         n4071 (net)
                      0.042998    0.000080    6.969873 v g4135/A (sky130_fd_sc_hd__and2_1)
     6    0.018449    0.100244    0.203461    7.173334 v g4135/X (sky130_fd_sc_hd__and2_1)
                                                         n4175 (net)
                      0.100247    0.000703    7.174037 v g4396/A (sky130_fd_sc_hd__and2_1)
     1    0.001981    0.031715    0.159127    7.333164 v g4396/X (sky130_fd_sc_hd__and2_1)
                                                         n4436 (net)
                      0.031715    0.000060    7.333224 v g4399/A (sky130_fd_sc_hd__or2_1)
     2    0.006564    0.065031    0.250397    7.583621 v g4399/X (sky130_fd_sc_hd__or2_1)
                                                         n4439 (net)
                      0.065031    0.000183    7.583804 v g4642/A (sky130_fd_sc_hd__xor2_1)
     2    0.008531    0.212334    0.239017    7.822821 ^ g4642/X (sky130_fd_sc_hd__xor2_1)
                                                         n4682 (net)
                      0.212334    0.000374    7.823195 ^ g4648/A (sky130_fd_sc_hd__inv_1)
     1    0.001873    0.044296    0.057299    7.880494 v g4648/Y (sky130_fd_sc_hd__inv_1)
                                                         n4688 (net)
                      0.044296    0.000055    7.880549 v g4649/B (sky130_fd_sc_hd__and2_1)
     1    0.011589    0.070974    0.197496    8.078045 v g4649/X (sky130_fd_sc_hd__and2_1)
                                                         zN[12] (net)
                      0.070974    0.000249    8.078294 v zN[12] (out)
                                              8.078294   data arrival time

                      0.000000   10.000000   10.000000   clock __VIRTUAL_CLK__ (rise edge)
                                  0.000000   10.000000   clock network delay (ideal)
                                  0.000000   10.000000   clock reconvergence pessimism
                                  0.000000   10.000000   output external delay
                                             10.000000   data required time
---------------------------------------------------------------------------------------------
                                             10.000000   data required time
                                             -8.078294   data arrival time
---------------------------------------------------------------------------------------------
                                              1.921706   slack (MET)


Startpoint: xP[3] (input port clocked by __VIRTUAL_CLK__)
Endpoint: zP[18] (output port clocked by __VIRTUAL_CLK__)
Path Group: __VIRTUAL_CLK__
Path Type: max

Fanout         Cap        Slew       Delay        Time   Description
---------------------------------------------------------------------------------------------
                      0.000000    0.000000    0.000000   clock __VIRTUAL_CLK__ (rise edge)
                                  0.000000    0.000000   clock network delay (ideal)
                                  0.000000    0.000000 v input external delay
    20    0.082500    0.181818    0.138051    0.138051 v xP[3] (in)
                                                         xP[3] (net)
                      0.181823    0.000000    0.138051 v g234/A (sky130_fd_sc_hd__and2_1)
     1    0.001766    0.030966    0.195723    0.333774 v g234/X (sky130_fd_sc_hd__and2_1)
                                                         n274 (net)
                      0.030966    0.000052    0.333826 v g236/A (sky130_fd_sc_hd__or2_1)
     2    0.007035    0.067334    0.252990    0.586816 v g236/X (sky130_fd_sc_hd__or2_1)
                                                         n276 (net)
                      0.067334    0.000198    0.587014 v g904/A (sky130_fd_sc_hd__xor2_1)
     2    0.005724    0.162335    0.200058    0.787073 ^ g904/X (sky130_fd_sc_hd__xor2_1)
                                                         n944 (net)
                      0.162335    0.000185    0.787258 ^ g910/A (sky130_fd_sc_hd__inv_1)
     1    0.001737    0.036908    0.051163    0.838421 v g910/Y (sky130_fd_sc_hd__inv_1)
                                                         n950 (net)
                      0.036908    0.000036    0.838457 v g911/B (sky130_fd_sc_hd__and2_1)
     2    0.008101    0.057193    0.179837    1.018294 v g911/X (sky130_fd_sc_hd__and2_1)
                                                         n951 (net)
                      0.057193    0.000269    1.018563 v g1403/A (sky130_fd_sc_hd__xor2_1)
     2    0.007215    0.188725    0.216936    1.235499 ^ g1403/X (sky130_fd_sc_hd__xor2_1)
                                                         n1443 (net)
                      0.188725    0.000221    1.235719 ^ g1404/A (sky130_fd_sc_hd__xor2_1)
     2    0.006446    0.175083    0.218461    1.454181 ^ g1404/X (sky130_fd_sc_hd__xor2_1)
                                                         n1444 (net)
                      0.175083    0.000276    1.454456 ^ g1408/A (sky130_fd_sc_hd__inv_1)
     1    0.002019    0.039901    0.054877    1.509333 v g1408/Y (sky130_fd_sc_hd__inv_1)
                                                         n1448 (net)
                      0.039901    0.000059    1.509392 v g1409/B (sky130_fd_sc_hd__and2_1)
     2    0.008185    0.057476    0.181609    1.691001 v g1409/X (sky130_fd_sc_hd__and2_1)
                                                         n1449 (net)
                      0.057477    0.000291    1.691292 v g1896/A (sky130_fd_sc_hd__xor2_1)
     2    0.004636    0.143374    0.180147    1.871439 ^ g1896/X (sky130_fd_sc_hd__xor2_1)
                                                         n1936 (net)
                      0.143374    0.000116    1.871555 ^ g1902/A (sky130_fd_sc_hd__inv_1)
     1    0.002281    0.036637    0.053680    1.925235 v g1902/Y (sky130_fd_sc_hd__inv_1)
                                                         n1942 (net)
                      0.036637    0.000070    1.925305 v g1903/B (sky130_fd_sc_hd__and2_1)
     2    0.006487    0.050232    0.172093    2.097398 v g1903/X (sky130_fd_sc_hd__and2_1)
                                                         n1943 (net)
                      0.050232    0.000129    2.097527 v g2333/B (sky130_fd_sc_hd__xor2_1)
     2    0.006397    0.064679    0.162165    2.259692 v g2333/X (sky130_fd_sc_hd__xor2_1)
                                                         n2373 (net)
                      0.064679    0.000092    2.259785 v g2336/B (sky130_fd_sc_hd__and2_1)
     1    0.001670    0.030522    0.159820    2.419605 v g2336/X (sky130_fd_sc_hd__and2_1)
                                                         n2376 (net)
                      0.030522    0.000050    2.419654 v g2337/B (sky130_fd_sc_hd__or2_1)
     2    0.005187    0.058690    0.222899    2.642553 v g2337/X (sky130_fd_sc_hd__or2_1)
                                                         n2377 (net)
                      0.058690    0.000156    2.642709 v g2342/A (sky130_fd_sc_hd__inv_1)
     1    0.001953    0.030157    0.051477    2.694186 ^ g2342/Y (sky130_fd_sc_hd__inv_1)
                                                         n2382 (net)
                      0.030157    0.000058    2.694244 ^ g2343/B (sky130_fd_sc_hd__and2_1)
     2    0.007205    0.084186    0.147771    2.842016 ^ g2343/X (sky130_fd_sc_hd__and2_1)
                                                         n2383 (net)
                      0.084186    0.000228    2.842243 ^ g2704/A (sky130_fd_sc_hd__xor2_1)
     2    0.005654    0.161099    0.185690    3.027933 ^ g2704/X (sky130_fd_sc_hd__xor2_1)
                                                         n2744 (net)
                      0.161099    0.000167    3.028100 ^ g2710/A (sky130_fd_sc_hd__inv_1)
     1    0.001957    0.037706    0.052902    3.081002 v g2710/Y (sky130_fd_sc_hd__inv_1)
                                                         n2750 (net)
                      0.037706    0.000057    3.081059 v g2711/B (sky130_fd_sc_hd__and2_1)
     2    0.007670    0.055514    0.178165    3.259224 v g2711/X (sky130_fd_sc_hd__and2_1)
                                                         n2751 (net)
                      0.055514    0.000246    3.259470 v g3041/B (sky130_fd_sc_hd__xor2_1)
     2    0.006255    0.065035    0.163596    3.423066 v g3041/X (sky130_fd_sc_hd__xor2_1)
                                                         n3081 (net)
                      0.065035    0.000109    3.423175 v g3044/B (sky130_fd_sc_hd__and2_1)
     1    0.001465    0.029716    0.158729    3.581903 v g3044/X (sky130_fd_sc_hd__and2_1)
                                                         n3084 (net)
                      0.029716    0.000029    3.581933 v g3045/B (sky130_fd_sc_hd__or2_1)
     2    0.004360    0.055239    0.217580    3.799513 v g3045/X (sky130_fd_sc_hd__or2_1)
                                                         n3085 (net)
                      0.055239    0.000103    3.799615 v g3050/A (sky130_fd_sc_hd__inv_1)
     1    0.002160    0.030677    0.051564    3.851180 ^ g3050/Y (sky130_fd_sc_hd__inv_1)
                                                         n3090 (net)
                      0.030678    0.000047    3.851226 ^ g3051/B (sky130_fd_sc_hd__and2_1)
     2    0.007921    0.090580    0.153080    4.004306 ^ g3051/X (sky130_fd_sc_hd__and2_1)
                                                         n3091 (net)
                      0.090580    0.000239    4.004545 ^ g3360/B (sky130_fd_sc_hd__xor2_1)
     2    0.006814    0.181590    0.209876    4.214421 ^ g3360/X (sky130_fd_sc_hd__xor2_1)
                                                         n3400 (net)
                      0.181590    0.000193    4.214614 ^ g3361/A (sky130_fd_sc_hd__xor2_1)
     2    0.004908    0.148092    0.195083    4.409698 ^ g3361/X (sky130_fd_sc_hd__xor2_1)
                                                         n3401 (net)
                      0.148092    0.000127    4.409824 ^ g3372/A (sky130_fd_sc_hd__inv_1)
     1    0.001873    0.035574    0.050898    4.460722 v g3372/Y (sky130_fd_sc_hd__inv_1)
                                                         n3412 (net)
                      0.035574    0.000054    4.460776 v g3373/B (sky130_fd_sc_hd__and2_1)
     2    0.008243    0.057632    0.179925    4.640701 v g3373/X (sky130_fd_sc_hd__and2_1)
                                                         n3413 (net)
                      0.057632    0.000226    4.640927 v g3623/B (sky130_fd_sc_hd__xor2_1)
     2    0.006299    0.065860    0.164636    4.805563 v g3623/X (sky130_fd_sc_hd__xor2_1)
                                                         n3663 (net)
                      0.065860    0.000086    4.805649 v g3626/B (sky130_fd_sc_hd__and2_1)
     1    0.001622    0.030331    0.160092    4.965741 v g3626/X (sky130_fd_sc_hd__and2_1)
                                                         n3666 (net)
                      0.030331    0.000047    4.965787 v g3627/B (sky130_fd_sc_hd__or2_1)
     2    0.004209    0.054647    0.216840    5.182627 v g3627/X (sky130_fd_sc_hd__or2_1)
                                                         n3667 (net)
                      0.054647    0.000107    5.182734 v g3635/A (sky130_fd_sc_hd__and2_1)
     2    0.008852    0.059741    0.171741    5.354475 v g3635/X (sky130_fd_sc_hd__and2_1)
                                                         n3675 (net)
                      0.059741    0.000350    5.354825 v g3821/A (sky130_fd_sc_hd__xor2_1)
     2    0.007004    0.068334    0.187764    5.542589 v g3821/X (sky130_fd_sc_hd__xor2_1)
                                                         n3861 (net)
                      0.068334    0.000146    5.542735 v g3824/B (sky130_fd_sc_hd__and2_1)
     1    0.001447    0.029640    0.160203    5.702938 v g3824/X (sky130_fd_sc_hd__and2_1)
                                                         n3864 (net)
                      0.029640    0.000028    5.702967 v g3825/B (sky130_fd_sc_hd__or2_1)
     2    0.005051    0.058096    0.221794    5.924761 v g3825/X (sky130_fd_sc_hd__or2_1)
                                                         n3865 (net)
                      0.058096    0.000135    5.924896 v g3830/A (sky130_fd_sc_hd__inv_1)
     1    0.002132    0.031104    0.052410    5.977306 ^ g3830/Y (sky130_fd_sc_hd__inv_1)
                                                         n3870 (net)
                      0.031104    0.000063    5.977369 ^ g3831/B (sky130_fd_sc_hd__and2_1)
     2    0.008897    0.098977    0.160225    6.137594 ^ g3831/X (sky130_fd_sc_hd__and2_1)
                                                         n3871 (net)
                      0.098977    0.000242    6.137836 ^ g4174/A (sky130_fd_sc_hd__xor2_1)
     2    0.005689    0.161720    0.190335    6.328172 ^ g4174/X (sky130_fd_sc_hd__xor2_1)
                                                         n4214 (net)
                      0.161720    0.000103    6.328275 ^ g4179/A (sky130_fd_sc_hd__and2_1)
     4    0.017020    0.174273    0.253456    6.581730 ^ g4179/X (sky130_fd_sc_hd__and2_1)
                                                         n4219 (net)
                      0.174273    0.000460    6.582191 ^ g4231/B (sky130_fd_sc_hd__or2_1)
     3    0.012065    0.121102    0.192688    6.774878 ^ g4231/X (sky130_fd_sc_hd__or2_1)
                                                         n4271 (net)
                      0.121102    0.000412    6.775290 ^ g4463/A (sky130_fd_sc_hd__inv_1)
     1    0.001703    0.031188    0.046835    6.822125 v g4463/Y (sky130_fd_sc_hd__inv_1)
                                                         n4503 (net)
                      0.031188    0.000035    6.822159 v g4464/B (sky130_fd_sc_hd__and2_1)
     1    0.002698    0.034553    0.150545    6.972704 v g4464/X (sky130_fd_sc_hd__and2_1)
                                                         n4504 (net)
                      0.034553    0.000083    6.972787 v g4465/B (sky130_fd_sc_hd__or2_1)
     2    0.009418    0.077593    0.249607    7.222394 v g4465/X (sky130_fd_sc_hd__or2_1)
                                                         n4505 (net)
                      0.077593    0.000388    7.222781 v g4716/B (sky130_fd_sc_hd__xor2_1)
     2    0.004901    0.147965    0.172477    7.395258 ^ g4716/X (sky130_fd_sc_hd__xor2_1)
                                                         n4756 (net)
                      0.147966    0.000196    7.395455 ^ g4718/A (sky130_fd_sc_hd__inv_1)
     1    0.002099    0.036510    0.052713    7.448168 v g4718/Y (sky130_fd_sc_hd__inv_1)
                                                         n4758 (net)
                      0.036510    0.000061    7.448229 v g4719/B (sky130_fd_sc_hd__and2_1)
     1    0.011805    0.071894    0.194663    7.642892 v g4719/X (sky130_fd_sc_hd__and2_1)
                                                         zP[18] (net)
                      0.071894    0.000341    7.643233 v zP[18] (out)
                                              7.643233   data arrival time

                      0.000000   10.000000   10.000000   clock __VIRTUAL_CLK__ (rise edge)
                                  0.000000   10.000000   clock network delay (ideal)
                                  0.000000   10.000000   clock reconvergence pessimism
                                  0.000000   10.000000   output external delay
                                             10.000000   data required time
---------------------------------------------------------------------------------------------
                                             10.000000   data required time
                                             -7.643233   data arrival time
---------------------------------------------------------------------------------------------
                                              2.356767   slack (MET)


Startpoint: xP[3] (input port clocked by __VIRTUAL_CLK__)
Endpoint: zN[18] (output port clocked by __VIRTUAL_CLK__)
Path Group: __VIRTUAL_CLK__
Path Type: max

Fanout         Cap        Slew       Delay        Time   Description
---------------------------------------------------------------------------------------------
                      0.000000    0.000000    0.000000   clock __VIRTUAL_CLK__ (rise edge)
                                  0.000000    0.000000   clock network delay (ideal)
                                  0.000000    0.000000 v input external delay
    20    0.082500    0.181818    0.138051    0.138051 v xP[3] (in)
                                                         xP[3] (net)
                      0.181823    0.000000    0.138051 v g234/A (sky130_fd_sc_hd__and2_1)
     1    0.001766    0.030966    0.195723    0.333774 v g234/X (sky130_fd_sc_hd__and2_1)
                                                         n274 (net)
                      0.030966    0.000052    0.333826 v g236/A (sky130_fd_sc_hd__or2_1)
     2    0.007035    0.067334    0.252990    0.586816 v g236/X (sky130_fd_sc_hd__or2_1)
                                                         n276 (net)
                      0.067334    0.000198    0.587014 v g904/A (sky130_fd_sc_hd__xor2_1)
     2    0.005724    0.162335    0.200058    0.787073 ^ g904/X (sky130_fd_sc_hd__xor2_1)
                                                         n944 (net)
                      0.162335    0.000185    0.787258 ^ g910/A (sky130_fd_sc_hd__inv_1)
     1    0.001737    0.036908    0.051163    0.838421 v g910/Y (sky130_fd_sc_hd__inv_1)
                                                         n950 (net)
                      0.036908    0.000036    0.838457 v g911/B (sky130_fd_sc_hd__and2_1)
     2    0.008101    0.057193    0.179837    1.018294 v g911/X (sky130_fd_sc_hd__and2_1)
                                                         n951 (net)
                      0.057193    0.000269    1.018563 v g1403/A (sky130_fd_sc_hd__xor2_1)
     2    0.007215    0.188725    0.216936    1.235499 ^ g1403/X (sky130_fd_sc_hd__xor2_1)
                                                         n1443 (net)
                      0.188725    0.000221    1.235719 ^ g1404/A (sky130_fd_sc_hd__xor2_1)
     2    0.006446    0.175083    0.218461    1.454181 ^ g1404/X (sky130_fd_sc_hd__xor2_1)
                                                         n1444 (net)
                      0.175083    0.000276    1.454456 ^ g1408/A (sky130_fd_sc_hd__inv_1)
     1    0.002019    0.039901    0.054877    1.509333 v g1408/Y (sky130_fd_sc_hd__inv_1)
                                                         n1448 (net)
                      0.039901    0.000059    1.509392 v g1409/B (sky130_fd_sc_hd__and2_1)
     2    0.008185    0.057476    0.181609    1.691001 v g1409/X (sky130_fd_sc_hd__and2_1)
                                                         n1449 (net)
                      0.057477    0.000291    1.691292 v g1896/A (sky130_fd_sc_hd__xor2_1)
     2    0.004636    0.143374    0.180147    1.871439 ^ g1896/X (sky130_fd_sc_hd__xor2_1)
                                                         n1936 (net)
                      0.143374    0.000116    1.871555 ^ g1902/A (sky130_fd_sc_hd__inv_1)
     1    0.002281    0.036637    0.053680    1.925235 v g1902/Y (sky130_fd_sc_hd__inv_1)
                                                         n1942 (net)
                      0.036637    0.000070    1.925305 v g1903/B (sky130_fd_sc_hd__and2_1)
     2    0.006487    0.050232    0.172093    2.097398 v g1903/X (sky130_fd_sc_hd__and2_1)
                                                         n1943 (net)
                      0.050232    0.000129    2.097527 v g2333/B (sky130_fd_sc_hd__xor2_1)
     2    0.006397    0.064679    0.162165    2.259692 v g2333/X (sky130_fd_sc_hd__xor2_1)
                                                         n2373 (net)
                      0.064679    0.000092    2.259785 v g2336/B (sky130_fd_sc_hd__and2_1)
     1    0.001670    0.030522    0.159820    2.419605 v g2336/X (sky130_fd_sc_hd__and2_1)
                                                         n2376 (net)
                      0.030522    0.000050    2.419654 v g2337/B (sky130_fd_sc_hd__or2_1)
     2    0.005187    0.058690    0.222899    2.642553 v g2337/X (sky130_fd_sc_hd__or2_1)
                                                         n2377 (net)
                      0.058690    0.000156    2.642709 v g2342/A (sky130_fd_sc_hd__inv_1)
     1    0.001953    0.030157    0.051477    2.694186 ^ g2342/Y (sky130_fd_sc_hd__inv_1)
                                                         n2382 (net)
                      0.030157    0.000058    2.694244 ^ g2343/B (sky130_fd_sc_hd__and2_1)
     2    0.007205    0.084186    0.147771    2.842016 ^ g2343/X (sky130_fd_sc_hd__and2_1)
                                                         n2383 (net)
                      0.084186    0.000228    2.842243 ^ g2704/A (sky130_fd_sc_hd__xor2_1)
     2    0.005654    0.161099    0.185690    3.027933 ^ g2704/X (sky130_fd_sc_hd__xor2_1)
                                                         n2744 (net)
                      0.161099    0.000167    3.028100 ^ g2710/A (sky130_fd_sc_hd__inv_1)
     1    0.001957    0.037706    0.052902    3.081002 v g2710/Y (sky130_fd_sc_hd__inv_1)
                                                         n2750 (net)
                      0.037706    0.000057    3.081059 v g2711/B (sky130_fd_sc_hd__and2_1)
     2    0.007670    0.055514    0.178165    3.259224 v g2711/X (sky130_fd_sc_hd__and2_1)
                                                         n2751 (net)
                      0.055514    0.000246    3.259470 v g3041/B (sky130_fd_sc_hd__xor2_1)
     2    0.006255    0.065035    0.163596    3.423066 v g3041/X (sky130_fd_sc_hd__xor2_1)
                                                         n3081 (net)
                      0.065035    0.000109    3.423175 v g3044/B (sky130_fd_sc_hd__and2_1)
     1    0.001465    0.029716    0.158729    3.581903 v g3044/X (sky130_fd_sc_hd__and2_1)
                                                         n3084 (net)
                      0.029716    0.000029    3.581933 v g3045/B (sky130_fd_sc_hd__or2_1)
     2    0.004360    0.055239    0.217580    3.799513 v g3045/X (sky130_fd_sc_hd__or2_1)
                                                         n3085 (net)
                      0.055239    0.000103    3.799615 v g3050/A (sky130_fd_sc_hd__inv_1)
     1    0.002160    0.030677    0.051564    3.851180 ^ g3050/Y (sky130_fd_sc_hd__inv_1)
                                                         n3090 (net)
                      0.030678    0.000047    3.851226 ^ g3051/B (sky130_fd_sc_hd__and2_1)
     2    0.007921    0.090580    0.153080    4.004306 ^ g3051/X (sky130_fd_sc_hd__and2_1)
                                                         n3091 (net)
                      0.090580    0.000239    4.004545 ^ g3360/B (sky130_fd_sc_hd__xor2_1)
     2    0.006814    0.181590    0.209876    4.214421 ^ g3360/X (sky130_fd_sc_hd__xor2_1)
                                                         n3400 (net)
                      0.181590    0.000193    4.214614 ^ g3361/A (sky130_fd_sc_hd__xor2_1)
     2    0.004908    0.148092    0.195083    4.409698 ^ g3361/X (sky130_fd_sc_hd__xor2_1)
                                                         n3401 (net)
                      0.148092    0.000127    4.409824 ^ g3372/A (sky130_fd_sc_hd__inv_1)
     1    0.001873    0.035574    0.050898    4.460722 v g3372/Y (sky130_fd_sc_hd__inv_1)
                                                         n3412 (net)
                      0.035574    0.000054    4.460776 v g3373/B (sky130_fd_sc_hd__and2_1)
     2    0.008243    0.057632    0.179925    4.640701 v g3373/X (sky130_fd_sc_hd__and2_1)
                                                         n3413 (net)
                      0.057632    0.000226    4.640927 v g3623/B (sky130_fd_sc_hd__xor2_1)
     2    0.006299    0.065860    0.164636    4.805563 v g3623/X (sky130_fd_sc_hd__xor2_1)
                                                         n3663 (net)
                      0.065860    0.000086    4.805649 v g3626/B (sky130_fd_sc_hd__and2_1)
     1    0.001622    0.030331    0.160092    4.965741 v g3626/X (sky130_fd_sc_hd__and2_1)
                                                         n3666 (net)
                      0.030331    0.000047    4.965787 v g3627/B (sky130_fd_sc_hd__or2_1)
     2    0.004209    0.054647    0.216840    5.182627 v g3627/X (sky130_fd_sc_hd__or2_1)
                                                         n3667 (net)
                      0.054647    0.000107    5.182734 v g3635/A (sky130_fd_sc_hd__and2_1)
     2    0.008852    0.059741    0.171741    5.354475 v g3635/X (sky130_fd_sc_hd__and2_1)
                                                         n3675 (net)
                      0.059741    0.000350    5.354825 v g3821/A (sky130_fd_sc_hd__xor2_1)
     2    0.007004    0.068334    0.187764    5.542589 v g3821/X (sky130_fd_sc_hd__xor2_1)
                                                         n3861 (net)
                      0.068334    0.000146    5.542735 v g3824/B (sky130_fd_sc_hd__and2_1)
     1    0.001447    0.029640    0.160203    5.702938 v g3824/X (sky130_fd_sc_hd__and2_1)
                                                         n3864 (net)
                      0.029640    0.000028    5.702967 v g3825/B (sky130_fd_sc_hd__or2_1)
     2    0.005051    0.058096    0.221794    5.924761 v g3825/X (sky130_fd_sc_hd__or2_1)
                                                         n3865 (net)
                      0.058096    0.000135    5.924896 v g3830/A (sky130_fd_sc_hd__inv_1)
     1    0.002132    0.031104    0.052410    5.977306 ^ g3830/Y (sky130_fd_sc_hd__inv_1)
                                                         n3870 (net)
                      0.031104    0.000063    5.977369 ^ g3831/B (sky130_fd_sc_hd__and2_1)
     2    0.008897    0.098977    0.160225    6.137594 ^ g3831/X (sky130_fd_sc_hd__and2_1)
                                                         n3871 (net)
                      0.098977    0.000242    6.137836 ^ g4174/A (sky130_fd_sc_hd__xor2_1)
     2    0.005689    0.161720    0.190335    6.328172 ^ g4174/X (sky130_fd_sc_hd__xor2_1)
                                                         n4214 (net)
                      0.161720    0.000143    6.328315 ^ g4180/A (sky130_fd_sc_hd__inv_1)
     1    0.001784    0.037032    0.051497    6.379812 v g4180/Y (sky130_fd_sc_hd__inv_1)
                                                         n4220 (net)
                      0.037032    0.000052    6.379864 v g4181/B (sky130_fd_sc_hd__and2_1)
     4    0.013399    0.078641    0.200933    6.580797 v g4181/X (sky130_fd_sc_hd__and2_1)
                                                         n4221 (net)
                      0.078641    0.000327    6.581125 v g4244/B (sky130_fd_sc_hd__or2_1)
     3    0.011089    0.084335    0.273631    6.854755 v g4244/X (sky130_fd_sc_hd__or2_1)
                                                         n4284 (net)
                      0.084335    0.000352    6.855107 v g4460/A (sky130_fd_sc_hd__inv_1)
     1    0.001858    0.035031    0.059736    6.914844 ^ g4460/Y (sky130_fd_sc_hd__inv_1)
                                                         n4500 (net)
                      0.035031    0.000038    6.914882 ^ g4461/B (sky130_fd_sc_hd__and2_1)
     1    0.005805    0.072049    0.139291    7.054173 ^ g4461/X (sky130_fd_sc_hd__and2_1)
                                                         n4501 (net)
                      0.072049    0.000203    7.054376 ^ g4462/B (sky130_fd_sc_hd__or2_1)
     2    0.006914    0.075087    0.130184    7.184560 ^ g4462/X (sky130_fd_sc_hd__or2_1)
                                                         n4502 (net)
                      0.075087    0.000126    7.184686 ^ g4714/B (sky130_fd_sc_hd__xor2_1)
     2    0.006643    0.178567    0.204081    7.388767 ^ g4714/X (sky130_fd_sc_hd__xor2_1)
                                                         n4754 (net)
                      0.178567    0.000214    7.388981 ^ g4720/A (sky130_fd_sc_hd__inv_1)
     1    0.001780    0.039282    0.053106    7.442087 v g4720/Y (sky130_fd_sc_hd__inv_1)
                                                         n4760 (net)
                      0.039282    0.000037    7.442124 v g4721/B (sky130_fd_sc_hd__and2_1)
     1    0.011962    0.072553    0.196551    7.638675 v g4721/X (sky130_fd_sc_hd__and2_1)
                                                         zN[18] (net)
                      0.072553    0.000354    7.639029 v zN[18] (out)
                                              7.639029   data arrival time

                      0.000000   10.000000   10.000000   clock __VIRTUAL_CLK__ (rise edge)
                                  0.000000   10.000000   clock network delay (ideal)
                                  0.000000   10.000000   clock reconvergence pessimism
                                  0.000000   10.000000   output external delay
                                             10.000000   data required time
---------------------------------------------------------------------------------------------
                                             10.000000   data required time
                                             -7.639029   data arrival time
---------------------------------------------------------------------------------------------
                                              2.360971   slack (MET)


Startpoint: yP[9] (input port clocked by __VIRTUAL_CLK__)
Endpoint: zP[11] (output port clocked by __VIRTUAL_CLK__)
Path Group: __VIRTUAL_CLK__
Path Type: max

Fanout         Cap        Slew       Delay        Time   Description
---------------------------------------------------------------------------------------------
                      0.000000    0.000000    0.000000   clock __VIRTUAL_CLK__ (rise edge)
                                  0.000000    0.000000   clock network delay (ideal)
                                  0.000000    0.000000 v input external delay
    20    0.066976    0.148354    0.115569    0.115569 v yP[9] (in)
                                                         yP[9] (net)
                      0.148601    0.000000    0.115569 v g54/B (sky130_fd_sc_hd__and2_1)
     1    0.001659    0.030554    0.200543    0.316111 v g54/X (sky130_fd_sc_hd__and2_1)
                                                         n94 (net)
                      0.030554    0.000048    0.316159 v g56/A (sky130_fd_sc_hd__or2_1)
     2    0.006654    0.065461    0.250519    0.566679 v g56/X (sky130_fd_sc_hd__or2_1)
                                                         n96 (net)
                      0.065461    0.000184    0.566863 v g784/A (sky130_fd_sc_hd__xor2_1)
     2    0.004746    0.145286    0.185202    0.752065 ^ g784/X (sky130_fd_sc_hd__xor2_1)
                                                         n824 (net)
                      0.145286    0.000091    0.752156 ^ g790/A (sky130_fd_sc_hd__inv_1)
     1    0.001979    0.035637    0.051470    0.803626 v g790/Y (sky130_fd_sc_hd__inv_1)
                                                         n830 (net)
                      0.035637    0.000057    0.803683 v g791/B (sky130_fd_sc_hd__and2_1)
     2    0.007385    0.054241    0.175826    0.979510 v g791/X (sky130_fd_sc_hd__and2_1)
                                                         n831 (net)
                      0.054242    0.000304    0.979814 v g1265/A (sky130_fd_sc_hd__xor2_1)
     2    0.007135    0.187298    0.214549    1.194363 ^ g1265/X (sky130_fd_sc_hd__xor2_1)
                                                         n1305 (net)
                      0.187298    0.000143    1.194506 ^ g1266/A (sky130_fd_sc_hd__xor2_1)
     2    0.005142    0.152151    0.199394    1.393900 ^ g1266/X (sky130_fd_sc_hd__xor2_1)
                                                         n1306 (net)
                      0.152151    0.000131    1.394031 ^ g1270/A (sky130_fd_sc_hd__inv_1)
     1    0.001689    0.035334    0.049788    1.443818 v g1270/Y (sky130_fd_sc_hd__inv_1)
                                                         n1310 (net)
                      0.035334    0.000034    1.443852 v g1271/B (sky130_fd_sc_hd__and2_1)
     2    0.009227    0.061253    0.184183    1.628035 v g1271/X (sky130_fd_sc_hd__and2_1)
                                                         n1311 (net)
                      0.061254    0.000345    1.628379 v g1780/A (sky130_fd_sc_hd__xor2_1)
     2    0.011875    0.273230    0.284851    1.913230 ^ g1780/X (sky130_fd_sc_hd__xor2_1)
                                                         n1820 (net)
                      0.273231    0.000553    1.913783 ^ g1786/A (sky130_fd_sc_hd__inv_1)
     1    0.002142    0.054115    0.066480    1.980263 v g1786/Y (sky130_fd_sc_hd__inv_1)
                                                         n1826 (net)
                      0.054115    0.000063    1.980326 v g1787/B (sky130_fd_sc_hd__and2_1)
     2    0.007648    0.055486    0.185660    2.165987 v g1787/X (sky130_fd_sc_hd__and2_1)
                                                         n1827 (net)
                      0.055486    0.000237    2.166223 v g2222/B (sky130_fd_sc_hd__xor2_1)
     2    0.006057    0.168204    0.180455    2.346679 ^ g2222/X (sky130_fd_sc_hd__xor2_1)
                                                         n2262 (net)
                      0.168204    0.000177    2.346856 ^ g2224/A (sky130_fd_sc_hd__inv_1)
     1    0.002118    0.039399    0.055025    2.401881 v g2224/Y (sky130_fd_sc_hd__inv_1)
                                                         n2264 (net)
                      0.039399    0.000060    2.401941 v g2225/B (sky130_fd_sc_hd__and2_1)
     2    0.006801    0.051641    0.174823    2.576764 v g2225/X (sky130_fd_sc_hd__and2_1)
                                                         n2265 (net)
                      0.051641    0.000199    2.576963 v g2580/B (sky130_fd_sc_hd__xor2_1)
     2    0.006594    0.066142    0.163428    2.740391 v g2580/X (sky130_fd_sc_hd__xor2_1)
                                                         n2620 (net)
                      0.066142    0.000189    2.740580 v g2583/B (sky130_fd_sc_hd__and2_1)
     1    0.001974    0.031704    0.162400    2.902979 v g2583/X (sky130_fd_sc_hd__and2_1)
                                                         n2623 (net)
                      0.031704    0.000061    2.903040 v g2584/B (sky130_fd_sc_hd__or2_1)
     2    0.004048    0.053992    0.216298    3.119338 v g2584/X (sky130_fd_sc_hd__or2_1)
                                                         n2624 (net)
                      0.053992    0.000068    3.119406 v g2596/A (sky130_fd_sc_hd__inv_1)
     1    0.001997    0.029431    0.050103    3.169509 ^ g2596/Y (sky130_fd_sc_hd__inv_1)
                                                         n2636 (net)
                      0.029431    0.000060    3.169568 ^ g2597/B (sky130_fd_sc_hd__and2_1)
     2    0.006617    0.078953    0.143373    3.312941 ^ g2597/X (sky130_fd_sc_hd__and2_1)
                                                         n2637 (net)
                      0.078953    0.000151    3.313092 ^ g2926/B (sky130_fd_sc_hd__xor2_1)
     2    0.004778    0.145836    0.178511    3.491603 ^ g2926/X (sky130_fd_sc_hd__xor2_1)
                                                         n2966 (net)
                      0.145836    0.000096    3.491699 ^ g2928/A (sky130_fd_sc_hd__inv_1)
     1    0.002439    0.037683    0.055224    3.546923 v g2928/Y (sky130_fd_sc_hd__inv_1)
                                                         n2968 (net)
                      0.037683    0.000057    3.546980 v g2929/B (sky130_fd_sc_hd__and2_1)
     2    0.007997    0.056870    0.179695    3.726676 v g2929/X (sky130_fd_sc_hd__and2_1)
                                                         n2969 (net)
                      0.056870    0.000274    3.726949 v g3276/A (sky130_fd_sc_hd__xor2_1)
     2    0.006217    0.171060    0.202616    3.929565 ^ g3276/X (sky130_fd_sc_hd__xor2_1)
                                                         n3316 (net)
                      0.171060    0.000215    3.929781 ^ g3282/A (sky130_fd_sc_hd__inv_1)
     1    0.001741    0.038096    0.052035    3.981816 v g3282/Y (sky130_fd_sc_hd__inv_1)
                                                         n3322 (net)
                      0.038096    0.000036    3.981852 v g3283/B (sky130_fd_sc_hd__and2_1)
     2    0.007011    0.052567    0.175210    4.157062 v g3283/X (sky130_fd_sc_hd__and2_1)
                                                         n3323 (net)
                      0.052567    0.000221    4.157282 v g3551/A (sky130_fd_sc_hd__xor2_1)
     2    0.006205    0.065119    0.181486    4.338768 v g3551/X (sky130_fd_sc_hd__xor2_1)
                                                         n3591 (net)
                      0.065119    0.000079    4.338848 v g3554/B (sky130_fd_sc_hd__and2_1)
     1    0.002315    0.033029    0.164017    4.502865 v g3554/X (sky130_fd_sc_hd__and2_1)
                                                         n3594 (net)
                      0.033029    0.000051    4.502915 v g3555/B (sky130_fd_sc_hd__or2_1)
     2    0.003988    0.053757    0.216353    4.719268 v g3555/X (sky130_fd_sc_hd__or2_1)
                                                         n3595 (net)
                      0.053757    0.000074    4.719342 v g3560/A (sky130_fd_sc_hd__inv_1)
     1    0.002274    0.031061    0.051728    4.771070 ^ g3560/Y (sky130_fd_sc_hd__inv_1)
                                                         n3600 (net)
                      0.031061    0.000071    4.771141 ^ g3561/B (sky130_fd_sc_hd__and2_1)
     2    0.007081    0.083085    0.147189    4.918330 ^ g3561/X (sky130_fd_sc_hd__and2_1)
                                                         n3601 (net)
                      0.083085    0.000203    4.918533 ^ g3762/B (sky130_fd_sc_hd__xor2_1)
     2    0.007111    0.186886    0.212405    5.130938 ^ g3762/X (sky130_fd_sc_hd__xor2_1)
                                                         n3802 (net)
                      0.186886    0.000216    5.131154 ^ g3763/A (sky130_fd_sc_hd__xor2_1)
     2    0.005713    0.162141    0.207614    5.338768 ^ g3763/X (sky130_fd_sc_hd__xor2_1)
                                                         n3803 (net)
                      0.162141    0.000178    5.338946 ^ g3774/A (sky130_fd_sc_hd__inv_1)
     1    0.001769    0.037024    0.051412    5.390358 v g3774/Y (sky130_fd_sc_hd__inv_1)
                                                         n3814 (net)
                      0.037024    0.000052    5.390410 v g3775/B (sky130_fd_sc_hd__and2_1)
     2    0.006655    0.050981    0.173045    5.563455 v g3775/X (sky130_fd_sc_hd__and2_1)
                                                         n3815 (net)
                      0.050981    0.000183    5.563638 v g3923/B (sky130_fd_sc_hd__xor2_1)
     2    0.006806    0.181459    0.189401    5.753039 ^ g3923/X (sky130_fd_sc_hd__xor2_1)
                                                         n3963 (net)
                      0.181459    0.000188    5.753226 ^ g3924/A (sky130_fd_sc_hd__xor2_1)
     2    0.006602    0.177841    0.219553    5.972780 ^ g3924/X (sky130_fd_sc_hd__xor2_1)
                                                         n3964 (net)
                      0.177841    0.000228    5.973008 ^ g3928/A (sky130_fd_sc_hd__inv_1)
     1    0.001713    0.038879    0.052433    6.025440 v g3928/Y (sky130_fd_sc_hd__inv_1)
                                                         n3968 (net)
                      0.038879    0.000050    6.025490 v g3929/B (sky130_fd_sc_hd__and2_1)
     2    0.006823    0.051736    0.174688    6.200178 v g3929/X (sky130_fd_sc_hd__and2_1)
                                                         n3969 (net)
                      0.051736    0.000200    6.200378 v g4122/B (sky130_fd_sc_hd__xor2_1)
     2    0.005979    0.166825    0.177811    6.378190 ^ g4122/X (sky130_fd_sc_hd__xor2_1)
                                                         n4162 (net)
                      0.166825    0.000199    6.378388 ^ g4128/A (sky130_fd_sc_hd__inv_1)
     1    0.002275    0.039909    0.056238    6.434627 v g4128/Y (sky130_fd_sc_hd__inv_1)
                                                         n4168 (net)
                      0.039909    0.000050    6.434677 v g4129/B (sky130_fd_sc_hd__and2_1)
     4    0.013023    0.077015    0.200914    6.635590 v g4129/X (sky130_fd_sc_hd__and2_1)
                                                         n4169 (net)
                      0.077016    0.000508    6.636098 v g4390/A (sky130_fd_sc_hd__and2_1)
     1    0.002267    0.032814    0.149908    6.786006 v g4390/X (sky130_fd_sc_hd__and2_1)
                                                         n4430 (net)
                      0.032814    0.000071    6.786077 v g4391/B (sky130_fd_sc_hd__or2_1)
     2    0.006482    0.064645    0.231574    7.017651 v g4391/X (sky130_fd_sc_hd__or2_1)
                                                         n4431 (net)
                      0.064645    0.000181    7.017831 v g4632/A (sky130_fd_sc_hd__xor2_1)
     2    0.005232    0.153731    0.191829    7.209660 ^ g4632/X (sky130_fd_sc_hd__xor2_1)
                                                         n4672 (net)
                      0.153731    0.000164    7.209824 ^ g4634/A (sky130_fd_sc_hd__inv_1)
     1    0.002185    0.037677    0.054043    7.263867 v g4634/Y (sky130_fd_sc_hd__inv_1)
                                                         n4674 (net)
                      0.037677    0.000045    7.263912 v g4635/B (sky130_fd_sc_hd__and2_1)
     1    0.016735    0.092884    0.214078    7.477990 v g4635/X (sky130_fd_sc_hd__and2_1)
                                                         zP[11] (net)
                      0.092886    0.000662    7.478652 v zP[11] (out)
                                              7.478652   data arrival time

                      0.000000   10.000000   10.000000   clock __VIRTUAL_CLK__ (rise edge)
                                  0.000000   10.000000   clock network delay (ideal)
                                  0.000000   10.000000   clock reconvergence pessimism
                                  0.000000   10.000000   output external delay
                                             10.000000   data required time
---------------------------------------------------------------------------------------------
                                             10.000000   data required time
                                             -7.478652   data arrival time
---------------------------------------------------------------------------------------------
                                              2.521348   slack (MET)


Startpoint: yP[9] (input port clocked by __VIRTUAL_CLK__)
Endpoint: zN[11] (output port clocked by __VIRTUAL_CLK__)
Path Group: __VIRTUAL_CLK__
Path Type: max

Fanout         Cap        Slew       Delay        Time   Description
---------------------------------------------------------------------------------------------
                      0.000000    0.000000    0.000000   clock __VIRTUAL_CLK__ (rise edge)
                                  0.000000    0.000000   clock network delay (ideal)
                                  0.000000    0.000000 v input external delay
    20    0.066976    0.148354    0.115569    0.115569 v yP[9] (in)
                                                         yP[9] (net)
                      0.148601    0.000000    0.115569 v g54/B (sky130_fd_sc_hd__and2_1)
     1    0.001659    0.030554    0.200543    0.316111 v g54/X (sky130_fd_sc_hd__and2_1)
                                                         n94 (net)
                      0.030554    0.000048    0.316159 v g56/A (sky130_fd_sc_hd__or2_1)
     2    0.006654    0.065461    0.250519    0.566679 v g56/X (sky130_fd_sc_hd__or2_1)
                                                         n96 (net)
                      0.065461    0.000184    0.566863 v g784/A (sky130_fd_sc_hd__xor2_1)
     2    0.004746    0.145286    0.185202    0.752065 ^ g784/X (sky130_fd_sc_hd__xor2_1)
                                                         n824 (net)
                      0.145286    0.000091    0.752156 ^ g790/A (sky130_fd_sc_hd__inv_1)
     1    0.001979    0.035637    0.051470    0.803626 v g790/Y (sky130_fd_sc_hd__inv_1)
                                                         n830 (net)
                      0.035637    0.000057    0.803683 v g791/B (sky130_fd_sc_hd__and2_1)
     2    0.007385    0.054241    0.175826    0.979510 v g791/X (sky130_fd_sc_hd__and2_1)
                                                         n831 (net)
                      0.054242    0.000304    0.979814 v g1265/A (sky130_fd_sc_hd__xor2_1)
     2    0.007135    0.187298    0.214549    1.194363 ^ g1265/X (sky130_fd_sc_hd__xor2_1)
                                                         n1305 (net)
                      0.187298    0.000143    1.194506 ^ g1266/A (sky130_fd_sc_hd__xor2_1)
     2    0.005142    0.152151    0.199394    1.393900 ^ g1266/X (sky130_fd_sc_hd__xor2_1)
                                                         n1306 (net)
                      0.152151    0.000131    1.394031 ^ g1270/A (sky130_fd_sc_hd__inv_1)
     1    0.001689    0.035334    0.049788    1.443818 v g1270/Y (sky130_fd_sc_hd__inv_1)
                                                         n1310 (net)
                      0.035334    0.000034    1.443852 v g1271/B (sky130_fd_sc_hd__and2_1)
     2    0.009227    0.061253    0.184183    1.628035 v g1271/X (sky130_fd_sc_hd__and2_1)
                                                         n1311 (net)
                      0.061254    0.000345    1.628379 v g1780/A (sky130_fd_sc_hd__xor2_1)
     2    0.011875    0.273230    0.284851    1.913230 ^ g1780/X (sky130_fd_sc_hd__xor2_1)
                                                         n1820 (net)
                      0.273231    0.000553    1.913783 ^ g1786/A (sky130_fd_sc_hd__inv_1)
     1    0.002142    0.054115    0.066480    1.980263 v g1786/Y (sky130_fd_sc_hd__inv_1)
                                                         n1826 (net)
                      0.054115    0.000063    1.980326 v g1787/B (sky130_fd_sc_hd__and2_1)
     2    0.007648    0.055486    0.185660    2.165987 v g1787/X (sky130_fd_sc_hd__and2_1)
                                                         n1827 (net)
                      0.055486    0.000237    2.166223 v g2222/B (sky130_fd_sc_hd__xor2_1)
     2    0.006057    0.168204    0.180455    2.346679 ^ g2222/X (sky130_fd_sc_hd__xor2_1)
                                                         n2262 (net)
                      0.168204    0.000177    2.346856 ^ g2224/A (sky130_fd_sc_hd__inv_1)
     1    0.002118    0.039399    0.055025    2.401881 v g2224/Y (sky130_fd_sc_hd__inv_1)
                                                         n2264 (net)
                      0.039399    0.000060    2.401941 v g2225/B (sky130_fd_sc_hd__and2_1)
     2    0.006801    0.051641    0.174823    2.576764 v g2225/X (sky130_fd_sc_hd__and2_1)
                                                         n2265 (net)
                      0.051641    0.000199    2.576963 v g2580/B (sky130_fd_sc_hd__xor2_1)
     2    0.006594    0.066142    0.163428    2.740391 v g2580/X (sky130_fd_sc_hd__xor2_1)
                                                         n2620 (net)
                      0.066142    0.000189    2.740580 v g2583/B (sky130_fd_sc_hd__and2_1)
     1    0.001974    0.031704    0.162400    2.902979 v g2583/X (sky130_fd_sc_hd__and2_1)
                                                         n2623 (net)
                      0.031704    0.000061    2.903040 v g2584/B (sky130_fd_sc_hd__or2_1)
     2    0.004048    0.053992    0.216298    3.119338 v g2584/X (sky130_fd_sc_hd__or2_1)
                                                         n2624 (net)
                      0.053992    0.000068    3.119406 v g2596/A (sky130_fd_sc_hd__inv_1)
     1    0.001997    0.029431    0.050103    3.169509 ^ g2596/Y (sky130_fd_sc_hd__inv_1)
                                                         n2636 (net)
                      0.029431    0.000060    3.169568 ^ g2597/B (sky130_fd_sc_hd__and2_1)
     2    0.006617    0.078953    0.143373    3.312941 ^ g2597/X (sky130_fd_sc_hd__and2_1)
                                                         n2637 (net)
                      0.078953    0.000151    3.313092 ^ g2926/B (sky130_fd_sc_hd__xor2_1)
     2    0.004778    0.145836    0.178511    3.491603 ^ g2926/X (sky130_fd_sc_hd__xor2_1)
                                                         n2966 (net)
                      0.145836    0.000096    3.491699 ^ g2928/A (sky130_fd_sc_hd__inv_1)
     1    0.002439    0.037683    0.055224    3.546923 v g2928/Y (sky130_fd_sc_hd__inv_1)
                                                         n2968 (net)
                      0.037683    0.000057    3.546980 v g2929/B (sky130_fd_sc_hd__and2_1)
     2    0.007997    0.056870    0.179695    3.726676 v g2929/X (sky130_fd_sc_hd__and2_1)
                                                         n2969 (net)
                      0.056870    0.000274    3.726949 v g3276/A (sky130_fd_sc_hd__xor2_1)
     2    0.006217    0.171060    0.202616    3.929565 ^ g3276/X (sky130_fd_sc_hd__xor2_1)
                                                         n3316 (net)
                      0.171060    0.000215    3.929781 ^ g3282/A (sky130_fd_sc_hd__inv_1)
     1    0.001741    0.038096    0.052035    3.981816 v g3282/Y (sky130_fd_sc_hd__inv_1)
                                                         n3322 (net)
                      0.038096    0.000036    3.981852 v g3283/B (sky130_fd_sc_hd__and2_1)
     2    0.007011    0.052567    0.175210    4.157062 v g3283/X (sky130_fd_sc_hd__and2_1)
                                                         n3323 (net)
                      0.052567    0.000221    4.157282 v g3551/A (sky130_fd_sc_hd__xor2_1)
     2    0.006205    0.065119    0.181486    4.338768 v g3551/X (sky130_fd_sc_hd__xor2_1)
                                                         n3591 (net)
                      0.065119    0.000079    4.338848 v g3554/B (sky130_fd_sc_hd__and2_1)
     1    0.002315    0.033029    0.164017    4.502865 v g3554/X (sky130_fd_sc_hd__and2_1)
                                                         n3594 (net)
                      0.033029    0.000051    4.502915 v g3555/B (sky130_fd_sc_hd__or2_1)
     2    0.003988    0.053757    0.216353    4.719268 v g3555/X (sky130_fd_sc_hd__or2_1)
                                                         n3595 (net)
                      0.053757    0.000074    4.719342 v g3560/A (sky130_fd_sc_hd__inv_1)
     1    0.002274    0.031061    0.051728    4.771070 ^ g3560/Y (sky130_fd_sc_hd__inv_1)
                                                         n3600 (net)
                      0.031061    0.000071    4.771141 ^ g3561/B (sky130_fd_sc_hd__and2_1)
     2    0.007081    0.083085    0.147189    4.918330 ^ g3561/X (sky130_fd_sc_hd__and2_1)
                                                         n3601 (net)
                      0.083085    0.000203    4.918533 ^ g3762/B (sky130_fd_sc_hd__xor2_1)
     2    0.007111    0.186886    0.212405    5.130938 ^ g3762/X (sky130_fd_sc_hd__xor2_1)
                                                         n3802 (net)
                      0.186886    0.000216    5.131154 ^ g3763/A (sky130_fd_sc_hd__xor2_1)
     2    0.005713    0.162141    0.207614    5.338768 ^ g3763/X (sky130_fd_sc_hd__xor2_1)
                                                         n3803 (net)
                      0.162141    0.000178    5.338946 ^ g3774/A (sky130_fd_sc_hd__inv_1)
     1    0.001769    0.037024    0.051412    5.390358 v g3774/Y (sky130_fd_sc_hd__inv_1)
                                                         n3814 (net)
                      0.037024    0.000052    5.390410 v g3775/B (sky130_fd_sc_hd__and2_1)
     2    0.006655    0.050981    0.173045    5.563455 v g3775/X (sky130_fd_sc_hd__and2_1)
                                                         n3815 (net)
                      0.050981    0.000183    5.563638 v g3923/B (sky130_fd_sc_hd__xor2_1)
     2    0.006806    0.181459    0.189401    5.753039 ^ g3923/X (sky130_fd_sc_hd__xor2_1)
                                                         n3963 (net)
                      0.181459    0.000188    5.753226 ^ g3924/A (sky130_fd_sc_hd__xor2_1)
     2    0.006602    0.177841    0.219553    5.972780 ^ g3924/X (sky130_fd_sc_hd__xor2_1)
                                                         n3964 (net)
                      0.177841    0.000228    5.973008 ^ g3928/A (sky130_fd_sc_hd__inv_1)
     1    0.001713    0.038879    0.052433    6.025440 v g3928/Y (sky130_fd_sc_hd__inv_1)
                                                         n3968 (net)
                      0.038879    0.000050    6.025490 v g3929/B (sky130_fd_sc_hd__and2_1)
     2    0.006823    0.051736    0.174688    6.200178 v g3929/X (sky130_fd_sc_hd__and2_1)
                                                         n3969 (net)
                      0.051736    0.000200    6.200378 v g4122/B (sky130_fd_sc_hd__xor2_1)
     2    0.005979    0.166825    0.177811    6.378190 ^ g4122/X (sky130_fd_sc_hd__xor2_1)
                                                         n4162 (net)
                      0.166825    0.000199    6.378388 ^ g4128/A (sky130_fd_sc_hd__inv_1)
     1    0.002275    0.039909    0.056238    6.434627 v g4128/Y (sky130_fd_sc_hd__inv_1)
                                                         n4168 (net)
                      0.039909    0.000050    6.434677 v g4129/B (sky130_fd_sc_hd__and2_1)
     4    0.013023    0.077015    0.200914    6.635590 v g4129/X (sky130_fd_sc_hd__and2_1)
                                                         n4169 (net)
                      0.077017    0.000522    6.636112 v g4386/A (sky130_fd_sc_hd__and2_1)
     1    0.001465    0.029680    0.145009    6.781121 v g4386/X (sky130_fd_sc_hd__and2_1)
                                                         n4426 (net)
                      0.029680    0.000029    6.781150 v g4387/B (sky130_fd_sc_hd__or2_1)
     2    0.007267    0.068490    0.235344    7.016494 v g4387/X (sky130_fd_sc_hd__or2_1)
                                                         n4427 (net)
                      0.068490    0.000251    7.016746 v g4630/A (sky130_fd_sc_hd__xor2_1)
     2    0.004847    0.147047    0.187976    7.204722 ^ g4630/X (sky130_fd_sc_hd__xor2_1)
                                                         n4670 (net)
                      0.147047    0.000080    7.204802 ^ g4636/A (sky130_fd_sc_hd__inv_1)
     1    0.001735    0.034851    0.049677    7.254478 v g4636/Y (sky130_fd_sc_hd__inv_1)
                                                         n4676 (net)
                      0.034851    0.000051    7.254529 v g4637/B (sky130_fd_sc_hd__and2_1)
     1    0.015711    0.088508    0.208777    7.463306 v g4637/X (sky130_fd_sc_hd__and2_1)
                                                         zN[11] (net)
                      0.088511    0.000689    7.463996 v zN[11] (out)
                                              7.463996   data arrival time

                      0.000000   10.000000   10.000000   clock __VIRTUAL_CLK__ (rise edge)
                                  0.000000   10.000000   clock network delay (ideal)
                                  0.000000   10.000000   clock reconvergence pessimism
                                  0.000000   10.000000   output external delay
                                             10.000000   data required time
---------------------------------------------------------------------------------------------
                                             10.000000   data required time
                                             -7.463996   data arrival time
---------------------------------------------------------------------------------------------
                                              2.536004   slack (MET)


Startpoint: yN[3] (input port clocked by __VIRTUAL_CLK__)
Endpoint: zP[10] (output port clocked by __VIRTUAL_CLK__)
Path Group: __VIRTUAL_CLK__
Path Type: max

Fanout         Cap        Slew       Delay        Time   Description
---------------------------------------------------------------------------------------------
                      0.000000    0.000000    0.000000   clock __VIRTUAL_CLK__ (rise edge)
                                  0.000000    0.000000   clock network delay (ideal)
                                  0.000000    0.000000 v input external delay
    21    0.089667    0.199143    0.157771    0.157771 v yN[3] (in)
                                                         yN[3] (net)
                      0.200784    0.000000    0.157771 v g201/B (sky130_fd_sc_hd__and2_1)
     1    0.001696    0.030971    0.226577    0.384348 v g201/X (sky130_fd_sc_hd__and2_1)
                                                         n241 (net)
                      0.030971    0.000050    0.384399 v g203/A (sky130_fd_sc_hd__or2_1)
     2    0.006130    0.062963    0.247491    0.631890 v g203/X (sky130_fd_sc_hd__or2_1)
                                                         n243 (net)
                      0.062963    0.000183    0.632073 v g696/A (sky130_fd_sc_hd__inv_1)
     1    0.002007    0.031378    0.053330    0.685403 ^ g696/Y (sky130_fd_sc_hd__inv_1)
                                                         n736 (net)
                      0.031378    0.000060    0.685463 ^ g697/B (sky130_fd_sc_hd__and2_1)
     2    0.007854    0.089987    0.152820    0.838283 ^ g697/X (sky130_fd_sc_hd__and2_1)
                                                         n737 (net)
                      0.089987    0.000238    0.838521 ^ g1152/A (sky130_fd_sc_hd__xor2_1)
     2    0.005064    0.150784    0.178695    1.017216 ^ g1152/X (sky130_fd_sc_hd__xor2_1)
                                                         n1192 (net)
                      0.150784    0.000128    1.017344 ^ g1158/A (sky130_fd_sc_hd__inv_1)
     1    0.001948    0.036257    0.051775    1.069119 v g1158/Y (sky130_fd_sc_hd__inv_1)
                                                         n1198 (net)
                      0.036257    0.000057    1.069176 v g1159/B (sky130_fd_sc_hd__and2_1)
     2    0.007382    0.054214    0.176124    1.245300 v g1159/X (sky130_fd_sc_hd__and2_1)
                                                         n1199 (net)
                      0.054214    0.000240    1.245541 v g1659/A (sky130_fd_sc_hd__xor2_1)
     2    0.006817    0.067017    0.184668    1.430208 v g1659/X (sky130_fd_sc_hd__xor2_1)
                                                         n1699 (net)
                      0.067017    0.000105    1.430314 v g1662/B (sky130_fd_sc_hd__and2_1)
     1    0.001454    0.029669    0.159613    1.589926 v g1662/X (sky130_fd_sc_hd__and2_1)
                                                         n1702 (net)
                      0.029669    0.000029    1.589955 v g1663/B (sky130_fd_sc_hd__or2_1)
     2    0.004877    0.057345    0.220730    1.810686 v g1663/X (sky130_fd_sc_hd__or2_1)
                                                         n1703 (net)
                      0.057345    0.000137    1.810823 v g1668/A (sky130_fd_sc_hd__inv_1)
     1    0.001925    0.029704    0.050829    1.861652 ^ g1668/Y (sky130_fd_sc_hd__inv_1)
                                                         n1708 (net)
                      0.029704    0.000056    1.861707 ^ g1669/B (sky130_fd_sc_hd__and2_1)
     2    0.007290    0.084955    0.148250    2.009957 ^ g1669/X (sky130_fd_sc_hd__and2_1)
                                                         n1709 (net)
                      0.084955    0.000222    2.010179 ^ g2136/B (sky130_fd_sc_hd__xor2_1)
     2    0.004883    0.147656    0.181289    2.191468 ^ g2136/X (sky130_fd_sc_hd__xor2_1)
                                                         n2176 (net)
                      0.147656    0.000076    2.191544 ^ g2142/A (sky130_fd_sc_hd__inv_1)
     1    0.001702    0.034792    0.049472    2.241017 v g2142/Y (sky130_fd_sc_hd__inv_1)
                                                         n2182 (net)
                      0.034792    0.000034    2.241051 v g2143/B (sky130_fd_sc_hd__and2_1)
     2    0.007341    0.054024    0.175262    2.416313 v g2143/X (sky130_fd_sc_hd__and2_1)
                                                         n2183 (net)
                      0.054024    0.000217    2.416530 v g2516/A (sky130_fd_sc_hd__xor2_1)
     2    0.005371    0.156132    0.189222    2.605751 ^ g2516/X (sky130_fd_sc_hd__xor2_1)
                                                         n2556 (net)
                      0.156132    0.000134    2.605885 ^ g2518/A (sky130_fd_sc_hd__inv_1)
     1    0.001919    0.036863    0.052080    2.657965 v g2518/Y (sky130_fd_sc_hd__inv_1)
                                                         n2558 (net)
                      0.036863    0.000056    2.658021 v g2519/B (sky130_fd_sc_hd__and2_1)
     2    0.007223    0.053493    0.175671    2.833693 v g2519/X (sky130_fd_sc_hd__and2_1)
                                                         n2559 (net)
                      0.053493    0.000204    2.833897 v g2866/A (sky130_fd_sc_hd__xor2_1)
     2    0.004806    0.146306    0.180853    3.014750 ^ g2866/X (sky130_fd_sc_hd__xor2_1)
                                                         n2906 (net)
                      0.146306    0.000123    3.014872 ^ g2872/A (sky130_fd_sc_hd__inv_1)
     1    0.001869    0.035312    0.050681    3.065553 v g2872/Y (sky130_fd_sc_hd__inv_1)
                                                         n2912 (net)
                      0.035312    0.000055    3.065608 v g2873/B (sky130_fd_sc_hd__and2_1)
     2    0.006913    0.052119    0.173463    3.239072 v g2873/X (sky130_fd_sc_hd__and2_1)
                                                         n2913 (net)
                      0.052119    0.000216    3.239288 v g3201/B (sky130_fd_sc_hd__xor2_1)
     2    0.006760    0.067162    0.164270    3.403558 v g3201/X (sky130_fd_sc_hd__xor2_1)
                                                         n3241 (net)
                      0.067162    0.000140    3.403698 v g3204/B (sky130_fd_sc_hd__and2_1)
     1    0.002081    0.032117    0.163551    3.567249 v g3204/X (sky130_fd_sc_hd__and2_1)
                                                         n3244 (net)
                      0.032117    0.000063    3.567312 v g3205/B (sky130_fd_sc_hd__or2_1)
     2    0.004014    0.053861    0.216223    3.783535 v g3205/X (sky130_fd_sc_hd__or2_1)
                                                         n3245 (net)
                      0.053861    0.000068    3.783603 v g3210/A (sky130_fd_sc_hd__inv_1)
     1    0.002219    0.030750    0.051430    3.835032 ^ g3210/Y (sky130_fd_sc_hd__inv_1)
                                                         n3250 (net)
                      0.030751    0.000066    3.835098 ^ g3211/B (sky130_fd_sc_hd__and2_1)
     2    0.006865    0.081159    0.145541    3.980639 ^ g3211/X (sky130_fd_sc_hd__and2_1)
                                                         n3251 (net)
                      0.081159    0.000197    3.980836 ^ g3474/B (sky130_fd_sc_hd__xor2_1)
     2    0.004729    0.144988    0.178275    4.159111 ^ g3474/X (sky130_fd_sc_hd__xor2_1)
                                                         n3514 (net)
                      0.144988    0.000125    4.159236 ^ g3480/A (sky130_fd_sc_hd__inv_1)
     1    0.002048    0.035884    0.051992    4.211229 v g3480/Y (sky130_fd_sc_hd__inv_1)
                                                         n3520 (net)
                      0.035884    0.000059    4.211288 v g3481/B (sky130_fd_sc_hd__and2_1)
     2    0.006283    0.049354    0.170752    4.382040 v g3481/X (sky130_fd_sc_hd__and2_1)
                                                         n3521 (net)
                      0.049354    0.000174    4.382214 v g3713/B (sky130_fd_sc_hd__xor2_1)
     2    0.007086    0.068470    0.164645    4.546859 v g3713/X (sky130_fd_sc_hd__xor2_1)
                                                         n3753 (net)
                      0.068470    0.000128    4.546987 v g3716/B (sky130_fd_sc_hd__and2_1)
     1    0.001465    0.029714    0.160385    4.707372 v g3716/X (sky130_fd_sc_hd__and2_1)
                                                         n3756 (net)
                      0.029714    0.000029    4.707400 v g3717/B (sky130_fd_sc_hd__or2_1)
     2    0.004366    0.055266    0.217610    4.925010 v g3717/X (sky130_fd_sc_hd__or2_1)
                                                         n3757 (net)
                      0.055267    0.000119    4.925130 v g3722/A (sky130_fd_sc_hd__inv_1)
     1    0.002041    0.029965    0.050828    4.975958 ^ g3722/Y (sky130_fd_sc_hd__inv_1)
                                                         n3762 (net)
                      0.029965    0.000059    4.976017 ^ g3723/B (sky130_fd_sc_hd__and2_1)
     2    0.007764    0.089182    0.151727    5.127744 ^ g3723/X (sky130_fd_sc_hd__and2_1)
                                                         n3763 (net)
                      0.089182    0.000249    5.127993 ^ g3882/A (sky130_fd_sc_hd__xor2_1)
     2    0.006781    0.181018    0.203395    5.331388 ^ g3882/X (sky130_fd_sc_hd__xor2_1)
                                                         n3922 (net)
                      0.181018    0.000125    5.331513 ^ g3883/A (sky130_fd_sc_hd__xor2_1)
     2    0.005417    0.156942    0.202370    5.533883 ^ g3883/X (sky130_fd_sc_hd__xor2_1)
                                                         n3923 (net)
                      0.156942    0.000168    5.534051 ^ g3894/A (sky130_fd_sc_hd__inv_1)
     1    0.001799    0.036452    0.051155    5.585206 v g3894/Y (sky130_fd_sc_hd__inv_1)
                                                         n3934 (net)
                      0.036452    0.000052    5.585258 v g3895/B (sky130_fd_sc_hd__and2_1)
     2    0.006664    0.051019    0.172821    5.758080 v g3895/X (sky130_fd_sc_hd__and2_1)
                                                         n3935 (net)
                      0.051019    0.000189    5.758268 v g4100/B (sky130_fd_sc_hd__xor2_1)
     2    0.004537    0.141654    0.156632    5.914900 ^ g4100/X (sky130_fd_sc_hd__xor2_1)
                                                         n4140 (net)
                      0.141654    0.000125    5.915025 ^ g4102/A (sky130_fd_sc_hd__inv_1)
     1    0.002255    0.036281    0.053283    5.968308 v g4102/Y (sky130_fd_sc_hd__inv_1)
                                                         n4142 (net)
                      0.036281    0.000051    5.968359 v g4103/B (sky130_fd_sc_hd__and2_1)
     4    0.008596    0.058818    0.181952    6.150311 v g4103/X (sky130_fd_sc_hd__and2_1)
                                                         n4143 (net)
                      0.058818    0.000163    6.150474 v g4225/B (sky130_fd_sc_hd__or2_1)
     3    0.008623    0.074566    0.253702    6.404176 v g4225/X (sky130_fd_sc_hd__or2_1)
                                                         n4265 (net)
                      0.074566    0.000262    6.404438 v g4376/B (sky130_fd_sc_hd__and2_1)
     1    0.001819    0.031089    0.165514    6.569952 v g4376/X (sky130_fd_sc_hd__and2_1)
                                                         n4416 (net)
                      0.031089    0.000038    6.569990 v g4377/B (sky130_fd_sc_hd__or2_1)
     2    0.007037    0.067348    0.234401    6.804390 v g4377/X (sky130_fd_sc_hd__or2_1)
                                                         n4417 (net)
                      0.067348    0.000218    6.804609 v g4620/A (sky130_fd_sc_hd__xor2_1)
     2    0.005923    0.165850    0.202936    7.007545 ^ g4620/X (sky130_fd_sc_hd__xor2_1)
                                                         n4660 (net)
                      0.165850    0.000189    7.007734 ^ g4622/A (sky130_fd_sc_hd__inv_1)
     1    0.001728    0.037341    0.051418    7.059153 v g4622/Y (sky130_fd_sc_hd__inv_1)
                                                         n4662 (net)
                      0.037341    0.000051    7.059203 v g4623/B (sky130_fd_sc_hd__and2_1)
     1    0.017408    0.095881    0.216281    7.275485 v g4623/X (sky130_fd_sc_hd__and2_1)
                                                         zP[10] (net)
                      0.095891    0.001062    7.276546 v zP[10] (out)
                                              7.276546   data arrival time

                      0.000000   10.000000   10.000000   clock __VIRTUAL_CLK__ (rise edge)
                                  0.000000   10.000000   clock network delay (ideal)
                                  0.000000   10.000000   clock reconvergence pessimism
                                  0.000000   10.000000   output external delay
                                             10.000000   data required time
---------------------------------------------------------------------------------------------
                                             10.000000   data required time
                                             -7.276546   data arrival time
---------------------------------------------------------------------------------------------
                                              2.723454   slack (MET)


Startpoint: yN[3] (input port clocked by __VIRTUAL_CLK__)
Endpoint: zN[10] (output port clocked by __VIRTUAL_CLK__)
Path Group: __VIRTUAL_CLK__
Path Type: max

Fanout         Cap        Slew       Delay        Time   Description
---------------------------------------------------------------------------------------------
                      0.000000    0.000000    0.000000   clock __VIRTUAL_CLK__ (rise edge)
                                  0.000000    0.000000   clock network delay (ideal)
                                  0.000000    0.000000 v input external delay
    21    0.089667    0.199143    0.157771    0.157771 v yN[3] (in)
                                                         yN[3] (net)
                      0.200784    0.000000    0.157771 v g201/B (sky130_fd_sc_hd__and2_1)
     1    0.001696    0.030971    0.226577    0.384348 v g201/X (sky130_fd_sc_hd__and2_1)
                                                         n241 (net)
                      0.030971    0.000050    0.384399 v g203/A (sky130_fd_sc_hd__or2_1)
     2    0.006130    0.062963    0.247491    0.631890 v g203/X (sky130_fd_sc_hd__or2_1)
                                                         n243 (net)
                      0.062963    0.000183    0.632073 v g696/A (sky130_fd_sc_hd__inv_1)
     1    0.002007    0.031378    0.053330    0.685403 ^ g696/Y (sky130_fd_sc_hd__inv_1)
                                                         n736 (net)
                      0.031378    0.000060    0.685463 ^ g697/B (sky130_fd_sc_hd__and2_1)
     2    0.007854    0.089987    0.152820    0.838283 ^ g697/X (sky130_fd_sc_hd__and2_1)
                                                         n737 (net)
                      0.089987    0.000238    0.838521 ^ g1152/A (sky130_fd_sc_hd__xor2_1)
     2    0.005064    0.150784    0.178695    1.017216 ^ g1152/X (sky130_fd_sc_hd__xor2_1)
                                                         n1192 (net)
                      0.150784    0.000128    1.017344 ^ g1158/A (sky130_fd_sc_hd__inv_1)
     1    0.001948    0.036257    0.051775    1.069119 v g1158/Y (sky130_fd_sc_hd__inv_1)
                                                         n1198 (net)
                      0.036257    0.000057    1.069176 v g1159/B (sky130_fd_sc_hd__and2_1)
     2    0.007382    0.054214    0.176124    1.245300 v g1159/X (sky130_fd_sc_hd__and2_1)
                                                         n1199 (net)
                      0.054214    0.000240    1.245541 v g1659/A (sky130_fd_sc_hd__xor2_1)
     2    0.006817    0.067017    0.184668    1.430208 v g1659/X (sky130_fd_sc_hd__xor2_1)
                                                         n1699 (net)
                      0.067017    0.000105    1.430314 v g1662/B (sky130_fd_sc_hd__and2_1)
     1    0.001454    0.029669    0.159613    1.589926 v g1662/X (sky130_fd_sc_hd__and2_1)
                                                         n1702 (net)
                      0.029669    0.000029    1.589955 v g1663/B (sky130_fd_sc_hd__or2_1)
     2    0.004877    0.057345    0.220730    1.810686 v g1663/X (sky130_fd_sc_hd__or2_1)
                                                         n1703 (net)
                      0.057345    0.000137    1.810823 v g1668/A (sky130_fd_sc_hd__inv_1)
     1    0.001925    0.029704    0.050829    1.861652 ^ g1668/Y (sky130_fd_sc_hd__inv_1)
                                                         n1708 (net)
                      0.029704    0.000056    1.861707 ^ g1669/B (sky130_fd_sc_hd__and2_1)
     2    0.007290    0.084955    0.148250    2.009957 ^ g1669/X (sky130_fd_sc_hd__and2_1)
                                                         n1709 (net)
                      0.084955    0.000222    2.010179 ^ g2136/B (sky130_fd_sc_hd__xor2_1)
     2    0.004883    0.147656    0.181289    2.191468 ^ g2136/X (sky130_fd_sc_hd__xor2_1)
                                                         n2176 (net)
                      0.147656    0.000076    2.191544 ^ g2142/A (sky130_fd_sc_hd__inv_1)
     1    0.001702    0.034792    0.049472    2.241017 v g2142/Y (sky130_fd_sc_hd__inv_1)
                                                         n2182 (net)
                      0.034792    0.000034    2.241051 v g2143/B (sky130_fd_sc_hd__and2_1)
     2    0.007341    0.054024    0.175262    2.416313 v g2143/X (sky130_fd_sc_hd__and2_1)
                                                         n2183 (net)
                      0.054024    0.000217    2.416530 v g2516/A (sky130_fd_sc_hd__xor2_1)
     2    0.005371    0.156132    0.189222    2.605751 ^ g2516/X (sky130_fd_sc_hd__xor2_1)
                                                         n2556 (net)
                      0.156132    0.000134    2.605885 ^ g2518/A (sky130_fd_sc_hd__inv_1)
     1    0.001919    0.036863    0.052080    2.657965 v g2518/Y (sky130_fd_sc_hd__inv_1)
                                                         n2558 (net)
                      0.036863    0.000056    2.658021 v g2519/B (sky130_fd_sc_hd__and2_1)
     2    0.007223    0.053493    0.175671    2.833693 v g2519/X (sky130_fd_sc_hd__and2_1)
                                                         n2559 (net)
                      0.053493    0.000204    2.833897 v g2866/A (sky130_fd_sc_hd__xor2_1)
     2    0.004806    0.146306    0.180853    3.014750 ^ g2866/X (sky130_fd_sc_hd__xor2_1)
                                                         n2906 (net)
                      0.146306    0.000123    3.014872 ^ g2872/A (sky130_fd_sc_hd__inv_1)
     1    0.001869    0.035312    0.050681    3.065553 v g2872/Y (sky130_fd_sc_hd__inv_1)
                                                         n2912 (net)
                      0.035312    0.000055    3.065608 v g2873/B (sky130_fd_sc_hd__and2_1)
     2    0.006913    0.052119    0.173463    3.239072 v g2873/X (sky130_fd_sc_hd__and2_1)
                                                         n2913 (net)
                      0.052119    0.000216    3.239288 v g3201/B (sky130_fd_sc_hd__xor2_1)
     2    0.006760    0.067162    0.164270    3.403558 v g3201/X (sky130_fd_sc_hd__xor2_1)
                                                         n3241 (net)
                      0.067162    0.000140    3.403698 v g3204/B (sky130_fd_sc_hd__and2_1)
     1    0.002081    0.032117    0.163551    3.567249 v g3204/X (sky130_fd_sc_hd__and2_1)
                                                         n3244 (net)
                      0.032117    0.000063    3.567312 v g3205/B (sky130_fd_sc_hd__or2_1)
     2    0.004014    0.053861    0.216223    3.783535 v g3205/X (sky130_fd_sc_hd__or2_1)
                                                         n3245 (net)
                      0.053861    0.000068    3.783603 v g3210/A (sky130_fd_sc_hd__inv_1)
     1    0.002219    0.030750    0.051430    3.835032 ^ g3210/Y (sky130_fd_sc_hd__inv_1)
                                                         n3250 (net)
                      0.030751    0.000066    3.835098 ^ g3211/B (sky130_fd_sc_hd__and2_1)
     2    0.006865    0.081159    0.145541    3.980639 ^ g3211/X (sky130_fd_sc_hd__and2_1)
                                                         n3251 (net)
                      0.081159    0.000197    3.980836 ^ g3474/B (sky130_fd_sc_hd__xor2_1)
     2    0.004729    0.144988    0.178275    4.159111 ^ g3474/X (sky130_fd_sc_hd__xor2_1)
                                                         n3514 (net)
                      0.144988    0.000125    4.159236 ^ g3480/A (sky130_fd_sc_hd__inv_1)
     1    0.002048    0.035884    0.051992    4.211229 v g3480/Y (sky130_fd_sc_hd__inv_1)
                                                         n3520 (net)
                      0.035884    0.000059    4.211288 v g3481/B (sky130_fd_sc_hd__and2_1)
     2    0.006283    0.049354    0.170752    4.382040 v g3481/X (sky130_fd_sc_hd__and2_1)
                                                         n3521 (net)
                      0.049354    0.000174    4.382214 v g3713/B (sky130_fd_sc_hd__xor2_1)
     2    0.007086    0.068470    0.164645    4.546859 v g3713/X (sky130_fd_sc_hd__xor2_1)
                                                         n3753 (net)
                      0.068470    0.000128    4.546987 v g3716/B (sky130_fd_sc_hd__and2_1)
     1    0.001465    0.029714    0.160385    4.707372 v g3716/X (sky130_fd_sc_hd__and2_1)
                                                         n3756 (net)
                      0.029714    0.000029    4.707400 v g3717/B (sky130_fd_sc_hd__or2_1)
     2    0.004366    0.055266    0.217610    4.925010 v g3717/X (sky130_fd_sc_hd__or2_1)
                                                         n3757 (net)
                      0.055267    0.000119    4.925130 v g3722/A (sky130_fd_sc_hd__inv_1)
     1    0.002041    0.029965    0.050828    4.975958 ^ g3722/Y (sky130_fd_sc_hd__inv_1)
                                                         n3762 (net)
                      0.029965    0.000059    4.976017 ^ g3723/B (sky130_fd_sc_hd__and2_1)
     2    0.007764    0.089182    0.151727    5.127744 ^ g3723/X (sky130_fd_sc_hd__and2_1)
                                                         n3763 (net)
                      0.089182    0.000249    5.127993 ^ g3882/A (sky130_fd_sc_hd__xor2_1)
     2    0.006781    0.181018    0.203395    5.331388 ^ g3882/X (sky130_fd_sc_hd__xor2_1)
                                                         n3922 (net)
                      0.181018    0.000125    5.331513 ^ g3883/A (sky130_fd_sc_hd__xor2_1)
     2    0.005417    0.156942    0.202370    5.533883 ^ g3883/X (sky130_fd_sc_hd__xor2_1)
                                                         n3923 (net)
                      0.156942    0.000168    5.534051 ^ g3894/A (sky130_fd_sc_hd__inv_1)
     1    0.001799    0.036452    0.051155    5.585206 v g3894/Y (sky130_fd_sc_hd__inv_1)
                                                         n3934 (net)
                      0.036452    0.000052    5.585258 v g3895/B (sky130_fd_sc_hd__and2_1)
     2    0.006664    0.051019    0.172821    5.758080 v g3895/X (sky130_fd_sc_hd__and2_1)
                                                         n3935 (net)
                      0.051019    0.000189    5.758268 v g4100/B (sky130_fd_sc_hd__xor2_1)
     2    0.004537    0.141654    0.156632    5.914900 ^ g4100/X (sky130_fd_sc_hd__xor2_1)
                                                         n4140 (net)
                      0.141654    0.000125    5.915025 ^ g4102/A (sky130_fd_sc_hd__inv_1)
     1    0.002255    0.036281    0.053283    5.968308 v g4102/Y (sky130_fd_sc_hd__inv_1)
                                                         n4142 (net)
                      0.036281    0.000051    5.968359 v g4103/B (sky130_fd_sc_hd__and2_1)
     4    0.008596    0.058818    0.181952    6.150311 v g4103/X (sky130_fd_sc_hd__and2_1)
                                                         n4143 (net)
                      0.058818    0.000163    6.150474 v g4225/B (sky130_fd_sc_hd__or2_1)
     3    0.008623    0.074566    0.253702    6.404176 v g4225/X (sky130_fd_sc_hd__or2_1)
                                                         n4265 (net)
                      0.074566    0.000262    6.404438 v g4376/B (sky130_fd_sc_hd__and2_1)
     1    0.001819    0.031089    0.165514    6.569952 v g4376/X (sky130_fd_sc_hd__and2_1)
                                                         n4416 (net)
                      0.031089    0.000038    6.569990 v g4377/B (sky130_fd_sc_hd__or2_1)
     2    0.007037    0.067348    0.234401    6.804390 v g4377/X (sky130_fd_sc_hd__or2_1)
                                                         n4417 (net)
                      0.067348    0.000218    6.804609 v g4620/A (sky130_fd_sc_hd__xor2_1)
     2    0.005923    0.165850    0.202936    7.007545 ^ g4620/X (sky130_fd_sc_hd__xor2_1)
                                                         n4660 (net)
                      0.165850    0.000158    7.007703 ^ g4625/A (sky130_fd_sc_hd__and2_1)
     1    0.017453    0.178341    0.257324    7.265026 ^ g4625/X (sky130_fd_sc_hd__and2_1)
                                                         zN[10] (net)
                      0.178343    0.001026    7.266052 ^ zN[10] (out)
                                              7.266052   data arrival time

                      0.000000   10.000000   10.000000   clock __VIRTUAL_CLK__ (rise edge)
                                  0.000000   10.000000   clock network delay (ideal)
                                  0.000000   10.000000   clock reconvergence pessimism
                                  0.000000   10.000000   output external delay
                                             10.000000   data required time
---------------------------------------------------------------------------------------------
                                             10.000000   data required time
                                             -7.266052   data arrival time
---------------------------------------------------------------------------------------------
                                              2.733948   slack (MET)


Startpoint: yN[3] (input port clocked by __VIRTUAL_CLK__)
Endpoint: zN[9] (output port clocked by __VIRTUAL_CLK__)
Path Group: __VIRTUAL_CLK__
Path Type: max

Fanout         Cap        Slew       Delay        Time   Description
---------------------------------------------------------------------------------------------
                      0.000000    0.000000    0.000000   clock __VIRTUAL_CLK__ (rise edge)
                                  0.000000    0.000000   clock network delay (ideal)
                                  0.000000    0.000000 v input external delay
    21    0.089667    0.199143    0.157771    0.157771 v yN[3] (in)
                                                         yN[3] (net)
                      0.200784    0.000000    0.157771 v g201/B (sky130_fd_sc_hd__and2_1)
     1    0.001696    0.030971    0.226577    0.384348 v g201/X (sky130_fd_sc_hd__and2_1)
                                                         n241 (net)
                      0.030971    0.000050    0.384399 v g203/A (sky130_fd_sc_hd__or2_1)
     2    0.006130    0.062963    0.247491    0.631890 v g203/X (sky130_fd_sc_hd__or2_1)
                                                         n243 (net)
                      0.062963    0.000183    0.632073 v g696/A (sky130_fd_sc_hd__inv_1)
     1    0.002007    0.031378    0.053330    0.685403 ^ g696/Y (sky130_fd_sc_hd__inv_1)
                                                         n736 (net)
                      0.031378    0.000060    0.685463 ^ g697/B (sky130_fd_sc_hd__and2_1)
     2    0.007854    0.089987    0.152820    0.838283 ^ g697/X (sky130_fd_sc_hd__and2_1)
                                                         n737 (net)
                      0.089987    0.000238    0.838521 ^ g1152/A (sky130_fd_sc_hd__xor2_1)
     2    0.005064    0.150784    0.178695    1.017216 ^ g1152/X (sky130_fd_sc_hd__xor2_1)
                                                         n1192 (net)
                      0.150784    0.000128    1.017344 ^ g1158/A (sky130_fd_sc_hd__inv_1)
     1    0.001948    0.036257    0.051775    1.069119 v g1158/Y (sky130_fd_sc_hd__inv_1)
                                                         n1198 (net)
                      0.036257    0.000057    1.069176 v g1159/B (sky130_fd_sc_hd__and2_1)
     2    0.007382    0.054214    0.176124    1.245300 v g1159/X (sky130_fd_sc_hd__and2_1)
                                                         n1199 (net)
                      0.054214    0.000240    1.245541 v g1659/A (sky130_fd_sc_hd__xor2_1)
     2    0.006817    0.067017    0.184668    1.430208 v g1659/X (sky130_fd_sc_hd__xor2_1)
                                                         n1699 (net)
                      0.067017    0.000105    1.430314 v g1662/B (sky130_fd_sc_hd__and2_1)
     1    0.001454    0.029669    0.159613    1.589926 v g1662/X (sky130_fd_sc_hd__and2_1)
                                                         n1702 (net)
                      0.029669    0.000029    1.589955 v g1663/B (sky130_fd_sc_hd__or2_1)
     2    0.004877    0.057345    0.220730    1.810686 v g1663/X (sky130_fd_sc_hd__or2_1)
                                                         n1703 (net)
                      0.057345    0.000137    1.810823 v g1668/A (sky130_fd_sc_hd__inv_1)
     1    0.001925    0.029704    0.050829    1.861652 ^ g1668/Y (sky130_fd_sc_hd__inv_1)
                                                         n1708 (net)
                      0.029704    0.000056    1.861707 ^ g1669/B (sky130_fd_sc_hd__and2_1)
     2    0.007290    0.084955    0.148250    2.009957 ^ g1669/X (sky130_fd_sc_hd__and2_1)
                                                         n1709 (net)
                      0.084955    0.000222    2.010179 ^ g2136/B (sky130_fd_sc_hd__xor2_1)
     2    0.004883    0.147656    0.181289    2.191468 ^ g2136/X (sky130_fd_sc_hd__xor2_1)
                                                         n2176 (net)
                      0.147656    0.000076    2.191544 ^ g2142/A (sky130_fd_sc_hd__inv_1)
     1    0.001702    0.034792    0.049472    2.241017 v g2142/Y (sky130_fd_sc_hd__inv_1)
                                                         n2182 (net)
                      0.034792    0.000034    2.241051 v g2143/B (sky130_fd_sc_hd__and2_1)
     2    0.007341    0.054024    0.175262    2.416313 v g2143/X (sky130_fd_sc_hd__and2_1)
                                                         n2183 (net)
                      0.054024    0.000217    2.416530 v g2516/A (sky130_fd_sc_hd__xor2_1)
     2    0.005371    0.156132    0.189222    2.605751 ^ g2516/X (sky130_fd_sc_hd__xor2_1)
                                                         n2556 (net)
                      0.156132    0.000134    2.605885 ^ g2518/A (sky130_fd_sc_hd__inv_1)
     1    0.001919    0.036863    0.052080    2.657965 v g2518/Y (sky130_fd_sc_hd__inv_1)
                                                         n2558 (net)
                      0.036863    0.000056    2.658021 v g2519/B (sky130_fd_sc_hd__and2_1)
     2    0.007223    0.053493    0.175671    2.833693 v g2519/X (sky130_fd_sc_hd__and2_1)
                                                         n2559 (net)
                      0.053493    0.000204    2.833897 v g2866/A (sky130_fd_sc_hd__xor2_1)
     2    0.004806    0.146306    0.180853    3.014750 ^ g2866/X (sky130_fd_sc_hd__xor2_1)
                                                         n2906 (net)
                      0.146306    0.000123    3.014872 ^ g2872/A (sky130_fd_sc_hd__inv_1)
     1    0.001869    0.035312    0.050681    3.065553 v g2872/Y (sky130_fd_sc_hd__inv_1)
                                                         n2912 (net)
                      0.035312    0.000055    3.065608 v g2873/B (sky130_fd_sc_hd__and2_1)
     2    0.006913    0.052119    0.173463    3.239072 v g2873/X (sky130_fd_sc_hd__and2_1)
                                                         n2913 (net)
                      0.052119    0.000216    3.239288 v g3201/B (sky130_fd_sc_hd__xor2_1)
     2    0.006760    0.067162    0.164270    3.403558 v g3201/X (sky130_fd_sc_hd__xor2_1)
                                                         n3241 (net)
                      0.067162    0.000140    3.403698 v g3204/B (sky130_fd_sc_hd__and2_1)
     1    0.002081    0.032117    0.163551    3.567249 v g3204/X (sky130_fd_sc_hd__and2_1)
                                                         n3244 (net)
                      0.032117    0.000063    3.567312 v g3205/B (sky130_fd_sc_hd__or2_1)
     2    0.004014    0.053861    0.216223    3.783535 v g3205/X (sky130_fd_sc_hd__or2_1)
                                                         n3245 (net)
                      0.053861    0.000068    3.783603 v g3210/A (sky130_fd_sc_hd__inv_1)
     1    0.002219    0.030750    0.051430    3.835032 ^ g3210/Y (sky130_fd_sc_hd__inv_1)
                                                         n3250 (net)
                      0.030751    0.000066    3.835098 ^ g3211/B (sky130_fd_sc_hd__and2_1)
     2    0.006865    0.081159    0.145541    3.980639 ^ g3211/X (sky130_fd_sc_hd__and2_1)
                                                         n3251 (net)
                      0.081159    0.000197    3.980836 ^ g3474/B (sky130_fd_sc_hd__xor2_1)
     2    0.004729    0.144988    0.178275    4.159111 ^ g3474/X (sky130_fd_sc_hd__xor2_1)
                                                         n3514 (net)
                      0.144988    0.000125    4.159236 ^ g3480/A (sky130_fd_sc_hd__inv_1)
     1    0.002048    0.035884    0.051992    4.211229 v g3480/Y (sky130_fd_sc_hd__inv_1)
                                                         n3520 (net)
                      0.035884    0.000059    4.211288 v g3481/B (sky130_fd_sc_hd__and2_1)
     2    0.006283    0.049354    0.170752    4.382040 v g3481/X (sky130_fd_sc_hd__and2_1)
                                                         n3521 (net)
                      0.049354    0.000174    4.382214 v g3713/B (sky130_fd_sc_hd__xor2_1)
     2    0.007086    0.068470    0.164645    4.546859 v g3713/X (sky130_fd_sc_hd__xor2_1)
                                                         n3753 (net)
                      0.068470    0.000128    4.546987 v g3716/B (sky130_fd_sc_hd__and2_1)
     1    0.001465    0.029714    0.160385    4.707372 v g3716/X (sky130_fd_sc_hd__and2_1)
                                                         n3756 (net)
                      0.029714    0.000029    4.707400 v g3717/B (sky130_fd_sc_hd__or2_1)
     2    0.004366    0.055266    0.217610    4.925010 v g3717/X (sky130_fd_sc_hd__or2_1)
                                                         n3757 (net)
                      0.055267    0.000119    4.925130 v g3722/A (sky130_fd_sc_hd__inv_1)
     1    0.002041    0.029965    0.050828    4.975958 ^ g3722/Y (sky130_fd_sc_hd__inv_1)
                                                         n3762 (net)
                      0.029965    0.000059    4.976017 ^ g3723/B (sky130_fd_sc_hd__and2_1)
     2    0.007764    0.089182    0.151727    5.127744 ^ g3723/X (sky130_fd_sc_hd__and2_1)
                                                         n3763 (net)
                      0.089182    0.000249    5.127993 ^ g3882/A (sky130_fd_sc_hd__xor2_1)
     2    0.006781    0.181018    0.203395    5.331388 ^ g3882/X (sky130_fd_sc_hd__xor2_1)
                                                         n3922 (net)
                      0.181018    0.000125    5.331513 ^ g3883/A (sky130_fd_sc_hd__xor2_1)
     2    0.005417    0.156942    0.202370    5.533883 ^ g3883/X (sky130_fd_sc_hd__xor2_1)
                                                         n3923 (net)
                      0.156942    0.000168    5.534051 ^ g3894/A (sky130_fd_sc_hd__inv_1)
     1    0.001799    0.036452    0.051155    5.585206 v g3894/Y (sky130_fd_sc_hd__inv_1)
                                                         n3934 (net)
                      0.036452    0.000052    5.585258 v g3895/B (sky130_fd_sc_hd__and2_1)
     2    0.006664    0.051019    0.172821    5.758080 v g3895/X (sky130_fd_sc_hd__and2_1)
                                                         n3935 (net)
                      0.051019    0.000189    5.758268 v g4100/B (sky130_fd_sc_hd__xor2_1)
     2    0.004537    0.141654    0.156632    5.914900 ^ g4100/X (sky130_fd_sc_hd__xor2_1)
                                                         n4140 (net)
                      0.141654    0.000125    5.915025 ^ g4102/A (sky130_fd_sc_hd__inv_1)
     1    0.002255    0.036281    0.053283    5.968308 v g4102/Y (sky130_fd_sc_hd__inv_1)
                                                         n4142 (net)
                      0.036281    0.000051    5.968359 v g4103/B (sky130_fd_sc_hd__and2_1)
     4    0.008596    0.058818    0.181952    6.150311 v g4103/X (sky130_fd_sc_hd__and2_1)
                                                         n4143 (net)
                      0.058818    0.000186    6.150497 v g4356/A (sky130_fd_sc_hd__and2_1)
     1    0.001612    0.030281    0.137309    6.287806 v g4356/X (sky130_fd_sc_hd__and2_1)
                                                         n4396 (net)
                      0.030281    0.000047    6.287853 v g4359/A (sky130_fd_sc_hd__or2_1)
     2    0.006223    0.063403    0.247795    6.535648 v g4359/X (sky130_fd_sc_hd__or2_1)
                                                         n4399 (net)
                      0.063403    0.000179    6.535826 v g4606/A (sky130_fd_sc_hd__xor2_1)
     2    0.005506    0.158524    0.195230    6.731056 ^ g4606/X (sky130_fd_sc_hd__xor2_1)
                                                         n4646 (net)
                      0.158524    0.000165    6.731221 ^ g4612/A (sky130_fd_sc_hd__inv_1)
     1    0.002158    0.038230    0.054337    6.785558 v g4612/Y (sky130_fd_sc_hd__inv_1)
                                                         n4652 (net)
                      0.038230    0.000047    6.785604 v g4613/B (sky130_fd_sc_hd__and2_1)
     1    0.017065    0.094338    0.215527    7.001132 v g4613/X (sky130_fd_sc_hd__and2_1)
                                                         zN[9] (net)
                      0.094343    0.000816    7.001948 v zN[9] (out)
                                              7.001948   data arrival time

                      0.000000   10.000000   10.000000   clock __VIRTUAL_CLK__ (rise edge)
                                  0.000000   10.000000   clock network delay (ideal)
                                  0.000000   10.000000   clock reconvergence pessimism
                                  0.000000   10.000000   output external delay
                                             10.000000   data required time
---------------------------------------------------------------------------------------------
                                             10.000000   data required time
                                             -7.001948   data arrival time
---------------------------------------------------------------------------------------------
                                              2.998053   slack (MET)


Startpoint: yN[3] (input port clocked by __VIRTUAL_CLK__)
Endpoint: zP[9] (output port clocked by __VIRTUAL_CLK__)
Path Group: __VIRTUAL_CLK__
Path Type: max

Fanout         Cap        Slew       Delay        Time   Description
---------------------------------------------------------------------------------------------
                      0.000000    0.000000    0.000000   clock __VIRTUAL_CLK__ (rise edge)
                                  0.000000    0.000000   clock network delay (ideal)
                                  0.000000    0.000000 v input external delay
    21    0.089667    0.199143    0.157771    0.157771 v yN[3] (in)
                                                         yN[3] (net)
                      0.200784    0.000000    0.157771 v g201/B (sky130_fd_sc_hd__and2_1)
     1    0.001696    0.030971    0.226577    0.384348 v g201/X (sky130_fd_sc_hd__and2_1)
                                                         n241 (net)
                      0.030971    0.000050    0.384399 v g203/A (sky130_fd_sc_hd__or2_1)
     2    0.006130    0.062963    0.247491    0.631890 v g203/X (sky130_fd_sc_hd__or2_1)
                                                         n243 (net)
                      0.062963    0.000183    0.632073 v g696/A (sky130_fd_sc_hd__inv_1)
     1    0.002007    0.031378    0.053330    0.685403 ^ g696/Y (sky130_fd_sc_hd__inv_1)
                                                         n736 (net)
                      0.031378    0.000060    0.685463 ^ g697/B (sky130_fd_sc_hd__and2_1)
     2    0.007854    0.089987    0.152820    0.838283 ^ g697/X (sky130_fd_sc_hd__and2_1)
                                                         n737 (net)
                      0.089987    0.000238    0.838521 ^ g1152/A (sky130_fd_sc_hd__xor2_1)
     2    0.005064    0.150784    0.178695    1.017216 ^ g1152/X (sky130_fd_sc_hd__xor2_1)
                                                         n1192 (net)
                      0.150784    0.000128    1.017344 ^ g1158/A (sky130_fd_sc_hd__inv_1)
     1    0.001948    0.036257    0.051775    1.069119 v g1158/Y (sky130_fd_sc_hd__inv_1)
                                                         n1198 (net)
                      0.036257    0.000057    1.069176 v g1159/B (sky130_fd_sc_hd__and2_1)
     2    0.007382    0.054214    0.176124    1.245300 v g1159/X (sky130_fd_sc_hd__and2_1)
                                                         n1199 (net)
                      0.054214    0.000240    1.245541 v g1659/A (sky130_fd_sc_hd__xor2_1)
     2    0.006817    0.067017    0.184668    1.430208 v g1659/X (sky130_fd_sc_hd__xor2_1)
                                                         n1699 (net)
                      0.067017    0.000105    1.430314 v g1662/B (sky130_fd_sc_hd__and2_1)
     1    0.001454    0.029669    0.159613    1.589926 v g1662/X (sky130_fd_sc_hd__and2_1)
                                                         n1702 (net)
                      0.029669    0.000029    1.589955 v g1663/B (sky130_fd_sc_hd__or2_1)
     2    0.004877    0.057345    0.220730    1.810686 v g1663/X (sky130_fd_sc_hd__or2_1)
                                                         n1703 (net)
                      0.057345    0.000137    1.810823 v g1668/A (sky130_fd_sc_hd__inv_1)
     1    0.001925    0.029704    0.050829    1.861652 ^ g1668/Y (sky130_fd_sc_hd__inv_1)
                                                         n1708 (net)
                      0.029704    0.000056    1.861707 ^ g1669/B (sky130_fd_sc_hd__and2_1)
     2    0.007290    0.084955    0.148250    2.009957 ^ g1669/X (sky130_fd_sc_hd__and2_1)
                                                         n1709 (net)
                      0.084955    0.000222    2.010179 ^ g2136/B (sky130_fd_sc_hd__xor2_1)
     2    0.004883    0.147656    0.181289    2.191468 ^ g2136/X (sky130_fd_sc_hd__xor2_1)
                                                         n2176 (net)
                      0.147656    0.000076    2.191544 ^ g2142/A (sky130_fd_sc_hd__inv_1)
     1    0.001702    0.034792    0.049472    2.241017 v g2142/Y (sky130_fd_sc_hd__inv_1)
                                                         n2182 (net)
                      0.034792    0.000034    2.241051 v g2143/B (sky130_fd_sc_hd__and2_1)
     2    0.007341    0.054024    0.175262    2.416313 v g2143/X (sky130_fd_sc_hd__and2_1)
                                                         n2183 (net)
                      0.054024    0.000217    2.416530 v g2516/A (sky130_fd_sc_hd__xor2_1)
     2    0.005371    0.156132    0.189222    2.605751 ^ g2516/X (sky130_fd_sc_hd__xor2_1)
                                                         n2556 (net)
                      0.156132    0.000134    2.605885 ^ g2518/A (sky130_fd_sc_hd__inv_1)
     1    0.001919    0.036863    0.052080    2.657965 v g2518/Y (sky130_fd_sc_hd__inv_1)
                                                         n2558 (net)
                      0.036863    0.000056    2.658021 v g2519/B (sky130_fd_sc_hd__and2_1)
     2    0.007223    0.053493    0.175671    2.833693 v g2519/X (sky130_fd_sc_hd__and2_1)
                                                         n2559 (net)
                      0.053493    0.000204    2.833897 v g2866/A (sky130_fd_sc_hd__xor2_1)
     2    0.004806    0.146306    0.180853    3.014750 ^ g2866/X (sky130_fd_sc_hd__xor2_1)
                                                         n2906 (net)
                      0.146306    0.000123    3.014872 ^ g2872/A (sky130_fd_sc_hd__inv_1)
     1    0.001869    0.035312    0.050681    3.065553 v g2872/Y (sky130_fd_sc_hd__inv_1)
                                                         n2912 (net)
                      0.035312    0.000055    3.065608 v g2873/B (sky130_fd_sc_hd__and2_1)
     2    0.006913    0.052119    0.173463    3.239072 v g2873/X (sky130_fd_sc_hd__and2_1)
                                                         n2913 (net)
                      0.052119    0.000216    3.239288 v g3201/B (sky130_fd_sc_hd__xor2_1)
     2    0.006760    0.067162    0.164270    3.403558 v g3201/X (sky130_fd_sc_hd__xor2_1)
                                                         n3241 (net)
                      0.067162    0.000140    3.403698 v g3204/B (sky130_fd_sc_hd__and2_1)
     1    0.002081    0.032117    0.163551    3.567249 v g3204/X (sky130_fd_sc_hd__and2_1)
                                                         n3244 (net)
                      0.032117    0.000063    3.567312 v g3205/B (sky130_fd_sc_hd__or2_1)
     2    0.004014    0.053861    0.216223    3.783535 v g3205/X (sky130_fd_sc_hd__or2_1)
                                                         n3245 (net)
                      0.053861    0.000068    3.783603 v g3210/A (sky130_fd_sc_hd__inv_1)
     1    0.002219    0.030750    0.051430    3.835032 ^ g3210/Y (sky130_fd_sc_hd__inv_1)
                                                         n3250 (net)
                      0.030751    0.000066    3.835098 ^ g3211/B (sky130_fd_sc_hd__and2_1)
     2    0.006865    0.081159    0.145541    3.980639 ^ g3211/X (sky130_fd_sc_hd__and2_1)
                                                         n3251 (net)
                      0.081159    0.000197    3.980836 ^ g3474/B (sky130_fd_sc_hd__xor2_1)
     2    0.004729    0.144988    0.178275    4.159111 ^ g3474/X (sky130_fd_sc_hd__xor2_1)
                                                         n3514 (net)
                      0.144988    0.000125    4.159236 ^ g3480/A (sky130_fd_sc_hd__inv_1)
     1    0.002048    0.035884    0.051992    4.211229 v g3480/Y (sky130_fd_sc_hd__inv_1)
                                                         n3520 (net)
                      0.035884    0.000059    4.211288 v g3481/B (sky130_fd_sc_hd__and2_1)
     2    0.006283    0.049354    0.170752    4.382040 v g3481/X (sky130_fd_sc_hd__and2_1)
                                                         n3521 (net)
                      0.049354    0.000174    4.382214 v g3713/B (sky130_fd_sc_hd__xor2_1)
     2    0.007086    0.068470    0.164645    4.546859 v g3713/X (sky130_fd_sc_hd__xor2_1)
                                                         n3753 (net)
                      0.068470    0.000128    4.546987 v g3716/B (sky130_fd_sc_hd__and2_1)
     1    0.001465    0.029714    0.160385    4.707372 v g3716/X (sky130_fd_sc_hd__and2_1)
                                                         n3756 (net)
                      0.029714    0.000029    4.707400 v g3717/B (sky130_fd_sc_hd__or2_1)
     2    0.004366    0.055266    0.217610    4.925010 v g3717/X (sky130_fd_sc_hd__or2_1)
                                                         n3757 (net)
                      0.055267    0.000119    4.925130 v g3722/A (sky130_fd_sc_hd__inv_1)
     1    0.002041    0.029965    0.050828    4.975958 ^ g3722/Y (sky130_fd_sc_hd__inv_1)
                                                         n3762 (net)
                      0.029965    0.000059    4.976017 ^ g3723/B (sky130_fd_sc_hd__and2_1)
     2    0.007764    0.089182    0.151727    5.127744 ^ g3723/X (sky130_fd_sc_hd__and2_1)
                                                         n3763 (net)
                      0.089182    0.000249    5.127993 ^ g3882/A (sky130_fd_sc_hd__xor2_1)
     2    0.006781    0.181018    0.203395    5.331388 ^ g3882/X (sky130_fd_sc_hd__xor2_1)
                                                         n3922 (net)
                      0.181018    0.000125    5.331513 ^ g3883/A (sky130_fd_sc_hd__xor2_1)
     2    0.005417    0.156942    0.202370    5.533883 ^ g3883/X (sky130_fd_sc_hd__xor2_1)
                                                         n3923 (net)
                      0.156942    0.000168    5.534051 ^ g3894/A (sky130_fd_sc_hd__inv_1)
     1    0.001799    0.036452    0.051155    5.585206 v g3894/Y (sky130_fd_sc_hd__inv_1)
                                                         n3934 (net)
                      0.036452    0.000052    5.585258 v g3895/B (sky130_fd_sc_hd__and2_1)
     2    0.006664    0.051019    0.172821    5.758080 v g3895/X (sky130_fd_sc_hd__and2_1)
                                                         n3935 (net)
                      0.051019    0.000189    5.758268 v g4100/B (sky130_fd_sc_hd__xor2_1)
     2    0.004537    0.141654    0.156632    5.914900 ^ g4100/X (sky130_fd_sc_hd__xor2_1)
                                                         n4140 (net)
                      0.141654    0.000125    5.915025 ^ g4102/A (sky130_fd_sc_hd__inv_1)
     1    0.002255    0.036281    0.053283    5.968308 v g4102/Y (sky130_fd_sc_hd__inv_1)
                                                         n4142 (net)
                      0.036281    0.000051    5.968359 v g4103/B (sky130_fd_sc_hd__and2_1)
     4    0.008596    0.058818    0.181952    6.150311 v g4103/X (sky130_fd_sc_hd__and2_1)
                                                         n4143 (net)
                      0.058818    0.000230    6.150541 v g4361/A (sky130_fd_sc_hd__and2_1)
     1    0.001590    0.030155    0.137182    6.287723 v g4361/X (sky130_fd_sc_hd__and2_1)
                                                         n4401 (net)
                      0.030155    0.000032    6.287755 v g4363/A (sky130_fd_sc_hd__or2_1)
     2    0.006538    0.064913    0.249661    6.537416 v g4363/X (sky130_fd_sc_hd__or2_1)
                                                         n4403 (net)
                      0.064913    0.000198    6.537613 v g4608/A (sky130_fd_sc_hd__xor2_1)
     2    0.005638    0.160812    0.197780    6.735393 ^ g4608/X (sky130_fd_sc_hd__xor2_1)
                                                         n4648 (net)
                      0.160812    0.000175    6.735568 ^ g4610/A (sky130_fd_sc_hd__inv_1)
     1    0.001874    0.037306    0.052173    6.787741 v g4610/Y (sky130_fd_sc_hd__inv_1)
                                                         n4650 (net)
                      0.037306    0.000056    6.787796 v g4611/B (sky130_fd_sc_hd__and2_1)
     1    0.015899    0.089339    0.210580    6.998376 v g4611/X (sky130_fd_sc_hd__and2_1)
                                                         zP[9] (net)
                      0.089345    0.000811    6.999187 v zP[9] (out)
                                              6.999187   data arrival time

                      0.000000   10.000000   10.000000   clock __VIRTUAL_CLK__ (rise edge)
                                  0.000000   10.000000   clock network delay (ideal)
                                  0.000000   10.000000   clock reconvergence pessimism
                                  0.000000   10.000000   output external delay
                                             10.000000   data required time
---------------------------------------------------------------------------------------------
                                             10.000000   data required time
                                             -6.999187   data arrival time
---------------------------------------------------------------------------------------------
                                              3.000813   slack (MET)


Startpoint: xN[5] (input port clocked by __VIRTUAL_CLK__)
Endpoint: zP[19] (output port clocked by __VIRTUAL_CLK__)
Path Group: __VIRTUAL_CLK__
Path Type: max

Fanout         Cap        Slew       Delay        Time   Description
---------------------------------------------------------------------------------------------
                      0.000000    0.000000    0.000000   clock __VIRTUAL_CLK__ (rise edge)
                                  0.000000    0.000000   clock network delay (ideal)
                                  0.000000    0.000000 ^ input external delay
    20    0.086401    0.390365    0.282554    0.282554 ^ xN[5] (in)
                                                         xN[5] (net)
                      0.390394    0.000000    0.282554 ^ g349/A (sky130_fd_sc_hd__and2_1)
     1    0.001964    0.046000    0.188108    0.470663 ^ g349/X (sky130_fd_sc_hd__and2_1)
                                                         n389 (net)
                      0.046000    0.000058    0.470721 ^ g350/B (sky130_fd_sc_hd__or2_1)
     2    0.007053    0.076281    0.121846    0.592566 ^ g350/X (sky130_fd_sc_hd__or2_1)
                                                         n390 (net)
                      0.076281    0.000204    0.592770 ^ g936/B (sky130_fd_sc_hd__xor2_1)
     2    0.004294    0.137462    0.171036    0.763807 ^ g936/X (sky130_fd_sc_hd__xor2_1)
                                                         n976 (net)
                      0.137462    0.000169    0.763975 ^ g942/A (sky130_fd_sc_hd__inv_1)
     1    0.002184    0.035405    0.052264    0.816239 v g942/Y (sky130_fd_sc_hd__inv_1)
                                                         n982 (net)
                      0.035405    0.000068    0.816307 v g943/B (sky130_fd_sc_hd__and2_1)
     2    0.006396    0.049848    0.171060    0.987366 v g943/X (sky130_fd_sc_hd__and2_1)
                                                         n983 (net)
                      0.049848    0.000194    0.987560 v g1441/A (sky130_fd_sc_hd__xor2_1)
     2    0.006439    0.066915    0.181277    1.168838 v g1441/X (sky130_fd_sc_hd__xor2_1)
                                                         n1481 (net)
                      0.066915    0.000088    1.168926 v g1444/B (sky130_fd_sc_hd__and2_1)
     1    0.001882    0.031344    0.162204    1.331130 v g1444/X (sky130_fd_sc_hd__and2_1)
                                                         n1484 (net)
                      0.031344    0.000057    1.331187 v g1445/B (sky130_fd_sc_hd__or2_1)
     2    0.004474    0.055688    0.218791    1.549977 v g1445/X (sky130_fd_sc_hd__or2_1)
                                                         n1485 (net)
                      0.055688    0.000111    1.550088 v g1450/A (sky130_fd_sc_hd__inv_1)
     1    0.002327    0.031777    0.052764    1.602853 ^ g1450/Y (sky130_fd_sc_hd__inv_1)
                                                         n1490 (net)
                      0.031777    0.000071    1.602923 ^ g1451/B (sky130_fd_sc_hd__and2_1)
     2    0.007338    0.085403    0.149245    1.752169 ^ g1451/X (sky130_fd_sc_hd__and2_1)
                                                         n1491 (net)
                      0.085403    0.000226    1.752395 ^ g1936/A (sky130_fd_sc_hd__xor2_1)
     2    0.007259    0.189504    0.209131    1.961526 ^ g1936/X (sky130_fd_sc_hd__xor2_1)
                                                         n1976 (net)
                      0.189504    0.000213    1.961739 ^ g1937/A (sky130_fd_sc_hd__xor2_1)
     2    0.013033    0.294470    0.312881    2.274620 ^ g1937/X (sky130_fd_sc_hd__xor2_1)
                                                         n1977 (net)
                      0.294471    0.000419    2.275039 ^ g1948/A (sky130_fd_sc_hd__inv_1)
     1    0.001783    0.054505    0.063653    2.338692 v g1948/Y (sky130_fd_sc_hd__inv_1)
                                                         n1988 (net)
                      0.054505    0.000038    2.338729 v g1949/B (sky130_fd_sc_hd__and2_1)
     2    0.007597    0.055259    0.185594    2.524324 v g1949/X (sky130_fd_sc_hd__and2_1)
                                                         n1989 (net)
                      0.055259    0.000264    2.524588 v g2374/B (sky130_fd_sc_hd__xor2_1)
     2    0.004696    0.144413    0.160634    2.685222 ^ g2374/X (sky130_fd_sc_hd__xor2_1)
                                                         n2414 (net)
                      0.144413    0.000136    2.685358 ^ g2376/A (sky130_fd_sc_hd__inv_1)
     1    0.001679    0.034260    0.048975    2.734333 v g2376/Y (sky130_fd_sc_hd__inv_1)
                                                         n2416 (net)
                      0.034260    0.000034    2.734367 v g2377/B (sky130_fd_sc_hd__and2_1)
     2    0.007081    0.052856    0.173785    2.908152 v g2377/X (sky130_fd_sc_hd__and2_1)
                                                         n2417 (net)
                      0.052856    0.000211    2.908363 v g2720/B (sky130_fd_sc_hd__xor2_1)
     2    0.006875    0.067982    0.164986    3.073349 v g2720/X (sky130_fd_sc_hd__xor2_1)
                                                         n2760 (net)
                      0.067982    0.000150    3.073499 v g2723/B (sky130_fd_sc_hd__and2_1)
     1    0.001966    0.031670    0.163239    3.236738 v g2723/X (sky130_fd_sc_hd__and2_1)
                                                         n2763 (net)
                      0.031670    0.000060    3.236798 v g2724/B (sky130_fd_sc_hd__or2_1)
     2    0.004780    0.056941    0.220761    3.457559 v g2724/X (sky130_fd_sc_hd__or2_1)
                                                         n2764 (net)
                      0.056941    0.000163    3.457722 v g2736/A (sky130_fd_sc_hd__inv_1)
     1    0.002244    0.031538    0.052705    3.510427 ^ g2736/Y (sky130_fd_sc_hd__inv_1)
                                                         n2776 (net)
                      0.031538    0.000065    3.510492 ^ g2737/B (sky130_fd_sc_hd__and2_1)
     2    0.007317    0.085189    0.149058    3.659549 ^ g2737/X (sky130_fd_sc_hd__and2_1)
                                                         n2777 (net)
                      0.085189    0.000149    3.659698 ^ g3068/A (sky130_fd_sc_hd__xor2_1)
     2    0.004483    0.140719    0.168878    3.828576 ^ g3068/X (sky130_fd_sc_hd__xor2_1)
                                                         n3108 (net)
                      0.140719    0.000078    3.828654 ^ g3070/A (sky130_fd_sc_hd__inv_1)
     1    0.001822    0.034361    0.049758    3.878412 v g3070/Y (sky130_fd_sc_hd__inv_1)
                                                         n3110 (net)
                      0.034361    0.000052    3.878464 v g3071/B (sky130_fd_sc_hd__and2_1)
     2    0.006839    0.051766    0.172715    4.051179 v g3071/X (sky130_fd_sc_hd__and2_1)
                                                         n3111 (net)
                      0.051766    0.000137    4.051316 v g3378/B (sky130_fd_sc_hd__xor2_1)
     2    0.006638    0.067095    0.163655    4.214971 v g3378/X (sky130_fd_sc_hd__xor2_1)
                                                         n3418 (net)
                      0.067095    0.000137    4.215107 v g3381/B (sky130_fd_sc_hd__and2_1)
     1    0.001661    0.030483    0.160928    4.376035 v g3381/X (sky130_fd_sc_hd__and2_1)
                                                         n3421 (net)
                      0.030483    0.000049    4.376084 v g3382/B (sky130_fd_sc_hd__or2_1)
     2    0.004797    0.057010    0.220503    4.596587 v g3382/X (sky130_fd_sc_hd__or2_1)
                                                         n3422 (net)
                      0.057010    0.000116    4.596703 v g3393/A (sky130_fd_sc_hd__and2_1)
     2    0.008537    0.058600    0.171435    4.768138 v g3393/X (sky130_fd_sc_hd__and2_1)
                                                         n3433 (net)
                      0.058600    0.000287    4.768425 v g3636/A (sky130_fd_sc_hd__xor2_1)
     2    0.006255    0.063920    0.184248    4.952673 v g3636/X (sky130_fd_sc_hd__xor2_1)
                                                         n3676 (net)
                      0.063920    0.000103    4.952777 v g3639/B (sky130_fd_sc_hd__and2_1)
     1    0.002146    0.032377    0.162392    5.115169 v g3639/X (sky130_fd_sc_hd__and2_1)
                                                         n3679 (net)
                      0.032377    0.000064    5.115233 v g3640/B (sky130_fd_sc_hd__or2_1)
     2    0.005352    0.059417    0.224495    5.339728 v g3640/X (sky130_fd_sc_hd__or2_1)
                                                         n3680 (net)
                      0.059417    0.000173    5.339900 v g3652/A (sky130_fd_sc_hd__inv_1)
     1    0.002205    0.031815    0.053357    5.393258 ^ g3652/Y (sky130_fd_sc_hd__inv_1)
                                                         n3692 (net)
                      0.031815    0.000048    5.393306 ^ g3653/B (sky130_fd_sc_hd__and2_1)
     2    0.010198    0.110904    0.169373    5.562679 ^ g3653/X (sky130_fd_sc_hd__and2_1)
                                                         n3693 (net)
                      0.110904    0.000366    5.563046 ^ g4188/A (sky130_fd_sc_hd__xor2_1)
     2    0.005563    0.159500    0.191831    5.754877 ^ g4188/X (sky130_fd_sc_hd__xor2_1)
                                                         n4228 (net)
                      0.159500    0.000120    5.754997 ^ g4190/A (sky130_fd_sc_hd__inv_1)
     1    0.002059    0.037935    0.053602    5.808599 v g4190/Y (sky130_fd_sc_hd__inv_1)
                                                         n4230 (net)
                      0.037935    0.000060    5.808660 v g4191/B (sky130_fd_sc_hd__and2_1)
     4    0.011012    0.068555    0.192363    6.001022 v g4191/X (sky130_fd_sc_hd__and2_1)
                                                         n4231 (net)
                      0.068555    0.000118    6.001140 v g4232/B (sky130_fd_sc_hd__or2_1)
     3    0.008804    0.074981    0.258776    6.259916 v g4232/X (sky130_fd_sc_hd__or2_1)
                                                         n4272 (net)
                      0.074981    0.000300    6.260216 v g4477/A (sky130_fd_sc_hd__inv_1)
     1    0.001933    0.033473    0.057038    6.317254 ^ g4477/Y (sky130_fd_sc_hd__inv_1)
                                                         n4517 (net)
                      0.033473    0.000040    6.317294 ^ g4478/B (sky130_fd_sc_hd__and2_1)
     1    0.002182    0.041394    0.111755    6.429049 ^ g4478/X (sky130_fd_sc_hd__and2_1)
                                                         n4518 (net)
                      0.041394    0.000046    6.429096 ^ g4479/B (sky130_fd_sc_hd__or2_1)
     2    0.006737    0.073533    0.117863    6.546959 ^ g4479/X (sky130_fd_sc_hd__or2_1)
                                                         n4519 (net)
                      0.073533    0.000195    6.547153 ^ g4728/B (sky130_fd_sc_hd__xor2_1)
     2    0.005272    0.154427    0.184349    6.731503 ^ g4728/X (sky130_fd_sc_hd__xor2_1)
                                                         n4768 (net)
                      0.154427    0.000166    6.731669 ^ g4730/A (sky130_fd_sc_hd__inv_1)
     1    0.002230    0.037969    0.054493    6.786162 v g4730/Y (sky130_fd_sc_hd__inv_1)
                                                         n4770 (net)
                      0.037969    0.000046    6.786208 v g4731/B (sky130_fd_sc_hd__and2_1)
     1    0.011790    0.071828    0.195282    6.981490 v g4731/X (sky130_fd_sc_hd__and2_1)
                                                         zP[19] (net)
                      0.071828    0.000336    6.981826 v zP[19] (out)
                                              6.981826   data arrival time

                      0.000000   10.000000   10.000000   clock __VIRTUAL_CLK__ (rise edge)
                                  0.000000   10.000000   clock network delay (ideal)
                                  0.000000   10.000000   clock reconvergence pessimism
                                  0.000000   10.000000   output external delay
                                             10.000000   data required time
---------------------------------------------------------------------------------------------
                                             10.000000   data required time
                                             -6.981826   data arrival time
---------------------------------------------------------------------------------------------
                                              3.018174   slack (MET)


Startpoint: xN[5] (input port clocked by __VIRTUAL_CLK__)
Endpoint: zN[19] (output port clocked by __VIRTUAL_CLK__)
Path Group: __VIRTUAL_CLK__
Path Type: max

Fanout         Cap        Slew       Delay        Time   Description
---------------------------------------------------------------------------------------------
                      0.000000    0.000000    0.000000   clock __VIRTUAL_CLK__ (rise edge)
                                  0.000000    0.000000   clock network delay (ideal)
                                  0.000000    0.000000 ^ input external delay
    20    0.086401    0.390365    0.282554    0.282554 ^ xN[5] (in)
                                                         xN[5] (net)
                      0.390394    0.000000    0.282554 ^ g349/A (sky130_fd_sc_hd__and2_1)
     1    0.001964    0.046000    0.188108    0.470663 ^ g349/X (sky130_fd_sc_hd__and2_1)
                                                         n389 (net)
                      0.046000    0.000058    0.470721 ^ g350/B (sky130_fd_sc_hd__or2_1)
     2    0.007053    0.076281    0.121846    0.592566 ^ g350/X (sky130_fd_sc_hd__or2_1)
                                                         n390 (net)
                      0.076281    0.000204    0.592770 ^ g936/B (sky130_fd_sc_hd__xor2_1)
     2    0.004294    0.137462    0.171036    0.763807 ^ g936/X (sky130_fd_sc_hd__xor2_1)
                                                         n976 (net)
                      0.137462    0.000169    0.763975 ^ g942/A (sky130_fd_sc_hd__inv_1)
     1    0.002184    0.035405    0.052264    0.816239 v g942/Y (sky130_fd_sc_hd__inv_1)
                                                         n982 (net)
                      0.035405    0.000068    0.816307 v g943/B (sky130_fd_sc_hd__and2_1)
     2    0.006396    0.049848    0.171060    0.987366 v g943/X (sky130_fd_sc_hd__and2_1)
                                                         n983 (net)
                      0.049848    0.000194    0.987560 v g1441/A (sky130_fd_sc_hd__xor2_1)
     2    0.006439    0.066915    0.181277    1.168838 v g1441/X (sky130_fd_sc_hd__xor2_1)
                                                         n1481 (net)
                      0.066915    0.000088    1.168926 v g1444/B (sky130_fd_sc_hd__and2_1)
     1    0.001882    0.031344    0.162204    1.331130 v g1444/X (sky130_fd_sc_hd__and2_1)
                                                         n1484 (net)
                      0.031344    0.000057    1.331187 v g1445/B (sky130_fd_sc_hd__or2_1)
     2    0.004474    0.055688    0.218791    1.549977 v g1445/X (sky130_fd_sc_hd__or2_1)
                                                         n1485 (net)
                      0.055688    0.000111    1.550088 v g1450/A (sky130_fd_sc_hd__inv_1)
     1    0.002327    0.031777    0.052764    1.602853 ^ g1450/Y (sky130_fd_sc_hd__inv_1)
                                                         n1490 (net)
                      0.031777    0.000071    1.602923 ^ g1451/B (sky130_fd_sc_hd__and2_1)
     2    0.007338    0.085403    0.149245    1.752169 ^ g1451/X (sky130_fd_sc_hd__and2_1)
                                                         n1491 (net)
                      0.085403    0.000226    1.752395 ^ g1936/A (sky130_fd_sc_hd__xor2_1)
     2    0.007259    0.189504    0.209131    1.961526 ^ g1936/X (sky130_fd_sc_hd__xor2_1)
                                                         n1976 (net)
                      0.189504    0.000213    1.961739 ^ g1937/A (sky130_fd_sc_hd__xor2_1)
     2    0.013033    0.294470    0.312881    2.274620 ^ g1937/X (sky130_fd_sc_hd__xor2_1)
                                                         n1977 (net)
                      0.294471    0.000419    2.275039 ^ g1948/A (sky130_fd_sc_hd__inv_1)
     1    0.001783    0.054505    0.063653    2.338692 v g1948/Y (sky130_fd_sc_hd__inv_1)
                                                         n1988 (net)
                      0.054505    0.000038    2.338729 v g1949/B (sky130_fd_sc_hd__and2_1)
     2    0.007597    0.055259    0.185594    2.524324 v g1949/X (sky130_fd_sc_hd__and2_1)
                                                         n1989 (net)
                      0.055259    0.000264    2.524588 v g2374/B (sky130_fd_sc_hd__xor2_1)
     2    0.004696    0.144413    0.160634    2.685222 ^ g2374/X (sky130_fd_sc_hd__xor2_1)
                                                         n2414 (net)
                      0.144413    0.000136    2.685358 ^ g2376/A (sky130_fd_sc_hd__inv_1)
     1    0.001679    0.034260    0.048975    2.734333 v g2376/Y (sky130_fd_sc_hd__inv_1)
                                                         n2416 (net)
                      0.034260    0.000034    2.734367 v g2377/B (sky130_fd_sc_hd__and2_1)
     2    0.007081    0.052856    0.173785    2.908152 v g2377/X (sky130_fd_sc_hd__and2_1)
                                                         n2417 (net)
                      0.052856    0.000211    2.908363 v g2720/B (sky130_fd_sc_hd__xor2_1)
     2    0.006875    0.067982    0.164986    3.073349 v g2720/X (sky130_fd_sc_hd__xor2_1)
                                                         n2760 (net)
                      0.067982    0.000150    3.073499 v g2723/B (sky130_fd_sc_hd__and2_1)
     1    0.001966    0.031670    0.163239    3.236738 v g2723/X (sky130_fd_sc_hd__and2_1)
                                                         n2763 (net)
                      0.031670    0.000060    3.236798 v g2724/B (sky130_fd_sc_hd__or2_1)
     2    0.004780    0.056941    0.220761    3.457559 v g2724/X (sky130_fd_sc_hd__or2_1)
                                                         n2764 (net)
                      0.056941    0.000163    3.457722 v g2736/A (sky130_fd_sc_hd__inv_1)
     1    0.002244    0.031538    0.052705    3.510427 ^ g2736/Y (sky130_fd_sc_hd__inv_1)
                                                         n2776 (net)
                      0.031538    0.000065    3.510492 ^ g2737/B (sky130_fd_sc_hd__and2_1)
     2    0.007317    0.085189    0.149058    3.659549 ^ g2737/X (sky130_fd_sc_hd__and2_1)
                                                         n2777 (net)
                      0.085189    0.000149    3.659698 ^ g3068/A (sky130_fd_sc_hd__xor2_1)
     2    0.004483    0.140719    0.168878    3.828576 ^ g3068/X (sky130_fd_sc_hd__xor2_1)
                                                         n3108 (net)
                      0.140719    0.000078    3.828654 ^ g3070/A (sky130_fd_sc_hd__inv_1)
     1    0.001822    0.034361    0.049758    3.878412 v g3070/Y (sky130_fd_sc_hd__inv_1)
                                                         n3110 (net)
                      0.034361    0.000052    3.878464 v g3071/B (sky130_fd_sc_hd__and2_1)
     2    0.006839    0.051766    0.172715    4.051179 v g3071/X (sky130_fd_sc_hd__and2_1)
                                                         n3111 (net)
                      0.051766    0.000137    4.051316 v g3378/B (sky130_fd_sc_hd__xor2_1)
     2    0.006638    0.067095    0.163655    4.214971 v g3378/X (sky130_fd_sc_hd__xor2_1)
                                                         n3418 (net)
                      0.067095    0.000137    4.215107 v g3381/B (sky130_fd_sc_hd__and2_1)
     1    0.001661    0.030483    0.160928    4.376035 v g3381/X (sky130_fd_sc_hd__and2_1)
                                                         n3421 (net)
                      0.030483    0.000049    4.376084 v g3382/B (sky130_fd_sc_hd__or2_1)
     2    0.004797    0.057010    0.220503    4.596587 v g3382/X (sky130_fd_sc_hd__or2_1)
                                                         n3422 (net)
                      0.057010    0.000116    4.596703 v g3393/A (sky130_fd_sc_hd__and2_1)
     2    0.008537    0.058600    0.171435    4.768138 v g3393/X (sky130_fd_sc_hd__and2_1)
                                                         n3433 (net)
                      0.058600    0.000287    4.768425 v g3636/A (sky130_fd_sc_hd__xor2_1)
     2    0.006255    0.063920    0.184248    4.952673 v g3636/X (sky130_fd_sc_hd__xor2_1)
                                                         n3676 (net)
                      0.063920    0.000103    4.952777 v g3639/B (sky130_fd_sc_hd__and2_1)
     1    0.002146    0.032377    0.162392    5.115169 v g3639/X (sky130_fd_sc_hd__and2_1)
                                                         n3679 (net)
                      0.032377    0.000064    5.115233 v g3640/B (sky130_fd_sc_hd__or2_1)
     2    0.005352    0.059417    0.224495    5.339728 v g3640/X (sky130_fd_sc_hd__or2_1)
                                                         n3680 (net)
                      0.059417    0.000173    5.339900 v g3652/A (sky130_fd_sc_hd__inv_1)
     1    0.002205    0.031815    0.053357    5.393258 ^ g3652/Y (sky130_fd_sc_hd__inv_1)
                                                         n3692 (net)
                      0.031815    0.000048    5.393306 ^ g3653/B (sky130_fd_sc_hd__and2_1)
     2    0.010198    0.110904    0.169373    5.562679 ^ g3653/X (sky130_fd_sc_hd__and2_1)
                                                         n3693 (net)
                      0.110904    0.000366    5.563046 ^ g4188/A (sky130_fd_sc_hd__xor2_1)
     2    0.005563    0.159500    0.191831    5.754877 ^ g4188/X (sky130_fd_sc_hd__xor2_1)
                                                         n4228 (net)
                      0.159500    0.000106    5.754983 ^ g4193/A (sky130_fd_sc_hd__and2_1)
     4    0.009010    0.100399    0.197488    5.952471 ^ g4193/X (sky130_fd_sc_hd__and2_1)
                                                         n4233 (net)
                      0.100399    0.000033    5.952504 ^ g4245/B (sky130_fd_sc_hd__or2_1)
     3    0.011219    0.113325    0.168642    6.121146 ^ g4245/X (sky130_fd_sc_hd__or2_1)
                                                         n4285 (net)
                      0.113326    0.000565    6.121711 ^ g4474/A (sky130_fd_sc_hd__inv_1)
     1    0.001819    0.030232    0.046180    6.167892 v g4474/Y (sky130_fd_sc_hd__inv_1)
                                                         n4514 (net)
                      0.030232    0.000038    6.167930 v g4475/B (sky130_fd_sc_hd__and2_1)
     1    0.001436    0.029564    0.142249    6.310179 v g4475/X (sky130_fd_sc_hd__and2_1)
                                                         n4515 (net)
                      0.029564    0.000028    6.310207 v g4476/B (sky130_fd_sc_hd__or2_1)
     2    0.007145    0.067987    0.234589    6.544796 v g4476/X (sky130_fd_sc_hd__or2_1)
                                                         n4516 (net)
                      0.067987    0.000212    6.545008 v g4726/B (sky130_fd_sc_hd__xor2_1)
     2    0.004983    0.149410    0.169879    6.714888 ^ g4726/X (sky130_fd_sc_hd__xor2_1)
                                                         n4766 (net)
                      0.149410    0.000119    6.715006 ^ g4732/A (sky130_fd_sc_hd__inv_1)
     1    0.001754    0.035249    0.050059    6.765065 v g4732/Y (sky130_fd_sc_hd__inv_1)
                                                         n4772 (net)
                      0.035249    0.000052    6.765117 v g4733/B (sky130_fd_sc_hd__and2_1)
     1    0.012706    0.075707    0.197459    6.962575 v g4733/X (sky130_fd_sc_hd__and2_1)
                                                         zN[19] (net)
                      0.075708    0.000520    6.963096 v zN[19] (out)
                                              6.963096   data arrival time

                      0.000000   10.000000   10.000000   clock __VIRTUAL_CLK__ (rise edge)
                                  0.000000   10.000000   clock network delay (ideal)
                                  0.000000   10.000000   clock reconvergence pessimism
                                  0.000000   10.000000   output external delay
                                             10.000000   data required time
---------------------------------------------------------------------------------------------
                                             10.000000   data required time
                                             -6.963096   data arrival time
---------------------------------------------------------------------------------------------
                                              3.036905   slack (MET)


Startpoint: yN[5] (input port clocked by __VIRTUAL_CLK__)
Endpoint: zN[8] (output port clocked by __VIRTUAL_CLK__)
Path Group: __VIRTUAL_CLK__
Path Type: max

Fanout         Cap        Slew       Delay        Time   Description
---------------------------------------------------------------------------------------------
                      0.000000    0.000000    0.000000   clock __VIRTUAL_CLK__ (rise edge)
                                  0.000000    0.000000   clock network delay (ideal)
                                  0.000000    0.000000 v input external delay
    20    0.085283    0.189297    0.150878    0.150878 v yN[5] (in)
                                                         yN[5] (net)
                      0.190823    0.000000    0.150878 v g33/B (sky130_fd_sc_hd__and2_1)
     1    0.001611    0.030592    0.221121    0.371999 v g33/X (sky130_fd_sc_hd__and2_1)
                                                         n73 (net)
                      0.030592    0.000047    0.372046 v g35/A (sky130_fd_sc_hd__or2_1)
     2    0.004222    0.054698    0.235743    0.607789 v g35/X (sky130_fd_sc_hd__or2_1)
                                                         n75 (net)
                      0.054698    0.000111    0.607900 v g660/A (sky130_fd_sc_hd__inv_1)
     1    0.002058    0.029953    0.050736    0.658635 ^ g660/Y (sky130_fd_sc_hd__inv_1)
                                                         n700 (net)
                      0.029953    0.000060    0.658696 ^ g661/B (sky130_fd_sc_hd__and2_1)
     2    0.010554    0.114199    0.171203    0.829898 ^ g661/X (sky130_fd_sc_hd__and2_1)
                                                         n701 (net)
                      0.114199    0.000467    0.830365 ^ g1104/A (sky130_fd_sc_hd__xor2_1)
     2    0.005268    0.154340    0.188447    1.018812 ^ g1104/X (sky130_fd_sc_hd__xor2_1)
                                                         n1144 (net)
                      0.154340    0.000149    1.018962 ^ g1110/A (sky130_fd_sc_hd__inv_1)
     1    0.001804    0.036123    0.050944    1.069905 v g1110/Y (sky130_fd_sc_hd__inv_1)
                                                         n1150 (net)
                      0.036123    0.000053    1.069958 v g1111/B (sky130_fd_sc_hd__and2_1)
     2    0.006374    0.049736    0.171322    1.241280 v g1111/X (sky130_fd_sc_hd__and2_1)
                                                         n1151 (net)
                      0.049736    0.000121    1.241401 v g1617/A (sky130_fd_sc_hd__xor2_1)
     2    0.006725    0.180014    0.206712    1.448112 ^ g1617/X (sky130_fd_sc_hd__xor2_1)
                                                         n1657 (net)
                      0.180014    0.000121    1.448234 ^ g1618/A (sky130_fd_sc_hd__xor2_1)
     2    0.006499    0.176015    0.217846    1.666080 ^ g1618/X (sky130_fd_sc_hd__xor2_1)
                                                         n1658 (net)
                      0.176015    0.000218    1.666298 ^ g1622/A (sky130_fd_sc_hd__inv_1)
     1    0.001756    0.038831    0.052641    1.718939 v g1622/Y (sky130_fd_sc_hd__inv_1)
                                                         n1662 (net)
                      0.038831    0.000051    1.718990 v g1623/B (sky130_fd_sc_hd__and2_1)
     2    0.006886    0.051997    0.175003    1.893993 v g1623/X (sky130_fd_sc_hd__and2_1)
                                                         n1663 (net)
                      0.051997    0.000138    1.894131 v g2096/A (sky130_fd_sc_hd__xor2_1)
     2    0.004950    0.148800    0.182253    2.076383 ^ g2096/X (sky130_fd_sc_hd__xor2_1)
                                                         n2136 (net)
                      0.148800    0.000147    2.076530 ^ g2102/A (sky130_fd_sc_hd__inv_1)
     1    0.002223    0.037148    0.053813    2.130343 v g2102/Y (sky130_fd_sc_hd__inv_1)
                                                         n2142 (net)
                      0.037148    0.000047    2.130390 v g2103/B (sky130_fd_sc_hd__and2_1)
     2    0.004531    0.042054    0.162993    2.293383 v g2103/X (sky130_fd_sc_hd__and2_1)
                                                         n2143 (net)
                      0.042054    0.000199    2.293582 v g2478/A (sky130_fd_sc_hd__inv_1)
     1    0.001852    0.027023    0.043936    2.337518 ^ g2478/Y (sky130_fd_sc_hd__inv_1)
                                                         n2518 (net)
                      0.027023    0.000038    2.337556 ^ g2479/B (sky130_fd_sc_hd__and2_1)
     2    0.006734    0.080020    0.143407    2.480963 ^ g2479/X (sky130_fd_sc_hd__and2_1)
                                                         n2519 (net)
                      0.080020    0.000206    2.481169 ^ g2810/B (sky130_fd_sc_hd__xor2_1)
     2    0.005155    0.152359    0.184075    2.665244 ^ g2810/X (sky130_fd_sc_hd__xor2_1)
                                                         n2850 (net)
                      0.152359    0.000156    2.665400 ^ g2816/A (sky130_fd_sc_hd__inv_1)
     1    0.002043    0.036878    0.052717    2.718116 v g2816/Y (sky130_fd_sc_hd__inv_1)
                                                         n2856 (net)
                      0.036878    0.000060    2.718177 v g2817/B (sky130_fd_sc_hd__and2_1)
     2    0.006170    0.048855    0.170702    2.888879 v g2817/X (sky130_fd_sc_hd__and2_1)
                                                         n2857 (net)
                      0.048855    0.000139    2.889018 v g3158/B (sky130_fd_sc_hd__xor2_1)
     2    0.005114    0.151652    0.164133    3.053151 ^ g3158/X (sky130_fd_sc_hd__xor2_1)
                                                         n3198 (net)
                      0.151652    0.000121    3.053272 ^ g3160/A (sky130_fd_sc_hd__inv_1)
     1    0.001764    0.035593    0.050357    3.103629 v g3160/Y (sky130_fd_sc_hd__inv_1)
                                                         n3200 (net)
                      0.035593    0.000052    3.103681 v g3161/B (sky130_fd_sc_hd__and2_1)
     2    0.004944    0.043706    0.164282    3.267962 v g3161/X (sky130_fd_sc_hd__and2_1)
                                                         n3201 (net)
                      0.043706    0.000113    3.268075 v g3444/A (sky130_fd_sc_hd__inv_1)
     1    0.002132    0.029052    0.046401    3.314476 ^ g3444/Y (sky130_fd_sc_hd__inv_1)
                                                         n3484 (net)
                      0.029052    0.000063    3.314539 ^ g3445/B (sky130_fd_sc_hd__and2_1)
     2    0.007743    0.089002    0.151287    3.465826 ^ g3445/X (sky130_fd_sc_hd__and2_1)
                                                         n3485 (net)
                      0.089002    0.000179    3.466005 ^ g3675/A (sky130_fd_sc_hd__and2_1)
     2    0.005503    0.069312    0.151126    3.617131 ^ g3675/X (sky130_fd_sc_hd__and2_1)
                                                         n3715 (net)
                      0.069312    0.000149    3.617280 ^ g3680/A (sky130_fd_sc_hd__inv_1)
     1    0.001880    0.022473    0.038014    3.655294 v g3680/Y (sky130_fd_sc_hd__inv_1)
                                                         n3720 (net)
                      0.022473    0.000056    3.655351 v g3681/B (sky130_fd_sc_hd__and2_1)
     2    0.007875    0.056398    0.172121    3.827472 v g3681/X (sky130_fd_sc_hd__and2_1)
                                                         n3721 (net)
                      0.056398    0.000286    3.827758 v g3846/A (sky130_fd_sc_hd__xor2_1)
     2    0.006955    0.184103    0.212930    4.040689 ^ g3846/X (sky130_fd_sc_hd__xor2_1)
                                                         n3886 (net)
                      0.184103    0.000148    4.040836 ^ g3847/A (sky130_fd_sc_hd__xor2_1)
     2    0.005391    0.156489    0.202486    4.243322 ^ g3847/X (sky130_fd_sc_hd__xor2_1)
                                                         n3887 (net)
                      0.156489    0.000171    4.243493 ^ g3858/A (sky130_fd_sc_hd__inv_1)
     1    0.002072    0.037572    0.053388    4.296880 v g3858/Y (sky130_fd_sc_hd__inv_1)
                                                         n3898 (net)
                      0.037572    0.000060    4.296941 v g3859/B (sky130_fd_sc_hd__and2_1)
     2    0.006465    0.050149    0.172398    4.469339 v g3859/X (sky130_fd_sc_hd__and2_1)
                                                         n3899 (net)
                      0.050149    0.000167    4.469506 v g3971/B (sky130_fd_sc_hd__xor2_1)
     2    0.006670    0.066400    0.163240    4.632746 v g3971/X (sky130_fd_sc_hd__xor2_1)
                                                         n4011 (net)
                      0.066400    0.000128    4.632874 v g3974/B (sky130_fd_sc_hd__and2_1)
     1    0.002141    0.032353    0.163559    4.796433 v g3974/X (sky130_fd_sc_hd__and2_1)
                                                         n4014 (net)
                      0.032353    0.000064    4.796497 v g3975/B (sky130_fd_sc_hd__or2_1)
     2    0.006123    0.062940    0.229214    5.025711 v g3975/X (sky130_fd_sc_hd__or2_1)
                                                         n4015 (net)
                      0.062940    0.000208    5.025919 v g3980/A (sky130_fd_sc_hd__inv_1)
     1    0.001918    0.030845    0.052733    5.078652 ^ g3980/Y (sky130_fd_sc_hd__inv_1)
                                                         n4020 (net)
                      0.030845    0.000056    5.078708 ^ g3981/B (sky130_fd_sc_hd__and2_1)
     2    0.009037    0.100252    0.161080    5.239788 ^ g3981/X (sky130_fd_sc_hd__and2_1)
                                                         n4021 (net)
                      0.100252    0.000314    5.240101 ^ g4074/A (sky130_fd_sc_hd__xor2_1)
     2    0.005030    0.150210    0.181084    5.421185 ^ g4074/X (sky130_fd_sc_hd__xor2_1)
                                                         n4114 (net)
                      0.150210    0.000141    5.421326 ^ g4080/A (sky130_fd_sc_hd__inv_1)
     1    0.001716    0.035195    0.049826    5.471152 v g4080/Y (sky130_fd_sc_hd__inv_1)
                                                         n4120 (net)
                      0.035195    0.000050    5.471201 v g4081/B (sky130_fd_sc_hd__and2_1)
     4    0.009865    0.063849    0.186604    5.657805 v g4081/X (sky130_fd_sc_hd__and2_1)
                                                         n4121 (net)
                      0.063849    0.000262    5.658067 v g4236/B (sky130_fd_sc_hd__or2_1)
     3    0.009405    0.077493    0.260057    5.918124 v g4236/X (sky130_fd_sc_hd__or2_1)
                                                         n4276 (net)
                      0.077493    0.000281    5.918405 v g4342/B (sky130_fd_sc_hd__and2_1)
     1    0.001648    0.030420    0.165860    6.084265 v g4342/X (sky130_fd_sc_hd__and2_1)
                                                         n4382 (net)
                      0.030420    0.000048    6.084313 v g4345/A (sky130_fd_sc_hd__or2_1)
     2    0.006523    0.064834    0.249676    6.333989 v g4345/X (sky130_fd_sc_hd__or2_1)
                                                         n4385 (net)
                      0.064834    0.000184    6.334173 v g4594/A (sky130_fd_sc_hd__xor2_1)
     2    0.005582    0.159851    0.196955    6.531129 ^ g4594/X (sky130_fd_sc_hd__xor2_1)
                                                         n4634 (net)
                      0.159851    0.000122    6.531250 ^ g4600/A (sky130_fd_sc_hd__inv_1)
     1    0.001772    0.036726    0.051212    6.582462 v g4600/Y (sky130_fd_sc_hd__inv_1)
                                                         n4640 (net)
                      0.036726    0.000051    6.582513 v g4601/B (sky130_fd_sc_hd__and2_1)
     1    0.015712    0.088511    0.209650    6.792163 v g4601/X (sky130_fd_sc_hd__and2_1)
                                                         zN[8] (net)
                      0.088515    0.000691    6.792854 v zN[8] (out)
                                              6.792854   data arrival time

                      0.000000   10.000000   10.000000   clock __VIRTUAL_CLK__ (rise edge)
                                  0.000000   10.000000   clock network delay (ideal)
                                  0.000000   10.000000   clock reconvergence pessimism
                                  0.000000   10.000000   output external delay
                                             10.000000   data required time
---------------------------------------------------------------------------------------------
                                             10.000000   data required time
                                             -6.792854   data arrival time
---------------------------------------------------------------------------------------------
                                              3.207146   slack (MET)


Startpoint: yN[5] (input port clocked by __VIRTUAL_CLK__)
Endpoint: zP[8] (output port clocked by __VIRTUAL_CLK__)
Path Group: __VIRTUAL_CLK__
Path Type: max

Fanout         Cap        Slew       Delay        Time   Description
---------------------------------------------------------------------------------------------
                      0.000000    0.000000    0.000000   clock __VIRTUAL_CLK__ (rise edge)
                                  0.000000    0.000000   clock network delay (ideal)
                                  0.000000    0.000000 v input external delay
    20    0.085283    0.189297    0.150878    0.150878 v yN[5] (in)
                                                         yN[5] (net)
                      0.190823    0.000000    0.150878 v g33/B (sky130_fd_sc_hd__and2_1)
     1    0.001611    0.030592    0.221121    0.371999 v g33/X (sky130_fd_sc_hd__and2_1)
                                                         n73 (net)
                      0.030592    0.000047    0.372046 v g35/A (sky130_fd_sc_hd__or2_1)
     2    0.004222    0.054698    0.235743    0.607789 v g35/X (sky130_fd_sc_hd__or2_1)
                                                         n75 (net)
                      0.054698    0.000111    0.607900 v g660/A (sky130_fd_sc_hd__inv_1)
     1    0.002058    0.029953    0.050736    0.658635 ^ g660/Y (sky130_fd_sc_hd__inv_1)
                                                         n700 (net)
                      0.029953    0.000060    0.658696 ^ g661/B (sky130_fd_sc_hd__and2_1)
     2    0.010554    0.114199    0.171203    0.829898 ^ g661/X (sky130_fd_sc_hd__and2_1)
                                                         n701 (net)
                      0.114199    0.000467    0.830365 ^ g1104/A (sky130_fd_sc_hd__xor2_1)
     2    0.005268    0.154340    0.188447    1.018812 ^ g1104/X (sky130_fd_sc_hd__xor2_1)
                                                         n1144 (net)
                      0.154340    0.000149    1.018962 ^ g1110/A (sky130_fd_sc_hd__inv_1)
     1    0.001804    0.036123    0.050944    1.069905 v g1110/Y (sky130_fd_sc_hd__inv_1)
                                                         n1150 (net)
                      0.036123    0.000053    1.069958 v g1111/B (sky130_fd_sc_hd__and2_1)
     2    0.006374    0.049736    0.171322    1.241280 v g1111/X (sky130_fd_sc_hd__and2_1)
                                                         n1151 (net)
                      0.049736    0.000121    1.241401 v g1617/A (sky130_fd_sc_hd__xor2_1)
     2    0.006725    0.180014    0.206712    1.448112 ^ g1617/X (sky130_fd_sc_hd__xor2_1)
                                                         n1657 (net)
                      0.180014    0.000121    1.448234 ^ g1618/A (sky130_fd_sc_hd__xor2_1)
     2    0.006499    0.176015    0.217846    1.666080 ^ g1618/X (sky130_fd_sc_hd__xor2_1)
                                                         n1658 (net)
                      0.176015    0.000218    1.666298 ^ g1622/A (sky130_fd_sc_hd__inv_1)
     1    0.001756    0.038831    0.052641    1.718939 v g1622/Y (sky130_fd_sc_hd__inv_1)
                                                         n1662 (net)
                      0.038831    0.000051    1.718990 v g1623/B (sky130_fd_sc_hd__and2_1)
     2    0.006886    0.051997    0.175003    1.893993 v g1623/X (sky130_fd_sc_hd__and2_1)
                                                         n1663 (net)
                      0.051997    0.000138    1.894131 v g2096/A (sky130_fd_sc_hd__xor2_1)
     2    0.004950    0.148800    0.182253    2.076383 ^ g2096/X (sky130_fd_sc_hd__xor2_1)
                                                         n2136 (net)
                      0.148800    0.000147    2.076530 ^ g2102/A (sky130_fd_sc_hd__inv_1)
     1    0.002223    0.037148    0.053813    2.130343 v g2102/Y (sky130_fd_sc_hd__inv_1)
                                                         n2142 (net)
                      0.037148    0.000047    2.130390 v g2103/B (sky130_fd_sc_hd__and2_1)
     2    0.004531    0.042054    0.162993    2.293383 v g2103/X (sky130_fd_sc_hd__and2_1)
                                                         n2143 (net)
                      0.042054    0.000199    2.293582 v g2478/A (sky130_fd_sc_hd__inv_1)
     1    0.001852    0.027023    0.043936    2.337518 ^ g2478/Y (sky130_fd_sc_hd__inv_1)
                                                         n2518 (net)
                      0.027023    0.000038    2.337556 ^ g2479/B (sky130_fd_sc_hd__and2_1)
     2    0.006734    0.080020    0.143407    2.480963 ^ g2479/X (sky130_fd_sc_hd__and2_1)
                                                         n2519 (net)
                      0.080020    0.000206    2.481169 ^ g2810/B (sky130_fd_sc_hd__xor2_1)
     2    0.005155    0.152359    0.184075    2.665244 ^ g2810/X (sky130_fd_sc_hd__xor2_1)
                                                         n2850 (net)
                      0.152359    0.000156    2.665400 ^ g2816/A (sky130_fd_sc_hd__inv_1)
     1    0.002043    0.036878    0.052717    2.718116 v g2816/Y (sky130_fd_sc_hd__inv_1)
                                                         n2856 (net)
                      0.036878    0.000060    2.718177 v g2817/B (sky130_fd_sc_hd__and2_1)
     2    0.006170    0.048855    0.170702    2.888879 v g2817/X (sky130_fd_sc_hd__and2_1)
                                                         n2857 (net)
                      0.048855    0.000139    2.889018 v g3158/B (sky130_fd_sc_hd__xor2_1)
     2    0.005114    0.151652    0.164133    3.053151 ^ g3158/X (sky130_fd_sc_hd__xor2_1)
                                                         n3198 (net)
                      0.151652    0.000121    3.053272 ^ g3160/A (sky130_fd_sc_hd__inv_1)
     1    0.001764    0.035593    0.050357    3.103629 v g3160/Y (sky130_fd_sc_hd__inv_1)
                                                         n3200 (net)
                      0.035593    0.000052    3.103681 v g3161/B (sky130_fd_sc_hd__and2_1)
     2    0.004944    0.043706    0.164282    3.267962 v g3161/X (sky130_fd_sc_hd__and2_1)
                                                         n3201 (net)
                      0.043706    0.000113    3.268075 v g3444/A (sky130_fd_sc_hd__inv_1)
     1    0.002132    0.029052    0.046401    3.314476 ^ g3444/Y (sky130_fd_sc_hd__inv_1)
                                                         n3484 (net)
                      0.029052    0.000063    3.314539 ^ g3445/B (sky130_fd_sc_hd__and2_1)
     2    0.007743    0.089002    0.151287    3.465826 ^ g3445/X (sky130_fd_sc_hd__and2_1)
                                                         n3485 (net)
                      0.089002    0.000179    3.466005 ^ g3675/A (sky130_fd_sc_hd__and2_1)
     2    0.005503    0.069312    0.151126    3.617131 ^ g3675/X (sky130_fd_sc_hd__and2_1)
                                                         n3715 (net)
                      0.069312    0.000149    3.617280 ^ g3680/A (sky130_fd_sc_hd__inv_1)
     1    0.001880    0.022473    0.038014    3.655294 v g3680/Y (sky130_fd_sc_hd__inv_1)
                                                         n3720 (net)
                      0.022473    0.000056    3.655351 v g3681/B (sky130_fd_sc_hd__and2_1)
     2    0.007875    0.056398    0.172121    3.827472 v g3681/X (sky130_fd_sc_hd__and2_1)
                                                         n3721 (net)
                      0.056398    0.000286    3.827758 v g3846/A (sky130_fd_sc_hd__xor2_1)
     2    0.006955    0.184103    0.212930    4.040689 ^ g3846/X (sky130_fd_sc_hd__xor2_1)
                                                         n3886 (net)
                      0.184103    0.000148    4.040836 ^ g3847/A (sky130_fd_sc_hd__xor2_1)
     2    0.005391    0.156489    0.202486    4.243322 ^ g3847/X (sky130_fd_sc_hd__xor2_1)
                                                         n3887 (net)
                      0.156489    0.000171    4.243493 ^ g3858/A (sky130_fd_sc_hd__inv_1)
     1    0.002072    0.037572    0.053388    4.296880 v g3858/Y (sky130_fd_sc_hd__inv_1)
                                                         n3898 (net)
                      0.037572    0.000060    4.296941 v g3859/B (sky130_fd_sc_hd__and2_1)
     2    0.006465    0.050149    0.172398    4.469339 v g3859/X (sky130_fd_sc_hd__and2_1)
                                                         n3899 (net)
                      0.050149    0.000167    4.469506 v g3971/B (sky130_fd_sc_hd__xor2_1)
     2    0.006670    0.066400    0.163240    4.632746 v g3971/X (sky130_fd_sc_hd__xor2_1)
                                                         n4011 (net)
                      0.066400    0.000128    4.632874 v g3974/B (sky130_fd_sc_hd__and2_1)
     1    0.002141    0.032353    0.163559    4.796433 v g3974/X (sky130_fd_sc_hd__and2_1)
                                                         n4014 (net)
                      0.032353    0.000064    4.796497 v g3975/B (sky130_fd_sc_hd__or2_1)
     2    0.006123    0.062940    0.229214    5.025711 v g3975/X (sky130_fd_sc_hd__or2_1)
                                                         n4015 (net)
                      0.062940    0.000208    5.025919 v g3980/A (sky130_fd_sc_hd__inv_1)
     1    0.001918    0.030845    0.052733    5.078652 ^ g3980/Y (sky130_fd_sc_hd__inv_1)
                                                         n4020 (net)
                      0.030845    0.000056    5.078708 ^ g3981/B (sky130_fd_sc_hd__and2_1)
     2    0.009037    0.100252    0.161080    5.239788 ^ g3981/X (sky130_fd_sc_hd__and2_1)
                                                         n4021 (net)
                      0.100252    0.000314    5.240101 ^ g4074/A (sky130_fd_sc_hd__xor2_1)
     2    0.005030    0.150210    0.181084    5.421185 ^ g4074/X (sky130_fd_sc_hd__xor2_1)
                                                         n4114 (net)
                      0.150210    0.000141    5.421326 ^ g4080/A (sky130_fd_sc_hd__inv_1)
     1    0.001716    0.035195    0.049826    5.471152 v g4080/Y (sky130_fd_sc_hd__inv_1)
                                                         n4120 (net)
                      0.035195    0.000050    5.471201 v g4081/B (sky130_fd_sc_hd__and2_1)
     4    0.009865    0.063849    0.186604    5.657805 v g4081/X (sky130_fd_sc_hd__and2_1)
                                                         n4121 (net)
                      0.063849    0.000262    5.658067 v g4236/B (sky130_fd_sc_hd__or2_1)
     3    0.009405    0.077493    0.260057    5.918124 v g4236/X (sky130_fd_sc_hd__or2_1)
                                                         n4276 (net)
                      0.077493    0.000281    5.918405 v g4342/B (sky130_fd_sc_hd__and2_1)
     1    0.001648    0.030420    0.165860    6.084265 v g4342/X (sky130_fd_sc_hd__and2_1)
                                                         n4382 (net)
                      0.030420    0.000048    6.084313 v g4345/A (sky130_fd_sc_hd__or2_1)
     2    0.006523    0.064834    0.249676    6.333989 v g4345/X (sky130_fd_sc_hd__or2_1)
                                                         n4385 (net)
                      0.064834    0.000184    6.334173 v g4594/A (sky130_fd_sc_hd__xor2_1)
     2    0.005582    0.159851    0.196955    6.531129 ^ g4594/X (sky130_fd_sc_hd__xor2_1)
                                                         n4634 (net)
                      0.159851    0.000128    6.531257 ^ g4599/A (sky130_fd_sc_hd__and2_1)
     1    0.014797    0.153724    0.237540    6.768797 ^ g4599/X (sky130_fd_sc_hd__and2_1)
                                                         zP[8] (net)
                      0.153725    0.000678    6.769475 ^ zP[8] (out)
                                              6.769475   data arrival time

                      0.000000   10.000000   10.000000   clock __VIRTUAL_CLK__ (rise edge)
                                  0.000000   10.000000   clock network delay (ideal)
                                  0.000000   10.000000   clock reconvergence pessimism
                                  0.000000   10.000000   output external delay
                                             10.000000   data required time
---------------------------------------------------------------------------------------------
                                             10.000000   data required time
                                             -6.769475   data arrival time
---------------------------------------------------------------------------------------------
                                              3.230526   slack (MET)


Startpoint: yN[5] (input port clocked by __VIRTUAL_CLK__)
Endpoint: zN[7] (output port clocked by __VIRTUAL_CLK__)
Path Group: __VIRTUAL_CLK__
Path Type: max

Fanout         Cap        Slew       Delay        Time   Description
---------------------------------------------------------------------------------------------
                      0.000000    0.000000    0.000000   clock __VIRTUAL_CLK__ (rise edge)
                                  0.000000    0.000000   clock network delay (ideal)
                                  0.000000    0.000000 v input external delay
    20    0.085283    0.189297    0.150878    0.150878 v yN[5] (in)
                                                         yN[5] (net)
                      0.190823    0.000000    0.150878 v g33/B (sky130_fd_sc_hd__and2_1)
     1    0.001611    0.030592    0.221121    0.371999 v g33/X (sky130_fd_sc_hd__and2_1)
                                                         n73 (net)
                      0.030592    0.000047    0.372046 v g35/A (sky130_fd_sc_hd__or2_1)
     2    0.004222    0.054698    0.235743    0.607789 v g35/X (sky130_fd_sc_hd__or2_1)
                                                         n75 (net)
                      0.054698    0.000111    0.607900 v g660/A (sky130_fd_sc_hd__inv_1)
     1    0.002058    0.029953    0.050736    0.658635 ^ g660/Y (sky130_fd_sc_hd__inv_1)
                                                         n700 (net)
                      0.029953    0.000060    0.658696 ^ g661/B (sky130_fd_sc_hd__and2_1)
     2    0.010554    0.114199    0.171203    0.829898 ^ g661/X (sky130_fd_sc_hd__and2_1)
                                                         n701 (net)
                      0.114199    0.000467    0.830365 ^ g1104/A (sky130_fd_sc_hd__xor2_1)
     2    0.005268    0.154340    0.188447    1.018812 ^ g1104/X (sky130_fd_sc_hd__xor2_1)
                                                         n1144 (net)
                      0.154340    0.000149    1.018962 ^ g1110/A (sky130_fd_sc_hd__inv_1)
     1    0.001804    0.036123    0.050944    1.069905 v g1110/Y (sky130_fd_sc_hd__inv_1)
                                                         n1150 (net)
                      0.036123    0.000053    1.069958 v g1111/B (sky130_fd_sc_hd__and2_1)
     2    0.006374    0.049736    0.171322    1.241280 v g1111/X (sky130_fd_sc_hd__and2_1)
                                                         n1151 (net)
                      0.049736    0.000121    1.241401 v g1617/A (sky130_fd_sc_hd__xor2_1)
     2    0.006725    0.180014    0.206712    1.448112 ^ g1617/X (sky130_fd_sc_hd__xor2_1)
                                                         n1657 (net)
                      0.180014    0.000121    1.448234 ^ g1618/A (sky130_fd_sc_hd__xor2_1)
     2    0.006499    0.176015    0.217846    1.666080 ^ g1618/X (sky130_fd_sc_hd__xor2_1)
                                                         n1658 (net)
                      0.176015    0.000218    1.666298 ^ g1622/A (sky130_fd_sc_hd__inv_1)
     1    0.001756    0.038831    0.052641    1.718939 v g1622/Y (sky130_fd_sc_hd__inv_1)
                                                         n1662 (net)
                      0.038831    0.000051    1.718990 v g1623/B (sky130_fd_sc_hd__and2_1)
     2    0.006886    0.051997    0.175003    1.893993 v g1623/X (sky130_fd_sc_hd__and2_1)
                                                         n1663 (net)
                      0.051997    0.000138    1.894131 v g2096/A (sky130_fd_sc_hd__xor2_1)
     2    0.004950    0.148800    0.182253    2.076383 ^ g2096/X (sky130_fd_sc_hd__xor2_1)
                                                         n2136 (net)
                      0.148800    0.000147    2.076530 ^ g2102/A (sky130_fd_sc_hd__inv_1)
     1    0.002223    0.037148    0.053813    2.130343 v g2102/Y (sky130_fd_sc_hd__inv_1)
                                                         n2142 (net)
                      0.037148    0.000047    2.130390 v g2103/B (sky130_fd_sc_hd__and2_1)
     2    0.004531    0.042054    0.162993    2.293383 v g2103/X (sky130_fd_sc_hd__and2_1)
                                                         n2143 (net)
                      0.042054    0.000199    2.293582 v g2478/A (sky130_fd_sc_hd__inv_1)
     1    0.001852    0.027023    0.043936    2.337518 ^ g2478/Y (sky130_fd_sc_hd__inv_1)
                                                         n2518 (net)
                      0.027023    0.000038    2.337556 ^ g2479/B (sky130_fd_sc_hd__and2_1)
     2    0.006734    0.080020    0.143407    2.480963 ^ g2479/X (sky130_fd_sc_hd__and2_1)
                                                         n2519 (net)
                      0.080020    0.000206    2.481169 ^ g2810/B (sky130_fd_sc_hd__xor2_1)
     2    0.005155    0.152359    0.184075    2.665244 ^ g2810/X (sky130_fd_sc_hd__xor2_1)
                                                         n2850 (net)
                      0.152359    0.000156    2.665400 ^ g2816/A (sky130_fd_sc_hd__inv_1)
     1    0.002043    0.036878    0.052717    2.718116 v g2816/Y (sky130_fd_sc_hd__inv_1)
                                                         n2856 (net)
                      0.036878    0.000060    2.718177 v g2817/B (sky130_fd_sc_hd__and2_1)
     2    0.006170    0.048855    0.170702    2.888879 v g2817/X (sky130_fd_sc_hd__and2_1)
                                                         n2857 (net)
                      0.048855    0.000139    2.889018 v g3158/B (sky130_fd_sc_hd__xor2_1)
     2    0.005114    0.151652    0.164133    3.053151 ^ g3158/X (sky130_fd_sc_hd__xor2_1)
                                                         n3198 (net)
                      0.151652    0.000121    3.053272 ^ g3160/A (sky130_fd_sc_hd__inv_1)
     1    0.001764    0.035593    0.050357    3.103629 v g3160/Y (sky130_fd_sc_hd__inv_1)
                                                         n3200 (net)
                      0.035593    0.000052    3.103681 v g3161/B (sky130_fd_sc_hd__and2_1)
     2    0.004944    0.043706    0.164282    3.267962 v g3161/X (sky130_fd_sc_hd__and2_1)
                                                         n3201 (net)
                      0.043706    0.000113    3.268075 v g3444/A (sky130_fd_sc_hd__inv_1)
     1    0.002132    0.029052    0.046401    3.314476 ^ g3444/Y (sky130_fd_sc_hd__inv_1)
                                                         n3484 (net)
                      0.029052    0.000063    3.314539 ^ g3445/B (sky130_fd_sc_hd__and2_1)
     2    0.007743    0.089002    0.151287    3.465826 ^ g3445/X (sky130_fd_sc_hd__and2_1)
                                                         n3485 (net)
                      0.089002    0.000179    3.466005 ^ g3675/A (sky130_fd_sc_hd__and2_1)
     2    0.005503    0.069312    0.151126    3.617131 ^ g3675/X (sky130_fd_sc_hd__and2_1)
                                                         n3715 (net)
                      0.069312    0.000149    3.617280 ^ g3680/A (sky130_fd_sc_hd__inv_1)
     1    0.001880    0.022473    0.038014    3.655294 v g3680/Y (sky130_fd_sc_hd__inv_1)
                                                         n3720 (net)
                      0.022473    0.000056    3.655351 v g3681/B (sky130_fd_sc_hd__and2_1)
     2    0.007875    0.056398    0.172121    3.827472 v g3681/X (sky130_fd_sc_hd__and2_1)
                                                         n3721 (net)
                      0.056398    0.000286    3.827758 v g3846/A (sky130_fd_sc_hd__xor2_1)
     2    0.006955    0.184103    0.212930    4.040689 ^ g3846/X (sky130_fd_sc_hd__xor2_1)
                                                         n3886 (net)
                      0.184103    0.000148    4.040836 ^ g3847/A (sky130_fd_sc_hd__xor2_1)
     2    0.005391    0.156489    0.202486    4.243322 ^ g3847/X (sky130_fd_sc_hd__xor2_1)
                                                         n3887 (net)
                      0.156489    0.000171    4.243493 ^ g3858/A (sky130_fd_sc_hd__inv_1)
     1    0.002072    0.037572    0.053388    4.296880 v g3858/Y (sky130_fd_sc_hd__inv_1)
                                                         n3898 (net)
                      0.037572    0.000060    4.296941 v g3859/B (sky130_fd_sc_hd__and2_1)
     2    0.006465    0.050149    0.172398    4.469339 v g3859/X (sky130_fd_sc_hd__and2_1)
                                                         n3899 (net)
                      0.050149    0.000167    4.469506 v g3971/B (sky130_fd_sc_hd__xor2_1)
     2    0.006670    0.066400    0.163240    4.632746 v g3971/X (sky130_fd_sc_hd__xor2_1)
                                                         n4011 (net)
                      0.066400    0.000128    4.632874 v g3974/B (sky130_fd_sc_hd__and2_1)
     1    0.002141    0.032353    0.163559    4.796433 v g3974/X (sky130_fd_sc_hd__and2_1)
                                                         n4014 (net)
                      0.032353    0.000064    4.796497 v g3975/B (sky130_fd_sc_hd__or2_1)
     2    0.006123    0.062940    0.229214    5.025711 v g3975/X (sky130_fd_sc_hd__or2_1)
                                                         n4015 (net)
                      0.062940    0.000208    5.025919 v g3980/A (sky130_fd_sc_hd__inv_1)
     1    0.001918    0.030845    0.052733    5.078652 ^ g3980/Y (sky130_fd_sc_hd__inv_1)
                                                         n4020 (net)
                      0.030845    0.000056    5.078708 ^ g3981/B (sky130_fd_sc_hd__and2_1)
     2    0.009037    0.100252    0.161080    5.239788 ^ g3981/X (sky130_fd_sc_hd__and2_1)
                                                         n4021 (net)
                      0.100252    0.000314    5.240101 ^ g4074/A (sky130_fd_sc_hd__xor2_1)
     2    0.005030    0.150210    0.181084    5.421185 ^ g4074/X (sky130_fd_sc_hd__xor2_1)
                                                         n4114 (net)
                      0.150210    0.000141    5.421326 ^ g4080/A (sky130_fd_sc_hd__inv_1)
     1    0.001716    0.035195    0.049826    5.471152 v g4080/Y (sky130_fd_sc_hd__inv_1)
                                                         n4120 (net)
                      0.035195    0.000050    5.471201 v g4081/B (sky130_fd_sc_hd__and2_1)
     4    0.009865    0.063849    0.186604    5.657805 v g4081/X (sky130_fd_sc_hd__and2_1)
                                                         n4121 (net)
                      0.063849    0.000286    5.658092 v g4330/A (sky130_fd_sc_hd__and2_1)
     1    0.001469    0.029715    0.138816    5.796907 v g4330/X (sky130_fd_sc_hd__and2_1)
                                                         n4370 (net)
                      0.029715    0.000029    5.796937 v g4331/B (sky130_fd_sc_hd__or2_1)
     2    0.006480    0.064628    0.230560    6.027496 v g4331/X (sky130_fd_sc_hd__or2_1)
                                                         n4371 (net)
                      0.064628    0.000179    6.027676 v g4582/A (sky130_fd_sc_hd__xor2_1)
     2    0.005934    0.166036    0.201928    6.229604 ^ g4582/X (sky130_fd_sc_hd__xor2_1)
                                                         n4622 (net)
                      0.166036    0.000131    6.229735 ^ g4588/A (sky130_fd_sc_hd__inv_1)
     1    0.002235    0.039621    0.055806    6.285542 v g4588/Y (sky130_fd_sc_hd__inv_1)
                                                         n4628 (net)
                      0.039621    0.000051    6.285593 v g4589/B (sky130_fd_sc_hd__and2_1)
     1    0.011753    0.071676    0.195913    6.481506 v g4589/X (sky130_fd_sc_hd__and2_1)
                                                         zN[7] (net)
                      0.071676    0.000324    6.481830 v zN[7] (out)
                                              6.481830   data arrival time

                      0.000000   10.000000   10.000000   clock __VIRTUAL_CLK__ (rise edge)
                                  0.000000   10.000000   clock network delay (ideal)
                                  0.000000   10.000000   clock reconvergence pessimism
                                  0.000000   10.000000   output external delay
                                             10.000000   data required time
---------------------------------------------------------------------------------------------
                                             10.000000   data required time
                                             -6.481830   data arrival time
---------------------------------------------------------------------------------------------
                                              3.518171   slack (MET)


Startpoint: yN[5] (input port clocked by __VIRTUAL_CLK__)
Endpoint: zP[7] (output port clocked by __VIRTUAL_CLK__)
Path Group: __VIRTUAL_CLK__
Path Type: max

Fanout         Cap        Slew       Delay        Time   Description
---------------------------------------------------------------------------------------------
                      0.000000    0.000000    0.000000   clock __VIRTUAL_CLK__ (rise edge)
                                  0.000000    0.000000   clock network delay (ideal)
                                  0.000000    0.000000 v input external delay
    20    0.085283    0.189297    0.150878    0.150878 v yN[5] (in)
                                                         yN[5] (net)
                      0.190823    0.000000    0.150878 v g33/B (sky130_fd_sc_hd__and2_1)
     1    0.001611    0.030592    0.221121    0.371999 v g33/X (sky130_fd_sc_hd__and2_1)
                                                         n73 (net)
                      0.030592    0.000047    0.372046 v g35/A (sky130_fd_sc_hd__or2_1)
     2    0.004222    0.054698    0.235743    0.607789 v g35/X (sky130_fd_sc_hd__or2_1)
                                                         n75 (net)
                      0.054698    0.000111    0.607900 v g660/A (sky130_fd_sc_hd__inv_1)
     1    0.002058    0.029953    0.050736    0.658635 ^ g660/Y (sky130_fd_sc_hd__inv_1)
                                                         n700 (net)
                      0.029953    0.000060    0.658696 ^ g661/B (sky130_fd_sc_hd__and2_1)
     2    0.010554    0.114199    0.171203    0.829898 ^ g661/X (sky130_fd_sc_hd__and2_1)
                                                         n701 (net)
                      0.114199    0.000467    0.830365 ^ g1104/A (sky130_fd_sc_hd__xor2_1)
     2    0.005268    0.154340    0.188447    1.018812 ^ g1104/X (sky130_fd_sc_hd__xor2_1)
                                                         n1144 (net)
                      0.154340    0.000149    1.018962 ^ g1110/A (sky130_fd_sc_hd__inv_1)
     1    0.001804    0.036123    0.050944    1.069905 v g1110/Y (sky130_fd_sc_hd__inv_1)
                                                         n1150 (net)
                      0.036123    0.000053    1.069958 v g1111/B (sky130_fd_sc_hd__and2_1)
     2    0.006374    0.049736    0.171322    1.241280 v g1111/X (sky130_fd_sc_hd__and2_1)
                                                         n1151 (net)
                      0.049736    0.000121    1.241401 v g1617/A (sky130_fd_sc_hd__xor2_1)
     2    0.006725    0.180014    0.206712    1.448112 ^ g1617/X (sky130_fd_sc_hd__xor2_1)
                                                         n1657 (net)
                      0.180014    0.000121    1.448234 ^ g1618/A (sky130_fd_sc_hd__xor2_1)
     2    0.006499    0.176015    0.217846    1.666080 ^ g1618/X (sky130_fd_sc_hd__xor2_1)
                                                         n1658 (net)
                      0.176015    0.000218    1.666298 ^ g1622/A (sky130_fd_sc_hd__inv_1)
     1    0.001756    0.038831    0.052641    1.718939 v g1622/Y (sky130_fd_sc_hd__inv_1)
                                                         n1662 (net)
                      0.038831    0.000051    1.718990 v g1623/B (sky130_fd_sc_hd__and2_1)
     2    0.006886    0.051997    0.175003    1.893993 v g1623/X (sky130_fd_sc_hd__and2_1)
                                                         n1663 (net)
                      0.051997    0.000138    1.894131 v g2096/A (sky130_fd_sc_hd__xor2_1)
     2    0.004950    0.148800    0.182253    2.076383 ^ g2096/X (sky130_fd_sc_hd__xor2_1)
                                                         n2136 (net)
                      0.148800    0.000147    2.076530 ^ g2102/A (sky130_fd_sc_hd__inv_1)
     1    0.002223    0.037148    0.053813    2.130343 v g2102/Y (sky130_fd_sc_hd__inv_1)
                                                         n2142 (net)
                      0.037148    0.000047    2.130390 v g2103/B (sky130_fd_sc_hd__and2_1)
     2    0.004531    0.042054    0.162993    2.293383 v g2103/X (sky130_fd_sc_hd__and2_1)
                                                         n2143 (net)
                      0.042054    0.000199    2.293582 v g2478/A (sky130_fd_sc_hd__inv_1)
     1    0.001852    0.027023    0.043936    2.337518 ^ g2478/Y (sky130_fd_sc_hd__inv_1)
                                                         n2518 (net)
                      0.027023    0.000038    2.337556 ^ g2479/B (sky130_fd_sc_hd__and2_1)
     2    0.006734    0.080020    0.143407    2.480963 ^ g2479/X (sky130_fd_sc_hd__and2_1)
                                                         n2519 (net)
                      0.080020    0.000206    2.481169 ^ g2810/B (sky130_fd_sc_hd__xor2_1)
     2    0.005155    0.152359    0.184075    2.665244 ^ g2810/X (sky130_fd_sc_hd__xor2_1)
                                                         n2850 (net)
                      0.152359    0.000156    2.665400 ^ g2816/A (sky130_fd_sc_hd__inv_1)
     1    0.002043    0.036878    0.052717    2.718116 v g2816/Y (sky130_fd_sc_hd__inv_1)
                                                         n2856 (net)
                      0.036878    0.000060    2.718177 v g2817/B (sky130_fd_sc_hd__and2_1)
     2    0.006170    0.048855    0.170702    2.888879 v g2817/X (sky130_fd_sc_hd__and2_1)
                                                         n2857 (net)
                      0.048855    0.000139    2.889018 v g3158/B (sky130_fd_sc_hd__xor2_1)
     2    0.005114    0.151652    0.164133    3.053151 ^ g3158/X (sky130_fd_sc_hd__xor2_1)
                                                         n3198 (net)
                      0.151652    0.000121    3.053272 ^ g3160/A (sky130_fd_sc_hd__inv_1)
     1    0.001764    0.035593    0.050357    3.103629 v g3160/Y (sky130_fd_sc_hd__inv_1)
                                                         n3200 (net)
                      0.035593    0.000052    3.103681 v g3161/B (sky130_fd_sc_hd__and2_1)
     2    0.004944    0.043706    0.164282    3.267962 v g3161/X (sky130_fd_sc_hd__and2_1)
                                                         n3201 (net)
                      0.043706    0.000113    3.268075 v g3444/A (sky130_fd_sc_hd__inv_1)
     1    0.002132    0.029052    0.046401    3.314476 ^ g3444/Y (sky130_fd_sc_hd__inv_1)
                                                         n3484 (net)
                      0.029052    0.000063    3.314539 ^ g3445/B (sky130_fd_sc_hd__and2_1)
     2    0.007743    0.089002    0.151287    3.465826 ^ g3445/X (sky130_fd_sc_hd__and2_1)
                                                         n3485 (net)
                      0.089002    0.000179    3.466005 ^ g3675/A (sky130_fd_sc_hd__and2_1)
     2    0.005503    0.069312    0.151126    3.617131 ^ g3675/X (sky130_fd_sc_hd__and2_1)
                                                         n3715 (net)
                      0.069312    0.000149    3.617280 ^ g3680/A (sky130_fd_sc_hd__inv_1)
     1    0.001880    0.022473    0.038014    3.655294 v g3680/Y (sky130_fd_sc_hd__inv_1)
                                                         n3720 (net)
                      0.022473    0.000056    3.655351 v g3681/B (sky130_fd_sc_hd__and2_1)
     2    0.007875    0.056398    0.172121    3.827472 v g3681/X (sky130_fd_sc_hd__and2_1)
                                                         n3721 (net)
                      0.056398    0.000286    3.827758 v g3846/A (sky130_fd_sc_hd__xor2_1)
     2    0.006955    0.184103    0.212930    4.040689 ^ g3846/X (sky130_fd_sc_hd__xor2_1)
                                                         n3886 (net)
                      0.184103    0.000148    4.040836 ^ g3847/A (sky130_fd_sc_hd__xor2_1)
     2    0.005391    0.156489    0.202486    4.243322 ^ g3847/X (sky130_fd_sc_hd__xor2_1)
                                                         n3887 (net)
                      0.156489    0.000171    4.243493 ^ g3858/A (sky130_fd_sc_hd__inv_1)
     1    0.002072    0.037572    0.053388    4.296880 v g3858/Y (sky130_fd_sc_hd__inv_1)
                                                         n3898 (net)
                      0.037572    0.000060    4.296941 v g3859/B (sky130_fd_sc_hd__and2_1)
     2    0.006465    0.050149    0.172398    4.469339 v g3859/X (sky130_fd_sc_hd__and2_1)
                                                         n3899 (net)
                      0.050149    0.000167    4.469506 v g3971/B (sky130_fd_sc_hd__xor2_1)
     2    0.006670    0.066400    0.163240    4.632746 v g3971/X (sky130_fd_sc_hd__xor2_1)
                                                         n4011 (net)
                      0.066400    0.000128    4.632874 v g3974/B (sky130_fd_sc_hd__and2_1)
     1    0.002141    0.032353    0.163559    4.796433 v g3974/X (sky130_fd_sc_hd__and2_1)
                                                         n4014 (net)
                      0.032353    0.000064    4.796497 v g3975/B (sky130_fd_sc_hd__or2_1)
     2    0.006123    0.062940    0.229214    5.025711 v g3975/X (sky130_fd_sc_hd__or2_1)
                                                         n4015 (net)
                      0.062940    0.000208    5.025919 v g3980/A (sky130_fd_sc_hd__inv_1)
     1    0.001918    0.030845    0.052733    5.078652 ^ g3980/Y (sky130_fd_sc_hd__inv_1)
                                                         n4020 (net)
                      0.030845    0.000056    5.078708 ^ g3981/B (sky130_fd_sc_hd__and2_1)
     2    0.009037    0.100252    0.161080    5.239788 ^ g3981/X (sky130_fd_sc_hd__and2_1)
                                                         n4021 (net)
                      0.100252    0.000314    5.240101 ^ g4074/A (sky130_fd_sc_hd__xor2_1)
     2    0.005030    0.150210    0.181084    5.421185 ^ g4074/X (sky130_fd_sc_hd__xor2_1)
                                                         n4114 (net)
                      0.150210    0.000141    5.421326 ^ g4080/A (sky130_fd_sc_hd__inv_1)
     1    0.001716    0.035195    0.049826    5.471152 v g4080/Y (sky130_fd_sc_hd__inv_1)
                                                         n4120 (net)
                      0.035195    0.000050    5.471201 v g4081/B (sky130_fd_sc_hd__and2_1)
     4    0.009865    0.063849    0.186604    5.657805 v g4081/X (sky130_fd_sc_hd__and2_1)
                                                         n4121 (net)
                      0.063849    0.000245    5.658050 v g4334/A (sky130_fd_sc_hd__and2_1)
     1    0.001935    0.031506    0.141668    5.799718 v g4334/X (sky130_fd_sc_hd__and2_1)
                                                         n4374 (net)
                      0.031506    0.000041    5.799759 v g4335/B (sky130_fd_sc_hd__or2_1)
     2    0.006344    0.063983    0.230300    6.030059 v g4335/X (sky130_fd_sc_hd__or2_1)
                                                         n4375 (net)
                      0.063983    0.000185    6.030244 v g4584/A (sky130_fd_sc_hd__xor2_1)
     2    0.004662    0.143826    0.183348    6.213593 ^ g4584/X (sky130_fd_sc_hd__xor2_1)
                                                         n4624 (net)
                      0.143826    0.000081    6.213674 ^ g4586/A (sky130_fd_sc_hd__inv_1)
     1    0.001869    0.034976    0.050437    6.264111 v g4586/Y (sky130_fd_sc_hd__inv_1)
                                                         n4626 (net)
                      0.034976    0.000054    6.264165 v g4587/B (sky130_fd_sc_hd__and2_1)
     1    0.011985    0.072644    0.194636    6.458801 v g4587/X (sky130_fd_sc_hd__and2_1)
                                                         zP[7] (net)
                      0.072645    0.000354    6.459155 v zP[7] (out)
                                              6.459155   data arrival time

                      0.000000   10.000000   10.000000   clock __VIRTUAL_CLK__ (rise edge)
                                  0.000000   10.000000   clock network delay (ideal)
                                  0.000000   10.000000   clock reconvergence pessimism
                                  0.000000   10.000000   output external delay
                                             10.000000   data required time
---------------------------------------------------------------------------------------------
                                             10.000000   data required time
                                             -6.459155   data arrival time
---------------------------------------------------------------------------------------------
                                              3.540845   slack (MET)


Startpoint: xN[5] (input port clocked by __VIRTUAL_CLK__)
Endpoint: zN[20] (output port clocked by __VIRTUAL_CLK__)
Path Group: __VIRTUAL_CLK__
Path Type: max

Fanout         Cap        Slew       Delay        Time   Description
---------------------------------------------------------------------------------------------
                      0.000000    0.000000    0.000000   clock __VIRTUAL_CLK__ (rise edge)
                                  0.000000    0.000000   clock network delay (ideal)
                                  0.000000    0.000000 ^ input external delay
    20    0.086401    0.390365    0.282340    0.282340 ^ xN[5] (in)
                                                         xN[5] (net)
                      0.390390    0.000000    0.282340 ^ g352/A (sky130_fd_sc_hd__and2_1)
     1    0.001865    0.045275    0.187250    0.469590 ^ g352/X (sky130_fd_sc_hd__and2_1)
                                                         n392 (net)
                      0.045275    0.000055    0.469644 ^ g353/B (sky130_fd_sc_hd__or2_1)
     2    0.006751    0.073639    0.119499    0.589144 ^ g353/X (sky130_fd_sc_hd__or2_1)
                                                         n393 (net)
                      0.073639    0.000192    0.589336 ^ g938/B (sky130_fd_sc_hd__xor2_1)
     2    0.004503    0.141078    0.173449    0.762785 ^ g938/X (sky130_fd_sc_hd__xor2_1)
                                                         n978 (net)
                      0.141078    0.000128    0.762912 ^ g940/A (sky130_fd_sc_hd__inv_1)
     1    0.001863    0.034578    0.050114    0.813026 v g940/Y (sky130_fd_sc_hd__inv_1)
                                                         n980 (net)
                      0.034578    0.000055    0.813081 v g941/B (sky130_fd_sc_hd__and2_1)
     2    0.007536    0.054905    0.176078    0.989159 v g941/X (sky130_fd_sc_hd__and2_1)
                                                         n981 (net)
                      0.054905    0.000235    0.989394 v g1436/A (sky130_fd_sc_hd__xor2_1)
     2    0.007047    0.068793    0.185878    1.175272 v g1436/X (sky130_fd_sc_hd__xor2_1)
                                                         n1476 (net)
                      0.068793    0.000172    1.175445 v g1439/B (sky130_fd_sc_hd__and2_1)
     1    0.001484    0.029787    0.160657    1.336101 v g1439/X (sky130_fd_sc_hd__and2_1)
                                                         n1479 (net)
                      0.029787    0.000029    1.336131 v g1440/B (sky130_fd_sc_hd__or2_1)
     2    0.006041    0.062547    0.227888    1.564019 v g1440/X (sky130_fd_sc_hd__or2_1)
                                                         n1480 (net)
                      0.062547    0.000184    1.564202 v g1451/A (sky130_fd_sc_hd__and2_1)
     2    0.006943    0.052205    0.166602    1.730804 v g1451/X (sky130_fd_sc_hd__and2_1)
                                                         n1491 (net)
                      0.052205    0.000213    1.731017 v g1936/A (sky130_fd_sc_hd__xor2_1)
     2    0.006796    0.068509    0.183719    1.914736 v g1936/X (sky130_fd_sc_hd__xor2_1)
                                                         n1976 (net)
                      0.068509    0.000162    1.914898 v g1939/B (sky130_fd_sc_hd__and2_1)
     1    0.002255    0.032792    0.165285    2.080184 v g1939/X (sky130_fd_sc_hd__and2_1)
                                                         n1979 (net)
                      0.032792    0.000051    2.080235 v g1940/B (sky130_fd_sc_hd__or2_1)
     2    0.006598    0.065201    0.232280    2.312514 v g1940/X (sky130_fd_sc_hd__or2_1)
                                                         n1980 (net)
                      0.065201    0.000203    2.312717 v g1952/A (sky130_fd_sc_hd__inv_1)
     1    0.002072    0.032230    0.054556    2.367273 ^ g1952/Y (sky130_fd_sc_hd__inv_1)
                                                         n1992 (net)
                      0.032230    0.000059    2.367332 ^ g1953/B (sky130_fd_sc_hd__and2_1)
     2    0.007514    0.086969    0.150659    2.517991 ^ g1953/X (sky130_fd_sc_hd__and2_1)
                                                         n1993 (net)
                      0.086969    0.000155    2.518146 ^ g2387/B (sky130_fd_sc_hd__and2_1)
     2    0.007506    0.086927    0.167306    2.685452 ^ g2387/X (sky130_fd_sc_hd__and2_1)
                                                         n2427 (net)
                      0.086927    0.000242    2.685694 ^ g2392/A (sky130_fd_sc_hd__inv_1)
     1    0.001864    0.025617    0.041354    2.727048 v g2392/Y (sky130_fd_sc_hd__inv_1)
                                                         n2432 (net)
                      0.025617    0.000056    2.727103 v g2393/B (sky130_fd_sc_hd__and2_1)
     2    0.007850    0.056291    0.173417    2.900520 v g2393/X (sky130_fd_sc_hd__and2_1)
                                                         n2433 (net)
                      0.056291    0.000262    2.900783 v g2750/A (sky130_fd_sc_hd__xor2_1)
     2    0.007248    0.189320    0.217032    3.117814 ^ g2750/X (sky130_fd_sc_hd__xor2_1)
                                                         n2790 (net)
                      0.189320    0.000192    3.118007 ^ g2751/A (sky130_fd_sc_hd__xor2_1)
     2    0.006645    0.178597    0.221431    3.339438 ^ g2751/X (sky130_fd_sc_hd__xor2_1)
                                                         n2791 (net)
                      0.178597    0.000208    3.339646 ^ g2762/A (sky130_fd_sc_hd__inv_1)
     1    0.001948    0.040060    0.054607    3.394253 v g2762/Y (sky130_fd_sc_hd__inv_1)
                                                         n2802 (net)
                      0.040060    0.000058    3.394311 v g2763/B (sky130_fd_sc_hd__and2_1)
     2    0.006579    0.050661    0.174076    3.568387 v g2763/X (sky130_fd_sc_hd__and2_1)
                                                         n2803 (net)
                      0.050661    0.000194    3.568581 v g3083/B (sky130_fd_sc_hd__xor2_1)
     2    0.006555    0.065688    0.162933    3.731514 v g3083/X (sky130_fd_sc_hd__xor2_1)
                                                         n3123 (net)
                      0.065688    0.000163    3.731677 v g3086/B (sky130_fd_sc_hd__and2_1)
     1    0.001953    0.031621    0.162055    3.893732 v g3086/X (sky130_fd_sc_hd__and2_1)
                                                         n3126 (net)
                      0.031621    0.000041    3.893773 v g3087/B (sky130_fd_sc_hd__or2_1)
     2    0.004612    0.056244    0.219728    4.113501 v g3087/X (sky130_fd_sc_hd__or2_1)
                                                         n3127 (net)
                      0.056244    0.000110    4.113611 v g3095/A (sky130_fd_sc_hd__and2_1)
     2    0.006273    0.049249    0.160515    4.274127 v g3095/X (sky130_fd_sc_hd__and2_1)
                                                         n3135 (net)
                      0.049249    0.000129    4.274255 v g3401/A (sky130_fd_sc_hd__xor2_1)
     2    0.006594    0.068429    0.181639    4.455894 v g3401/X (sky130_fd_sc_hd__xor2_1)
                                                         n3441 (net)
                      0.068429    0.000167    4.456061 v g3404/B (sky130_fd_sc_hd__and2_1)
     1    0.002070    0.032073    0.164105    4.620166 v g3404/X (sky130_fd_sc_hd__and2_1)
                                                         n3444 (net)
                      0.032073    0.000044    4.620211 v g3405/B (sky130_fd_sc_hd__or2_1)
     2    0.004517    0.055856    0.219279    4.839490 v g3405/X (sky130_fd_sc_hd__or2_1)
                                                         n3445 (net)
                      0.055857    0.000127    4.839616 v g3410/A (sky130_fd_sc_hd__inv_1)
     1    0.001939    0.029477    0.050401    4.890017 ^ g3410/Y (sky130_fd_sc_hd__inv_1)
                                                         n3450 (net)
                      0.029477    0.000057    4.890074 ^ g3411/B (sky130_fd_sc_hd__and2_1)
     2    0.007109    0.083346    0.146887    5.036961 ^ g3411/X (sky130_fd_sc_hd__and2_1)
                                                         n3451 (net)
                      0.083346    0.000200    5.037161 ^ g4198/A (sky130_fd_sc_hd__xor2_1)
     2    0.004597    0.142698    0.170016    5.207178 ^ g4198/X (sky130_fd_sc_hd__xor2_1)
                                                         n4238 (net)
                      0.142698    0.000112    5.207289 ^ g4204/A (sky130_fd_sc_hd__inv_1)
     1    0.001822    0.034630    0.049954    5.257243 v g4204/Y (sky130_fd_sc_hd__inv_1)
                                                         n4244 (net)
                      0.034630    0.000054    5.257297 v g4205/B (sky130_fd_sc_hd__and2_1)
     4    0.008315    0.057882    0.179792    5.437089 v g4205/X (sky130_fd_sc_hd__and2_1)
                                                         n4245 (net)
                      0.057882    0.000209    5.437298 v g4246/B (sky130_fd_sc_hd__or2_1)
     3    0.007883    0.071711    0.248786    5.686084 v g4246/X (sky130_fd_sc_hd__or2_1)
                                                         n4286 (net)
                      0.071711    0.000189    5.686273 v g4488/A (sky130_fd_sc_hd__inv_1)
     1    0.001949    0.032875    0.056003    5.742275 ^ g4488/Y (sky130_fd_sc_hd__inv_1)
                                                         n4528 (net)
                      0.032875    0.000057    5.742332 ^ g4489/B (sky130_fd_sc_hd__and2_1)
     1    0.002033    0.040087    0.110368    5.852700 ^ g4489/X (sky130_fd_sc_hd__and2_1)
                                                         n4529 (net)
                      0.040087    0.000041    5.852742 ^ g4490/B (sky130_fd_sc_hd__or2_1)
     2    0.005934    0.066529    0.111864    5.964605 ^ g4490/X (sky130_fd_sc_hd__or2_1)
                                                         n4530 (net)
                      0.066529    0.000194    5.964799 ^ g4740/A (sky130_fd_sc_hd__inv_1)
     1    0.002465    0.023763    0.040599    6.005398 v g4740/Y (sky130_fd_sc_hd__inv_1)
                                                         n4780 (net)
                      0.023763    0.000079    6.005477 v g4741/B (sky130_fd_sc_hd__and2_1)
     1    0.011752    0.071662    0.188542    6.194018 v g4741/X (sky130_fd_sc_hd__and2_1)
                                                         zN[20] (net)
                      0.071662    0.000323    6.194342 v zN[20] (out)
                                              6.194342   data arrival time

                      0.000000   10.000000   10.000000   clock __VIRTUAL_CLK__ (rise edge)
                                  0.000000   10.000000   clock network delay (ideal)
                                  0.000000   10.000000   clock reconvergence pessimism
                                  0.000000   10.000000   output external delay
                                             10.000000   data required time
---------------------------------------------------------------------------------------------
                                             10.000000   data required time
                                             -6.194342   data arrival time
---------------------------------------------------------------------------------------------
                                              3.805659   slack (MET)


Startpoint: xN[5] (input port clocked by __VIRTUAL_CLK__)
Endpoint: zP[20] (output port clocked by __VIRTUAL_CLK__)
Path Group: __VIRTUAL_CLK__
Path Type: max

Fanout         Cap        Slew       Delay        Time   Description
---------------------------------------------------------------------------------------------
                      0.000000    0.000000    0.000000   clock __VIRTUAL_CLK__ (rise edge)
                                  0.000000    0.000000   clock network delay (ideal)
                                  0.000000    0.000000 ^ input external delay
    20    0.086401    0.390365    0.282340    0.282340 ^ xN[5] (in)
                                                         xN[5] (net)
                      0.390390    0.000000    0.282340 ^ g352/A (sky130_fd_sc_hd__and2_1)
     1    0.001865    0.045275    0.187250    0.469590 ^ g352/X (sky130_fd_sc_hd__and2_1)
                                                         n392 (net)
                      0.045275    0.000055    0.469644 ^ g353/B (sky130_fd_sc_hd__or2_1)
     2    0.006751    0.073639    0.119499    0.589144 ^ g353/X (sky130_fd_sc_hd__or2_1)
                                                         n393 (net)
                      0.073639    0.000192    0.589336 ^ g938/B (sky130_fd_sc_hd__xor2_1)
     2    0.004503    0.141078    0.173449    0.762785 ^ g938/X (sky130_fd_sc_hd__xor2_1)
                                                         n978 (net)
                      0.141078    0.000128    0.762912 ^ g940/A (sky130_fd_sc_hd__inv_1)
     1    0.001863    0.034578    0.050114    0.813026 v g940/Y (sky130_fd_sc_hd__inv_1)
                                                         n980 (net)
                      0.034578    0.000055    0.813081 v g941/B (sky130_fd_sc_hd__and2_1)
     2    0.007536    0.054905    0.176078    0.989159 v g941/X (sky130_fd_sc_hd__and2_1)
                                                         n981 (net)
                      0.054905    0.000235    0.989394 v g1436/A (sky130_fd_sc_hd__xor2_1)
     2    0.007047    0.068793    0.185878    1.175272 v g1436/X (sky130_fd_sc_hd__xor2_1)
                                                         n1476 (net)
                      0.068793    0.000172    1.175445 v g1439/B (sky130_fd_sc_hd__and2_1)
     1    0.001484    0.029787    0.160657    1.336101 v g1439/X (sky130_fd_sc_hd__and2_1)
                                                         n1479 (net)
                      0.029787    0.000029    1.336131 v g1440/B (sky130_fd_sc_hd__or2_1)
     2    0.006041    0.062547    0.227888    1.564019 v g1440/X (sky130_fd_sc_hd__or2_1)
                                                         n1480 (net)
                      0.062547    0.000184    1.564202 v g1451/A (sky130_fd_sc_hd__and2_1)
     2    0.006943    0.052205    0.166602    1.730804 v g1451/X (sky130_fd_sc_hd__and2_1)
                                                         n1491 (net)
                      0.052205    0.000213    1.731017 v g1936/A (sky130_fd_sc_hd__xor2_1)
     2    0.006796    0.068509    0.183719    1.914736 v g1936/X (sky130_fd_sc_hd__xor2_1)
                                                         n1976 (net)
                      0.068509    0.000162    1.914898 v g1939/B (sky130_fd_sc_hd__and2_1)
     1    0.002255    0.032792    0.165285    2.080184 v g1939/X (sky130_fd_sc_hd__and2_1)
                                                         n1979 (net)
                      0.032792    0.000051    2.080235 v g1940/B (sky130_fd_sc_hd__or2_1)
     2    0.006598    0.065201    0.232280    2.312514 v g1940/X (sky130_fd_sc_hd__or2_1)
                                                         n1980 (net)
                      0.065201    0.000203    2.312717 v g1952/A (sky130_fd_sc_hd__inv_1)
     1    0.002072    0.032230    0.054556    2.367273 ^ g1952/Y (sky130_fd_sc_hd__inv_1)
                                                         n1992 (net)
                      0.032230    0.000059    2.367332 ^ g1953/B (sky130_fd_sc_hd__and2_1)
     2    0.007514    0.086969    0.150659    2.517991 ^ g1953/X (sky130_fd_sc_hd__and2_1)
                                                         n1993 (net)
                      0.086969    0.000155    2.518146 ^ g2387/B (sky130_fd_sc_hd__and2_1)
     2    0.007506    0.086927    0.167306    2.685452 ^ g2387/X (sky130_fd_sc_hd__and2_1)
                                                         n2427 (net)
                      0.086927    0.000242    2.685694 ^ g2392/A (sky130_fd_sc_hd__inv_1)
     1    0.001864    0.025617    0.041354    2.727048 v g2392/Y (sky130_fd_sc_hd__inv_1)
                                                         n2432 (net)
                      0.025617    0.000056    2.727103 v g2393/B (sky130_fd_sc_hd__and2_1)
     2    0.007850    0.056291    0.173417    2.900520 v g2393/X (sky130_fd_sc_hd__and2_1)
                                                         n2433 (net)
                      0.056291    0.000262    2.900783 v g2750/A (sky130_fd_sc_hd__xor2_1)
     2    0.007248    0.189320    0.217032    3.117814 ^ g2750/X (sky130_fd_sc_hd__xor2_1)
                                                         n2790 (net)
                      0.189320    0.000192    3.118007 ^ g2751/A (sky130_fd_sc_hd__xor2_1)
     2    0.006645    0.178597    0.221431    3.339438 ^ g2751/X (sky130_fd_sc_hd__xor2_1)
                                                         n2791 (net)
                      0.178597    0.000208    3.339646 ^ g2762/A (sky130_fd_sc_hd__inv_1)
     1    0.001948    0.040060    0.054607    3.394253 v g2762/Y (sky130_fd_sc_hd__inv_1)
                                                         n2802 (net)
                      0.040060    0.000058    3.394311 v g2763/B (sky130_fd_sc_hd__and2_1)
     2    0.006579    0.050661    0.174076    3.568387 v g2763/X (sky130_fd_sc_hd__and2_1)
                                                         n2803 (net)
                      0.050661    0.000194    3.568581 v g3083/B (sky130_fd_sc_hd__xor2_1)
     2    0.006555    0.065688    0.162933    3.731514 v g3083/X (sky130_fd_sc_hd__xor2_1)
                                                         n3123 (net)
                      0.065688    0.000163    3.731677 v g3086/B (sky130_fd_sc_hd__and2_1)
     1    0.001953    0.031621    0.162055    3.893732 v g3086/X (sky130_fd_sc_hd__and2_1)
                                                         n3126 (net)
                      0.031621    0.000041    3.893773 v g3087/B (sky130_fd_sc_hd__or2_1)
     2    0.004612    0.056244    0.219728    4.113501 v g3087/X (sky130_fd_sc_hd__or2_1)
                                                         n3127 (net)
                      0.056244    0.000110    4.113611 v g3095/A (sky130_fd_sc_hd__and2_1)
     2    0.006273    0.049249    0.160515    4.274127 v g3095/X (sky130_fd_sc_hd__and2_1)
                                                         n3135 (net)
                      0.049249    0.000129    4.274255 v g3401/A (sky130_fd_sc_hd__xor2_1)
     2    0.006594    0.068429    0.181639    4.455894 v g3401/X (sky130_fd_sc_hd__xor2_1)
                                                         n3441 (net)
                      0.068429    0.000167    4.456061 v g3404/B (sky130_fd_sc_hd__and2_1)
     1    0.002070    0.032073    0.164105    4.620166 v g3404/X (sky130_fd_sc_hd__and2_1)
                                                         n3444 (net)
                      0.032073    0.000044    4.620211 v g3405/B (sky130_fd_sc_hd__or2_1)
     2    0.004517    0.055856    0.219279    4.839490 v g3405/X (sky130_fd_sc_hd__or2_1)
                                                         n3445 (net)
                      0.055857    0.000127    4.839616 v g3410/A (sky130_fd_sc_hd__inv_1)
     1    0.001939    0.029477    0.050401    4.890017 ^ g3410/Y (sky130_fd_sc_hd__inv_1)
                                                         n3450 (net)
                      0.029477    0.000057    4.890074 ^ g3411/B (sky130_fd_sc_hd__and2_1)
     2    0.007109    0.083346    0.146887    5.036961 ^ g3411/X (sky130_fd_sc_hd__and2_1)
                                                         n3451 (net)
                      0.083346    0.000200    5.037161 ^ g4198/A (sky130_fd_sc_hd__xor2_1)
     2    0.004597    0.142698    0.170016    5.207178 ^ g4198/X (sky130_fd_sc_hd__xor2_1)
                                                         n4238 (net)
                      0.142698    0.000097    5.207274 ^ g4203/A (sky130_fd_sc_hd__and2_1)
     4    0.009179    0.101761    0.194456    5.401731 ^ g4203/X (sky130_fd_sc_hd__and2_1)
                                                         n4243 (net)
                      0.101761    0.000219    5.401950 ^ g4233/B (sky130_fd_sc_hd__or2_1)
     3    0.009254    0.095612    0.156126    5.558076 ^ g4233/X (sky130_fd_sc_hd__or2_1)
                                                         n4273 (net)
                      0.095612    0.000246    5.558322 ^ g4491/A (sky130_fd_sc_hd__inv_1)
     1    0.001690    0.026600    0.041939    5.600261 v g4491/Y (sky130_fd_sc_hd__inv_1)
                                                         n4531 (net)
                      0.026600    0.000034    5.600296 v g4492/B (sky130_fd_sc_hd__and2_1)
     1    0.001612    0.030239    0.141673    5.741969 v g4492/X (sky130_fd_sc_hd__and2_1)
                                                         n4532 (net)
                      0.030239    0.000048    5.742016 v g4493/B (sky130_fd_sc_hd__or2_1)
     2    0.004584    0.056130    0.219118    5.961133 v g4493/X (sky130_fd_sc_hd__or2_1)
                                                         n4533 (net)
                      0.056130    0.000111    5.961245 v g4738/A (sky130_fd_sc_hd__inv_1)
     1    0.001833    0.028896    0.049834    6.011078 ^ g4738/Y (sky130_fd_sc_hd__inv_1)
                                                         n4778 (net)
                      0.028896    0.000037    6.011116 ^ g4739/B (sky130_fd_sc_hd__and2_1)
     1    0.012118    0.128629    0.181684    6.192800 ^ g4739/X (sky130_fd_sc_hd__and2_1)
                                                         zP[20] (net)
                      0.128629    0.000361    6.193161 ^ zP[20] (out)
                                              6.193161   data arrival time

                      0.000000   10.000000   10.000000   clock __VIRTUAL_CLK__ (rise edge)
                                  0.000000   10.000000   clock network delay (ideal)
                                  0.000000   10.000000   clock reconvergence pessimism
                                  0.000000   10.000000   output external delay
                                             10.000000   data required time
---------------------------------------------------------------------------------------------
                                             10.000000   data required time
                                             -6.193161   data arrival time
---------------------------------------------------------------------------------------------
                                              3.806840   slack (MET)


Startpoint: yN[5] (input port clocked by __VIRTUAL_CLK__)
Endpoint: zN[6] (output port clocked by __VIRTUAL_CLK__)
Path Group: __VIRTUAL_CLK__
Path Type: max

Fanout         Cap        Slew       Delay        Time   Description
---------------------------------------------------------------------------------------------
                      0.000000    0.000000    0.000000   clock __VIRTUAL_CLK__ (rise edge)
                                  0.000000    0.000000   clock network delay (ideal)
                                  0.000000    0.000000 v input external delay
    20    0.085283    0.189297    0.150878    0.150878 v yN[5] (in)
                                                         yN[5] (net)
                      0.190823    0.000000    0.150878 v g33/B (sky130_fd_sc_hd__and2_1)
     1    0.001611    0.030592    0.221121    0.371999 v g33/X (sky130_fd_sc_hd__and2_1)
                                                         n73 (net)
                      0.030592    0.000047    0.372046 v g35/A (sky130_fd_sc_hd__or2_1)
     2    0.004222    0.054698    0.235743    0.607789 v g35/X (sky130_fd_sc_hd__or2_1)
                                                         n75 (net)
                      0.054698    0.000111    0.607900 v g660/A (sky130_fd_sc_hd__inv_1)
     1    0.002058    0.029953    0.050736    0.658635 ^ g660/Y (sky130_fd_sc_hd__inv_1)
                                                         n700 (net)
                      0.029953    0.000060    0.658696 ^ g661/B (sky130_fd_sc_hd__and2_1)
     2    0.010554    0.114199    0.171203    0.829898 ^ g661/X (sky130_fd_sc_hd__and2_1)
                                                         n701 (net)
                      0.114199    0.000467    0.830365 ^ g1104/A (sky130_fd_sc_hd__xor2_1)
     2    0.005268    0.154340    0.188447    1.018812 ^ g1104/X (sky130_fd_sc_hd__xor2_1)
                                                         n1144 (net)
                      0.154340    0.000149    1.018962 ^ g1110/A (sky130_fd_sc_hd__inv_1)
     1    0.001804    0.036123    0.050944    1.069905 v g1110/Y (sky130_fd_sc_hd__inv_1)
                                                         n1150 (net)
                      0.036123    0.000053    1.069958 v g1111/B (sky130_fd_sc_hd__and2_1)
     2    0.006374    0.049736    0.171322    1.241280 v g1111/X (sky130_fd_sc_hd__and2_1)
                                                         n1151 (net)
                      0.049736    0.000121    1.241401 v g1617/A (sky130_fd_sc_hd__xor2_1)
     2    0.006725    0.180014    0.206712    1.448112 ^ g1617/X (sky130_fd_sc_hd__xor2_1)
                                                         n1657 (net)
                      0.180014    0.000121    1.448234 ^ g1618/A (sky130_fd_sc_hd__xor2_1)
     2    0.006499    0.176015    0.217846    1.666080 ^ g1618/X (sky130_fd_sc_hd__xor2_1)
                                                         n1658 (net)
                      0.176015    0.000218    1.666298 ^ g1622/A (sky130_fd_sc_hd__inv_1)
     1    0.001756    0.038831    0.052641    1.718939 v g1622/Y (sky130_fd_sc_hd__inv_1)
                                                         n1662 (net)
                      0.038831    0.000051    1.718990 v g1623/B (sky130_fd_sc_hd__and2_1)
     2    0.006886    0.051997    0.175003    1.893993 v g1623/X (sky130_fd_sc_hd__and2_1)
                                                         n1663 (net)
                      0.051997    0.000138    1.894131 v g2096/A (sky130_fd_sc_hd__xor2_1)
     2    0.004950    0.148800    0.182253    2.076383 ^ g2096/X (sky130_fd_sc_hd__xor2_1)
                                                         n2136 (net)
                      0.148800    0.000147    2.076530 ^ g2102/A (sky130_fd_sc_hd__inv_1)
     1    0.002223    0.037148    0.053813    2.130343 v g2102/Y (sky130_fd_sc_hd__inv_1)
                                                         n2142 (net)
                      0.037148    0.000047    2.130390 v g2103/B (sky130_fd_sc_hd__and2_1)
     2    0.004531    0.042054    0.162993    2.293383 v g2103/X (sky130_fd_sc_hd__and2_1)
                                                         n2143 (net)
                      0.042054    0.000199    2.293582 v g2478/A (sky130_fd_sc_hd__inv_1)
     1    0.001852    0.027023    0.043936    2.337518 ^ g2478/Y (sky130_fd_sc_hd__inv_1)
                                                         n2518 (net)
                      0.027023    0.000038    2.337556 ^ g2479/B (sky130_fd_sc_hd__and2_1)
     2    0.006734    0.080020    0.143407    2.480963 ^ g2479/X (sky130_fd_sc_hd__and2_1)
                                                         n2519 (net)
                      0.080020    0.000206    2.481169 ^ g2810/B (sky130_fd_sc_hd__xor2_1)
     2    0.005155    0.152359    0.184075    2.665244 ^ g2810/X (sky130_fd_sc_hd__xor2_1)
                                                         n2850 (net)
                      0.152359    0.000156    2.665400 ^ g2816/A (sky130_fd_sc_hd__inv_1)
     1    0.002043    0.036878    0.052717    2.718116 v g2816/Y (sky130_fd_sc_hd__inv_1)
                                                         n2856 (net)
                      0.036878    0.000060    2.718177 v g2817/B (sky130_fd_sc_hd__and2_1)
     2    0.006170    0.048855    0.170702    2.888879 v g2817/X (sky130_fd_sc_hd__and2_1)
                                                         n2857 (net)
                      0.048855    0.000139    2.889018 v g3158/B (sky130_fd_sc_hd__xor2_1)
     2    0.005114    0.151652    0.164133    3.053151 ^ g3158/X (sky130_fd_sc_hd__xor2_1)
                                                         n3198 (net)
                      0.151652    0.000121    3.053272 ^ g3160/A (sky130_fd_sc_hd__inv_1)
     1    0.001764    0.035593    0.050357    3.103629 v g3160/Y (sky130_fd_sc_hd__inv_1)
                                                         n3200 (net)
                      0.035593    0.000052    3.103681 v g3161/B (sky130_fd_sc_hd__and2_1)
     2    0.004944    0.043706    0.164282    3.267962 v g3161/X (sky130_fd_sc_hd__and2_1)
                                                         n3201 (net)
                      0.043706    0.000113    3.268075 v g3444/A (sky130_fd_sc_hd__inv_1)
     1    0.002132    0.029052    0.046401    3.314476 ^ g3444/Y (sky130_fd_sc_hd__inv_1)
                                                         n3484 (net)
                      0.029052    0.000063    3.314539 ^ g3445/B (sky130_fd_sc_hd__and2_1)
     2    0.007743    0.089002    0.151287    3.465826 ^ g3445/X (sky130_fd_sc_hd__and2_1)
                                                         n3485 (net)
                      0.089002    0.000179    3.466005 ^ g3675/A (sky130_fd_sc_hd__and2_1)
     2    0.005503    0.069312    0.151126    3.617131 ^ g3675/X (sky130_fd_sc_hd__and2_1)
                                                         n3715 (net)
                      0.069312    0.000149    3.617280 ^ g3680/A (sky130_fd_sc_hd__inv_1)
     1    0.001880    0.022473    0.038014    3.655294 v g3680/Y (sky130_fd_sc_hd__inv_1)
                                                         n3720 (net)
                      0.022473    0.000056    3.655351 v g3681/B (sky130_fd_sc_hd__and2_1)
     2    0.007875    0.056398    0.172121    3.827472 v g3681/X (sky130_fd_sc_hd__and2_1)
                                                         n3721 (net)
                      0.056398    0.000286    3.827758 v g3846/A (sky130_fd_sc_hd__xor2_1)
     2    0.006955    0.184103    0.212930    4.040689 ^ g3846/X (sky130_fd_sc_hd__xor2_1)
                                                         n3886 (net)
                      0.184103    0.000148    4.040836 ^ g3847/A (sky130_fd_sc_hd__xor2_1)
     2    0.005391    0.156489    0.202486    4.243322 ^ g3847/X (sky130_fd_sc_hd__xor2_1)
                                                         n3887 (net)
                      0.156489    0.000171    4.243493 ^ g3858/A (sky130_fd_sc_hd__inv_1)
     1    0.002072    0.037572    0.053388    4.296880 v g3858/Y (sky130_fd_sc_hd__inv_1)
                                                         n3898 (net)
                      0.037572    0.000060    4.296941 v g3859/B (sky130_fd_sc_hd__and2_1)
     2    0.006465    0.050149    0.172398    4.469339 v g3859/X (sky130_fd_sc_hd__and2_1)
                                                         n3899 (net)
                      0.050149    0.000167    4.469506 v g3971/B (sky130_fd_sc_hd__xor2_1)
     2    0.007133    0.187264    0.193753    4.663260 ^ g3971/X (sky130_fd_sc_hd__xor2_1)
                                                         n4011 (net)
                      0.187264    0.000137    4.663397 ^ g3972/A (sky130_fd_sc_hd__xor2_1)
     2    0.005122    0.151805    0.199099    4.862496 ^ g3972/X (sky130_fd_sc_hd__xor2_1)
                                                         n4012 (net)
                      0.151805    0.000135    4.862630 ^ g3976/A (sky130_fd_sc_hd__inv_1)
     1    0.001818    0.035842    0.050812    4.913443 v g3976/Y (sky130_fd_sc_hd__inv_1)
                                                         n4016 (net)
                      0.035842    0.000053    4.913496 v g3977/B (sky130_fd_sc_hd__and2_1)
     2    0.004414    0.041586    0.161876    5.075372 v g3977/X (sky130_fd_sc_hd__and2_1)
                                                         n4017 (net)
                      0.041586    0.000067    5.075439 v g4071/A (sky130_fd_sc_hd__and2_1)
     6    0.017786    0.097354    0.200359    5.275798 v g4071/X (sky130_fd_sc_hd__and2_1)
                                                         n4111 (net)
                      0.097354    0.000091    5.275890 v g4314/A (sky130_fd_sc_hd__and2_1)
     1    0.002283    0.032804    0.159608    5.435498 v g4314/X (sky130_fd_sc_hd__and2_1)
                                                         n4354 (net)
                      0.032804    0.000070    5.435568 v g4317/A (sky130_fd_sc_hd__or2_1)
     2    0.006488    0.064667    0.250334    5.685902 v g4317/X (sky130_fd_sc_hd__or2_1)
                                                         n4357 (net)
                      0.064667    0.000178    5.686080 v g4570/A (sky130_fd_sc_hd__xor2_1)
     2    0.006787    0.181122    0.214093    5.900172 ^ g4570/X (sky130_fd_sc_hd__xor2_1)
                                                         n4610 (net)
                      0.181122    0.000232    5.900404 ^ g4576/A (sky130_fd_sc_hd__inv_1)
     1    0.001807    0.039749    0.053586    5.953990 v g4576/Y (sky130_fd_sc_hd__inv_1)
                                                         n4616 (net)
                      0.039749    0.000053    5.954043 v g4577/B (sky130_fd_sc_hd__and2_1)
     1    0.016133    0.090320    0.212670    6.166713 v g4577/X (sky130_fd_sc_hd__and2_1)
                                                         zN[6] (net)
                      0.090324    0.000733    6.167445 v zN[6] (out)
                                              6.167445   data arrival time

                      0.000000   10.000000   10.000000   clock __VIRTUAL_CLK__ (rise edge)
                                  0.000000   10.000000   clock network delay (ideal)
                                  0.000000   10.000000   clock reconvergence pessimism
                                  0.000000   10.000000   output external delay
                                             10.000000   data required time
---------------------------------------------------------------------------------------------
                                             10.000000   data required time
                                             -6.167445   data arrival time
---------------------------------------------------------------------------------------------
                                              3.832555   slack (MET)


Startpoint: yN[5] (input port clocked by __VIRTUAL_CLK__)
Endpoint: zP[6] (output port clocked by __VIRTUAL_CLK__)
Path Group: __VIRTUAL_CLK__
Path Type: max

Fanout         Cap        Slew       Delay        Time   Description
---------------------------------------------------------------------------------------------
                      0.000000    0.000000    0.000000   clock __VIRTUAL_CLK__ (rise edge)
                                  0.000000    0.000000   clock network delay (ideal)
                                  0.000000    0.000000 v input external delay
    20    0.085283    0.189297    0.150878    0.150878 v yN[5] (in)
                                                         yN[5] (net)
                      0.190823    0.000000    0.150878 v g33/B (sky130_fd_sc_hd__and2_1)
     1    0.001611    0.030592    0.221121    0.371999 v g33/X (sky130_fd_sc_hd__and2_1)
                                                         n73 (net)
                      0.030592    0.000047    0.372046 v g35/A (sky130_fd_sc_hd__or2_1)
     2    0.004222    0.054698    0.235743    0.607789 v g35/X (sky130_fd_sc_hd__or2_1)
                                                         n75 (net)
                      0.054698    0.000111    0.607900 v g660/A (sky130_fd_sc_hd__inv_1)
     1    0.002058    0.029953    0.050736    0.658635 ^ g660/Y (sky130_fd_sc_hd__inv_1)
                                                         n700 (net)
                      0.029953    0.000060    0.658696 ^ g661/B (sky130_fd_sc_hd__and2_1)
     2    0.010554    0.114199    0.171203    0.829898 ^ g661/X (sky130_fd_sc_hd__and2_1)
                                                         n701 (net)
                      0.114199    0.000467    0.830365 ^ g1104/A (sky130_fd_sc_hd__xor2_1)
     2    0.005268    0.154340    0.188447    1.018812 ^ g1104/X (sky130_fd_sc_hd__xor2_1)
                                                         n1144 (net)
                      0.154340    0.000149    1.018962 ^ g1110/A (sky130_fd_sc_hd__inv_1)
     1    0.001804    0.036123    0.050944    1.069905 v g1110/Y (sky130_fd_sc_hd__inv_1)
                                                         n1150 (net)
                      0.036123    0.000053    1.069958 v g1111/B (sky130_fd_sc_hd__and2_1)
     2    0.006374    0.049736    0.171322    1.241280 v g1111/X (sky130_fd_sc_hd__and2_1)
                                                         n1151 (net)
                      0.049736    0.000121    1.241401 v g1617/A (sky130_fd_sc_hd__xor2_1)
     2    0.006725    0.180014    0.206712    1.448112 ^ g1617/X (sky130_fd_sc_hd__xor2_1)
                                                         n1657 (net)
                      0.180014    0.000121    1.448234 ^ g1618/A (sky130_fd_sc_hd__xor2_1)
     2    0.006499    0.176015    0.217846    1.666080 ^ g1618/X (sky130_fd_sc_hd__xor2_1)
                                                         n1658 (net)
                      0.176015    0.000218    1.666298 ^ g1622/A (sky130_fd_sc_hd__inv_1)
     1    0.001756    0.038831    0.052641    1.718939 v g1622/Y (sky130_fd_sc_hd__inv_1)
                                                         n1662 (net)
                      0.038831    0.000051    1.718990 v g1623/B (sky130_fd_sc_hd__and2_1)
     2    0.006886    0.051997    0.175003    1.893993 v g1623/X (sky130_fd_sc_hd__and2_1)
                                                         n1663 (net)
                      0.051997    0.000138    1.894131 v g2096/A (sky130_fd_sc_hd__xor2_1)
     2    0.004950    0.148800    0.182253    2.076383 ^ g2096/X (sky130_fd_sc_hd__xor2_1)
                                                         n2136 (net)
                      0.148800    0.000147    2.076530 ^ g2102/A (sky130_fd_sc_hd__inv_1)
     1    0.002223    0.037148    0.053813    2.130343 v g2102/Y (sky130_fd_sc_hd__inv_1)
                                                         n2142 (net)
                      0.037148    0.000047    2.130390 v g2103/B (sky130_fd_sc_hd__and2_1)
     2    0.004531    0.042054    0.162993    2.293383 v g2103/X (sky130_fd_sc_hd__and2_1)
                                                         n2143 (net)
                      0.042054    0.000199    2.293582 v g2478/A (sky130_fd_sc_hd__inv_1)
     1    0.001852    0.027023    0.043936    2.337518 ^ g2478/Y (sky130_fd_sc_hd__inv_1)
                                                         n2518 (net)
                      0.027023    0.000038    2.337556 ^ g2479/B (sky130_fd_sc_hd__and2_1)
     2    0.006734    0.080020    0.143407    2.480963 ^ g2479/X (sky130_fd_sc_hd__and2_1)
                                                         n2519 (net)
                      0.080020    0.000206    2.481169 ^ g2810/B (sky130_fd_sc_hd__xor2_1)
     2    0.005155    0.152359    0.184075    2.665244 ^ g2810/X (sky130_fd_sc_hd__xor2_1)
                                                         n2850 (net)
                      0.152359    0.000156    2.665400 ^ g2816/A (sky130_fd_sc_hd__inv_1)
     1    0.002043    0.036878    0.052717    2.718116 v g2816/Y (sky130_fd_sc_hd__inv_1)
                                                         n2856 (net)
                      0.036878    0.000060    2.718177 v g2817/B (sky130_fd_sc_hd__and2_1)
     2    0.006170    0.048855    0.170702    2.888879 v g2817/X (sky130_fd_sc_hd__and2_1)
                                                         n2857 (net)
                      0.048855    0.000139    2.889018 v g3158/B (sky130_fd_sc_hd__xor2_1)
     2    0.005114    0.151652    0.164133    3.053151 ^ g3158/X (sky130_fd_sc_hd__xor2_1)
                                                         n3198 (net)
                      0.151652    0.000121    3.053272 ^ g3160/A (sky130_fd_sc_hd__inv_1)
     1    0.001764    0.035593    0.050357    3.103629 v g3160/Y (sky130_fd_sc_hd__inv_1)
                                                         n3200 (net)
                      0.035593    0.000052    3.103681 v g3161/B (sky130_fd_sc_hd__and2_1)
     2    0.004944    0.043706    0.164282    3.267962 v g3161/X (sky130_fd_sc_hd__and2_1)
                                                         n3201 (net)
                      0.043706    0.000113    3.268075 v g3444/A (sky130_fd_sc_hd__inv_1)
     1    0.002132    0.029052    0.046401    3.314476 ^ g3444/Y (sky130_fd_sc_hd__inv_1)
                                                         n3484 (net)
                      0.029052    0.000063    3.314539 ^ g3445/B (sky130_fd_sc_hd__and2_1)
     2    0.007743    0.089002    0.151287    3.465826 ^ g3445/X (sky130_fd_sc_hd__and2_1)
                                                         n3485 (net)
                      0.089002    0.000179    3.466005 ^ g3675/A (sky130_fd_sc_hd__and2_1)
     2    0.005503    0.069312    0.151126    3.617131 ^ g3675/X (sky130_fd_sc_hd__and2_1)
                                                         n3715 (net)
                      0.069312    0.000149    3.617280 ^ g3680/A (sky130_fd_sc_hd__inv_1)
     1    0.001880    0.022473    0.038014    3.655294 v g3680/Y (sky130_fd_sc_hd__inv_1)
                                                         n3720 (net)
                      0.022473    0.000056    3.655351 v g3681/B (sky130_fd_sc_hd__and2_1)
     2    0.007875    0.056398    0.172121    3.827472 v g3681/X (sky130_fd_sc_hd__and2_1)
                                                         n3721 (net)
                      0.056398    0.000286    3.827758 v g3846/A (sky130_fd_sc_hd__xor2_1)
     2    0.006955    0.184103    0.212930    4.040689 ^ g3846/X (sky130_fd_sc_hd__xor2_1)
                                                         n3886 (net)
                      0.184103    0.000148    4.040836 ^ g3847/A (sky130_fd_sc_hd__xor2_1)
     2    0.005391    0.156489    0.202486    4.243322 ^ g3847/X (sky130_fd_sc_hd__xor2_1)
                                                         n3887 (net)
                      0.156489    0.000171    4.243493 ^ g3858/A (sky130_fd_sc_hd__inv_1)
     1    0.002072    0.037572    0.053388    4.296880 v g3858/Y (sky130_fd_sc_hd__inv_1)
                                                         n3898 (net)
                      0.037572    0.000060    4.296941 v g3859/B (sky130_fd_sc_hd__and2_1)
     2    0.006465    0.050149    0.172398    4.469339 v g3859/X (sky130_fd_sc_hd__and2_1)
                                                         n3899 (net)
                      0.050149    0.000167    4.469506 v g3971/B (sky130_fd_sc_hd__xor2_1)
     2    0.007133    0.187264    0.193753    4.663260 ^ g3971/X (sky130_fd_sc_hd__xor2_1)
                                                         n4011 (net)
                      0.187264    0.000137    4.663397 ^ g3972/A (sky130_fd_sc_hd__xor2_1)
     2    0.005122    0.151805    0.199099    4.862496 ^ g3972/X (sky130_fd_sc_hd__xor2_1)
                                                         n4012 (net)
                      0.151805    0.000135    4.862630 ^ g3976/A (sky130_fd_sc_hd__inv_1)
     1    0.001818    0.035842    0.050812    4.913443 v g3976/Y (sky130_fd_sc_hd__inv_1)
                                                         n4016 (net)
                      0.035842    0.000053    4.913496 v g3977/B (sky130_fd_sc_hd__and2_1)
     2    0.004414    0.041586    0.161876    5.075372 v g3977/X (sky130_fd_sc_hd__and2_1)
                                                         n4017 (net)
                      0.041586    0.000067    5.075439 v g4071/A (sky130_fd_sc_hd__and2_1)
     6    0.017786    0.097354    0.200359    5.275798 v g4071/X (sky130_fd_sc_hd__and2_1)
                                                         n4111 (net)
                      0.097354    0.000091    5.275890 v g4314/A (sky130_fd_sc_hd__and2_1)
     1    0.002283    0.032804    0.159608    5.435498 v g4314/X (sky130_fd_sc_hd__and2_1)
                                                         n4354 (net)
                      0.032804    0.000070    5.435568 v g4317/A (sky130_fd_sc_hd__or2_1)
     2    0.006488    0.064667    0.250334    5.685902 v g4317/X (sky130_fd_sc_hd__or2_1)
                                                         n4357 (net)
                      0.064667    0.000178    5.686080 v g4570/A (sky130_fd_sc_hd__xor2_1)
     2    0.006787    0.181122    0.214093    5.900172 ^ g4570/X (sky130_fd_sc_hd__xor2_1)
                                                         n4610 (net)
                      0.181122    0.000253    5.900425 ^ g4575/A (sky130_fd_sc_hd__and2_1)
     1    0.015461    0.159978    0.247426    6.147851 ^ g4575/X (sky130_fd_sc_hd__and2_1)
                                                         zP[6] (net)
                      0.159978    0.000643    6.148494 ^ zP[6] (out)
                                              6.148494   data arrival time

                      0.000000   10.000000   10.000000   clock __VIRTUAL_CLK__ (rise edge)
                                  0.000000   10.000000   clock network delay (ideal)
                                  0.000000   10.000000   clock reconvergence pessimism
                                  0.000000   10.000000   output external delay
                                             10.000000   data required time
---------------------------------------------------------------------------------------------
                                             10.000000   data required time
                                             -6.148494   data arrival time
---------------------------------------------------------------------------------------------
                                              3.851506   slack (MET)


Startpoint: yN[1] (input port clocked by __VIRTUAL_CLK__)
Endpoint: zN[5] (output port clocked by __VIRTUAL_CLK__)
Path Group: __VIRTUAL_CLK__
Path Type: max

Fanout         Cap        Slew       Delay        Time   Description
---------------------------------------------------------------------------------------------
                      0.000000    0.000000    0.000000   clock __VIRTUAL_CLK__ (rise edge)
                                  0.000000    0.000000   clock network delay (ideal)
                                  0.000000    0.000000 v input external delay
    20    0.086713    0.192611    0.143930    0.143930 v yN[1] (in)
                                                         yN[1] (net)
                      0.192835    0.000000    0.143930 v g69/B (sky130_fd_sc_hd__and2_1)
     1    0.001651    0.030756    0.222371    0.366301 v g69/X (sky130_fd_sc_hd__and2_1)
                                                         n109 (net)
                      0.030756    0.000033    0.366335 v g71/A (sky130_fd_sc_hd__or2_1)
     2    0.004700    0.056606    0.238702    0.605037 v g71/X (sky130_fd_sc_hd__or2_1)
                                                         n111 (net)
                      0.056606    0.000143    0.605180 v g616/A (sky130_fd_sc_hd__inv_1)
     1    0.002346    0.032082    0.053230    0.658410 ^ g616/Y (sky130_fd_sc_hd__inv_1)
                                                         n656 (net)
                      0.032082    0.000049    0.658459 ^ g617/B (sky130_fd_sc_hd__and2_1)
     2    0.008217    0.093130    0.155627    0.814085 ^ g617/X (sky130_fd_sc_hd__and2_1)
                                                         n657 (net)
                      0.093130    0.000297    0.814382 ^ g1048/B (sky130_fd_sc_hd__xor2_1)
     2    0.008232    0.206935    0.230320    1.044702 ^ g1048/X (sky130_fd_sc_hd__xor2_1)
                                                         n1088 (net)
                      0.206935    0.000346    1.045048 ^ g1054/A (sky130_fd_sc_hd__inv_1)
     1    0.001738    0.042891    0.055444    1.100492 v g1054/Y (sky130_fd_sc_hd__inv_1)
                                                         n1094 (net)
                      0.042891    0.000035    1.100527 v g1055/B (sky130_fd_sc_hd__and2_1)
     2    0.007114    0.053040    0.177925    1.278452 v g1055/X (sky130_fd_sc_hd__and2_1)
                                                         n1095 (net)
                      0.053040    0.000175    1.278628 v g1549/A (sky130_fd_sc_hd__and2_1)
     2    0.004149    0.040648    0.149061    1.427688 v g1549/X (sky130_fd_sc_hd__and2_1)
                                                         n1589 (net)
                      0.040648    0.000068    1.427756 v g1554/A (sky130_fd_sc_hd__inv_1)
     1    0.002112    0.028590    0.044907    1.472663 ^ g1554/Y (sky130_fd_sc_hd__inv_1)
                                                         n1594 (net)
                      0.028590    0.000063    1.472726 ^ g1555/B (sky130_fd_sc_hd__and2_1)
     2    0.005064    0.065380    0.131959    1.604685 ^ g1555/X (sky130_fd_sc_hd__and2_1)
                                                         n1595 (net)
                      0.065380    0.000141    1.604826 ^ g2046/A (sky130_fd_sc_hd__inv_1)
     1    0.002076    0.022316    0.038290    1.643116 v g2046/Y (sky130_fd_sc_hd__inv_1)
                                                         n2086 (net)
                      0.022316    0.000060    1.643176 v g2047/B (sky130_fd_sc_hd__and2_1)
     2    0.007645    0.055347    0.170986    1.814162 v g2047/X (sky130_fd_sc_hd__and2_1)
                                                         n2087 (net)
                      0.055347    0.000238    1.814399 v g2440/A (sky130_fd_sc_hd__xor2_1)
     2    0.005197    0.153098    0.187292    2.001691 ^ g2440/X (sky130_fd_sc_hd__xor2_1)
                                                         n2480 (net)
                      0.153098    0.000137    2.001829 ^ g2442/A (sky130_fd_sc_hd__inv_1)
     1    0.001853    0.036168    0.051232    2.053061 v g2442/Y (sky130_fd_sc_hd__inv_1)
                                                         n2482 (net)
                      0.036168    0.000054    2.053115 v g2443/B (sky130_fd_sc_hd__and2_1)
     2    0.004501    0.041926    0.162427    2.215542 v g2443/X (sky130_fd_sc_hd__and2_1)
                                                         n2483 (net)
                      0.041926    0.000124    2.215665 v g2792/A (sky130_fd_sc_hd__inv_1)
     1    0.002003    0.028007    0.044808    2.260473 ^ g2792/Y (sky130_fd_sc_hd__inv_1)
                                                         n2832 (net)
                      0.028007    0.000058    2.260531 ^ g2793/B (sky130_fd_sc_hd__and2_1)
     2    0.008407    0.094768    0.155705    2.416237 ^ g2793/X (sky130_fd_sc_hd__and2_1)
                                                         n2833 (net)
                      0.094768    0.000267    2.416504 ^ g3122/A (sky130_fd_sc_hd__xor2_1)
     2    0.004864    0.147331    0.177128    2.593632 ^ g3122/X (sky130_fd_sc_hd__xor2_1)
                                                         n3162 (net)
                      0.147331    0.000115    2.593747 ^ g3127/A (sky130_fd_sc_hd__and2_1)
     2    0.006853    0.081587    0.178836    2.772582 ^ g3127/X (sky130_fd_sc_hd__and2_1)
                                                         n3167 (net)
                      0.081587    0.000136    2.772718 ^ g3417/A (sky130_fd_sc_hd__and2_1)
     2    0.005803    0.071875    0.150643    2.923361 ^ g3417/X (sky130_fd_sc_hd__and2_1)
                                                         n3457 (net)
                      0.071875    0.000166    2.923526 ^ g3422/A (sky130_fd_sc_hd__inv_1)
     1    0.001719    0.022460    0.037627    2.961153 v g3422/Y (sky130_fd_sc_hd__inv_1)
                                                         n3462 (net)
                      0.022460    0.000035    2.961188 v g3423/B (sky130_fd_sc_hd__and2_1)
     2    0.006265    0.049207    0.164569    3.125757 v g3423/X (sky130_fd_sc_hd__and2_1)
                                                         n3463 (net)
                      0.049207    0.000126    3.125883 v g3654/A (sky130_fd_sc_hd__xor2_1)
     2    0.006991    0.068212    0.183257    3.309140 v g3654/X (sky130_fd_sc_hd__xor2_1)
                                                         n3694 (net)
                      0.068212    0.000130    3.309270 v g3657/B (sky130_fd_sc_hd__and2_1)
     1    0.001837    0.031166    0.162551    3.471821 v g3657/X (sky130_fd_sc_hd__and2_1)
                                                         n3697 (net)
                      0.031166    0.000054    3.471874 v g3658/B (sky130_fd_sc_hd__or2_1)
     2    0.006209    0.063341    0.229366    3.701241 v g3658/X (sky130_fd_sc_hd__or2_1)
                                                         n3698 (net)
                      0.063341    0.000201    3.701442 v g3670/A (sky130_fd_sc_hd__inv_1)
     1    0.002167    0.032402    0.054520    3.755962 ^ g3670/Y (sky130_fd_sc_hd__inv_1)
                                                         n3710 (net)
                      0.032402    0.000065    3.756027 ^ g3671/B (sky130_fd_sc_hd__and2_1)
     2    0.012985    0.136644    0.188726    3.944753 ^ g3671/X (sky130_fd_sc_hd__and2_1)
                                                         n3711 (net)
                      0.136644    0.000564    3.945316 ^ g3836/A (sky130_fd_sc_hd__xor2_1)
     2    0.005133    0.152004    0.191090    4.136406 ^ g3836/X (sky130_fd_sc_hd__xor2_1)
                                                         n3876 (net)
                      0.152004    0.000125    4.136531 ^ g3841/A (sky130_fd_sc_hd__and2_1)
     2    0.005411    0.069127    0.169551    4.306082 ^ g3841/X (sky130_fd_sc_hd__and2_1)
                                                         n3881 (net)
                      0.069127    0.000095    4.306177 ^ g4066/A (sky130_fd_sc_hd__inv_1)
     1    0.001775    0.022132    0.037411    4.343587 v g4066/Y (sky130_fd_sc_hd__inv_1)
                                                         n4106 (net)
                      0.022132    0.000036    4.343624 v g4067/B (sky130_fd_sc_hd__and2_1)
     6    0.021437    0.113304    0.224876    4.568500 v g4067/X (sky130_fd_sc_hd__and2_1)
                                                         n4107 (net)
                      0.113305    0.000576    4.569076 v g4302/A (sky130_fd_sc_hd__and2_1)
     1    0.001618    0.030288    0.163074    4.732150 v g4302/X (sky130_fd_sc_hd__and2_1)
                                                         n4342 (net)
                      0.030288    0.000032    4.732182 v g4305/A (sky130_fd_sc_hd__or2_1)
     2    0.006244    0.063486    0.247963    4.980145 v g4305/X (sky130_fd_sc_hd__or2_1)
                                                         n4345 (net)
                      0.063486    0.000110    4.980255 v g4558/A (sky130_fd_sc_hd__xor2_1)
     2    0.004910    0.148130    0.186692    5.166947 ^ g4558/X (sky130_fd_sc_hd__xor2_1)
                                                         n4598 (net)
                      0.148130    0.000147    5.167094 ^ g4564/A (sky130_fd_sc_hd__inv_1)
     1    0.002219    0.037039    0.053705    5.220799 v g4564/Y (sky130_fd_sc_hd__inv_1)
                                                         n4604 (net)
                      0.037039    0.000051    5.220850 v g4565/B (sky130_fd_sc_hd__and2_1)
     1    0.011723    0.071548    0.194599    5.415449 v g4565/X (sky130_fd_sc_hd__and2_1)
                                                         zN[5] (net)
                      0.071548    0.000328    5.415776 v zN[5] (out)
                                              5.415776   data arrival time

                      0.000000   10.000000   10.000000   clock __VIRTUAL_CLK__ (rise edge)
                                  0.000000   10.000000   clock network delay (ideal)
                                  0.000000   10.000000   clock reconvergence pessimism
                                  0.000000   10.000000   output external delay
                                             10.000000   data required time
---------------------------------------------------------------------------------------------
                                             10.000000   data required time
                                             -5.415776   data arrival time
---------------------------------------------------------------------------------------------
                                              4.584224   slack (MET)


Startpoint: yN[1] (input port clocked by __VIRTUAL_CLK__)
Endpoint: zP[5] (output port clocked by __VIRTUAL_CLK__)
Path Group: __VIRTUAL_CLK__
Path Type: max

Fanout         Cap        Slew       Delay        Time   Description
---------------------------------------------------------------------------------------------
                      0.000000    0.000000    0.000000   clock __VIRTUAL_CLK__ (rise edge)
                                  0.000000    0.000000   clock network delay (ideal)
                                  0.000000    0.000000 v input external delay
    20    0.086713    0.192611    0.143930    0.143930 v yN[1] (in)
                                                         yN[1] (net)
                      0.192835    0.000000    0.143930 v g69/B (sky130_fd_sc_hd__and2_1)
     1    0.001651    0.030756    0.222371    0.366301 v g69/X (sky130_fd_sc_hd__and2_1)
                                                         n109 (net)
                      0.030756    0.000033    0.366335 v g71/A (sky130_fd_sc_hd__or2_1)
     2    0.004700    0.056606    0.238702    0.605037 v g71/X (sky130_fd_sc_hd__or2_1)
                                                         n111 (net)
                      0.056606    0.000143    0.605180 v g616/A (sky130_fd_sc_hd__inv_1)
     1    0.002346    0.032082    0.053230    0.658410 ^ g616/Y (sky130_fd_sc_hd__inv_1)
                                                         n656 (net)
                      0.032082    0.000049    0.658459 ^ g617/B (sky130_fd_sc_hd__and2_1)
     2    0.008217    0.093130    0.155627    0.814085 ^ g617/X (sky130_fd_sc_hd__and2_1)
                                                         n657 (net)
                      0.093130    0.000297    0.814382 ^ g1048/B (sky130_fd_sc_hd__xor2_1)
     2    0.008232    0.206935    0.230320    1.044702 ^ g1048/X (sky130_fd_sc_hd__xor2_1)
                                                         n1088 (net)
                      0.206935    0.000346    1.045048 ^ g1054/A (sky130_fd_sc_hd__inv_1)
     1    0.001738    0.042891    0.055444    1.100492 v g1054/Y (sky130_fd_sc_hd__inv_1)
                                                         n1094 (net)
                      0.042891    0.000035    1.100527 v g1055/B (sky130_fd_sc_hd__and2_1)
     2    0.007114    0.053040    0.177925    1.278452 v g1055/X (sky130_fd_sc_hd__and2_1)
                                                         n1095 (net)
                      0.053040    0.000175    1.278628 v g1549/A (sky130_fd_sc_hd__and2_1)
     2    0.004149    0.040648    0.149061    1.427688 v g1549/X (sky130_fd_sc_hd__and2_1)
                                                         n1589 (net)
                      0.040648    0.000068    1.427756 v g1554/A (sky130_fd_sc_hd__inv_1)
     1    0.002112    0.028590    0.044907    1.472663 ^ g1554/Y (sky130_fd_sc_hd__inv_1)
                                                         n1594 (net)
                      0.028590    0.000063    1.472726 ^ g1555/B (sky130_fd_sc_hd__and2_1)
     2    0.005064    0.065380    0.131959    1.604685 ^ g1555/X (sky130_fd_sc_hd__and2_1)
                                                         n1595 (net)
                      0.065380    0.000141    1.604826 ^ g2046/A (sky130_fd_sc_hd__inv_1)
     1    0.002076    0.022316    0.038290    1.643116 v g2046/Y (sky130_fd_sc_hd__inv_1)
                                                         n2086 (net)
                      0.022316    0.000060    1.643176 v g2047/B (sky130_fd_sc_hd__and2_1)
     2    0.007645    0.055347    0.170986    1.814162 v g2047/X (sky130_fd_sc_hd__and2_1)
                                                         n2087 (net)
                      0.055347    0.000238    1.814399 v g2440/A (sky130_fd_sc_hd__xor2_1)
     2    0.005197    0.153098    0.187292    2.001691 ^ g2440/X (sky130_fd_sc_hd__xor2_1)
                                                         n2480 (net)
                      0.153098    0.000137    2.001829 ^ g2442/A (sky130_fd_sc_hd__inv_1)
     1    0.001853    0.036168    0.051232    2.053061 v g2442/Y (sky130_fd_sc_hd__inv_1)
                                                         n2482 (net)
                      0.036168    0.000054    2.053115 v g2443/B (sky130_fd_sc_hd__and2_1)
     2    0.004501    0.041926    0.162427    2.215542 v g2443/X (sky130_fd_sc_hd__and2_1)
                                                         n2483 (net)
                      0.041926    0.000124    2.215665 v g2792/A (sky130_fd_sc_hd__inv_1)
     1    0.002003    0.028007    0.044808    2.260473 ^ g2792/Y (sky130_fd_sc_hd__inv_1)
                                                         n2832 (net)
                      0.028007    0.000058    2.260531 ^ g2793/B (sky130_fd_sc_hd__and2_1)
     2    0.008407    0.094768    0.155705    2.416237 ^ g2793/X (sky130_fd_sc_hd__and2_1)
                                                         n2833 (net)
                      0.094768    0.000267    2.416504 ^ g3122/A (sky130_fd_sc_hd__xor2_1)
     2    0.004864    0.147331    0.177128    2.593632 ^ g3122/X (sky130_fd_sc_hd__xor2_1)
                                                         n3162 (net)
                      0.147331    0.000115    2.593747 ^ g3127/A (sky130_fd_sc_hd__and2_1)
     2    0.006853    0.081587    0.178836    2.772582 ^ g3127/X (sky130_fd_sc_hd__and2_1)
                                                         n3167 (net)
                      0.081587    0.000136    2.772718 ^ g3417/A (sky130_fd_sc_hd__and2_1)
     2    0.005803    0.071875    0.150643    2.923361 ^ g3417/X (sky130_fd_sc_hd__and2_1)
                                                         n3457 (net)
                      0.071875    0.000166    2.923526 ^ g3422/A (sky130_fd_sc_hd__inv_1)
     1    0.001719    0.022460    0.037627    2.961153 v g3422/Y (sky130_fd_sc_hd__inv_1)
                                                         n3462 (net)
                      0.022460    0.000035    2.961188 v g3423/B (sky130_fd_sc_hd__and2_1)
     2    0.006265    0.049207    0.164569    3.125757 v g3423/X (sky130_fd_sc_hd__and2_1)
                                                         n3463 (net)
                      0.049207    0.000126    3.125883 v g3654/A (sky130_fd_sc_hd__xor2_1)
     2    0.006991    0.068212    0.183257    3.309140 v g3654/X (sky130_fd_sc_hd__xor2_1)
                                                         n3694 (net)
                      0.068212    0.000130    3.309270 v g3657/B (sky130_fd_sc_hd__and2_1)
     1    0.001837    0.031166    0.162551    3.471821 v g3657/X (sky130_fd_sc_hd__and2_1)
                                                         n3697 (net)
                      0.031166    0.000054    3.471874 v g3658/B (sky130_fd_sc_hd__or2_1)
     2    0.006209    0.063341    0.229366    3.701241 v g3658/X (sky130_fd_sc_hd__or2_1)
                                                         n3698 (net)
                      0.063341    0.000201    3.701442 v g3670/A (sky130_fd_sc_hd__inv_1)
     1    0.002167    0.032402    0.054520    3.755962 ^ g3670/Y (sky130_fd_sc_hd__inv_1)
                                                         n3710 (net)
                      0.032402    0.000065    3.756027 ^ g3671/B (sky130_fd_sc_hd__and2_1)
     2    0.012985    0.136644    0.188726    3.944753 ^ g3671/X (sky130_fd_sc_hd__and2_1)
                                                         n3711 (net)
                      0.136644    0.000564    3.945316 ^ g3836/A (sky130_fd_sc_hd__xor2_1)
     2    0.005133    0.152004    0.191090    4.136406 ^ g3836/X (sky130_fd_sc_hd__xor2_1)
                                                         n3876 (net)
                      0.152004    0.000125    4.136531 ^ g3841/A (sky130_fd_sc_hd__and2_1)
     2    0.005411    0.069127    0.169551    4.306082 ^ g3841/X (sky130_fd_sc_hd__and2_1)
                                                         n3881 (net)
                      0.069127    0.000095    4.306177 ^ g4066/A (sky130_fd_sc_hd__inv_1)
     1    0.001775    0.022132    0.037411    4.343587 v g4066/Y (sky130_fd_sc_hd__inv_1)
                                                         n4106 (net)
                      0.022132    0.000036    4.343624 v g4067/B (sky130_fd_sc_hd__and2_1)
     6    0.021437    0.113304    0.224876    4.568500 v g4067/X (sky130_fd_sc_hd__and2_1)
                                                         n4107 (net)
                      0.113304    0.000519    4.569019 v g4307/A (sky130_fd_sc_hd__and2_1)
     1    0.001671    0.030486    0.163395    4.732414 v g4307/X (sky130_fd_sc_hd__and2_1)
                                                         n4347 (net)
                      0.030486    0.000049    4.732462 v g4309/A (sky130_fd_sc_hd__or2_1)
     2    0.006439    0.064410    0.249211    4.981673 v g4309/X (sky130_fd_sc_hd__or2_1)
                                                         n4349 (net)
                      0.064410    0.000131    4.981804 v g4560/A (sky130_fd_sc_hd__xor2_1)
     2    0.004727    0.144959    0.184470    5.166274 ^ g4560/X (sky130_fd_sc_hd__xor2_1)
                                                         n4600 (net)
                      0.144959    0.000118    5.166392 ^ g4562/A (sky130_fd_sc_hd__inv_1)
     1    0.001921    0.035348    0.050969    5.217361 v g4562/Y (sky130_fd_sc_hd__inv_1)
                                                         n4602 (net)
                      0.035348    0.000056    5.217416 v g4563/B (sky130_fd_sc_hd__and2_1)
     1    0.011402    0.070203    0.192586    5.410002 v g4563/X (sky130_fd_sc_hd__and2_1)
                                                         zP[5] (net)
                      0.070203    0.000303    5.410305 v zP[5] (out)
                                              5.410305   data arrival time

                      0.000000   10.000000   10.000000   clock __VIRTUAL_CLK__ (rise edge)
                                  0.000000   10.000000   clock network delay (ideal)
                                  0.000000   10.000000   clock reconvergence pessimism
                                  0.000000   10.000000   output external delay
                                             10.000000   data required time
---------------------------------------------------------------------------------------------
                                             10.000000   data required time
                                             -5.410305   data arrival time
---------------------------------------------------------------------------------------------
                                              4.589695   slack (MET)


Startpoint: yP[1] (input port clocked by __VIRTUAL_CLK__)
Endpoint: zP[4] (output port clocked by __VIRTUAL_CLK__)
Path Group: __VIRTUAL_CLK__
Path Type: max

Fanout         Cap        Slew       Delay        Time   Description
---------------------------------------------------------------------------------------------
                      0.000000    0.000000    0.000000   clock __VIRTUAL_CLK__ (rise edge)
                                  0.000000    0.000000   clock network delay (ideal)
                                  0.000000    0.000000 v input external delay
    20    0.086604    0.192544    0.142229    0.142229 v yP[1] (in)
                                                         yP[1] (net)
                      0.192746    0.000000    0.142229 v g66/B (sky130_fd_sc_hd__and2_1)
     1    0.001686    0.030890    0.222545    0.364774 v g66/X (sky130_fd_sc_hd__and2_1)
                                                         n106 (net)
                      0.030890    0.000035    0.364808 v g68/A (sky130_fd_sc_hd__or2_1)
     2    0.005172    0.058620    0.241630    0.606438 v g68/X (sky130_fd_sc_hd__or2_1)
                                                         n108 (net)
                      0.058620    0.000146    0.606584 v g618/A (sky130_fd_sc_hd__inv_1)
     1    0.002040    0.030663    0.052009    0.658594 ^ g618/Y (sky130_fd_sc_hd__inv_1)
                                                         n658 (net)
                      0.030663    0.000060    0.658654 ^ g619/B (sky130_fd_sc_hd__and2_1)
     2    0.008233    0.093262    0.155302    0.813956 ^ g619/X (sky130_fd_sc_hd__and2_1)
                                                         n659 (net)
                      0.093262    0.000256    0.814212 ^ g1050/B (sky130_fd_sc_hd__xor2_1)
     2    0.009616    0.232015    0.249804    1.064016 ^ g1050/X (sky130_fd_sc_hd__xor2_1)
                                                         n1090 (net)
                      0.232016    0.000421    1.064437 ^ g1052/A (sky130_fd_sc_hd__inv_1)
     1    0.001713    0.046124    0.057590    1.122027 v g1052/Y (sky130_fd_sc_hd__inv_1)
                                                         n1092 (net)
                      0.046124    0.000035    1.122062 v g1053/B (sky130_fd_sc_hd__and2_1)
     2    0.006826    0.051778    0.178039    1.300101 v g1053/X (sky130_fd_sc_hd__and2_1)
                                                         n1093 (net)
                      0.051778    0.000142    1.300243 v g1547/A (sky130_fd_sc_hd__and2_1)
     2    0.005221    0.044935    0.153513    1.453757 v g1547/X (sky130_fd_sc_hd__and2_1)
                                                         n1587 (net)
                      0.044935    0.000161    1.453918 v g1556/A (sky130_fd_sc_hd__inv_1)
     1    0.001853    0.027382    0.045239    1.499157 ^ g1556/Y (sky130_fd_sc_hd__inv_1)
                                                         n1596 (net)
                      0.027382    0.000038    1.499195 ^ g1557/B (sky130_fd_sc_hd__and2_1)
     2    0.004973    0.064540    0.130917    1.630111 ^ g1557/X (sky130_fd_sc_hd__and2_1)
                                                         n1597 (net)
                      0.064540    0.000139    1.630251 ^ g2044/A (sky130_fd_sc_hd__inv_1)
     1    0.001752    0.021244    0.036412    1.666663 v g2044/Y (sky130_fd_sc_hd__inv_1)
                                                         n2084 (net)
                      0.021244    0.000036    1.666699 v g2045/B (sky130_fd_sc_hd__and2_1)
     2    0.007075    0.052786    0.167895    1.834594 v g2045/X (sky130_fd_sc_hd__and2_1)
                                                         n2085 (net)
                      0.052786    0.000211    1.834805 v g2438/A (sky130_fd_sc_hd__xor2_1)
     2    0.005134    0.152004    0.185268    2.020073 ^ g2438/X (sky130_fd_sc_hd__xor2_1)
                                                         n2478 (net)
                      0.152004    0.000143    2.020217 ^ g2444/A (sky130_fd_sc_hd__inv_1)
     1    0.001865    0.036071    0.051222    2.071439 v g2444/Y (sky130_fd_sc_hd__inv_1)
                                                         n2484 (net)
                      0.036071    0.000055    2.071493 v g2445/B (sky130_fd_sc_hd__and2_1)
     2    0.004802    0.043122    0.163816    2.235309 v g2445/X (sky130_fd_sc_hd__and2_1)
                                                         n2485 (net)
                      0.043122    0.000121    2.235430 v g2790/A (sky130_fd_sc_hd__inv_1)
     1    0.001917    0.027580    0.044814    2.280245 ^ g2790/Y (sky130_fd_sc_hd__inv_1)
                                                         n2830 (net)
                      0.027580    0.000056    2.280300 ^ g2791/B (sky130_fd_sc_hd__and2_1)
     2    0.007157    0.083773    0.146654    2.426955 ^ g2791/X (sky130_fd_sc_hd__and2_1)
                                                         n2831 (net)
                      0.083773    0.000146    2.427101 ^ g3120/A (sky130_fd_sc_hd__xor2_1)
     2    0.005367    0.156059    0.181369    2.608470 ^ g3120/X (sky130_fd_sc_hd__xor2_1)
                                                         n3160 (net)
                      0.156059    0.000174    2.608644 ^ g3126/A (sky130_fd_sc_hd__inv_1)
     1    0.001737    0.036065    0.050559    2.659203 v g3126/Y (sky130_fd_sc_hd__inv_1)
                                                         n3166 (net)
                      0.036065    0.000036    2.659239 v g3127/B (sky130_fd_sc_hd__and2_1)
     2    0.006453    0.050091    0.171641    2.830880 v g3127/X (sky130_fd_sc_hd__and2_1)
                                                         n3167 (net)
                      0.050091    0.000129    2.831009 v g3417/A (sky130_fd_sc_hd__and2_1)
     2    0.005566    0.046368    0.154402    2.985411 v g3417/X (sky130_fd_sc_hd__and2_1)
                                                         n3457 (net)
                      0.046368    0.000157    2.985569 v g3422/A (sky130_fd_sc_hd__inv_1)
     1    0.001848    0.027524    0.045852    3.031420 ^ g3422/Y (sky130_fd_sc_hd__inv_1)
                                                         n3462 (net)
                      0.027524    0.000038    3.031458 ^ g3423/B (sky130_fd_sc_hd__and2_1)
     2    0.006660    0.079363    0.143078    3.174536 ^ g3423/X (sky130_fd_sc_hd__and2_1)
                                                         n3463 (net)
                      0.079363    0.000135    3.174671 ^ g3654/A (sky130_fd_sc_hd__xor2_1)
     2    0.007454    0.192987    0.210275    3.384946 ^ g3654/X (sky130_fd_sc_hd__xor2_1)
                                                         n3694 (net)
                      0.192987    0.000154    3.385100 ^ g3655/A (sky130_fd_sc_hd__xor2_1)
     2    0.004659    0.143789    0.193306    3.578406 ^ g3655/X (sky130_fd_sc_hd__xor2_1)
                                                         n3695 (net)
                      0.143789    0.000133    3.578539 ^ g3666/A (sky130_fd_sc_hd__inv_1)
     1    0.001938    0.035259    0.050986    3.629525 v g3666/Y (sky130_fd_sc_hd__inv_1)
                                                         n3706 (net)
                      0.035259    0.000056    3.629581 v g3667/B (sky130_fd_sc_hd__and2_1)
     2    0.007314    0.053898    0.175358    3.804939 v g3667/X (sky130_fd_sc_hd__and2_1)
                                                         n3707 (net)
                      0.053898    0.000212    3.805151 v g4056/A (sky130_fd_sc_hd__xor2_1)
     2    0.004776    0.145799    0.180625    3.985775 ^ g4056/X (sky130_fd_sc_hd__xor2_1)
                                                         n4096 (net)
                      0.145799    0.000052    3.985828 ^ g4058/A (sky130_fd_sc_hd__inv_1)
     1    0.001833    0.035095    0.050346    4.036174 v g4058/Y (sky130_fd_sc_hd__inv_1)
                                                         n4098 (net)
                      0.035095    0.000054    4.036228 v g4059/B (sky130_fd_sc_hd__and2_1)
     4    0.008561    0.058686    0.181254    4.217482 v g4059/X (sky130_fd_sc_hd__and2_1)
                                                         n4099 (net)
                      0.058686    0.000181    4.217663 v g4295/A (sky130_fd_sc_hd__and2_1)
     1    0.001653    0.030435    0.137503    4.355166 v g4295/X (sky130_fd_sc_hd__and2_1)
                                                         n4335 (net)
                      0.030435    0.000033    4.355199 v g4297/A (sky130_fd_sc_hd__or2_1)
     2    0.009071    0.075753    0.265169    4.620368 v g4297/X (sky130_fd_sc_hd__or2_1)
                                                         n4337 (net)
                      0.075753    0.000317    4.620685 v g4548/A (sky130_fd_sc_hd__xor2_1)
     2    0.004316    0.137868    0.183503    4.804188 ^ g4548/X (sky130_fd_sc_hd__xor2_1)
                                                         n4588 (net)
                      0.137868    0.000070    4.804258 ^ g4550/A (sky130_fd_sc_hd__inv_1)
     1    0.002320    0.036029    0.053374    4.857632 v g4550/Y (sky130_fd_sc_hd__inv_1)
                                                         n4590 (net)
                      0.036029    0.000070    4.857701 v g4551/B (sky130_fd_sc_hd__and2_1)
     1    0.011351    0.069988    0.192715    5.050416 v g4551/X (sky130_fd_sc_hd__and2_1)
                                                         zP[4] (net)
                      0.069988    0.000285    5.050702 v zP[4] (out)
                                              5.050702   data arrival time

                      0.000000   10.000000   10.000000   clock __VIRTUAL_CLK__ (rise edge)
                                  0.000000   10.000000   clock network delay (ideal)
                                  0.000000   10.000000   clock reconvergence pessimism
                                  0.000000   10.000000   output external delay
                                             10.000000   data required time
---------------------------------------------------------------------------------------------
                                             10.000000   data required time
                                             -5.050702   data arrival time
---------------------------------------------------------------------------------------------
                                              4.949298   slack (MET)


Startpoint: yP[1] (input port clocked by __VIRTUAL_CLK__)
Endpoint: zN[4] (output port clocked by __VIRTUAL_CLK__)
Path Group: __VIRTUAL_CLK__
Path Type: max

Fanout         Cap        Slew       Delay        Time   Description
---------------------------------------------------------------------------------------------
                      0.000000    0.000000    0.000000   clock __VIRTUAL_CLK__ (rise edge)
                                  0.000000    0.000000   clock network delay (ideal)
                                  0.000000    0.000000 v input external delay
    20    0.086604    0.192544    0.142229    0.142229 v yP[1] (in)
                                                         yP[1] (net)
                      0.192746    0.000000    0.142229 v g66/B (sky130_fd_sc_hd__and2_1)
     1    0.001686    0.030890    0.222545    0.364774 v g66/X (sky130_fd_sc_hd__and2_1)
                                                         n106 (net)
                      0.030890    0.000035    0.364808 v g68/A (sky130_fd_sc_hd__or2_1)
     2    0.005172    0.058620    0.241630    0.606438 v g68/X (sky130_fd_sc_hd__or2_1)
                                                         n108 (net)
                      0.058620    0.000146    0.606584 v g618/A (sky130_fd_sc_hd__inv_1)
     1    0.002040    0.030663    0.052009    0.658594 ^ g618/Y (sky130_fd_sc_hd__inv_1)
                                                         n658 (net)
                      0.030663    0.000060    0.658654 ^ g619/B (sky130_fd_sc_hd__and2_1)
     2    0.008233    0.093262    0.155302    0.813956 ^ g619/X (sky130_fd_sc_hd__and2_1)
                                                         n659 (net)
                      0.093262    0.000256    0.814212 ^ g1050/B (sky130_fd_sc_hd__xor2_1)
     2    0.009616    0.232015    0.249804    1.064016 ^ g1050/X (sky130_fd_sc_hd__xor2_1)
                                                         n1090 (net)
                      0.232016    0.000421    1.064437 ^ g1052/A (sky130_fd_sc_hd__inv_1)
     1    0.001713    0.046124    0.057590    1.122027 v g1052/Y (sky130_fd_sc_hd__inv_1)
                                                         n1092 (net)
                      0.046124    0.000035    1.122062 v g1053/B (sky130_fd_sc_hd__and2_1)
     2    0.006826    0.051778    0.178039    1.300101 v g1053/X (sky130_fd_sc_hd__and2_1)
                                                         n1093 (net)
                      0.051778    0.000142    1.300243 v g1547/A (sky130_fd_sc_hd__and2_1)
     2    0.005221    0.044935    0.153513    1.453757 v g1547/X (sky130_fd_sc_hd__and2_1)
                                                         n1587 (net)
                      0.044935    0.000161    1.453918 v g1556/A (sky130_fd_sc_hd__inv_1)
     1    0.001853    0.027382    0.045239    1.499157 ^ g1556/Y (sky130_fd_sc_hd__inv_1)
                                                         n1596 (net)
                      0.027382    0.000038    1.499195 ^ g1557/B (sky130_fd_sc_hd__and2_1)
     2    0.004973    0.064540    0.130917    1.630111 ^ g1557/X (sky130_fd_sc_hd__and2_1)
                                                         n1597 (net)
                      0.064540    0.000139    1.630251 ^ g2044/A (sky130_fd_sc_hd__inv_1)
     1    0.001752    0.021244    0.036412    1.666663 v g2044/Y (sky130_fd_sc_hd__inv_1)
                                                         n2084 (net)
                      0.021244    0.000036    1.666699 v g2045/B (sky130_fd_sc_hd__and2_1)
     2    0.007075    0.052786    0.167895    1.834594 v g2045/X (sky130_fd_sc_hd__and2_1)
                                                         n2085 (net)
                      0.052786    0.000211    1.834805 v g2438/A (sky130_fd_sc_hd__xor2_1)
     2    0.005134    0.152004    0.185268    2.020073 ^ g2438/X (sky130_fd_sc_hd__xor2_1)
                                                         n2478 (net)
                      0.152004    0.000143    2.020217 ^ g2444/A (sky130_fd_sc_hd__inv_1)
     1    0.001865    0.036071    0.051222    2.071439 v g2444/Y (sky130_fd_sc_hd__inv_1)
                                                         n2484 (net)
                      0.036071    0.000055    2.071493 v g2445/B (sky130_fd_sc_hd__and2_1)
     2    0.004802    0.043122    0.163816    2.235309 v g2445/X (sky130_fd_sc_hd__and2_1)
                                                         n2485 (net)
                      0.043122    0.000121    2.235430 v g2790/A (sky130_fd_sc_hd__inv_1)
     1    0.001917    0.027580    0.044814    2.280245 ^ g2790/Y (sky130_fd_sc_hd__inv_1)
                                                         n2830 (net)
                      0.027580    0.000056    2.280300 ^ g2791/B (sky130_fd_sc_hd__and2_1)
     2    0.007157    0.083773    0.146654    2.426955 ^ g2791/X (sky130_fd_sc_hd__and2_1)
                                                         n2831 (net)
                      0.083773    0.000146    2.427101 ^ g3120/A (sky130_fd_sc_hd__xor2_1)
     2    0.005367    0.156059    0.181369    2.608470 ^ g3120/X (sky130_fd_sc_hd__xor2_1)
                                                         n3160 (net)
                      0.156059    0.000174    2.608644 ^ g3126/A (sky130_fd_sc_hd__inv_1)
     1    0.001737    0.036065    0.050559    2.659203 v g3126/Y (sky130_fd_sc_hd__inv_1)
                                                         n3166 (net)
                      0.036065    0.000036    2.659239 v g3127/B (sky130_fd_sc_hd__and2_1)
     2    0.006453    0.050091    0.171641    2.830880 v g3127/X (sky130_fd_sc_hd__and2_1)
                                                         n3167 (net)
                      0.050091    0.000129    2.831009 v g3417/A (sky130_fd_sc_hd__and2_1)
     2    0.005566    0.046368    0.154402    2.985411 v g3417/X (sky130_fd_sc_hd__and2_1)
                                                         n3457 (net)
                      0.046368    0.000157    2.985569 v g3422/A (sky130_fd_sc_hd__inv_1)
     1    0.001848    0.027524    0.045852    3.031420 ^ g3422/Y (sky130_fd_sc_hd__inv_1)
                                                         n3462 (net)
                      0.027524    0.000038    3.031458 ^ g3423/B (sky130_fd_sc_hd__and2_1)
     2    0.006660    0.079363    0.143078    3.174536 ^ g3423/X (sky130_fd_sc_hd__and2_1)
                                                         n3463 (net)
                      0.079363    0.000135    3.174671 ^ g3654/A (sky130_fd_sc_hd__xor2_1)
     2    0.007454    0.192987    0.210275    3.384946 ^ g3654/X (sky130_fd_sc_hd__xor2_1)
                                                         n3694 (net)
                      0.192987    0.000154    3.385100 ^ g3655/A (sky130_fd_sc_hd__xor2_1)
     2    0.004659    0.143789    0.193306    3.578406 ^ g3655/X (sky130_fd_sc_hd__xor2_1)
                                                         n3695 (net)
                      0.143789    0.000133    3.578539 ^ g3666/A (sky130_fd_sc_hd__inv_1)
     1    0.001938    0.035259    0.050986    3.629525 v g3666/Y (sky130_fd_sc_hd__inv_1)
                                                         n3706 (net)
                      0.035259    0.000056    3.629581 v g3667/B (sky130_fd_sc_hd__and2_1)
     2    0.007314    0.053898    0.175358    3.804939 v g3667/X (sky130_fd_sc_hd__and2_1)
                                                         n3707 (net)
                      0.053898    0.000212    3.805151 v g4056/A (sky130_fd_sc_hd__xor2_1)
     2    0.004776    0.145799    0.180625    3.985775 ^ g4056/X (sky130_fd_sc_hd__xor2_1)
                                                         n4096 (net)
                      0.145799    0.000052    3.985828 ^ g4058/A (sky130_fd_sc_hd__inv_1)
     1    0.001833    0.035095    0.050346    4.036174 v g4058/Y (sky130_fd_sc_hd__inv_1)
                                                         n4098 (net)
                      0.035095    0.000054    4.036228 v g4059/B (sky130_fd_sc_hd__and2_1)
     4    0.008561    0.058686    0.181254    4.217482 v g4059/X (sky130_fd_sc_hd__and2_1)
                                                         n4099 (net)
                      0.058686    0.000131    4.217614 v g4290/A (sky130_fd_sc_hd__and2_1)
     1    0.001704    0.030612    0.137813    4.355427 v g4290/X (sky130_fd_sc_hd__and2_1)
                                                         n4330 (net)
                      0.030612    0.000048    4.355475 v g4293/A (sky130_fd_sc_hd__or2_1)
     2    0.007712    0.070702    0.256996    4.612471 v g4293/X (sky130_fd_sc_hd__or2_1)
                                                         n4333 (net)
                      0.070702    0.000179    4.612650 v g4546/A (sky130_fd_sc_hd__xor2_1)
     2    0.004511    0.141227    0.184110    4.796760 ^ g4546/X (sky130_fd_sc_hd__xor2_1)
                                                         n4586 (net)
                      0.141227    0.000055    4.796815 ^ g4552/A (sky130_fd_sc_hd__inv_1)
     1    0.002411    0.036903    0.054466    4.851281 v g4552/Y (sky130_fd_sc_hd__inv_1)
                                                         n4592 (net)
                      0.036903    0.000074    4.851355 v g4553/B (sky130_fd_sc_hd__and2_1)
     1    0.011491    0.070572    0.193651    5.045006 v g4553/X (sky130_fd_sc_hd__and2_1)
                                                         zN[4] (net)
                      0.070572    0.000300    5.045307 v zN[4] (out)
                                              5.045307   data arrival time

                      0.000000   10.000000   10.000000   clock __VIRTUAL_CLK__ (rise edge)
                                  0.000000   10.000000   clock network delay (ideal)
                                  0.000000   10.000000   clock reconvergence pessimism
                                  0.000000   10.000000   output external delay
                                             10.000000   data required time
---------------------------------------------------------------------------------------------
                                             10.000000   data required time
                                             -5.045307   data arrival time
---------------------------------------------------------------------------------------------
                                              4.954694   slack (MET)


Startpoint: yP[1] (input port clocked by __VIRTUAL_CLK__)
Endpoint: zP[3] (output port clocked by __VIRTUAL_CLK__)
Path Group: __VIRTUAL_CLK__
Path Type: max

Fanout         Cap        Slew       Delay        Time   Description
---------------------------------------------------------------------------------------------
                      0.000000    0.000000    0.000000   clock __VIRTUAL_CLK__ (rise edge)
                                  0.000000    0.000000   clock network delay (ideal)
                                  0.000000    0.000000 v input external delay
    20    0.086604    0.192544    0.142229    0.142229 v yP[1] (in)
                                                         yP[1] (net)
                      0.192746    0.000000    0.142229 v g66/B (sky130_fd_sc_hd__and2_1)
     1    0.001686    0.030890    0.222545    0.364774 v g66/X (sky130_fd_sc_hd__and2_1)
                                                         n106 (net)
                      0.030890    0.000035    0.364808 v g68/A (sky130_fd_sc_hd__or2_1)
     2    0.005172    0.058620    0.241630    0.606438 v g68/X (sky130_fd_sc_hd__or2_1)
                                                         n108 (net)
                      0.058620    0.000146    0.606584 v g618/A (sky130_fd_sc_hd__inv_1)
     1    0.002040    0.030663    0.052009    0.658594 ^ g618/Y (sky130_fd_sc_hd__inv_1)
                                                         n658 (net)
                      0.030663    0.000060    0.658654 ^ g619/B (sky130_fd_sc_hd__and2_1)
     2    0.008233    0.093262    0.155302    0.813956 ^ g619/X (sky130_fd_sc_hd__and2_1)
                                                         n659 (net)
                      0.093262    0.000256    0.814212 ^ g1050/B (sky130_fd_sc_hd__xor2_1)
     2    0.009616    0.232015    0.249804    1.064016 ^ g1050/X (sky130_fd_sc_hd__xor2_1)
                                                         n1090 (net)
                      0.232016    0.000421    1.064437 ^ g1052/A (sky130_fd_sc_hd__inv_1)
     1    0.001713    0.046124    0.057590    1.122027 v g1052/Y (sky130_fd_sc_hd__inv_1)
                                                         n1092 (net)
                      0.046124    0.000035    1.122062 v g1053/B (sky130_fd_sc_hd__and2_1)
     2    0.006826    0.051778    0.178039    1.300101 v g1053/X (sky130_fd_sc_hd__and2_1)
                                                         n1093 (net)
                      0.051778    0.000142    1.300243 v g1547/A (sky130_fd_sc_hd__and2_1)
     2    0.005221    0.044935    0.153513    1.453757 v g1547/X (sky130_fd_sc_hd__and2_1)
                                                         n1587 (net)
                      0.044935    0.000161    1.453918 v g1556/A (sky130_fd_sc_hd__inv_1)
     1    0.001853    0.027382    0.045239    1.499157 ^ g1556/Y (sky130_fd_sc_hd__inv_1)
                                                         n1596 (net)
                      0.027382    0.000038    1.499195 ^ g1557/B (sky130_fd_sc_hd__and2_1)
     2    0.004973    0.064540    0.130917    1.630111 ^ g1557/X (sky130_fd_sc_hd__and2_1)
                                                         n1597 (net)
                      0.064540    0.000139    1.630251 ^ g2044/A (sky130_fd_sc_hd__inv_1)
     1    0.001752    0.021244    0.036412    1.666663 v g2044/Y (sky130_fd_sc_hd__inv_1)
                                                         n2084 (net)
                      0.021244    0.000036    1.666699 v g2045/B (sky130_fd_sc_hd__and2_1)
     2    0.007075    0.052786    0.167895    1.834594 v g2045/X (sky130_fd_sc_hd__and2_1)
                                                         n2085 (net)
                      0.052786    0.000211    1.834805 v g2438/A (sky130_fd_sc_hd__xor2_1)
     2    0.005134    0.152004    0.185268    2.020073 ^ g2438/X (sky130_fd_sc_hd__xor2_1)
                                                         n2478 (net)
                      0.152004    0.000143    2.020217 ^ g2444/A (sky130_fd_sc_hd__inv_1)
     1    0.001865    0.036071    0.051222    2.071439 v g2444/Y (sky130_fd_sc_hd__inv_1)
                                                         n2484 (net)
                      0.036071    0.000055    2.071493 v g2445/B (sky130_fd_sc_hd__and2_1)
     2    0.004802    0.043122    0.163816    2.235309 v g2445/X (sky130_fd_sc_hd__and2_1)
                                                         n2485 (net)
                      0.043122    0.000121    2.235430 v g2790/A (sky130_fd_sc_hd__inv_1)
     1    0.001917    0.027580    0.044814    2.280245 ^ g2790/Y (sky130_fd_sc_hd__inv_1)
                                                         n2830 (net)
                      0.027580    0.000056    2.280300 ^ g2791/B (sky130_fd_sc_hd__and2_1)
     2    0.007157    0.083773    0.146654    2.426955 ^ g2791/X (sky130_fd_sc_hd__and2_1)
                                                         n2831 (net)
                      0.083773    0.000146    2.427101 ^ g3120/A (sky130_fd_sc_hd__xor2_1)
     2    0.005367    0.156059    0.181369    2.608470 ^ g3120/X (sky130_fd_sc_hd__xor2_1)
                                                         n3160 (net)
                      0.156059    0.000174    2.608644 ^ g3126/A (sky130_fd_sc_hd__inv_1)
     1    0.001737    0.036065    0.050559    2.659203 v g3126/Y (sky130_fd_sc_hd__inv_1)
                                                         n3166 (net)
                      0.036065    0.000036    2.659239 v g3127/B (sky130_fd_sc_hd__and2_1)
     2    0.006453    0.050091    0.171641    2.830880 v g3127/X (sky130_fd_sc_hd__and2_1)
                                                         n3167 (net)
                      0.050091    0.000183    2.831064 v g3416/B (sky130_fd_sc_hd__xor2_1)
     2    0.004155    0.052790    0.151074    2.982138 v g3416/X (sky130_fd_sc_hd__xor2_1)
                                                         n3456 (net)
                      0.052790    0.000114    2.982252 v g3418/A (sky130_fd_sc_hd__inv_1)
     1    0.002155    0.030173    0.050622    3.032873 ^ g3418/Y (sky130_fd_sc_hd__inv_1)
                                                         n3458 (net)
                      0.030173    0.000047    3.032920 ^ g3419/B (sky130_fd_sc_hd__and2_1)
     2    0.004961    0.065198    0.131721    3.164641 ^ g3419/X (sky130_fd_sc_hd__and2_1)
                                                         n3459 (net)
                      0.065198    0.000125    3.164766 ^ g4052/A (sky130_fd_sc_hd__inv_1)
     1    0.001813    0.021535    0.036854    3.201619 v g4052/Y (sky130_fd_sc_hd__inv_1)
                                                         n4092 (net)
                      0.021535    0.000054    3.201674 v g4053/B (sky130_fd_sc_hd__and2_1)
     6    0.019015    0.102754    0.215417    3.417090 v g4053/X (sky130_fd_sc_hd__and2_1)
                                                         n4093 (net)
                      0.102754    0.000421    3.417511 v g4282/A (sky130_fd_sc_hd__and2_1)
     1    0.001772    0.030879    0.159031    3.576542 v g4282/X (sky130_fd_sc_hd__and2_1)
                                                         n4322 (net)
                      0.030879    0.000052    3.576594 v g4283/B (sky130_fd_sc_hd__or2_1)
     2    0.007631    0.070301    0.238003    3.814597 v g4283/X (sky130_fd_sc_hd__or2_1)
                                                         n4323 (net)
                      0.070301    0.000191    3.814789 v g4536/A (sky130_fd_sc_hd__xor2_1)
     2    0.004962    0.149047    0.190406    4.005195 ^ g4536/X (sky130_fd_sc_hd__xor2_1)
                                                         n4576 (net)
                      0.149047    0.000148    4.005343 ^ g4538/A (sky130_fd_sc_hd__inv_1)
     1    0.002073    0.036549    0.052617    4.057960 v g4538/Y (sky130_fd_sc_hd__inv_1)
                                                         n4578 (net)
                      0.036549    0.000060    4.058020 v g4539/B (sky130_fd_sc_hd__and2_1)
     1    0.011908    0.072319    0.195087    4.253107 v g4539/X (sky130_fd_sc_hd__and2_1)
                                                         zP[3] (net)
                      0.072319    0.000330    4.253437 v zP[3] (out)
                                              4.253437   data arrival time

                      0.000000   10.000000   10.000000   clock __VIRTUAL_CLK__ (rise edge)
                                  0.000000   10.000000   clock network delay (ideal)
                                  0.000000   10.000000   clock reconvergence pessimism
                                  0.000000   10.000000   output external delay
                                             10.000000   data required time
---------------------------------------------------------------------------------------------
                                             10.000000   data required time
                                             -4.253437   data arrival time
---------------------------------------------------------------------------------------------
                                              5.746563   slack (MET)


Startpoint: yP[1] (input port clocked by __VIRTUAL_CLK__)
Endpoint: zN[3] (output port clocked by __VIRTUAL_CLK__)
Path Group: __VIRTUAL_CLK__
Path Type: max

Fanout         Cap        Slew       Delay        Time   Description
---------------------------------------------------------------------------------------------
                      0.000000    0.000000    0.000000   clock __VIRTUAL_CLK__ (rise edge)
                                  0.000000    0.000000   clock network delay (ideal)
                                  0.000000    0.000000 v input external delay
    20    0.086604    0.192544    0.142229    0.142229 v yP[1] (in)
                                                         yP[1] (net)
                      0.192746    0.000000    0.142229 v g66/B (sky130_fd_sc_hd__and2_1)
     1    0.001686    0.030890    0.222545    0.364774 v g66/X (sky130_fd_sc_hd__and2_1)
                                                         n106 (net)
                      0.030890    0.000035    0.364808 v g68/A (sky130_fd_sc_hd__or2_1)
     2    0.005172    0.058620    0.241630    0.606438 v g68/X (sky130_fd_sc_hd__or2_1)
                                                         n108 (net)
                      0.058620    0.000146    0.606584 v g618/A (sky130_fd_sc_hd__inv_1)
     1    0.002040    0.030663    0.052009    0.658594 ^ g618/Y (sky130_fd_sc_hd__inv_1)
                                                         n658 (net)
                      0.030663    0.000060    0.658654 ^ g619/B (sky130_fd_sc_hd__and2_1)
     2    0.008233    0.093262    0.155302    0.813956 ^ g619/X (sky130_fd_sc_hd__and2_1)
                                                         n659 (net)
                      0.093262    0.000256    0.814212 ^ g1050/B (sky130_fd_sc_hd__xor2_1)
     2    0.009616    0.232015    0.249804    1.064016 ^ g1050/X (sky130_fd_sc_hd__xor2_1)
                                                         n1090 (net)
                      0.232016    0.000421    1.064437 ^ g1052/A (sky130_fd_sc_hd__inv_1)
     1    0.001713    0.046124    0.057590    1.122027 v g1052/Y (sky130_fd_sc_hd__inv_1)
                                                         n1092 (net)
                      0.046124    0.000035    1.122062 v g1053/B (sky130_fd_sc_hd__and2_1)
     2    0.006826    0.051778    0.178039    1.300101 v g1053/X (sky130_fd_sc_hd__and2_1)
                                                         n1093 (net)
                      0.051778    0.000142    1.300243 v g1547/A (sky130_fd_sc_hd__and2_1)
     2    0.005221    0.044935    0.153513    1.453757 v g1547/X (sky130_fd_sc_hd__and2_1)
                                                         n1587 (net)
                      0.044935    0.000161    1.453918 v g1556/A (sky130_fd_sc_hd__inv_1)
     1    0.001853    0.027382    0.045239    1.499157 ^ g1556/Y (sky130_fd_sc_hd__inv_1)
                                                         n1596 (net)
                      0.027382    0.000038    1.499195 ^ g1557/B (sky130_fd_sc_hd__and2_1)
     2    0.004973    0.064540    0.130917    1.630111 ^ g1557/X (sky130_fd_sc_hd__and2_1)
                                                         n1597 (net)
                      0.064540    0.000139    1.630251 ^ g2044/A (sky130_fd_sc_hd__inv_1)
     1    0.001752    0.021244    0.036412    1.666663 v g2044/Y (sky130_fd_sc_hd__inv_1)
                                                         n2084 (net)
                      0.021244    0.000036    1.666699 v g2045/B (sky130_fd_sc_hd__and2_1)
     2    0.007075    0.052786    0.167895    1.834594 v g2045/X (sky130_fd_sc_hd__and2_1)
                                                         n2085 (net)
                      0.052786    0.000211    1.834805 v g2438/A (sky130_fd_sc_hd__xor2_1)
     2    0.005134    0.152004    0.185268    2.020073 ^ g2438/X (sky130_fd_sc_hd__xor2_1)
                                                         n2478 (net)
                      0.152004    0.000143    2.020217 ^ g2444/A (sky130_fd_sc_hd__inv_1)
     1    0.001865    0.036071    0.051222    2.071439 v g2444/Y (sky130_fd_sc_hd__inv_1)
                                                         n2484 (net)
                      0.036071    0.000055    2.071493 v g2445/B (sky130_fd_sc_hd__and2_1)
     2    0.004802    0.043122    0.163816    2.235309 v g2445/X (sky130_fd_sc_hd__and2_1)
                                                         n2485 (net)
                      0.043122    0.000121    2.235430 v g2790/A (sky130_fd_sc_hd__inv_1)
     1    0.001917    0.027580    0.044814    2.280245 ^ g2790/Y (sky130_fd_sc_hd__inv_1)
                                                         n2830 (net)
                      0.027580    0.000056    2.280300 ^ g2791/B (sky130_fd_sc_hd__and2_1)
     2    0.007157    0.083773    0.146654    2.426955 ^ g2791/X (sky130_fd_sc_hd__and2_1)
                                                         n2831 (net)
                      0.083773    0.000146    2.427101 ^ g3120/A (sky130_fd_sc_hd__xor2_1)
     2    0.005367    0.156059    0.181369    2.608470 ^ g3120/X (sky130_fd_sc_hd__xor2_1)
                                                         n3160 (net)
                      0.156059    0.000174    2.608644 ^ g3126/A (sky130_fd_sc_hd__inv_1)
     1    0.001737    0.036065    0.050559    2.659203 v g3126/Y (sky130_fd_sc_hd__inv_1)
                                                         n3166 (net)
                      0.036065    0.000036    2.659239 v g3127/B (sky130_fd_sc_hd__and2_1)
     2    0.006453    0.050091    0.171641    2.830880 v g3127/X (sky130_fd_sc_hd__and2_1)
                                                         n3167 (net)
                      0.050091    0.000183    2.831064 v g3416/B (sky130_fd_sc_hd__xor2_1)
     2    0.004155    0.052790    0.151074    2.982138 v g3416/X (sky130_fd_sc_hd__xor2_1)
                                                         n3456 (net)
                      0.052790    0.000114    2.982252 v g3418/A (sky130_fd_sc_hd__inv_1)
     1    0.002155    0.030173    0.050622    3.032873 ^ g3418/Y (sky130_fd_sc_hd__inv_1)
                                                         n3458 (net)
                      0.030173    0.000047    3.032920 ^ g3419/B (sky130_fd_sc_hd__and2_1)
     2    0.004961    0.065198    0.131721    3.164641 ^ g3419/X (sky130_fd_sc_hd__and2_1)
                                                         n3459 (net)
                      0.065198    0.000125    3.164766 ^ g4052/A (sky130_fd_sc_hd__inv_1)
     1    0.001813    0.021535    0.036854    3.201619 v g4052/Y (sky130_fd_sc_hd__inv_1)
                                                         n4092 (net)
                      0.021535    0.000054    3.201674 v g4053/B (sky130_fd_sc_hd__and2_1)
     6    0.019015    0.102754    0.215417    3.417090 v g4053/X (sky130_fd_sc_hd__and2_1)
                                                         n4093 (net)
                      0.102755    0.000492    3.417582 v g4278/A (sky130_fd_sc_hd__and2_1)
     1    0.001892    0.031361    0.159766    3.577348 v g4278/X (sky130_fd_sc_hd__and2_1)
                                                         n4318 (net)
                      0.031361    0.000057    3.577404 v g4279/B (sky130_fd_sc_hd__or2_1)
     2    0.007405    0.069167    0.236767    3.814172 v g4279/X (sky130_fd_sc_hd__or2_1)
                                                         n4319 (net)
                      0.069167    0.000210    3.814382 v g4534/A (sky130_fd_sc_hd__xor2_1)
     2    0.004458    0.140302    0.182658    3.997040 ^ g4534/X (sky130_fd_sc_hd__xor2_1)
                                                         n4574 (net)
                      0.140302    0.000123    3.997162 ^ g4540/A (sky130_fd_sc_hd__inv_1)
     1    0.001924    0.034724    0.050517    4.047679 v g4540/Y (sky130_fd_sc_hd__inv_1)
                                                         n4580 (net)
                      0.034724    0.000056    4.047736 v g4541/B (sky130_fd_sc_hd__and2_1)
     1    0.012048    0.072911    0.194761    4.242496 v g4541/X (sky130_fd_sc_hd__and2_1)
                                                         zN[3] (net)
                      0.072912    0.000363    4.242859 v zN[3] (out)
                                              4.242859   data arrival time

                      0.000000   10.000000   10.000000   clock __VIRTUAL_CLK__ (rise edge)
                                  0.000000   10.000000   clock network delay (ideal)
                                  0.000000   10.000000   clock reconvergence pessimism
                                  0.000000   10.000000   output external delay
                                             10.000000   data required time
---------------------------------------------------------------------------------------------
                                             10.000000   data required time
                                             -4.242859   data arrival time
---------------------------------------------------------------------------------------------
                                              5.757141   slack (MET)


Startpoint: yP[1] (input port clocked by __VIRTUAL_CLK__)
Endpoint: zP[2] (output port clocked by __VIRTUAL_CLK__)
Path Group: __VIRTUAL_CLK__
Path Type: max

Fanout         Cap        Slew       Delay        Time   Description
---------------------------------------------------------------------------------------------
                      0.000000    0.000000    0.000000   clock __VIRTUAL_CLK__ (rise edge)
                                  0.000000    0.000000   clock network delay (ideal)
                                  0.000000    0.000000 v input external delay
    20    0.086604    0.192544    0.143582    0.143582 v yP[1] (in)
                                                         yP[1] (net)
                      0.192859    0.000000    0.143582 v g6/B (sky130_fd_sc_hd__and2_1)
     1    0.001736    0.031081    0.222911    0.366493 v g6/X (sky130_fd_sc_hd__and2_1)
                                                         n46 (net)
                      0.031081    0.000036    0.366530 v g8/A (sky130_fd_sc_hd__or2_1)
     2    0.005190    0.058705    0.241809    0.608338 v g8/X (sky130_fd_sc_hd__or2_1)
                                                         n48 (net)
                      0.058705    0.000151    0.608490 v g606/A (sky130_fd_sc_hd__inv_1)
     1    0.002295    0.032205    0.053675    0.662164 ^ g606/Y (sky130_fd_sc_hd__inv_1)
                                                         n646 (net)
                      0.032205    0.000050    0.662214 ^ g607/B (sky130_fd_sc_hd__and2_1)
     2    0.005443    0.068623    0.135807    0.798021 ^ g607/X (sky130_fd_sc_hd__and2_1)
                                                         n647 (net)
                      0.068623    0.000166    0.798188 ^ g1040/A (sky130_fd_sc_hd__inv_1)
     1    0.001806    0.022133    0.037476    0.835664 v g1040/Y (sky130_fd_sc_hd__inv_1)
                                                         n1080 (net)
                      0.022133    0.000054    0.835718 v g1041/B (sky130_fd_sc_hd__and2_1)
     2    0.007581    0.055065    0.170604    1.006322 v g1041/X (sky130_fd_sc_hd__and2_1)
                                                         n1081 (net)
                      0.055065    0.000239    1.006560 v g1535/B (sky130_fd_sc_hd__and2_1)
     2    0.004243    0.041014    0.169886    1.176446 v g1535/X (sky130_fd_sc_hd__and2_1)
                                                         n1575 (net)
                      0.041015    0.000102    1.176548 v g1544/A (sky130_fd_sc_hd__inv_1)
     1    0.002977    0.034477    0.050409    1.226957 ^ g1544/Y (sky130_fd_sc_hd__inv_1)
                                                         n1584 (net)
                      0.034477    0.000097    1.227054 ^ g1545/B (sky130_fd_sc_hd__and2_1)
     2    0.004367    0.059386    0.128816    1.355871 ^ g1545/X (sky130_fd_sc_hd__and2_1)
                                                         n1585 (net)
                      0.059386    0.000118    1.355989 ^ g2036/A (sky130_fd_sc_hd__inv_1)
     1    0.002195    0.021549    0.037689    1.393678 v g2036/Y (sky130_fd_sc_hd__inv_1)
                                                         n2076 (net)
                      0.021549    0.000045    1.393723 v g2037/B (sky130_fd_sc_hd__and2_1)
     2    0.005491    0.045916    0.160534    1.554256 v g2037/X (sky130_fd_sc_hd__and2_1)
                                                         n2077 (net)
                      0.045916    0.000162    1.554419 v g2436/A (sky130_fd_sc_hd__inv_1)
     1    0.002178    0.029590    0.047680    1.602099 ^ g2436/Y (sky130_fd_sc_hd__inv_1)
                                                         n2476 (net)
                      0.029590    0.000064    1.602163 ^ g2437/B (sky130_fd_sc_hd__and2_1)
     2    0.005281    0.067279    0.133824    1.735987 ^ g2437/X (sky130_fd_sc_hd__and2_1)
                                                         n2477 (net)
                      0.067279    0.000150    1.736137 ^ g2786/A (sky130_fd_sc_hd__inv_1)
     1    0.002039    0.022562    0.038474    1.774611 v g2786/Y (sky130_fd_sc_hd__inv_1)
                                                         n2826 (net)
                      0.022562    0.000061    1.774672 v g2787/B (sky130_fd_sc_hd__and2_1)
     2    0.006855    0.051807    0.167367    1.942039 v g2787/X (sky130_fd_sc_hd__and2_1)
                                                         n2827 (net)
                      0.051807    0.000191    1.942230 v g3108/A (sky130_fd_sc_hd__xor2_1)
     2    0.005165    0.059243    0.175894    2.118124 v g3108/X (sky130_fd_sc_hd__xor2_1)
                                                         n3148 (net)
                      0.059243    0.000158    2.118282 v g3114/A (sky130_fd_sc_hd__inv_1)
     1    0.001992    0.030508    0.051925    2.170208 ^ g3114/Y (sky130_fd_sc_hd__inv_1)
                                                         n3154 (net)
                      0.030508    0.000057    2.170264 ^ g3115/B (sky130_fd_sc_hd__and2_1)
     2    0.005447    0.069377    0.135300    2.305564 ^ g3115/X (sky130_fd_sc_hd__and2_1)
                                                         n3155 (net)
                      0.069377    0.000163    2.305727 ^ g4046/A (sky130_fd_sc_hd__inv_1)
     1    0.002075    0.023054    0.039093    2.344820 v g4046/Y (sky130_fd_sc_hd__inv_1)
                                                         n4086 (net)
                      0.023054    0.000062    2.344882 v g4047/B (sky130_fd_sc_hd__and2_1)
     6    0.017587    0.096546    0.210553    2.555435 v g4047/X (sky130_fd_sc_hd__and2_1)
                                                         n4087 (net)
                      0.096546    0.000367    2.555803 v g4269/A (sky130_fd_sc_hd__and2_1)
     1    0.002169    0.032430    0.158527    2.714330 v g4269/X (sky130_fd_sc_hd__and2_1)
                                                         n4309 (net)
                      0.032430    0.000069    2.714399 v g4271/A (sky130_fd_sc_hd__or2_1)
     2    0.007853    0.071431    0.258503    2.972903 v g4271/X (sky130_fd_sc_hd__or2_1)
                                                         n4311 (net)
                      0.071431    0.000202    2.973104 v g4524/A (sky130_fd_sc_hd__xor2_1)
     2    0.004751    0.145386    0.187861    3.160965 ^ g4524/X (sky130_fd_sc_hd__xor2_1)
                                                         n4564 (net)
                      0.145386    0.000131    3.161097 ^ g4526/A (sky130_fd_sc_hd__inv_1)
     1    0.001729    0.034602    0.049468    3.210565 v g4526/Y (sky130_fd_sc_hd__inv_1)
                                                         n4566 (net)
                      0.034602    0.000050    3.210615 v g4527/B (sky130_fd_sc_hd__and2_1)
     1    0.013006    0.076932    0.198412    3.409027 v g4527/X (sky130_fd_sc_hd__and2_1)
                                                         zP[2] (net)
                      0.076932    0.000351    3.409378 v zP[2] (out)
                                              3.409378   data arrival time

                      0.000000   10.000000   10.000000   clock __VIRTUAL_CLK__ (rise edge)
                                  0.000000   10.000000   clock network delay (ideal)
                                  0.000000   10.000000   clock reconvergence pessimism
                                  0.000000   10.000000   output external delay
                                             10.000000   data required time
---------------------------------------------------------------------------------------------
                                             10.000000   data required time
                                             -3.409378   data arrival time
---------------------------------------------------------------------------------------------
                                              6.590622   slack (MET)


Startpoint: yP[1] (input port clocked by __VIRTUAL_CLK__)
Endpoint: zN[2] (output port clocked by __VIRTUAL_CLK__)
Path Group: __VIRTUAL_CLK__
Path Type: max

Fanout         Cap        Slew       Delay        Time   Description
---------------------------------------------------------------------------------------------
                      0.000000    0.000000    0.000000   clock __VIRTUAL_CLK__ (rise edge)
                                  0.000000    0.000000   clock network delay (ideal)
                                  0.000000    0.000000 v input external delay
    20    0.086604    0.192544    0.143582    0.143582 v yP[1] (in)
                                                         yP[1] (net)
                      0.192859    0.000000    0.143582 v g6/B (sky130_fd_sc_hd__and2_1)
     1    0.001736    0.031081    0.222911    0.366493 v g6/X (sky130_fd_sc_hd__and2_1)
                                                         n46 (net)
                      0.031081    0.000036    0.366530 v g8/A (sky130_fd_sc_hd__or2_1)
     2    0.005190    0.058705    0.241809    0.608338 v g8/X (sky130_fd_sc_hd__or2_1)
                                                         n48 (net)
                      0.058705    0.000151    0.608490 v g606/A (sky130_fd_sc_hd__inv_1)
     1    0.002295    0.032205    0.053675    0.662164 ^ g606/Y (sky130_fd_sc_hd__inv_1)
                                                         n646 (net)
                      0.032205    0.000050    0.662214 ^ g607/B (sky130_fd_sc_hd__and2_1)
     2    0.005443    0.068623    0.135807    0.798021 ^ g607/X (sky130_fd_sc_hd__and2_1)
                                                         n647 (net)
                      0.068623    0.000166    0.798188 ^ g1040/A (sky130_fd_sc_hd__inv_1)
     1    0.001806    0.022133    0.037476    0.835664 v g1040/Y (sky130_fd_sc_hd__inv_1)
                                                         n1080 (net)
                      0.022133    0.000054    0.835718 v g1041/B (sky130_fd_sc_hd__and2_1)
     2    0.007581    0.055065    0.170604    1.006322 v g1041/X (sky130_fd_sc_hd__and2_1)
                                                         n1081 (net)
                      0.055065    0.000239    1.006560 v g1535/B (sky130_fd_sc_hd__and2_1)
     2    0.004243    0.041014    0.169886    1.176446 v g1535/X (sky130_fd_sc_hd__and2_1)
                                                         n1575 (net)
                      0.041015    0.000102    1.176548 v g1544/A (sky130_fd_sc_hd__inv_1)
     1    0.002977    0.034477    0.050409    1.226957 ^ g1544/Y (sky130_fd_sc_hd__inv_1)
                                                         n1584 (net)
                      0.034477    0.000097    1.227054 ^ g1545/B (sky130_fd_sc_hd__and2_1)
     2    0.004367    0.059386    0.128816    1.355871 ^ g1545/X (sky130_fd_sc_hd__and2_1)
                                                         n1585 (net)
                      0.059386    0.000118    1.355989 ^ g2036/A (sky130_fd_sc_hd__inv_1)
     1    0.002195    0.021549    0.037689    1.393678 v g2036/Y (sky130_fd_sc_hd__inv_1)
                                                         n2076 (net)
                      0.021549    0.000045    1.393723 v g2037/B (sky130_fd_sc_hd__and2_1)
     2    0.005491    0.045916    0.160534    1.554256 v g2037/X (sky130_fd_sc_hd__and2_1)
                                                         n2077 (net)
                      0.045916    0.000162    1.554419 v g2436/A (sky130_fd_sc_hd__inv_1)
     1    0.002178    0.029590    0.047680    1.602099 ^ g2436/Y (sky130_fd_sc_hd__inv_1)
                                                         n2476 (net)
                      0.029590    0.000064    1.602163 ^ g2437/B (sky130_fd_sc_hd__and2_1)
     2    0.005281    0.067279    0.133824    1.735987 ^ g2437/X (sky130_fd_sc_hd__and2_1)
                                                         n2477 (net)
                      0.067279    0.000150    1.736137 ^ g2786/A (sky130_fd_sc_hd__inv_1)
     1    0.002039    0.022562    0.038474    1.774611 v g2786/Y (sky130_fd_sc_hd__inv_1)
                                                         n2826 (net)
                      0.022562    0.000061    1.774672 v g2787/B (sky130_fd_sc_hd__and2_1)
     2    0.006855    0.051807    0.167367    1.942039 v g2787/X (sky130_fd_sc_hd__and2_1)
                                                         n2827 (net)
                      0.051807    0.000191    1.942230 v g3108/A (sky130_fd_sc_hd__xor2_1)
     2    0.005165    0.059243    0.175894    2.118124 v g3108/X (sky130_fd_sc_hd__xor2_1)
                                                         n3148 (net)
                      0.059243    0.000158    2.118282 v g3114/A (sky130_fd_sc_hd__inv_1)
     1    0.001992    0.030508    0.051925    2.170208 ^ g3114/Y (sky130_fd_sc_hd__inv_1)
                                                         n3154 (net)
                      0.030508    0.000057    2.170264 ^ g3115/B (sky130_fd_sc_hd__and2_1)
     2    0.005447    0.069377    0.135300    2.305564 ^ g3115/X (sky130_fd_sc_hd__and2_1)
                                                         n3155 (net)
                      0.069377    0.000163    2.305727 ^ g4046/A (sky130_fd_sc_hd__inv_1)
     1    0.002075    0.023054    0.039093    2.344820 v g4046/Y (sky130_fd_sc_hd__inv_1)
                                                         n4086 (net)
                      0.023054    0.000062    2.344882 v g4047/B (sky130_fd_sc_hd__and2_1)
     6    0.017587    0.096546    0.210553    2.555435 v g4047/X (sky130_fd_sc_hd__and2_1)
                                                         n4087 (net)
                      0.096546    0.000221    2.555656 v g4264/A (sky130_fd_sc_hd__and2_1)
     1    0.001667    0.030474    0.155465    2.711121 v g4264/X (sky130_fd_sc_hd__and2_1)
                                                         n4304 (net)
                      0.030474    0.000034    2.711155 v g4267/A (sky130_fd_sc_hd__or2_1)
     2    0.006715    0.065769    0.250849    2.962004 v g4267/X (sky130_fd_sc_hd__or2_1)
                                                         n4307 (net)
                      0.065769    0.000212    2.962216 v g4522/A (sky130_fd_sc_hd__xor2_1)
     2    0.005303    0.154962    0.193341    3.155557 ^ g4522/X (sky130_fd_sc_hd__xor2_1)
                                                         n4562 (net)
                      0.154963    0.000164    3.155721 ^ g4528/A (sky130_fd_sc_hd__inv_1)
     1    0.002028    0.037171    0.052871    3.208592 v g4528/Y (sky130_fd_sc_hd__inv_1)
                                                         n4568 (net)
                      0.037171    0.000042    3.208634 v g4529/B (sky130_fd_sc_hd__and2_1)
     1    0.012690    0.075597    0.198395    3.407030 v g4529/X (sky130_fd_sc_hd__and2_1)
                                                         zN[2] (net)
                      0.075597    0.000327    3.407357 v zN[2] (out)
                                              3.407357   data arrival time

                      0.000000   10.000000   10.000000   clock __VIRTUAL_CLK__ (rise edge)
                                  0.000000   10.000000   clock network delay (ideal)
                                  0.000000   10.000000   clock reconvergence pessimism
                                  0.000000   10.000000   output external delay
                                             10.000000   data required time
---------------------------------------------------------------------------------------------
                                             10.000000   data required time
                                             -3.407357   data arrival time
---------------------------------------------------------------------------------------------
                                              6.592644   slack (MET)


Startpoint: yN[1] (input port clocked by __VIRTUAL_CLK__)
Endpoint: zN[1] (output port clocked by __VIRTUAL_CLK__)
Path Group: __VIRTUAL_CLK__
Path Type: max

Fanout         Cap        Slew       Delay        Time   Description
---------------------------------------------------------------------------------------------
                      0.000000    0.000000    0.000000   clock __VIRTUAL_CLK__ (rise edge)
                                  0.000000    0.000000   clock network delay (ideal)
                                  0.000000    0.000000 v input external delay
    20    0.086713    0.192611    0.144865    0.144865 v yN[1] (in)
                                                         yN[1] (net)
                      0.192914    0.000000    0.144865 v g9/B (sky130_fd_sc_hd__and2_1)
     1    0.001653    0.030764    0.222422    0.367287 v g9/X (sky130_fd_sc_hd__and2_1)
                                                         n49 (net)
                      0.030764    0.000034    0.367321 v g11/A (sky130_fd_sc_hd__or2_1)
     2    0.004635    0.056340    0.238319    0.605640 v g11/X (sky130_fd_sc_hd__or2_1)
                                                         n51 (net)
                      0.056340    0.000129    0.605769 v g604/A (sky130_fd_sc_hd__inv_1)
     1    0.002177    0.031009    0.052062    0.657831 ^ g604/Y (sky130_fd_sc_hd__inv_1)
                                                         n644 (net)
                      0.031009    0.000065    0.657896 ^ g605/B (sky130_fd_sc_hd__and2_1)
     2    0.005363    0.067950    0.134856    0.792752 ^ g605/X (sky130_fd_sc_hd__and2_1)
                                                         n645 (net)
                      0.067950    0.000163    0.792915 ^ g1042/A (sky130_fd_sc_hd__inv_1)
     1    0.002042    0.022690    0.038630    0.831545 v g1042/Y (sky130_fd_sc_hd__inv_1)
                                                         n1082 (net)
                      0.022690    0.000043    0.831588 v g1043/B (sky130_fd_sc_hd__and2_1)
     2    0.007582    0.055061    0.170833    1.002421 v g1043/X (sky130_fd_sc_hd__and2_1)
                                                         n1083 (net)
                      0.055061    0.000242    1.002663 v g1536/A (sky130_fd_sc_hd__xor2_1)
     2    0.006867    0.182541    0.211057    1.213719 ^ g1536/X (sky130_fd_sc_hd__xor2_1)
                                                         n1576 (net)
                      0.182541    0.000276    1.213995 ^ g1538/A (sky130_fd_sc_hd__inv_1)
     1    0.002153    0.041550    0.056869    1.270865 v g1538/Y (sky130_fd_sc_hd__inv_1)
                                                         n1578 (net)
                      0.041550    0.000049    1.270913 v g1539/B (sky130_fd_sc_hd__and2_1)
     2    0.005075    0.044259    0.167602    1.438516 v g1539/X (sky130_fd_sc_hd__and2_1)
                                                         n1579 (net)
                      0.044259    0.000134    1.438649 v g2033/A (sky130_fd_sc_hd__and2_1)
     2    0.004769    0.042926    0.148160    1.586809 v g2033/X (sky130_fd_sc_hd__and2_1)
                                                         n2073 (net)
                      0.042926    0.000121    1.586930 v g2432/A (sky130_fd_sc_hd__inv_1)
     1    0.002728    0.032911    0.049723    1.636654 ^ g2432/Y (sky130_fd_sc_hd__inv_1)
                                                         n2472 (net)
                      0.032911    0.000089    1.636743 ^ g2433/B (sky130_fd_sc_hd__and2_1)
     2    0.005450    0.068730    0.136087    1.772830 ^ g2433/X (sky130_fd_sc_hd__and2_1)
                                                         n2473 (net)
                      0.068730    0.000149    1.772979 ^ g4042/A (sky130_fd_sc_hd__inv_1)
     1    0.002010    0.022742    0.038606    1.811585 v g4042/Y (sky130_fd_sc_hd__inv_1)
                                                         n4082 (net)
                      0.022743    0.000058    1.811643 v g4043/B (sky130_fd_sc_hd__and2_1)
     6    0.015186    0.086225    0.201235    2.012878 v g4043/X (sky130_fd_sc_hd__and2_1)
                                                         n4083 (net)
                      0.086225    0.000290    2.013168 v g4252/A (sky130_fd_sc_hd__and2_1)
     1    0.001656    0.030412    0.150517    2.163685 v g4252/X (sky130_fd_sc_hd__and2_1)
                                                         n4292 (net)
                      0.030412    0.000048    2.163733 v g4255/A (sky130_fd_sc_hd__or2_1)
     2    0.007812    0.071259    0.257465    2.421199 v g4255/X (sky130_fd_sc_hd__or2_1)
                                                         n4295 (net)
                      0.071259    0.000320    2.421518 v g4510/A (sky130_fd_sc_hd__xor2_1)
     2    0.005763    0.163019    0.202331    2.623849 ^ g4510/X (sky130_fd_sc_hd__xor2_1)
                                                         n4550 (net)
                      0.163019    0.000181    2.624031 ^ g4516/A (sky130_fd_sc_hd__inv_1)
     1    0.001787    0.037222    0.051652    2.675683 v g4516/Y (sky130_fd_sc_hd__inv_1)
                                                         n4556 (net)
                      0.037222    0.000052    2.675735 v g4517/B (sky130_fd_sc_hd__and2_1)
     1    0.012447    0.074581    0.197473    2.873209 v g4517/X (sky130_fd_sc_hd__and2_1)
                                                         zN[1] (net)
                      0.074581    0.000341    2.873549 v zN[1] (out)
                                              2.873549   data arrival time

                      0.000000   10.000000   10.000000   clock __VIRTUAL_CLK__ (rise edge)
                                  0.000000   10.000000   clock network delay (ideal)
                                  0.000000   10.000000   clock reconvergence pessimism
                                  0.000000   10.000000   output external delay
                                             10.000000   data required time
---------------------------------------------------------------------------------------------
                                             10.000000   data required time
                                             -2.873549   data arrival time
---------------------------------------------------------------------------------------------
                                              7.126451   slack (MET)


Startpoint: yP[1] (input port clocked by __VIRTUAL_CLK__)
Endpoint: zP[1] (output port clocked by __VIRTUAL_CLK__)
Path Group: __VIRTUAL_CLK__
Path Type: max

Fanout         Cap        Slew       Delay        Time   Description
---------------------------------------------------------------------------------------------
                      0.000000    0.000000    0.000000   clock __VIRTUAL_CLK__ (rise edge)
                                  0.000000    0.000000   clock network delay (ideal)
                                  0.000000    0.000000 v input external delay
    20    0.086604    0.192544    0.143582    0.143582 v yP[1] (in)
                                                         yP[1] (net)
                      0.192859    0.000000    0.143582 v g6/B (sky130_fd_sc_hd__and2_1)
     1    0.001736    0.031081    0.222911    0.366493 v g6/X (sky130_fd_sc_hd__and2_1)
                                                         n46 (net)
                      0.031081    0.000036    0.366530 v g8/A (sky130_fd_sc_hd__or2_1)
     2    0.005190    0.058705    0.241809    0.608338 v g8/X (sky130_fd_sc_hd__or2_1)
                                                         n48 (net)
                      0.058705    0.000151    0.608490 v g606/A (sky130_fd_sc_hd__inv_1)
     1    0.002295    0.032205    0.053675    0.662164 ^ g606/Y (sky130_fd_sc_hd__inv_1)
                                                         n646 (net)
                      0.032205    0.000050    0.662214 ^ g607/B (sky130_fd_sc_hd__and2_1)
     2    0.005443    0.068623    0.135807    0.798021 ^ g607/X (sky130_fd_sc_hd__and2_1)
                                                         n647 (net)
                      0.068623    0.000166    0.798188 ^ g1040/A (sky130_fd_sc_hd__inv_1)
     1    0.001806    0.022133    0.037476    0.835664 v g1040/Y (sky130_fd_sc_hd__inv_1)
                                                         n1080 (net)
                      0.022133    0.000054    0.835718 v g1041/B (sky130_fd_sc_hd__and2_1)
     2    0.007581    0.055065    0.170604    1.006322 v g1041/X (sky130_fd_sc_hd__and2_1)
                                                         n1081 (net)
                      0.055065    0.000270    1.006591 v g1534/A (sky130_fd_sc_hd__xor2_1)
     2    0.006818    0.181665    0.210372    1.216964 ^ g1534/X (sky130_fd_sc_hd__xor2_1)
                                                         n1574 (net)
                      0.181665    0.000200    1.217163 ^ g1539/A (sky130_fd_sc_hd__and2_1)
     2    0.005312    0.068781    0.176007    1.393170 ^ g1539/X (sky130_fd_sc_hd__and2_1)
                                                         n1579 (net)
                      0.068781    0.000199    1.393369 ^ g2034/A (sky130_fd_sc_hd__inv_1)
     1    0.001779    0.022082    0.037360    1.430729 v g2034/Y (sky130_fd_sc_hd__inv_1)
                                                         n2074 (net)
                      0.022082    0.000052    1.430780 v g2035/B (sky130_fd_sc_hd__and2_1)
     2    0.005024    0.043960    0.158523    1.589303 v g2035/X (sky130_fd_sc_hd__and2_1)
                                                         n2075 (net)
                      0.043960    0.000138    1.589441 v g2430/A (sky130_fd_sc_hd__inv_1)
     1    0.002701    0.032809    0.050021    1.639462 ^ g2430/Y (sky130_fd_sc_hd__inv_1)
                                                         n2470 (net)
                      0.032809    0.000084    1.639546 ^ g2431/B (sky130_fd_sc_hd__and2_1)
     2    0.005632    0.070317    0.137351    1.776897 ^ g2431/X (sky130_fd_sc_hd__and2_1)
                                                         n2471 (net)
                      0.070317    0.000169    1.777067 ^ g4044/A (sky130_fd_sc_hd__inv_1)
     1    0.001775    0.022347    0.037641    1.814708 v g4044/Y (sky130_fd_sc_hd__inv_1)
                                                         n4084 (net)
                      0.022347    0.000037    1.814744 v g4045/B (sky130_fd_sc_hd__and2_1)
     6    0.017823    0.097555    0.211228    2.025973 v g4045/X (sky130_fd_sc_hd__and2_1)
                                                         n4085 (net)
                      0.097557    0.000553    2.026525 v g4258/A (sky130_fd_sc_hd__and2_1)
     1    0.001841    0.031132    0.157002    2.183527 v g4258/X (sky130_fd_sc_hd__and2_1)
                                                         n4298 (net)
                      0.031132    0.000055    2.183582 v g4259/B (sky130_fd_sc_hd__or2_1)
     2    0.006302    0.063749    0.229969    2.413551 v g4259/X (sky130_fd_sc_hd__or2_1)
                                                         n4299 (net)
                      0.063749    0.000096    2.413647 v g4512/A (sky130_fd_sc_hd__xor2_1)
     2    0.004860    0.147256    0.186081    2.599729 ^ g4512/X (sky130_fd_sc_hd__xor2_1)
                                                         n4552 (net)
                      0.147256    0.000136    2.599864 ^ g4514/A (sky130_fd_sc_hd__inv_1)
     1    0.002173    0.036721    0.053240    2.653104 v g4514/Y (sky130_fd_sc_hd__inv_1)
                                                         n4554 (net)
                      0.036721    0.000047    2.653151 v g4515/B (sky130_fd_sc_hd__and2_1)
     1    0.012767    0.075927    0.198478    2.851629 v g4515/X (sky130_fd_sc_hd__and2_1)
                                                         zP[1] (net)
                      0.075927    0.000339    2.851969 v zP[1] (out)
                                              2.851969   data arrival time

                      0.000000   10.000000   10.000000   clock __VIRTUAL_CLK__ (rise edge)
                                  0.000000   10.000000   clock network delay (ideal)
                                  0.000000   10.000000   clock reconvergence pessimism
                                  0.000000   10.000000   output external delay
                                             10.000000   data required time
---------------------------------------------------------------------------------------------
                                             10.000000   data required time
                                             -2.851969   data arrival time
---------------------------------------------------------------------------------------------
                                              7.148032   slack (MET)


Startpoint: yN[0] (input port clocked by __VIRTUAL_CLK__)
Endpoint: zP[0] (output port clocked by __VIRTUAL_CLK__)
Path Group: __VIRTUAL_CLK__
Path Type: max

Fanout         Cap        Slew       Delay        Time   Description
---------------------------------------------------------------------------------------------
                      0.000000    0.000000    0.000000   clock __VIRTUAL_CLK__ (rise edge)
                                  0.000000    0.000000   clock network delay (ideal)
                                  0.000000    0.000000 v input external delay
    20    0.081948    0.182060    0.136285    0.136285 v yN[0] (in)
                                                         yN[0] (net)
                      0.182256    0.000000    0.136285 v g3/B (sky130_fd_sc_hd__and2_1)
     1    0.002007    0.032065    0.219360    0.355644 v g3/X (sky130_fd_sc_hd__and2_1)
                                                         n43 (net)
                      0.032065    0.000060    0.355704 v g5/A (sky130_fd_sc_hd__or2_1)
     2    0.006923    0.066796    0.252675    0.608379 v g5/X (sky130_fd_sc_hd__or2_1)
                                                         n45 (net)
                      0.066796    0.000272    0.608651 v g600/A (sky130_fd_sc_hd__inv_1)
     1    0.002190    0.033254    0.055927    0.664578 ^ g600/Y (sky130_fd_sc_hd__inv_1)
                                                         n640 (net)
                      0.033254    0.000046    0.664625 ^ g601/B (sky130_fd_sc_hd__and2_1)
     2    0.005177    0.066374    0.134239    0.798863 ^ g601/X (sky130_fd_sc_hd__and2_1)
                                                         n641 (net)
                      0.066374    0.000140    0.799003 ^ g1038/A (sky130_fd_sc_hd__inv_1)
     1    0.001922    0.022057    0.037663    0.836666 v g1038/Y (sky130_fd_sc_hd__inv_1)
                                                         n1078 (net)
                      0.022057    0.000056    0.836723 v g1039/B (sky130_fd_sc_hd__and2_1)
     2    0.004530    0.041977    0.156191    0.992914 v g1039/X (sky130_fd_sc_hd__and2_1)
                                                         n1079 (net)
                      0.041977    0.000107    0.993021 v g1530/A (sky130_fd_sc_hd__inv_1)
     1    0.002222    0.029458    0.046177    1.039198 ^ g1530/Y (sky130_fd_sc_hd__inv_1)
                                                         n1570 (net)
                      0.029458    0.000068    1.039266 ^ g1531/B (sky130_fd_sc_hd__and2_1)
     2    0.004745    0.062571    0.129936    1.169202 ^ g1531/X (sky130_fd_sc_hd__and2_1)
                                                         n1571 (net)
                      0.062571    0.000137    1.169339 ^ g2030/A (sky130_fd_sc_hd__inv_1)
     1    0.002033    0.021672    0.037501    1.206840 v g2030/Y (sky130_fd_sc_hd__inv_1)
                                                         n2070 (net)
                      0.021672    0.000042    1.206882 v g2031/B (sky130_fd_sc_hd__and2_1)
     2    0.004557    0.042084    0.156167    1.363049 v g2031/X (sky130_fd_sc_hd__and2_1)
                                                         n2071 (net)
                      0.042084    0.000110    1.363159 v g4038/A (sky130_fd_sc_hd__inv_1)
     1    0.002057    0.028383    0.045213    1.408371 ^ g4038/Y (sky130_fd_sc_hd__inv_1)
                                                         n4078 (net)
                      0.028383    0.000060    1.408432 ^ g4039/B (sky130_fd_sc_hd__and2_1)
     7    0.021470    0.215293    0.245921    1.654352 ^ g4039/X (sky130_fd_sc_hd__and2_1)
                                                         n4079 (net)
                      0.215358    0.000727    1.655079 ^ g4506/A (sky130_fd_sc_hd__inv_1)
     1    0.001977    0.045230    0.058635    1.713714 v g4506/Y (sky130_fd_sc_hd__inv_1)
                                                         n4546 (net)
                      0.045230    0.000057    1.713771 v g4507/B (sky130_fd_sc_hd__and2_1)
     1    0.012300    0.073958    0.200648    1.914418 v g4507/X (sky130_fd_sc_hd__and2_1)
                                                         zP[0] (net)
                      0.073958    0.000300    1.914719 v zP[0] (out)
                                              1.914719   data arrival time

                      0.000000   10.000000   10.000000   clock __VIRTUAL_CLK__ (rise edge)
                                  0.000000   10.000000   clock network delay (ideal)
                                  0.000000   10.000000   clock reconvergence pessimism
                                  0.000000   10.000000   output external delay
                                             10.000000   data required time
---------------------------------------------------------------------------------------------
                                             10.000000   data required time
                                             -1.914719   data arrival time
---------------------------------------------------------------------------------------------
                                              8.085282   slack (MET)


Startpoint: yP[0] (input port clocked by __VIRTUAL_CLK__)
Endpoint: zN[0] (output port clocked by __VIRTUAL_CLK__)
Path Group: __VIRTUAL_CLK__
Path Type: max

Fanout         Cap        Slew       Delay        Time   Description
---------------------------------------------------------------------------------------------
                      0.000000    0.000000    0.000000   clock __VIRTUAL_CLK__ (rise edge)
                                  0.000000    0.000000   clock network delay (ideal)
                                  0.000000    0.000000 v input external delay
    20    0.078925    0.175264    0.130646    0.130646 v yP[0] (in)
                                                         yP[0] (net)
                      0.175373    0.000000    0.130646 v g0/B (sky130_fd_sc_hd__and2_1)
     1    0.001832    0.031361    0.214865    0.345511 v g0/X (sky130_fd_sc_hd__and2_1)
                                                         n40 (net)
                      0.031361    0.000056    0.345567 v g2/A (sky130_fd_sc_hd__or2_1)
     2    0.006319    0.063866    0.248762    0.594329 v g2/X (sky130_fd_sc_hd__or2_1)
                                                         n42 (net)
                      0.063866    0.000231    0.594560 v g602/A (sky130_fd_sc_hd__inv_1)
     1    0.001991    0.031471    0.053539    0.648099 ^ g602/Y (sky130_fd_sc_hd__inv_1)
                                                         n642 (net)
                      0.031471    0.000060    0.648159 ^ g603/B (sky130_fd_sc_hd__and2_1)
     2    0.004890    0.063909    0.131619    0.779778 ^ g603/X (sky130_fd_sc_hd__and2_1)
                                                         n643 (net)
                      0.063909    0.000120    0.779898 ^ g1036/A (sky130_fd_sc_hd__inv_1)
     1    0.002014    0.021868    0.037665    0.817562 v g1036/Y (sky130_fd_sc_hd__inv_1)
                                                         n1076 (net)
                      0.021868    0.000059    0.817621 v g1037/B (sky130_fd_sc_hd__and2_1)
     2    0.004377    0.041378    0.155394    0.973016 v g1037/X (sky130_fd_sc_hd__and2_1)
                                                         n1077 (net)
                      0.041378    0.000103    0.973119 v g1532/A (sky130_fd_sc_hd__inv_1)
     1    0.002169    0.029047    0.045585    1.018704 ^ g1532/Y (sky130_fd_sc_hd__inv_1)
                                                         n1572 (net)
                      0.029047    0.000065    1.018769 ^ g1533/B (sky130_fd_sc_hd__and2_1)
     2    0.004965    0.064487    0.131388    1.150158 ^ g1533/X (sky130_fd_sc_hd__and2_1)
                                                         n1573 (net)
                      0.064487    0.000143    1.150300 ^ g2028/A (sky130_fd_sc_hd__inv_1)
     1    0.001747    0.021222    0.036372    1.186672 v g2028/Y (sky130_fd_sc_hd__inv_1)
                                                         n2068 (net)
                      0.021222    0.000051    1.186723 v g2029/B (sky130_fd_sc_hd__and2_1)
     2    0.004724    0.042751    0.156780    1.343503 v g2029/X (sky130_fd_sc_hd__and2_1)
                                                         n2069 (net)
                      0.042751    0.000132    1.343635 v g4040/A (sky130_fd_sc_hd__inv_1)
     1    0.001966    0.027854    0.044946    1.388581 ^ g4040/Y (sky130_fd_sc_hd__inv_1)
                                                         n4080 (net)
                      0.027854    0.000058    1.388639 ^ g4041/B (sky130_fd_sc_hd__and2_1)
     7    0.023016    0.229531    0.256112    1.644751 ^ g4041/X (sky130_fd_sc_hd__and2_1)
                                                         n4081 (net)
                      0.229540    0.001260    1.646011 ^ g4508/A (sky130_fd_sc_hd__inv_1)
     1    0.001727    0.045867    0.057502    1.703513 v g4508/Y (sky130_fd_sc_hd__inv_1)
                                                         n4548 (net)
                      0.045867    0.000035    1.703549 v g4509/B (sky130_fd_sc_hd__and2_1)
     1    0.012219    0.073626    0.200617    1.904165 v g4509/X (sky130_fd_sc_hd__and2_1)
                                                         zN[0] (net)
                      0.073626    0.000332    1.904497 v zN[0] (out)
                                              1.904497   data arrival time

                      0.000000   10.000000   10.000000   clock __VIRTUAL_CLK__ (rise edge)
                                  0.000000   10.000000   clock network delay (ideal)
                                  0.000000   10.000000   clock reconvergence pessimism
                                  0.000000   10.000000   output external delay
                                             10.000000   data required time
---------------------------------------------------------------------------------------------
                                             10.000000   data required time
                                             -1.904497   data arrival time
---------------------------------------------------------------------------------------------
                                              8.095503   slack (MET)



