
===========================================================================
report_checks -path_delay max (Setup)
============================================================================
======================= nom_tt_025C_1v80 Corner ===================================

Startpoint: xN[5] (input port clocked by __VIRTUAL_CLK__)
Endpoint: zN[18] (output port clocked by __VIRTUAL_CLK__)
Path Group: __VIRTUAL_CLK__
Path Type: max

Fanout         Cap        Slew       Delay        Time   Description
---------------------------------------------------------------------------------------------
                      0.000000    0.000000    0.000000   clock __VIRTUAL_CLK__ (rise edge)
                                  0.000000    0.000000   clock network delay (ideal)
                                  0.000000    0.000000 ^ input external delay
    20    0.101326    0.456692    0.335134    0.335134 ^ xN[5] (in)
                                                         xN[5] (net)
                      0.456942    0.000000    0.335134 ^ g327/A (sky130_fd_sc_hd__and2_1)
     1    0.001774    0.046244    0.194951    0.530085 ^ g327/X (sky130_fd_sc_hd__and2_1)
                                                         n367 (net)
                      0.046244    0.000053    0.530138 ^ g329/B (sky130_fd_sc_hd__or2_1)
     2    0.007231    0.077856    0.123149    0.653287 ^ g329/X (sky130_fd_sc_hd__or2_1)
                                                         n369 (net)
                      0.077856    0.000225    0.653512 ^ g896/A (sky130_fd_sc_hd__xor2_1)
     2    0.008484    0.211485    0.224529    0.878040 ^ g896/X (sky130_fd_sc_hd__xor2_1)
                                                         n936 (net)
                      0.211485    0.000230    0.878271 ^ g899/A1 (sky130_fd_sc_hd__a21o_1)
     2    0.007879    0.078609    0.181136    1.059406 ^ g899/X (sky130_fd_sc_hd__a21o_1)
                                                         n939 (net)
                      0.078609    0.000222    1.059628 ^ g980/B (sky130_fd_sc_hd__xor2_1)
     2    0.007879    0.200604    0.222246    1.281874 ^ g980/X (sky130_fd_sc_hd__xor2_1)
                                                         n1020 (net)
                      0.200604    0.000107    1.281982 ^ g982/A (sky130_fd_sc_hd__xor2_1)
     2    0.008982    0.220471    0.256667    1.538649 ^ g982/X (sky130_fd_sc_hd__xor2_1)
                                                         n1022 (net)
                      0.220471    0.000282    1.538931 ^ g1050/B (sky130_fd_sc_hd__xor2_1)
     2    0.008504    0.211835    0.253538    1.792469 ^ g1050/X (sky130_fd_sc_hd__xor2_1)
                                                         n1090 (net)
                      0.211835    0.000212    1.792681 ^ g1053/A1 (sky130_fd_sc_hd__a21o_1)
     2    0.008735    0.085378    0.186672    1.979352 ^ g1053/X (sky130_fd_sc_hd__a21o_1)
                                                         n1093 (net)
                      0.085378    0.000334    1.979686 ^ g1112/B (sky130_fd_sc_hd__xor2_1)
     2    0.007650    0.196516    0.220514    2.200200 ^ g1112/X (sky130_fd_sc_hd__xor2_1)
                                                         n1152 (net)
                      0.196516    0.000130    2.200330 ^ g1114/A (sky130_fd_sc_hd__xor2_1)
     2    0.006653    0.178748    0.222745    2.423076 ^ g1114/X (sky130_fd_sc_hd__xor2_1)
                                                         n1154 (net)
                      0.178748    0.000133    2.423209 ^ g1396/B (sky130_fd_sc_hd__xor2_1)
     5    0.020178    0.425274    0.412284    2.835493 ^ g1396/X (sky130_fd_sc_hd__xor2_1)
                                                         n1436 (net)
                      0.425275    0.000609    2.836102 ^ g1441/A (sky130_fd_sc_hd__and2_1)
     4    0.009884    0.111091    0.252850    3.088952 ^ g1441/X (sky130_fd_sc_hd__and2_1)
                                                         n1481 (net)
                      0.111091    0.000071    3.089023 ^ g1496/B (sky130_fd_sc_hd__and2_1)
     4    0.013076    0.137517    0.213371    3.302394 ^ g1496/X (sky130_fd_sc_hd__and2_1)
                                                         n1536 (net)
                      0.137517    0.000338    3.302733 ^ g1551/B (sky130_fd_sc_hd__and2_1)
     3    0.007239    0.084779    0.179409    3.482142 ^ g1551/X (sky130_fd_sc_hd__and2_1)
                                                         n1591 (net)
                      0.084779    0.000147    3.482289 ^ g1582/A (sky130_fd_sc_hd__and2_1)
     3    0.011794    0.125715    0.194247    3.676536 ^ g1582/X (sky130_fd_sc_hd__and2_1)
                                                         n1622 (net)
                      0.125715    0.000083    3.676618 ^ g1588/A1 (sky130_fd_sc_hd__a21o_1)
     1    0.010967    0.103914    0.182490    3.859109 ^ g1588/X (sky130_fd_sc_hd__a21o_1)
                                                         n1628 (net)
                      0.103914    0.000477    3.859586 ^ g1609/B (sky130_fd_sc_hd__xor2_1)
     1    0.013400    0.301310    0.305457    4.165043 ^ g1609/X (sky130_fd_sc_hd__xor2_1)
                                                         zN[18] (net)
                      0.301311    0.000517    4.165560 ^ zN[18] (out)
                                              4.165560   data arrival time

                      0.000000   10.000000   10.000000   clock __VIRTUAL_CLK__ (rise edge)
                                  0.000000   10.000000   clock network delay (ideal)
                                  0.000000   10.000000   clock reconvergence pessimism
                                  0.000000   10.000000   output external delay
                                             10.000000   data required time
---------------------------------------------------------------------------------------------
                                             10.000000   data required time
                                             -4.165560   data arrival time
---------------------------------------------------------------------------------------------
                                              5.834440   slack (MET)


Startpoint: yN[8] (input port clocked by __VIRTUAL_CLK__)
Endpoint: zP[18] (output port clocked by __VIRTUAL_CLK__)
Path Group: __VIRTUAL_CLK__
Path Type: max

Fanout         Cap        Slew       Delay        Time   Description
---------------------------------------------------------------------------------------------
                      0.000000    0.000000    0.000000   clock __VIRTUAL_CLK__ (rise edge)
                                  0.000000    0.000000   clock network delay (ideal)
                                  0.000000    0.000000 ^ input external delay
    20    0.097060    0.439293    0.318523    0.318523 ^ yN[8] (in)
                                                         yN[8] (net)
                      0.439326    0.000000    0.318523 ^ g229/B (sky130_fd_sc_hd__and2_1)
     1    0.002242    0.048549    0.193510    0.512033 ^ g229/X (sky130_fd_sc_hd__and2_1)
                                                         n269 (net)
                      0.048549    0.000069    0.512102 ^ g232/B (sky130_fd_sc_hd__or2_1)
     2    0.006987    0.075711    0.122398    0.634500 ^ g232/X (sky130_fd_sc_hd__or2_1)
                                                         n272 (net)
                      0.075711    0.000211    0.634710 ^ g646/B (sky130_fd_sc_hd__xor2_1)
     2    0.007673    0.196912    0.218657    0.853368 ^ g646/X (sky130_fd_sc_hd__xor2_1)
                                                         n686 (net)
                      0.196912    0.000191    0.853559 ^ g649/A1 (sky130_fd_sc_hd__a21o_1)
     2    0.008596    0.084194    0.182676    1.036235 ^ g649/X (sky130_fd_sc_hd__a21o_1)
                                                         n689 (net)
                      0.084194    0.000245    1.036480 ^ g726/B (sky130_fd_sc_hd__xor2_1)
     2    0.008097    0.204521    0.226499    1.262979 ^ g726/X (sky130_fd_sc_hd__xor2_1)
                                                         n766 (net)
                      0.204521    0.000177    1.263155 ^ g729/A1 (sky130_fd_sc_hd__a21o_1)
     2    0.008393    0.082675    0.182972    1.446128 ^ g729/X (sky130_fd_sc_hd__a21o_1)
                                                         n769 (net)
                      0.082675    0.000233    1.446361 ^ g792/B (sky130_fd_sc_hd__xor2_1)
     2    0.007635    0.196251    0.219705    1.666065 ^ g792/X (sky130_fd_sc_hd__xor2_1)
                                                         n832 (net)
                      0.196251    0.000132    1.666197 ^ g794/A (sky130_fd_sc_hd__xor2_1)
     2    0.010219    0.243021    0.273604    1.939801 ^ g794/X (sky130_fd_sc_hd__xor2_1)
                                                         n834 (net)
                      0.243022    0.000471    1.940272 ^ g850/B (sky130_fd_sc_hd__xor2_1)
     2    0.008061    0.203854    0.250240    2.190512 ^ g850/X (sky130_fd_sc_hd__xor2_1)
                                                         n890 (net)
                      0.203854    0.000242    2.190754 ^ g852/A (sky130_fd_sc_hd__xor2_1)
     2    0.007468    0.193255    0.235576    2.426330 ^ g852/X (sky130_fd_sc_hd__xor2_1)
                                                         n892 (net)
                      0.193255    0.000165    2.426495 ^ g1165/B (sky130_fd_sc_hd__xor2_1)
     5    0.020021    0.422394    0.412096    2.838591 ^ g1165/X (sky130_fd_sc_hd__xor2_1)
                                                         n1205 (net)
                      0.422394    0.000494    2.839085 ^ g1212/A (sky130_fd_sc_hd__and2_1)
     4    0.008449    0.098661    0.242292    3.081378 ^ g1212/X (sky130_fd_sc_hd__and2_1)
                                                         n1252 (net)
                      0.098661    0.000060    3.081438 ^ g1261/A (sky130_fd_sc_hd__and2_1)
     4    0.009130    0.101127    0.180742    3.262180 ^ g1261/X (sky130_fd_sc_hd__and2_1)
                                                         n1301 (net)
                      0.101127    0.000119    3.262299 ^ g1316/B (sky130_fd_sc_hd__and2_1)
     3    0.006776    0.080479    0.166253    3.428551 ^ g1316/X (sky130_fd_sc_hd__and2_1)
                                                         n1356 (net)
                      0.080479    0.000274    3.428825 ^ g1347/A (sky130_fd_sc_hd__and2_1)
     3    0.007204    0.084250    0.160413    3.589239 ^ g1347/X (sky130_fd_sc_hd__and2_1)
                                                         n1387 (net)
                      0.084250    0.000114    3.589353 ^ g1353/A1 (sky130_fd_sc_hd__a21o_1)
     1    0.009663    0.093216    0.161033    3.750386 ^ g1353/X (sky130_fd_sc_hd__a21o_1)
                                                         n1393 (net)
                      0.093216    0.000378    3.750764 ^ g1374/B (sky130_fd_sc_hd__xor2_1)
     1    0.013239    0.298349    0.300695    4.051459 ^ g1374/X (sky130_fd_sc_hd__xor2_1)
                                                         zP[18] (net)
                      0.298350    0.000498    4.051958 ^ zP[18] (out)
                                              4.051958   data arrival time

                      0.000000   10.000000   10.000000   clock __VIRTUAL_CLK__ (rise edge)
                                  0.000000   10.000000   clock network delay (ideal)
                                  0.000000   10.000000   clock reconvergence pessimism
                                  0.000000   10.000000   output external delay
                                             10.000000   data required time
---------------------------------------------------------------------------------------------
                                             10.000000   data required time
                                             -4.051958   data arrival time
---------------------------------------------------------------------------------------------
                                              5.948043   slack (MET)


Startpoint: xN[5] (input port clocked by __VIRTUAL_CLK__)
Endpoint: zN[14] (output port clocked by __VIRTUAL_CLK__)
Path Group: __VIRTUAL_CLK__
Path Type: max

Fanout         Cap        Slew       Delay        Time   Description
---------------------------------------------------------------------------------------------
                      0.000000    0.000000    0.000000   clock __VIRTUAL_CLK__ (rise edge)
                                  0.000000    0.000000   clock network delay (ideal)
                                  0.000000    0.000000 ^ input external delay
    20    0.101326    0.456692    0.335134    0.335134 ^ xN[5] (in)
                                                         xN[5] (net)
                      0.456942    0.000000    0.335134 ^ g327/A (sky130_fd_sc_hd__and2_1)
     1    0.001774    0.046244    0.194951    0.530085 ^ g327/X (sky130_fd_sc_hd__and2_1)
                                                         n367 (net)
                      0.046244    0.000053    0.530138 ^ g329/B (sky130_fd_sc_hd__or2_1)
     2    0.007231    0.077856    0.123149    0.653287 ^ g329/X (sky130_fd_sc_hd__or2_1)
                                                         n369 (net)
                      0.077856    0.000225    0.653512 ^ g896/A (sky130_fd_sc_hd__xor2_1)
     2    0.008484    0.211485    0.224529    0.878040 ^ g896/X (sky130_fd_sc_hd__xor2_1)
                                                         n936 (net)
                      0.211485    0.000230    0.878271 ^ g899/A1 (sky130_fd_sc_hd__a21o_1)
     2    0.007879    0.078609    0.181136    1.059406 ^ g899/X (sky130_fd_sc_hd__a21o_1)
                                                         n939 (net)
                      0.078609    0.000222    1.059628 ^ g980/B (sky130_fd_sc_hd__xor2_1)
     2    0.007879    0.200604    0.222246    1.281874 ^ g980/X (sky130_fd_sc_hd__xor2_1)
                                                         n1020 (net)
                      0.200604    0.000107    1.281982 ^ g982/A (sky130_fd_sc_hd__xor2_1)
     2    0.008982    0.220471    0.256667    1.538649 ^ g982/X (sky130_fd_sc_hd__xor2_1)
                                                         n1022 (net)
                      0.220471    0.000282    1.538931 ^ g1050/B (sky130_fd_sc_hd__xor2_1)
     2    0.008504    0.211835    0.253538    1.792469 ^ g1050/X (sky130_fd_sc_hd__xor2_1)
                                                         n1090 (net)
                      0.211835    0.000212    1.792681 ^ g1053/A1 (sky130_fd_sc_hd__a21o_1)
     2    0.008735    0.085378    0.186672    1.979352 ^ g1053/X (sky130_fd_sc_hd__a21o_1)
                                                         n1093 (net)
                      0.085378    0.000334    1.979686 ^ g1112/B (sky130_fd_sc_hd__xor2_1)
     2    0.007650    0.196516    0.220514    2.200200 ^ g1112/X (sky130_fd_sc_hd__xor2_1)
                                                         n1152 (net)
                      0.196516    0.000130    2.200330 ^ g1114/A (sky130_fd_sc_hd__xor2_1)
     2    0.006653    0.178748    0.222745    2.423076 ^ g1114/X (sky130_fd_sc_hd__xor2_1)
                                                         n1154 (net)
                      0.178748    0.000133    2.423209 ^ g1396/B (sky130_fd_sc_hd__xor2_1)
     5    0.020178    0.425274    0.412284    2.835493 ^ g1396/X (sky130_fd_sc_hd__xor2_1)
                                                         n1436 (net)
                      0.425275    0.000609    2.836102 ^ g1441/A (sky130_fd_sc_hd__and2_1)
     4    0.009884    0.111091    0.252850    3.088952 ^ g1441/X (sky130_fd_sc_hd__and2_1)
                                                         n1481 (net)
                      0.111091    0.000071    3.089023 ^ g1496/B (sky130_fd_sc_hd__and2_1)
     4    0.013076    0.137517    0.213371    3.302394 ^ g1496/X (sky130_fd_sc_hd__and2_1)
                                                         n1536 (net)
                      0.137517    0.000528    3.302922 ^ g1539/A (sky130_fd_sc_hd__and2_1)
     3    0.006534    0.078640    0.174183    3.477106 ^ g1539/X (sky130_fd_sc_hd__and2_1)
                                                         n1579 (net)
                      0.078640    0.000062    3.477168 ^ g1569/A1 (sky130_fd_sc_hd__a21o_1)
     1    0.010255    0.096787    0.162784    3.639951 ^ g1569/X (sky130_fd_sc_hd__a21o_1)
                                                         n1609 (net)
                      0.096787    0.000483    3.640434 ^ g1605/B (sky130_fd_sc_hd__xor2_1)
     1    0.013785    0.308321    0.309172    3.949606 ^ g1605/X (sky130_fd_sc_hd__xor2_1)
                                                         zN[14] (net)
                      0.308322    0.000547    3.950153 ^ zN[14] (out)
                                              3.950153   data arrival time

                      0.000000   10.000000   10.000000   clock __VIRTUAL_CLK__ (rise edge)
                                  0.000000   10.000000   clock network delay (ideal)
                                  0.000000   10.000000   clock reconvergence pessimism
                                  0.000000   10.000000   output external delay
                                             10.000000   data required time
---------------------------------------------------------------------------------------------
                                             10.000000   data required time
                                             -3.950153   data arrival time
---------------------------------------------------------------------------------------------
                                              6.049847   slack (MET)


Startpoint: yN[8] (input port clocked by __VIRTUAL_CLK__)
Endpoint: zP[16] (output port clocked by __VIRTUAL_CLK__)
Path Group: __VIRTUAL_CLK__
Path Type: max

Fanout         Cap        Slew       Delay        Time   Description
---------------------------------------------------------------------------------------------
                      0.000000    0.000000    0.000000   clock __VIRTUAL_CLK__ (rise edge)
                                  0.000000    0.000000   clock network delay (ideal)
                                  0.000000    0.000000 ^ input external delay
    20    0.097060    0.439293    0.318523    0.318523 ^ yN[8] (in)
                                                         yN[8] (net)
                      0.439326    0.000000    0.318523 ^ g229/B (sky130_fd_sc_hd__and2_1)
     1    0.002242    0.048549    0.193510    0.512033 ^ g229/X (sky130_fd_sc_hd__and2_1)
                                                         n269 (net)
                      0.048549    0.000069    0.512102 ^ g232/B (sky130_fd_sc_hd__or2_1)
     2    0.006987    0.075711    0.122398    0.634500 ^ g232/X (sky130_fd_sc_hd__or2_1)
                                                         n272 (net)
                      0.075711    0.000211    0.634710 ^ g646/B (sky130_fd_sc_hd__xor2_1)
     2    0.007673    0.196912    0.218657    0.853368 ^ g646/X (sky130_fd_sc_hd__xor2_1)
                                                         n686 (net)
                      0.196912    0.000191    0.853559 ^ g649/A1 (sky130_fd_sc_hd__a21o_1)
     2    0.008596    0.084194    0.182676    1.036235 ^ g649/X (sky130_fd_sc_hd__a21o_1)
                                                         n689 (net)
                      0.084194    0.000245    1.036480 ^ g726/B (sky130_fd_sc_hd__xor2_1)
     2    0.008097    0.204521    0.226499    1.262979 ^ g726/X (sky130_fd_sc_hd__xor2_1)
                                                         n766 (net)
                      0.204521    0.000177    1.263155 ^ g729/A1 (sky130_fd_sc_hd__a21o_1)
     2    0.008393    0.082675    0.182972    1.446128 ^ g729/X (sky130_fd_sc_hd__a21o_1)
                                                         n769 (net)
                      0.082675    0.000233    1.446361 ^ g792/B (sky130_fd_sc_hd__xor2_1)
     2    0.007635    0.196251    0.219705    1.666065 ^ g792/X (sky130_fd_sc_hd__xor2_1)
                                                         n832 (net)
                      0.196251    0.000132    1.666197 ^ g794/A (sky130_fd_sc_hd__xor2_1)
     2    0.010219    0.243021    0.273604    1.939801 ^ g794/X (sky130_fd_sc_hd__xor2_1)
                                                         n834 (net)
                      0.243022    0.000471    1.940272 ^ g850/B (sky130_fd_sc_hd__xor2_1)
     2    0.008061    0.203854    0.250240    2.190512 ^ g850/X (sky130_fd_sc_hd__xor2_1)
                                                         n890 (net)
                      0.203854    0.000242    2.190754 ^ g852/A (sky130_fd_sc_hd__xor2_1)
     2    0.007468    0.193255    0.235576    2.426330 ^ g852/X (sky130_fd_sc_hd__xor2_1)
                                                         n892 (net)
                      0.193255    0.000165    2.426495 ^ g1165/B (sky130_fd_sc_hd__xor2_1)
     5    0.020021    0.422394    0.412096    2.838591 ^ g1165/X (sky130_fd_sc_hd__xor2_1)
                                                         n1205 (net)
                      0.422394    0.000494    2.839085 ^ g1212/A (sky130_fd_sc_hd__and2_1)
     4    0.008449    0.098661    0.242292    3.081378 ^ g1212/X (sky130_fd_sc_hd__and2_1)
                                                         n1252 (net)
                      0.098661    0.000114    3.081491 ^ g1267/B (sky130_fd_sc_hd__and2_1)
     3    0.010167    0.110641    0.189589    3.271081 ^ g1267/X (sky130_fd_sc_hd__and2_1)
                                                         n1307 (net)
                      0.110641    0.000304    3.271385 ^ g1310/A (sky130_fd_sc_hd__and2_1)
     3    0.008990    0.099845    0.183970    3.455355 ^ g1310/X (sky130_fd_sc_hd__and2_1)
                                                         n1350 (net)
                      0.099845    0.000209    3.455564 ^ g1340/A1 (sky130_fd_sc_hd__a21o_1)
     1    0.012297    0.113678    0.182444    3.638008 ^ g1340/X (sky130_fd_sc_hd__a21o_1)
                                                         n1380 (net)
                      0.113679    0.000596    3.638604 ^ g1372/B (sky130_fd_sc_hd__xor2_1)
     1    0.012865    0.291575    0.300205    3.938809 ^ g1372/X (sky130_fd_sc_hd__xor2_1)
                                                         zP[16] (net)
                      0.291576    0.000474    3.939283 ^ zP[16] (out)
                                              3.939283   data arrival time

                      0.000000   10.000000   10.000000   clock __VIRTUAL_CLK__ (rise edge)
                                  0.000000   10.000000   clock network delay (ideal)
                                  0.000000   10.000000   clock reconvergence pessimism
                                  0.000000   10.000000   output external delay
                                             10.000000   data required time
---------------------------------------------------------------------------------------------
                                             10.000000   data required time
                                             -3.939283   data arrival time
---------------------------------------------------------------------------------------------
                                              6.060717   slack (MET)


Startpoint: yN[8] (input port clocked by __VIRTUAL_CLK__)
Endpoint: zP[15] (output port clocked by __VIRTUAL_CLK__)
Path Group: __VIRTUAL_CLK__
Path Type: max

Fanout         Cap        Slew       Delay        Time   Description
---------------------------------------------------------------------------------------------
                      0.000000    0.000000    0.000000   clock __VIRTUAL_CLK__ (rise edge)
                                  0.000000    0.000000   clock network delay (ideal)
                                  0.000000    0.000000 ^ input external delay
    20    0.097060    0.439293    0.318523    0.318523 ^ yN[8] (in)
                                                         yN[8] (net)
                      0.439326    0.000000    0.318523 ^ g229/B (sky130_fd_sc_hd__and2_1)
     1    0.002242    0.048549    0.193510    0.512033 ^ g229/X (sky130_fd_sc_hd__and2_1)
                                                         n269 (net)
                      0.048549    0.000069    0.512102 ^ g232/B (sky130_fd_sc_hd__or2_1)
     2    0.006987    0.075711    0.122398    0.634500 ^ g232/X (sky130_fd_sc_hd__or2_1)
                                                         n272 (net)
                      0.075711    0.000211    0.634710 ^ g646/B (sky130_fd_sc_hd__xor2_1)
     2    0.007673    0.196912    0.218657    0.853368 ^ g646/X (sky130_fd_sc_hd__xor2_1)
                                                         n686 (net)
                      0.196912    0.000191    0.853559 ^ g649/A1 (sky130_fd_sc_hd__a21o_1)
     2    0.008596    0.084194    0.182676    1.036235 ^ g649/X (sky130_fd_sc_hd__a21o_1)
                                                         n689 (net)
                      0.084194    0.000245    1.036480 ^ g726/B (sky130_fd_sc_hd__xor2_1)
     2    0.008097    0.204521    0.226499    1.262979 ^ g726/X (sky130_fd_sc_hd__xor2_1)
                                                         n766 (net)
                      0.204521    0.000177    1.263155 ^ g729/A1 (sky130_fd_sc_hd__a21o_1)
     2    0.008393    0.082675    0.182972    1.446128 ^ g729/X (sky130_fd_sc_hd__a21o_1)
                                                         n769 (net)
                      0.082675    0.000233    1.446361 ^ g792/B (sky130_fd_sc_hd__xor2_1)
     2    0.007635    0.196251    0.219705    1.666065 ^ g792/X (sky130_fd_sc_hd__xor2_1)
                                                         n832 (net)
                      0.196251    0.000132    1.666197 ^ g794/A (sky130_fd_sc_hd__xor2_1)
     2    0.010219    0.243021    0.273604    1.939801 ^ g794/X (sky130_fd_sc_hd__xor2_1)
                                                         n834 (net)
                      0.243022    0.000471    1.940272 ^ g850/B (sky130_fd_sc_hd__xor2_1)
     2    0.008061    0.203854    0.250240    2.190512 ^ g850/X (sky130_fd_sc_hd__xor2_1)
                                                         n890 (net)
                      0.203854    0.000242    2.190754 ^ g852/A (sky130_fd_sc_hd__xor2_1)
     2    0.007468    0.193255    0.235576    2.426330 ^ g852/X (sky130_fd_sc_hd__xor2_1)
                                                         n892 (net)
                      0.193255    0.000165    2.426495 ^ g1165/B (sky130_fd_sc_hd__xor2_1)
     5    0.020021    0.422394    0.412096    2.838591 ^ g1165/X (sky130_fd_sc_hd__xor2_1)
                                                         n1205 (net)
                      0.422395    0.000753    2.839344 ^ g1215/B (sky130_fd_sc_hd__and2_1)
     4    0.010138    0.112804    0.251054    3.090397 ^ g1215/X (sky130_fd_sc_hd__and2_1)
                                                         n1255 (net)
                      0.112804    0.000287    3.090684 ^ g1264/A (sky130_fd_sc_hd__and2_1)
     4    0.011091    0.119159    0.199266    3.289950 ^ g1264/X (sky130_fd_sc_hd__and2_1)
                                                         n1304 (net)
                      0.119159    0.000395    3.290345 ^ g1307/A (sky130_fd_sc_hd__and2_1)
     3    0.009234    0.102072    0.188749    3.479094 ^ g1307/X (sky130_fd_sc_hd__and2_1)
                                                         n1347 (net)
                      0.102072    0.000143    3.479237 ^ g1337/A1 (sky130_fd_sc_hd__a21o_1)
     1    0.009883    0.093687    0.168343    3.647581 ^ g1337/X (sky130_fd_sc_hd__a21o_1)
                                                         n1377 (net)
                      0.093687    0.000373    3.647954 ^ g1371/B (sky130_fd_sc_hd__xor2_1)
     1    0.011841    0.272974    0.281201    3.929155 ^ g1371/X (sky130_fd_sc_hd__xor2_1)
                                                         zP[15] (net)
                      0.272974    0.000347    3.929503 ^ zP[15] (out)
                                              3.929503   data arrival time

                      0.000000   10.000000   10.000000   clock __VIRTUAL_CLK__ (rise edge)
                                  0.000000   10.000000   clock network delay (ideal)
                                  0.000000   10.000000   clock reconvergence pessimism
                                  0.000000   10.000000   output external delay
                                             10.000000   data required time
---------------------------------------------------------------------------------------------
                                             10.000000   data required time
                                             -3.929503   data arrival time
---------------------------------------------------------------------------------------------
                                              6.070498   slack (MET)


Startpoint: xN[5] (input port clocked by __VIRTUAL_CLK__)
Endpoint: zN[12] (output port clocked by __VIRTUAL_CLK__)
Path Group: __VIRTUAL_CLK__
Path Type: max

Fanout         Cap        Slew       Delay        Time   Description
---------------------------------------------------------------------------------------------
                      0.000000    0.000000    0.000000   clock __VIRTUAL_CLK__ (rise edge)
                                  0.000000    0.000000   clock network delay (ideal)
                                  0.000000    0.000000 ^ input external delay
    20    0.101326    0.456692    0.335134    0.335134 ^ xN[5] (in)
                                                         xN[5] (net)
                      0.456942    0.000000    0.335134 ^ g327/A (sky130_fd_sc_hd__and2_1)
     1    0.001774    0.046244    0.194951    0.530085 ^ g327/X (sky130_fd_sc_hd__and2_1)
                                                         n367 (net)
                      0.046244    0.000053    0.530138 ^ g329/B (sky130_fd_sc_hd__or2_1)
     2    0.007231    0.077856    0.123149    0.653287 ^ g329/X (sky130_fd_sc_hd__or2_1)
                                                         n369 (net)
                      0.077856    0.000225    0.653512 ^ g896/A (sky130_fd_sc_hd__xor2_1)
     2    0.008484    0.211485    0.224529    0.878040 ^ g896/X (sky130_fd_sc_hd__xor2_1)
                                                         n936 (net)
                      0.211485    0.000230    0.878271 ^ g899/A1 (sky130_fd_sc_hd__a21o_1)
     2    0.007879    0.078609    0.181136    1.059406 ^ g899/X (sky130_fd_sc_hd__a21o_1)
                                                         n939 (net)
                      0.078609    0.000222    1.059628 ^ g980/B (sky130_fd_sc_hd__xor2_1)
     2    0.007879    0.200604    0.222246    1.281874 ^ g980/X (sky130_fd_sc_hd__xor2_1)
                                                         n1020 (net)
                      0.200604    0.000107    1.281982 ^ g982/A (sky130_fd_sc_hd__xor2_1)
     2    0.008982    0.220471    0.256667    1.538649 ^ g982/X (sky130_fd_sc_hd__xor2_1)
                                                         n1022 (net)
                      0.220471    0.000282    1.538931 ^ g1050/B (sky130_fd_sc_hd__xor2_1)
     2    0.008504    0.211835    0.253538    1.792469 ^ g1050/X (sky130_fd_sc_hd__xor2_1)
                                                         n1090 (net)
                      0.211835    0.000212    1.792681 ^ g1053/A1 (sky130_fd_sc_hd__a21o_1)
     2    0.008735    0.085378    0.186672    1.979352 ^ g1053/X (sky130_fd_sc_hd__a21o_1)
                                                         n1093 (net)
                      0.085378    0.000334    1.979686 ^ g1112/B (sky130_fd_sc_hd__xor2_1)
     2    0.007650    0.196516    0.220514    2.200200 ^ g1112/X (sky130_fd_sc_hd__xor2_1)
                                                         n1152 (net)
                      0.196516    0.000130    2.200330 ^ g1114/A (sky130_fd_sc_hd__xor2_1)
     2    0.006653    0.178748    0.222745    2.423076 ^ g1114/X (sky130_fd_sc_hd__xor2_1)
                                                         n1154 (net)
                      0.178748    0.000133    2.423209 ^ g1396/B (sky130_fd_sc_hd__xor2_1)
     5    0.020178    0.425274    0.412284    2.835493 ^ g1396/X (sky130_fd_sc_hd__xor2_1)
                                                         n1436 (net)
                      0.425275    0.000609    2.836102 ^ g1441/A (sky130_fd_sc_hd__and2_1)
     4    0.009884    0.111091    0.252850    3.088952 ^ g1441/X (sky130_fd_sc_hd__and2_1)
                                                         n1481 (net)
                      0.111091    0.000139    3.089091 ^ g1490/A (sky130_fd_sc_hd__and2_1)
     4    0.010249    0.111406    0.192893    3.281984 ^ g1490/X (sky130_fd_sc_hd__and2_1)
                                                         n1530 (net)
                      0.111406    0.000226    3.282210 ^ g1533/A (sky130_fd_sc_hd__and2_1)
     3    0.006634    0.079258    0.167276    3.449486 ^ g1533/X (sky130_fd_sc_hd__and2_1)
                                                         n1573 (net)
                      0.079258    0.000103    3.449589 ^ g1563/A1 (sky130_fd_sc_hd__a21o_1)
     1    0.008481    0.082959    0.151793    3.601382 ^ g1563/X (sky130_fd_sc_hd__a21o_1)
                                                         n1603 (net)
                      0.082959    0.000365    3.601746 ^ g1603/B (sky130_fd_sc_hd__xor2_1)
     1    0.014612    0.323372    0.317492    3.919238 ^ g1603/X (sky130_fd_sc_hd__xor2_1)
                                                         zN[12] (net)
                      0.323374    0.000657    3.919896 ^ zN[12] (out)
                                              3.919896   data arrival time

                      0.000000   10.000000   10.000000   clock __VIRTUAL_CLK__ (rise edge)
                                  0.000000   10.000000   clock network delay (ideal)
                                  0.000000   10.000000   clock reconvergence pessimism
                                  0.000000   10.000000   output external delay
                                             10.000000   data required time
---------------------------------------------------------------------------------------------
                                             10.000000   data required time
                                             -3.919896   data arrival time
---------------------------------------------------------------------------------------------
                                              6.080105   slack (MET)


Startpoint: yN[8] (input port clocked by __VIRTUAL_CLK__)
Endpoint: zP[17] (output port clocked by __VIRTUAL_CLK__)
Path Group: __VIRTUAL_CLK__
Path Type: max

Fanout         Cap        Slew       Delay        Time   Description
---------------------------------------------------------------------------------------------
                      0.000000    0.000000    0.000000   clock __VIRTUAL_CLK__ (rise edge)
                                  0.000000    0.000000   clock network delay (ideal)
                                  0.000000    0.000000 ^ input external delay
    20    0.097060    0.439293    0.318523    0.318523 ^ yN[8] (in)
                                                         yN[8] (net)
                      0.439326    0.000000    0.318523 ^ g229/B (sky130_fd_sc_hd__and2_1)
     1    0.002242    0.048549    0.193510    0.512033 ^ g229/X (sky130_fd_sc_hd__and2_1)
                                                         n269 (net)
                      0.048549    0.000069    0.512102 ^ g232/B (sky130_fd_sc_hd__or2_1)
     2    0.006987    0.075711    0.122398    0.634500 ^ g232/X (sky130_fd_sc_hd__or2_1)
                                                         n272 (net)
                      0.075711    0.000211    0.634710 ^ g646/B (sky130_fd_sc_hd__xor2_1)
     2    0.007673    0.196912    0.218657    0.853368 ^ g646/X (sky130_fd_sc_hd__xor2_1)
                                                         n686 (net)
                      0.196912    0.000191    0.853559 ^ g649/A1 (sky130_fd_sc_hd__a21o_1)
     2    0.008596    0.084194    0.182676    1.036235 ^ g649/X (sky130_fd_sc_hd__a21o_1)
                                                         n689 (net)
                      0.084194    0.000245    1.036480 ^ g726/B (sky130_fd_sc_hd__xor2_1)
     2    0.008097    0.204521    0.226499    1.262979 ^ g726/X (sky130_fd_sc_hd__xor2_1)
                                                         n766 (net)
                      0.204521    0.000177    1.263155 ^ g729/A1 (sky130_fd_sc_hd__a21o_1)
     2    0.008393    0.082675    0.182972    1.446128 ^ g729/X (sky130_fd_sc_hd__a21o_1)
                                                         n769 (net)
                      0.082675    0.000233    1.446361 ^ g792/B (sky130_fd_sc_hd__xor2_1)
     2    0.007635    0.196251    0.219705    1.666065 ^ g792/X (sky130_fd_sc_hd__xor2_1)
                                                         n832 (net)
                      0.196251    0.000132    1.666197 ^ g794/A (sky130_fd_sc_hd__xor2_1)
     2    0.010219    0.243021    0.273604    1.939801 ^ g794/X (sky130_fd_sc_hd__xor2_1)
                                                         n834 (net)
                      0.243022    0.000471    1.940272 ^ g850/B (sky130_fd_sc_hd__xor2_1)
     2    0.008061    0.203854    0.250240    2.190512 ^ g850/X (sky130_fd_sc_hd__xor2_1)
                                                         n890 (net)
                      0.203854    0.000242    2.190754 ^ g852/A (sky130_fd_sc_hd__xor2_1)
     2    0.007468    0.193255    0.235576    2.426330 ^ g852/X (sky130_fd_sc_hd__xor2_1)
                                                         n892 (net)
                      0.193255    0.000165    2.426495 ^ g1165/B (sky130_fd_sc_hd__xor2_1)
     5    0.020021    0.422394    0.412096    2.838591 ^ g1165/X (sky130_fd_sc_hd__xor2_1)
                                                         n1205 (net)
                      0.422395    0.000753    2.839344 ^ g1215/B (sky130_fd_sc_hd__and2_1)
     4    0.010138    0.112804    0.251054    3.090397 ^ g1215/X (sky130_fd_sc_hd__and2_1)
                                                         n1255 (net)
                      0.112804    0.000281    3.090679 ^ g1270/B (sky130_fd_sc_hd__and2_1)
     3    0.006661    0.079508    0.168941    3.259620 ^ g1270/X (sky130_fd_sc_hd__and2_1)
                                                         n1310 (net)
                      0.079508    0.000174    3.259794 ^ g1313/A (sky130_fd_sc_hd__and2_1)
     3    0.016325    0.167611    0.223566    3.483359 ^ g1313/X (sky130_fd_sc_hd__and2_1)
                                                         n1353 (net)
                      0.167611    0.000377    3.483736 ^ g1343/A1 (sky130_fd_sc_hd__a21o_1)
     1    0.005814    0.061749    0.158644    3.642381 ^ g1343/X (sky130_fd_sc_hd__a21o_1)
                                                         n1383 (net)
                      0.061749    0.000153    3.642533 ^ g1373/B (sky130_fd_sc_hd__xor2_1)
     1    0.011747    0.271034    0.272547    3.915080 ^ g1373/X (sky130_fd_sc_hd__xor2_1)
                                                         zP[17] (net)
                      0.271121    0.000344    3.915424 ^ zP[17] (out)
                                              3.915424   data arrival time

                      0.000000   10.000000   10.000000   clock __VIRTUAL_CLK__ (rise edge)
                                  0.000000   10.000000   clock network delay (ideal)
                                  0.000000   10.000000   clock reconvergence pessimism
                                  0.000000   10.000000   output external delay
                                             10.000000   data required time
---------------------------------------------------------------------------------------------
                                             10.000000   data required time
                                             -3.915424   data arrival time
---------------------------------------------------------------------------------------------
                                              6.084576   slack (MET)


Startpoint: xN[5] (input port clocked by __VIRTUAL_CLK__)
Endpoint: zN[16] (output port clocked by __VIRTUAL_CLK__)
Path Group: __VIRTUAL_CLK__
Path Type: max

Fanout         Cap        Slew       Delay        Time   Description
---------------------------------------------------------------------------------------------
                      0.000000    0.000000    0.000000   clock __VIRTUAL_CLK__ (rise edge)
                                  0.000000    0.000000   clock network delay (ideal)
                                  0.000000    0.000000 ^ input external delay
    20    0.101326    0.456692    0.335134    0.335134 ^ xN[5] (in)
                                                         xN[5] (net)
                      0.456942    0.000000    0.335134 ^ g327/A (sky130_fd_sc_hd__and2_1)
     1    0.001774    0.046244    0.194951    0.530085 ^ g327/X (sky130_fd_sc_hd__and2_1)
                                                         n367 (net)
                      0.046244    0.000053    0.530138 ^ g329/B (sky130_fd_sc_hd__or2_1)
     2    0.007231    0.077856    0.123149    0.653287 ^ g329/X (sky130_fd_sc_hd__or2_1)
                                                         n369 (net)
                      0.077856    0.000225    0.653512 ^ g896/A (sky130_fd_sc_hd__xor2_1)
     2    0.008484    0.211485    0.224529    0.878040 ^ g896/X (sky130_fd_sc_hd__xor2_1)
                                                         n936 (net)
                      0.211485    0.000230    0.878271 ^ g899/A1 (sky130_fd_sc_hd__a21o_1)
     2    0.007879    0.078609    0.181136    1.059406 ^ g899/X (sky130_fd_sc_hd__a21o_1)
                                                         n939 (net)
                      0.078609    0.000222    1.059628 ^ g980/B (sky130_fd_sc_hd__xor2_1)
     2    0.007879    0.200604    0.222246    1.281874 ^ g980/X (sky130_fd_sc_hd__xor2_1)
                                                         n1020 (net)
                      0.200604    0.000107    1.281982 ^ g982/A (sky130_fd_sc_hd__xor2_1)
     2    0.008982    0.220471    0.256667    1.538649 ^ g982/X (sky130_fd_sc_hd__xor2_1)
                                                         n1022 (net)
                      0.220471    0.000282    1.538931 ^ g1050/B (sky130_fd_sc_hd__xor2_1)
     2    0.008504    0.211835    0.253538    1.792469 ^ g1050/X (sky130_fd_sc_hd__xor2_1)
                                                         n1090 (net)
                      0.211835    0.000212    1.792681 ^ g1053/A1 (sky130_fd_sc_hd__a21o_1)
     2    0.008735    0.085378    0.186672    1.979352 ^ g1053/X (sky130_fd_sc_hd__a21o_1)
                                                         n1093 (net)
                      0.085378    0.000334    1.979686 ^ g1112/B (sky130_fd_sc_hd__xor2_1)
     2    0.007650    0.196516    0.220514    2.200200 ^ g1112/X (sky130_fd_sc_hd__xor2_1)
                                                         n1152 (net)
                      0.196516    0.000130    2.200330 ^ g1114/A (sky130_fd_sc_hd__xor2_1)
     2    0.006653    0.178748    0.222745    2.423076 ^ g1114/X (sky130_fd_sc_hd__xor2_1)
                                                         n1154 (net)
                      0.178748    0.000133    2.423209 ^ g1396/B (sky130_fd_sc_hd__xor2_1)
     5    0.020178    0.425274    0.412284    2.835493 ^ g1396/X (sky130_fd_sc_hd__xor2_1)
                                                         n1436 (net)
                      0.425275    0.000609    2.836102 ^ g1441/A (sky130_fd_sc_hd__and2_1)
     4    0.009884    0.111091    0.252850    3.088952 ^ g1441/X (sky130_fd_sc_hd__and2_1)
                                                         n1481 (net)
                      0.111091    0.000139    3.089091 ^ g1490/A (sky130_fd_sc_hd__and2_1)
     4    0.010249    0.111406    0.192893    3.281984 ^ g1490/X (sky130_fd_sc_hd__and2_1)
                                                         n1530 (net)
                      0.111406    0.000207    3.282191 ^ g1545/B (sky130_fd_sc_hd__and2_1)
     3    0.006598    0.078923    0.168091    3.450282 ^ g1545/X (sky130_fd_sc_hd__and2_1)
                                                         n1585 (net)
                      0.078923    0.000162    3.450444 ^ g1575/A1 (sky130_fd_sc_hd__a21o_1)
     1    0.008302    0.081243    0.150540    3.600985 ^ g1575/X (sky130_fd_sc_hd__a21o_1)
                                                         n1615 (net)
                      0.081243    0.000340    3.601325 ^ g1607/B (sky130_fd_sc_hd__xor2_1)
     1    0.013972    0.311697    0.308162    3.909487 ^ g1607/X (sky130_fd_sc_hd__xor2_1)
                                                         zN[16] (net)
                      0.311698    0.000561    3.910048 ^ zN[16] (out)
                                              3.910048   data arrival time

                      0.000000   10.000000   10.000000   clock __VIRTUAL_CLK__ (rise edge)
                                  0.000000   10.000000   clock network delay (ideal)
                                  0.000000   10.000000   clock reconvergence pessimism
                                  0.000000   10.000000   output external delay
                                             10.000000   data required time
---------------------------------------------------------------------------------------------
                                             10.000000   data required time
                                             -3.910048   data arrival time
---------------------------------------------------------------------------------------------
                                              6.089953   slack (MET)


Startpoint: xP[4] (input port clocked by __VIRTUAL_CLK__)
Endpoint: zP[13] (output port clocked by __VIRTUAL_CLK__)
Path Group: __VIRTUAL_CLK__
Path Type: max

Fanout         Cap        Slew       Delay        Time   Description
---------------------------------------------------------------------------------------------
                      0.000000    0.000000    0.000000   clock __VIRTUAL_CLK__ (rise edge)
                                  0.000000    0.000000   clock network delay (ideal)
                                  0.000000    0.000000 ^ input external delay
    20    0.102072    0.461701    0.333218    0.333218 ^ xP[4] (in)
                                                         xP[4] (net)
                      0.461715    0.000000    0.333218 ^ g276/A (sky130_fd_sc_hd__and2_1)
     1    0.001800    0.046543    0.195792    0.529010 ^ g276/X (sky130_fd_sc_hd__and2_1)
                                                         n316 (net)
                      0.046543    0.000037    0.529047 ^ g280/A (sky130_fd_sc_hd__or2_1)
     2    0.007094    0.076653    0.123912    0.652959 ^ g280/X (sky130_fd_sc_hd__or2_1)
                                                         n320 (net)
                      0.076653    0.000206    0.653165 ^ g634/B (sky130_fd_sc_hd__xor2_1)
     2    0.008626    0.214038    0.232229    0.885394 ^ g634/X (sky130_fd_sc_hd__xor2_1)
                                                         n674 (net)
                      0.214038    0.000220    0.885613 ^ g637/A1 (sky130_fd_sc_hd__a21o_1)
     2    0.008526    0.083793    0.185789    1.071402 ^ g637/X (sky130_fd_sc_hd__a21o_1)
                                                         n677 (net)
                      0.083793    0.000313    1.071715 ^ g718/A (sky130_fd_sc_hd__xor2_1)
     2    0.007770    0.198652    0.216010    1.287724 ^ g718/X (sky130_fd_sc_hd__xor2_1)
                                                         n758 (net)
                      0.198652    0.000200    1.287924 ^ g720/A (sky130_fd_sc_hd__xor2_1)
     2    0.010342    0.245253    0.275754    1.563678 ^ g720/X (sky130_fd_sc_hd__xor2_1)
                                                         n760 (net)
                      0.245255    0.000466    1.564144 ^ g784/B (sky130_fd_sc_hd__xor2_1)
     2    0.007731    0.197954    0.245888    1.810032 ^ g784/X (sky130_fd_sc_hd__xor2_1)
                                                         n824 (net)
                      0.197954    0.000188    1.810220 ^ g787/A1 (sky130_fd_sc_hd__a21o_1)
     2    0.007591    0.076190    0.176445    1.986665 ^ g787/X (sky130_fd_sc_hd__a21o_1)
                                                         n827 (net)
                      0.076190    0.000209    1.986874 ^ g846/B (sky130_fd_sc_hd__xor2_1)
     2    0.008144    0.205374    0.225370    2.212245 ^ g846/X (sky130_fd_sc_hd__xor2_1)
                                                         n886 (net)
                      0.205374    0.000222    2.212467 ^ g848/A (sky130_fd_sc_hd__xor2_1)
     2    0.006845    0.182144    0.226910    2.439377 ^ g848/X (sky130_fd_sc_hd__xor2_1)
                                                         n888 (net)
                      0.182144    0.000146    2.439523 ^ g1163/B (sky130_fd_sc_hd__xor2_1)
     5    0.017254    0.371504    0.371766    2.811289 ^ g1163/X (sky130_fd_sc_hd__xor2_1)
                                                         n1203 (net)
                      0.371505    0.000590    2.811879 ^ g1209/A (sky130_fd_sc_hd__and2_1)
     4    0.008266    0.096670    0.234128    3.046007 ^ g1209/X (sky130_fd_sc_hd__and2_1)
                                                         n1249 (net)
                      0.096670    0.000205    3.046212 ^ g1258/A (sky130_fd_sc_hd__and2_1)
     4    0.009881    0.108080    0.185242    3.231455 ^ g1258/X (sky130_fd_sc_hd__and2_1)
                                                         n1298 (net)
                      0.108080    0.000074    3.231529 ^ g1301/A (sky130_fd_sc_hd__and2_1)
     3    0.016021    0.164913    0.231687    3.463216 ^ g1301/X (sky130_fd_sc_hd__and2_1)
                                                         n1341 (net)
                      0.164913    0.000412    3.463628 ^ g1331/A1 (sky130_fd_sc_hd__a21o_1)
     1    0.005149    0.056828    0.153809    3.617437 ^ g1331/X (sky130_fd_sc_hd__a21o_1)
                                                         n1371 (net)
                      0.056828    0.000117    3.617554 ^ g1369/B (sky130_fd_sc_hd__xor2_1)
     1    0.011670    0.269695    0.270336    3.887890 ^ g1369/X (sky130_fd_sc_hd__xor2_1)
                                                         zP[13] (net)
                      0.269695    0.000334    3.888225 ^ zP[13] (out)
                                              3.888225   data arrival time

                      0.000000   10.000000   10.000000   clock __VIRTUAL_CLK__ (rise edge)
                                  0.000000   10.000000   clock network delay (ideal)
                                  0.000000   10.000000   clock reconvergence pessimism
                                  0.000000   10.000000   output external delay
                                             10.000000   data required time
---------------------------------------------------------------------------------------------
                                             10.000000   data required time
                                             -3.888225   data arrival time
---------------------------------------------------------------------------------------------
                                              6.111776   slack (MET)


Startpoint: xN[5] (input port clocked by __VIRTUAL_CLK__)
Endpoint: zN[13] (output port clocked by __VIRTUAL_CLK__)
Path Group: __VIRTUAL_CLK__
Path Type: max

Fanout         Cap        Slew       Delay        Time   Description
---------------------------------------------------------------------------------------------
                      0.000000    0.000000    0.000000   clock __VIRTUAL_CLK__ (rise edge)
                                  0.000000    0.000000   clock network delay (ideal)
                                  0.000000    0.000000 ^ input external delay
    20    0.101326    0.456692    0.335134    0.335134 ^ xN[5] (in)
                                                         xN[5] (net)
                      0.456942    0.000000    0.335134 ^ g327/A (sky130_fd_sc_hd__and2_1)
     1    0.001774    0.046244    0.194951    0.530085 ^ g327/X (sky130_fd_sc_hd__and2_1)
                                                         n367 (net)
                      0.046244    0.000053    0.530138 ^ g329/B (sky130_fd_sc_hd__or2_1)
     2    0.007231    0.077856    0.123149    0.653287 ^ g329/X (sky130_fd_sc_hd__or2_1)
                                                         n369 (net)
                      0.077856    0.000225    0.653512 ^ g896/A (sky130_fd_sc_hd__xor2_1)
     2    0.008484    0.211485    0.224529    0.878040 ^ g896/X (sky130_fd_sc_hd__xor2_1)
                                                         n936 (net)
                      0.211485    0.000230    0.878271 ^ g899/A1 (sky130_fd_sc_hd__a21o_1)
     2    0.007879    0.078609    0.181136    1.059406 ^ g899/X (sky130_fd_sc_hd__a21o_1)
                                                         n939 (net)
                      0.078609    0.000222    1.059628 ^ g980/B (sky130_fd_sc_hd__xor2_1)
     2    0.007879    0.200604    0.222246    1.281874 ^ g980/X (sky130_fd_sc_hd__xor2_1)
                                                         n1020 (net)
                      0.200604    0.000107    1.281982 ^ g982/A (sky130_fd_sc_hd__xor2_1)
     2    0.008982    0.220471    0.256667    1.538649 ^ g982/X (sky130_fd_sc_hd__xor2_1)
                                                         n1022 (net)
                      0.220471    0.000282    1.538931 ^ g1050/B (sky130_fd_sc_hd__xor2_1)
     2    0.008504    0.211835    0.253538    1.792469 ^ g1050/X (sky130_fd_sc_hd__xor2_1)
                                                         n1090 (net)
                      0.211835    0.000212    1.792681 ^ g1053/A1 (sky130_fd_sc_hd__a21o_1)
     2    0.008735    0.085378    0.186672    1.979352 ^ g1053/X (sky130_fd_sc_hd__a21o_1)
                                                         n1093 (net)
                      0.085378    0.000334    1.979686 ^ g1112/B (sky130_fd_sc_hd__xor2_1)
     2    0.007650    0.196516    0.220514    2.200200 ^ g1112/X (sky130_fd_sc_hd__xor2_1)
                                                         n1152 (net)
                      0.196516    0.000130    2.200330 ^ g1114/A (sky130_fd_sc_hd__xor2_1)
     2    0.006653    0.178748    0.222745    2.423076 ^ g1114/X (sky130_fd_sc_hd__xor2_1)
                                                         n1154 (net)
                      0.178748    0.000133    2.423209 ^ g1396/B (sky130_fd_sc_hd__xor2_1)
     5    0.020178    0.425274    0.412284    2.835493 ^ g1396/X (sky130_fd_sc_hd__xor2_1)
                                                         n1436 (net)
                      0.425277    0.000933    2.836426 ^ g1444/B (sky130_fd_sc_hd__and2_1)
     4    0.008612    0.099362    0.240709    3.077136 ^ g1444/X (sky130_fd_sc_hd__and2_1)
                                                         n1484 (net)
                      0.099362    0.000191    3.077327 ^ g1493/A (sky130_fd_sc_hd__and2_1)
     4    0.009842    0.107738    0.185848    3.263174 ^ g1493/X (sky130_fd_sc_hd__and2_1)
                                                         n1533 (net)
                      0.107738    0.000249    3.263423 ^ g1536/A (sky130_fd_sc_hd__and2_1)
     3    0.012411    0.131555    0.206629    3.470052 ^ g1536/X (sky130_fd_sc_hd__and2_1)
                                                         n1576 (net)
                      0.131555    0.000299    3.470351 ^ g1566/A1 (sky130_fd_sc_hd__a21o_1)
     1    0.004883    0.054640    0.145078    3.615429 ^ g1566/X (sky130_fd_sc_hd__a21o_1)
                                                         n1606 (net)
                      0.054640    0.000103    3.615532 ^ g1604/B (sky130_fd_sc_hd__xor2_1)
     1    0.011596    0.268321    0.268804    3.884336 ^ g1604/X (sky130_fd_sc_hd__xor2_1)
                                                         zN[13] (net)
                      0.268321    0.000314    3.884650 ^ zN[13] (out)
                                              3.884650   data arrival time

                      0.000000   10.000000   10.000000   clock __VIRTUAL_CLK__ (rise edge)
                                  0.000000   10.000000   clock network delay (ideal)
                                  0.000000   10.000000   clock reconvergence pessimism
                                  0.000000   10.000000   output external delay
                                             10.000000   data required time
---------------------------------------------------------------------------------------------
                                             10.000000   data required time
                                             -3.884650   data arrival time
---------------------------------------------------------------------------------------------
                                              6.115351   slack (MET)


Startpoint: xN[5] (input port clocked by __VIRTUAL_CLK__)
Endpoint: zN[17] (output port clocked by __VIRTUAL_CLK__)
Path Group: __VIRTUAL_CLK__
Path Type: max

Fanout         Cap        Slew       Delay        Time   Description
---------------------------------------------------------------------------------------------
                      0.000000    0.000000    0.000000   clock __VIRTUAL_CLK__ (rise edge)
                                  0.000000    0.000000   clock network delay (ideal)
                                  0.000000    0.000000 ^ input external delay
    20    0.101326    0.456692    0.335134    0.335134 ^ xN[5] (in)
                                                         xN[5] (net)
                      0.456942    0.000000    0.335134 ^ g327/A (sky130_fd_sc_hd__and2_1)
     1    0.001774    0.046244    0.194951    0.530085 ^ g327/X (sky130_fd_sc_hd__and2_1)
                                                         n367 (net)
                      0.046244    0.000053    0.530138 ^ g329/B (sky130_fd_sc_hd__or2_1)
     2    0.007231    0.077856    0.123149    0.653287 ^ g329/X (sky130_fd_sc_hd__or2_1)
                                                         n369 (net)
                      0.077856    0.000225    0.653512 ^ g896/A (sky130_fd_sc_hd__xor2_1)
     2    0.008484    0.211485    0.224529    0.878040 ^ g896/X (sky130_fd_sc_hd__xor2_1)
                                                         n936 (net)
                      0.211485    0.000230    0.878271 ^ g899/A1 (sky130_fd_sc_hd__a21o_1)
     2    0.007879    0.078609    0.181136    1.059406 ^ g899/X (sky130_fd_sc_hd__a21o_1)
                                                         n939 (net)
                      0.078609    0.000222    1.059628 ^ g980/B (sky130_fd_sc_hd__xor2_1)
     2    0.007879    0.200604    0.222246    1.281874 ^ g980/X (sky130_fd_sc_hd__xor2_1)
                                                         n1020 (net)
                      0.200604    0.000107    1.281982 ^ g982/A (sky130_fd_sc_hd__xor2_1)
     2    0.008982    0.220471    0.256667    1.538649 ^ g982/X (sky130_fd_sc_hd__xor2_1)
                                                         n1022 (net)
                      0.220471    0.000282    1.538931 ^ g1050/B (sky130_fd_sc_hd__xor2_1)
     2    0.008504    0.211835    0.253538    1.792469 ^ g1050/X (sky130_fd_sc_hd__xor2_1)
                                                         n1090 (net)
                      0.211835    0.000212    1.792681 ^ g1053/A1 (sky130_fd_sc_hd__a21o_1)
     2    0.008735    0.085378    0.186672    1.979352 ^ g1053/X (sky130_fd_sc_hd__a21o_1)
                                                         n1093 (net)
                      0.085378    0.000334    1.979686 ^ g1112/B (sky130_fd_sc_hd__xor2_1)
     2    0.007650    0.196516    0.220514    2.200200 ^ g1112/X (sky130_fd_sc_hd__xor2_1)
                                                         n1152 (net)
                      0.196516    0.000130    2.200330 ^ g1114/A (sky130_fd_sc_hd__xor2_1)
     2    0.006653    0.178748    0.222745    2.423076 ^ g1114/X (sky130_fd_sc_hd__xor2_1)
                                                         n1154 (net)
                      0.178748    0.000133    2.423209 ^ g1396/B (sky130_fd_sc_hd__xor2_1)
     5    0.020178    0.425274    0.412284    2.835493 ^ g1396/X (sky130_fd_sc_hd__xor2_1)
                                                         n1436 (net)
                      0.425277    0.000933    2.836426 ^ g1444/B (sky130_fd_sc_hd__and2_1)
     4    0.008612    0.099362    0.240709    3.077136 ^ g1444/X (sky130_fd_sc_hd__and2_1)
                                                         n1484 (net)
                      0.099362    0.000191    3.077327 ^ g1493/A (sky130_fd_sc_hd__and2_1)
     4    0.009842    0.107738    0.185848    3.263174 ^ g1493/X (sky130_fd_sc_hd__and2_1)
                                                         n1533 (net)
                      0.107738    0.000289    3.263463 ^ g1548/B (sky130_fd_sc_hd__and2_1)
     3    0.011724    0.124998    0.203010    3.466473 ^ g1548/X (sky130_fd_sc_hd__and2_1)
                                                         n1588 (net)
                      0.124998    0.000280    3.466752 ^ g1578/A1 (sky130_fd_sc_hd__a21o_1)
     1    0.005096    0.055662    0.145066    3.611818 ^ g1578/X (sky130_fd_sc_hd__a21o_1)
                                                         n1618 (net)
                      0.055662    0.000115    3.611933 ^ g1608/B (sky130_fd_sc_hd__xor2_1)
     1    0.011480    0.266399    0.267422    3.879355 ^ g1608/X (sky130_fd_sc_hd__xor2_1)
                                                         zN[17] (net)
                      0.266399    0.000308    3.879663 ^ zN[17] (out)
                                              3.879663   data arrival time

                      0.000000   10.000000   10.000000   clock __VIRTUAL_CLK__ (rise edge)
                                  0.000000   10.000000   clock network delay (ideal)
                                  0.000000   10.000000   clock reconvergence pessimism
                                  0.000000   10.000000   output external delay
                                             10.000000   data required time
---------------------------------------------------------------------------------------------
                                             10.000000   data required time
                                             -3.879663   data arrival time
---------------------------------------------------------------------------------------------
                                              6.120337   slack (MET)


Startpoint: yN[8] (input port clocked by __VIRTUAL_CLK__)
Endpoint: zP[14] (output port clocked by __VIRTUAL_CLK__)
Path Group: __VIRTUAL_CLK__
Path Type: max

Fanout         Cap        Slew       Delay        Time   Description
---------------------------------------------------------------------------------------------
                      0.000000    0.000000    0.000000   clock __VIRTUAL_CLK__ (rise edge)
                                  0.000000    0.000000   clock network delay (ideal)
                                  0.000000    0.000000 ^ input external delay
    20    0.097060    0.439293    0.318523    0.318523 ^ yN[8] (in)
                                                         yN[8] (net)
                      0.439326    0.000000    0.318523 ^ g229/B (sky130_fd_sc_hd__and2_1)
     1    0.002242    0.048549    0.193510    0.512033 ^ g229/X (sky130_fd_sc_hd__and2_1)
                                                         n269 (net)
                      0.048549    0.000069    0.512102 ^ g232/B (sky130_fd_sc_hd__or2_1)
     2    0.006987    0.075711    0.122398    0.634500 ^ g232/X (sky130_fd_sc_hd__or2_1)
                                                         n272 (net)
                      0.075711    0.000211    0.634710 ^ g646/B (sky130_fd_sc_hd__xor2_1)
     2    0.007673    0.196912    0.218657    0.853368 ^ g646/X (sky130_fd_sc_hd__xor2_1)
                                                         n686 (net)
                      0.196912    0.000191    0.853559 ^ g649/A1 (sky130_fd_sc_hd__a21o_1)
     2    0.008596    0.084194    0.182676    1.036235 ^ g649/X (sky130_fd_sc_hd__a21o_1)
                                                         n689 (net)
                      0.084194    0.000245    1.036480 ^ g726/B (sky130_fd_sc_hd__xor2_1)
     2    0.008097    0.204521    0.226499    1.262979 ^ g726/X (sky130_fd_sc_hd__xor2_1)
                                                         n766 (net)
                      0.204521    0.000177    1.263155 ^ g729/A1 (sky130_fd_sc_hd__a21o_1)
     2    0.008393    0.082675    0.182972    1.446128 ^ g729/X (sky130_fd_sc_hd__a21o_1)
                                                         n769 (net)
                      0.082675    0.000233    1.446361 ^ g792/B (sky130_fd_sc_hd__xor2_1)
     2    0.007635    0.196251    0.219705    1.666065 ^ g792/X (sky130_fd_sc_hd__xor2_1)
                                                         n832 (net)
                      0.196251    0.000132    1.666197 ^ g794/A (sky130_fd_sc_hd__xor2_1)
     2    0.010219    0.243021    0.273604    1.939801 ^ g794/X (sky130_fd_sc_hd__xor2_1)
                                                         n834 (net)
                      0.243022    0.000471    1.940272 ^ g850/B (sky130_fd_sc_hd__xor2_1)
     2    0.008061    0.203854    0.250240    2.190512 ^ g850/X (sky130_fd_sc_hd__xor2_1)
                                                         n890 (net)
                      0.203854    0.000242    2.190754 ^ g852/A (sky130_fd_sc_hd__xor2_1)
     2    0.007468    0.193255    0.235576    2.426330 ^ g852/X (sky130_fd_sc_hd__xor2_1)
                                                         n892 (net)
                      0.193255    0.000165    2.426495 ^ g1165/B (sky130_fd_sc_hd__xor2_1)
     5    0.020021    0.422394    0.412096    2.838591 ^ g1165/X (sky130_fd_sc_hd__xor2_1)
                                                         n1205 (net)
                      0.422394    0.000494    2.839085 ^ g1212/A (sky130_fd_sc_hd__and2_1)
     4    0.008449    0.098661    0.242292    3.081378 ^ g1212/X (sky130_fd_sc_hd__and2_1)
                                                         n1252 (net)
                      0.098661    0.000060    3.081438 ^ g1261/A (sky130_fd_sc_hd__and2_1)
     4    0.009130    0.101127    0.180742    3.262180 ^ g1261/X (sky130_fd_sc_hd__and2_1)
                                                         n1301 (net)
                      0.101127    0.000069    3.262248 ^ g1304/A (sky130_fd_sc_hd__and2_1)
     3    0.006559    0.078587    0.163052    3.425300 ^ g1304/X (sky130_fd_sc_hd__and2_1)
                                                         n1344 (net)
                      0.078587    0.000177    3.425477 ^ g1334/A1 (sky130_fd_sc_hd__a21o_1)
     1    0.008555    0.083322    0.151992    3.577468 ^ g1334/X (sky130_fd_sc_hd__a21o_1)
                                                         n1374 (net)
                      0.083323    0.000406    3.577874 ^ g1370/B (sky130_fd_sc_hd__xor2_1)
     1    0.013424    0.301784    0.300969    3.878843 ^ g1370/X (sky130_fd_sc_hd__xor2_1)
                                                         zP[14] (net)
                      0.301785    0.000515    3.879357 ^ zP[14] (out)
                                              3.879357   data arrival time

                      0.000000   10.000000   10.000000   clock __VIRTUAL_CLK__ (rise edge)
                                  0.000000   10.000000   clock network delay (ideal)
                                  0.000000   10.000000   clock reconvergence pessimism
                                  0.000000   10.000000   output external delay
                                             10.000000   data required time
---------------------------------------------------------------------------------------------
                                             10.000000   data required time
                                             -3.879357   data arrival time
---------------------------------------------------------------------------------------------
                                              6.120643   slack (MET)


Startpoint: xN[5] (input port clocked by __VIRTUAL_CLK__)
Endpoint: zN[15] (output port clocked by __VIRTUAL_CLK__)
Path Group: __VIRTUAL_CLK__
Path Type: max

Fanout         Cap        Slew       Delay        Time   Description
---------------------------------------------------------------------------------------------
                      0.000000    0.000000    0.000000   clock __VIRTUAL_CLK__ (rise edge)
                                  0.000000    0.000000   clock network delay (ideal)
                                  0.000000    0.000000 ^ input external delay
    20    0.101326    0.456692    0.335134    0.335134 ^ xN[5] (in)
                                                         xN[5] (net)
                      0.456942    0.000000    0.335134 ^ g327/A (sky130_fd_sc_hd__and2_1)
     1    0.001774    0.046244    0.194951    0.530085 ^ g327/X (sky130_fd_sc_hd__and2_1)
                                                         n367 (net)
                      0.046244    0.000053    0.530138 ^ g329/B (sky130_fd_sc_hd__or2_1)
     2    0.007231    0.077856    0.123149    0.653287 ^ g329/X (sky130_fd_sc_hd__or2_1)
                                                         n369 (net)
                      0.077856    0.000225    0.653512 ^ g896/A (sky130_fd_sc_hd__xor2_1)
     2    0.008484    0.211485    0.224529    0.878040 ^ g896/X (sky130_fd_sc_hd__xor2_1)
                                                         n936 (net)
                      0.211485    0.000230    0.878271 ^ g899/A1 (sky130_fd_sc_hd__a21o_1)
     2    0.007879    0.078609    0.181136    1.059406 ^ g899/X (sky130_fd_sc_hd__a21o_1)
                                                         n939 (net)
                      0.078609    0.000222    1.059628 ^ g980/B (sky130_fd_sc_hd__xor2_1)
     2    0.007879    0.200604    0.222246    1.281874 ^ g980/X (sky130_fd_sc_hd__xor2_1)
                                                         n1020 (net)
                      0.200604    0.000107    1.281982 ^ g982/A (sky130_fd_sc_hd__xor2_1)
     2    0.008982    0.220471    0.256667    1.538649 ^ g982/X (sky130_fd_sc_hd__xor2_1)
                                                         n1022 (net)
                      0.220471    0.000282    1.538931 ^ g1050/B (sky130_fd_sc_hd__xor2_1)
     2    0.008504    0.211835    0.253538    1.792469 ^ g1050/X (sky130_fd_sc_hd__xor2_1)
                                                         n1090 (net)
                      0.211835    0.000212    1.792681 ^ g1053/A1 (sky130_fd_sc_hd__a21o_1)
     2    0.008735    0.085378    0.186672    1.979352 ^ g1053/X (sky130_fd_sc_hd__a21o_1)
                                                         n1093 (net)
                      0.085378    0.000334    1.979686 ^ g1112/B (sky130_fd_sc_hd__xor2_1)
     2    0.007650    0.196516    0.220514    2.200200 ^ g1112/X (sky130_fd_sc_hd__xor2_1)
                                                         n1152 (net)
                      0.196516    0.000130    2.200330 ^ g1114/A (sky130_fd_sc_hd__xor2_1)
     2    0.006653    0.178748    0.222745    2.423076 ^ g1114/X (sky130_fd_sc_hd__xor2_1)
                                                         n1154 (net)
                      0.178748    0.000133    2.423209 ^ g1396/B (sky130_fd_sc_hd__xor2_1)
     5    0.020178    0.425274    0.412284    2.835493 ^ g1396/X (sky130_fd_sc_hd__xor2_1)
                                                         n1436 (net)
                      0.425277    0.000933    2.836426 ^ g1444/B (sky130_fd_sc_hd__and2_1)
     4    0.008612    0.099362    0.240709    3.077136 ^ g1444/X (sky130_fd_sc_hd__and2_1)
                                                         n1484 (net)
                      0.099362    0.000181    3.077317 ^ g1499/B (sky130_fd_sc_hd__and2_1)
     4    0.011288    0.120981    0.197478    3.274795 ^ g1499/X (sky130_fd_sc_hd__and2_1)
                                                         n1539 (net)
                      0.120981    0.000453    3.275248 ^ g1542/A (sky130_fd_sc_hd__and2_1)
     3    0.007054    0.082963    0.173733    3.448981 ^ g1542/X (sky130_fd_sc_hd__and2_1)
                                                         n1582 (net)
                      0.082963    0.000092    3.449073 ^ g1572/A1 (sky130_fd_sc_hd__a21o_1)
     1    0.007637    0.075860    0.147618    3.596691 ^ g1572/X (sky130_fd_sc_hd__a21o_1)
                                                         n1612 (net)
                      0.075860    0.000258    3.596949 ^ g1606/B (sky130_fd_sc_hd__xor2_1)
     1    0.012169    0.278964    0.281691    3.878641 ^ g1606/X (sky130_fd_sc_hd__xor2_1)
                                                         zN[15] (net)
                      0.278964    0.000376    3.879017 ^ zN[15] (out)
                                              3.879017   data arrival time

                      0.000000   10.000000   10.000000   clock __VIRTUAL_CLK__ (rise edge)
                                  0.000000   10.000000   clock network delay (ideal)
                                  0.000000   10.000000   clock reconvergence pessimism
                                  0.000000   10.000000   output external delay
                                             10.000000   data required time
---------------------------------------------------------------------------------------------
                                             10.000000   data required time
                                             -3.879017   data arrival time
---------------------------------------------------------------------------------------------
                                              6.120984   slack (MET)


Startpoint: xN[5] (input port clocked by __VIRTUAL_CLK__)
Endpoint: zP[12] (output port clocked by __VIRTUAL_CLK__)
Path Group: __VIRTUAL_CLK__
Path Type: max

Fanout         Cap        Slew       Delay        Time   Description
---------------------------------------------------------------------------------------------
                      0.000000    0.000000    0.000000   clock __VIRTUAL_CLK__ (rise edge)
                                  0.000000    0.000000   clock network delay (ideal)
                                  0.000000    0.000000 ^ input external delay
    20    0.101326    0.456692    0.334864    0.334864 ^ xN[5] (in)
                                                         xN[5] (net)
                      0.456928    0.000000    0.334864 ^ g325/A (sky130_fd_sc_hd__and2_1)
     1    0.002075    0.048372    0.197596    0.532460 ^ g325/X (sky130_fd_sc_hd__and2_1)
                                                         n365 (net)
                      0.048372    0.000063    0.532522 ^ g328/B (sky130_fd_sc_hd__or2_1)
     2    0.007092    0.076627    0.123059    0.655581 ^ g328/X (sky130_fd_sc_hd__or2_1)
                                                         n368 (net)
                      0.076627    0.000204    0.655786 ^ g626/A (sky130_fd_sc_hd__xor2_1)
     2    0.007884    0.200693    0.215661    0.871447 ^ g626/X (sky130_fd_sc_hd__xor2_1)
                                                         n666 (net)
                      0.200693    0.000146    0.871592 ^ g629/A1 (sky130_fd_sc_hd__a21o_1)
     2    0.008523    0.083667    0.182978    1.054570 ^ g629/X (sky130_fd_sc_hd__a21o_1)
                                                         n669 (net)
                      0.083667    0.000302    1.054873 ^ g710/B (sky130_fd_sc_hd__xor2_1)
     2    0.008201    0.206370    0.227839    1.282712 ^ g710/X (sky130_fd_sc_hd__xor2_1)
                                                         n750 (net)
                      0.206370    0.000206    1.282918 ^ g712/A (sky130_fd_sc_hd__xor2_1)
     2    0.007300    0.190254    0.233569    1.516487 ^ g712/X (sky130_fd_sc_hd__xor2_1)
                                                         n752 (net)
                      0.190254    0.000197    1.516683 ^ g780/B (sky130_fd_sc_hd__xor2_1)
     2    0.007805    0.199272    0.239765    1.756449 ^ g780/X (sky130_fd_sc_hd__xor2_1)
                                                         n820 (net)
                      0.199272    0.000153    1.756601 ^ g783/A1 (sky130_fd_sc_hd__a21o_1)
     2    0.008952    0.086945    0.185418    1.942019 ^ g783/X (sky130_fd_sc_hd__a21o_1)
                                                         n823 (net)
                      0.086945    0.000350    1.942369 ^ g842/B (sky130_fd_sc_hd__xor2_1)
     2    0.007839    0.199903    0.223479    2.165848 ^ g842/X (sky130_fd_sc_hd__xor2_1)
                                                         n882 (net)
                      0.199903    0.000222    2.166070 ^ g844/A (sky130_fd_sc_hd__xor2_1)
     2    0.006603    0.177858    0.222571    2.388641 ^ g844/X (sky130_fd_sc_hd__xor2_1)
                                                         n884 (net)
                      0.177858    0.000135    2.388776 ^ g1161/B (sky130_fd_sc_hd__xor2_1)
     5    0.019681    0.416135    0.405332    2.794108 ^ g1161/X (sky130_fd_sc_hd__xor2_1)
                                                         n1201 (net)
                      0.416135    0.000410    2.794518 ^ g1206/A (sky130_fd_sc_hd__and2_1)
     4    0.010772    0.118996    0.257792    3.052310 ^ g1206/X (sky130_fd_sc_hd__and2_1)
                                                         n1246 (net)
                      0.118996    0.000185    3.052496 ^ g1255/A (sky130_fd_sc_hd__and2_1)
     4    0.009936    0.108520    0.193497    3.245992 ^ g1255/X (sky130_fd_sc_hd__and2_1)
                                                         n1295 (net)
                      0.108520    0.000268    3.246260 ^ g1298/A (sky130_fd_sc_hd__and2_1)
     3    0.007051    0.082931    0.169229    3.415489 ^ g1298/X (sky130_fd_sc_hd__and2_1)
                                                         n1338 (net)
                      0.082931    0.000189    3.415678 ^ g1328/A1 (sky130_fd_sc_hd__a21o_1)
     1    0.009641    0.091904    0.160399    3.576077 ^ g1328/X (sky130_fd_sc_hd__a21o_1)
                                                         n1368 (net)
                      0.091905    0.000469    3.576545 ^ g1368/B (sky130_fd_sc_hd__xor2_1)
     1    0.012991    0.293861    0.296922    3.873467 ^ g1368/X (sky130_fd_sc_hd__xor2_1)
                                                         zP[12] (net)
                      0.293862    0.000477    3.873945 ^ zP[12] (out)
                                              3.873945   data arrival time

                      0.000000   10.000000   10.000000   clock __VIRTUAL_CLK__ (rise edge)
                                  0.000000   10.000000   clock network delay (ideal)
                                  0.000000   10.000000   clock reconvergence pessimism
                                  0.000000   10.000000   output external delay
                                             10.000000   data required time
---------------------------------------------------------------------------------------------
                                             10.000000   data required time
                                             -3.873945   data arrival time
---------------------------------------------------------------------------------------------
                                              6.126055   slack (MET)


Startpoint: yN[8] (input port clocked by __VIRTUAL_CLK__)
Endpoint: zP[19] (output port clocked by __VIRTUAL_CLK__)
Path Group: __VIRTUAL_CLK__
Path Type: max

Fanout         Cap        Slew       Delay        Time   Description
---------------------------------------------------------------------------------------------
                      0.000000    0.000000    0.000000   clock __VIRTUAL_CLK__ (rise edge)
                                  0.000000    0.000000   clock network delay (ideal)
                                  0.000000    0.000000 ^ input external delay
    20    0.097060    0.439293    0.318523    0.318523 ^ yN[8] (in)
                                                         yN[8] (net)
                      0.439326    0.000000    0.318523 ^ g229/B (sky130_fd_sc_hd__and2_1)
     1    0.002242    0.048549    0.193510    0.512033 ^ g229/X (sky130_fd_sc_hd__and2_1)
                                                         n269 (net)
                      0.048549    0.000069    0.512102 ^ g232/B (sky130_fd_sc_hd__or2_1)
     2    0.006987    0.075711    0.122398    0.634500 ^ g232/X (sky130_fd_sc_hd__or2_1)
                                                         n272 (net)
                      0.075711    0.000211    0.634710 ^ g646/B (sky130_fd_sc_hd__xor2_1)
     2    0.007673    0.196912    0.218657    0.853368 ^ g646/X (sky130_fd_sc_hd__xor2_1)
                                                         n686 (net)
                      0.196912    0.000191    0.853559 ^ g649/A1 (sky130_fd_sc_hd__a21o_1)
     2    0.008596    0.084194    0.182676    1.036235 ^ g649/X (sky130_fd_sc_hd__a21o_1)
                                                         n689 (net)
                      0.084194    0.000245    1.036480 ^ g726/B (sky130_fd_sc_hd__xor2_1)
     2    0.008097    0.204521    0.226499    1.262979 ^ g726/X (sky130_fd_sc_hd__xor2_1)
                                                         n766 (net)
                      0.204521    0.000177    1.263155 ^ g729/A1 (sky130_fd_sc_hd__a21o_1)
     2    0.008393    0.082675    0.182972    1.446128 ^ g729/X (sky130_fd_sc_hd__a21o_1)
                                                         n769 (net)
                      0.082675    0.000233    1.446361 ^ g792/B (sky130_fd_sc_hd__xor2_1)
     2    0.007635    0.196251    0.219705    1.666065 ^ g792/X (sky130_fd_sc_hd__xor2_1)
                                                         n832 (net)
                      0.196251    0.000132    1.666197 ^ g794/A (sky130_fd_sc_hd__xor2_1)
     2    0.010219    0.243021    0.273604    1.939801 ^ g794/X (sky130_fd_sc_hd__xor2_1)
                                                         n834 (net)
                      0.243022    0.000471    1.940272 ^ g850/B (sky130_fd_sc_hd__xor2_1)
     2    0.008061    0.203854    0.250240    2.190512 ^ g850/X (sky130_fd_sc_hd__xor2_1)
                                                         n890 (net)
                      0.203854    0.000242    2.190754 ^ g852/A (sky130_fd_sc_hd__xor2_1)
     2    0.007468    0.193255    0.235576    2.426330 ^ g852/X (sky130_fd_sc_hd__xor2_1)
                                                         n892 (net)
                      0.193255    0.000165    2.426495 ^ g1165/B (sky130_fd_sc_hd__xor2_1)
     5    0.020021    0.422394    0.412096    2.838591 ^ g1165/X (sky130_fd_sc_hd__xor2_1)
                                                         n1205 (net)
                      0.422395    0.000753    2.839344 ^ g1215/B (sky130_fd_sc_hd__and2_1)
     4    0.010138    0.112804    0.251054    3.090397 ^ g1215/X (sky130_fd_sc_hd__and2_1)
                                                         n1255 (net)
                      0.112804    0.000287    3.090684 ^ g1264/A (sky130_fd_sc_hd__and2_1)
     4    0.011091    0.119159    0.199266    3.289950 ^ g1264/X (sky130_fd_sc_hd__and2_1)
                                                         n1304 (net)
                      0.119159    0.000362    3.290312 ^ g1319/B (sky130_fd_sc_hd__and2_1)
     3    0.008813    0.098299    0.186289    3.476601 ^ g1319/X (sky130_fd_sc_hd__and2_1)
                                                         n1359 (net)
                      0.098299    0.000280    3.476881 ^ g1350/A (sky130_fd_sc_hd__and2_1)
     3    0.008223    0.093242    0.174040    3.650921 ^ g1350/X (sky130_fd_sc_hd__and2_1)
                                                         n1390 (net)
                      0.093242    0.000196    3.651117 ^ g1356/A1 (sky130_fd_sc_hd__a21o_1)
     1    0.011587    0.108323    0.175950    3.827066 ^ g1356/X (sky130_fd_sc_hd__a21o_1)
                                                         zP[19] (net)
                      0.108323    0.000323    3.827390 ^ zP[19] (out)
                                              3.827390   data arrival time

                      0.000000   10.000000   10.000000   clock __VIRTUAL_CLK__ (rise edge)
                                  0.000000   10.000000   clock network delay (ideal)
                                  0.000000   10.000000   clock reconvergence pessimism
                                  0.000000   10.000000   output external delay
                                             10.000000   data required time
---------------------------------------------------------------------------------------------
                                             10.000000   data required time
                                             -3.827390   data arrival time
---------------------------------------------------------------------------------------------
                                              6.172611   slack (MET)


Startpoint: xN[5] (input port clocked by __VIRTUAL_CLK__)
Endpoint: zN[19] (output port clocked by __VIRTUAL_CLK__)
Path Group: __VIRTUAL_CLK__
Path Type: max

Fanout         Cap        Slew       Delay        Time   Description
---------------------------------------------------------------------------------------------
                      0.000000    0.000000    0.000000   clock __VIRTUAL_CLK__ (rise edge)
                                  0.000000    0.000000   clock network delay (ideal)
                                  0.000000    0.000000 ^ input external delay
    20    0.101326    0.456692    0.335134    0.335134 ^ xN[5] (in)
                                                         xN[5] (net)
                      0.456942    0.000000    0.335134 ^ g327/A (sky130_fd_sc_hd__and2_1)
     1    0.001774    0.046244    0.194951    0.530085 ^ g327/X (sky130_fd_sc_hd__and2_1)
                                                         n367 (net)
                      0.046244    0.000053    0.530138 ^ g329/B (sky130_fd_sc_hd__or2_1)
     2    0.007231    0.077856    0.123149    0.653287 ^ g329/X (sky130_fd_sc_hd__or2_1)
                                                         n369 (net)
                      0.077856    0.000225    0.653512 ^ g896/A (sky130_fd_sc_hd__xor2_1)
     2    0.008484    0.211485    0.224529    0.878040 ^ g896/X (sky130_fd_sc_hd__xor2_1)
                                                         n936 (net)
                      0.211485    0.000230    0.878271 ^ g899/A1 (sky130_fd_sc_hd__a21o_1)
     2    0.007879    0.078609    0.181136    1.059406 ^ g899/X (sky130_fd_sc_hd__a21o_1)
                                                         n939 (net)
                      0.078609    0.000222    1.059628 ^ g980/B (sky130_fd_sc_hd__xor2_1)
     2    0.007879    0.200604    0.222246    1.281874 ^ g980/X (sky130_fd_sc_hd__xor2_1)
                                                         n1020 (net)
                      0.200604    0.000107    1.281982 ^ g982/A (sky130_fd_sc_hd__xor2_1)
     2    0.008982    0.220471    0.256667    1.538649 ^ g982/X (sky130_fd_sc_hd__xor2_1)
                                                         n1022 (net)
                      0.220471    0.000282    1.538931 ^ g1050/B (sky130_fd_sc_hd__xor2_1)
     2    0.008504    0.211835    0.253538    1.792469 ^ g1050/X (sky130_fd_sc_hd__xor2_1)
                                                         n1090 (net)
                      0.211835    0.000212    1.792681 ^ g1053/A1 (sky130_fd_sc_hd__a21o_1)
     2    0.008735    0.085378    0.186672    1.979352 ^ g1053/X (sky130_fd_sc_hd__a21o_1)
                                                         n1093 (net)
                      0.085378    0.000334    1.979686 ^ g1112/B (sky130_fd_sc_hd__xor2_1)
     2    0.007650    0.196516    0.220514    2.200200 ^ g1112/X (sky130_fd_sc_hd__xor2_1)
                                                         n1152 (net)
                      0.196516    0.000130    2.200330 ^ g1114/A (sky130_fd_sc_hd__xor2_1)
     2    0.006653    0.178748    0.222745    2.423076 ^ g1114/X (sky130_fd_sc_hd__xor2_1)
                                                         n1154 (net)
                      0.178748    0.000133    2.423209 ^ g1396/B (sky130_fd_sc_hd__xor2_1)
     5    0.020178    0.425274    0.412284    2.835493 ^ g1396/X (sky130_fd_sc_hd__xor2_1)
                                                         n1436 (net)
                      0.425277    0.000933    2.836426 ^ g1444/B (sky130_fd_sc_hd__and2_1)
     4    0.008612    0.099362    0.240709    3.077136 ^ g1444/X (sky130_fd_sc_hd__and2_1)
                                                         n1484 (net)
                      0.099362    0.000181    3.077317 ^ g1499/B (sky130_fd_sc_hd__and2_1)
     4    0.011288    0.120981    0.197478    3.274795 ^ g1499/X (sky130_fd_sc_hd__and2_1)
                                                         n1539 (net)
                      0.120981    0.000316    3.275111 ^ g1554/B (sky130_fd_sc_hd__and2_1)
     3    0.007891    0.090391    0.180223    3.455334 ^ g1554/X (sky130_fd_sc_hd__and2_1)
                                                         n1594 (net)
                      0.090391    0.000250    3.455584 ^ g1585/A (sky130_fd_sc_hd__and2_1)
     3    0.006926    0.081822    0.161920    3.617505 ^ g1585/X (sky130_fd_sc_hd__and2_1)
                                                         n1625 (net)
                      0.081822    0.000104    3.617609 ^ g1591/A1 (sky130_fd_sc_hd__a21o_1)
     1    0.011406    0.107024    0.171034    3.788643 ^ g1591/X (sky130_fd_sc_hd__a21o_1)
                                                         zN[19] (net)
                      0.107024    0.000302    3.788945 ^ zN[19] (out)
                                              3.788945   data arrival time

                      0.000000   10.000000   10.000000   clock __VIRTUAL_CLK__ (rise edge)
                                  0.000000   10.000000   clock network delay (ideal)
                                  0.000000   10.000000   clock reconvergence pessimism
                                  0.000000   10.000000   output external delay
                                             10.000000   data required time
---------------------------------------------------------------------------------------------
                                             10.000000   data required time
                                             -3.788945   data arrival time
---------------------------------------------------------------------------------------------
                                              6.211055   slack (MET)


Startpoint: yP[2] (input port clocked by __VIRTUAL_CLK__)
Endpoint: zP[11] (output port clocked by __VIRTUAL_CLK__)
Path Group: __VIRTUAL_CLK__
Path Type: max

Fanout         Cap        Slew       Delay        Time   Description
---------------------------------------------------------------------------------------------
                      0.000000    0.000000    0.000000   clock __VIRTUAL_CLK__ (rise edge)
                                  0.000000    0.000000   clock network delay (ideal)
                                  0.000000    0.000000 v input external delay
    20    0.094917    0.209497    0.162371    0.162371 v yP[2] (in)
                                                         yP[2] (net)
                      0.209867    0.000000    0.162371 v g312/B (sky130_fd_sc_hd__and2_1)
     1    0.002175    0.032797    0.234057    0.396427 v g312/X (sky130_fd_sc_hd__and2_1)
                                                         n352 (net)
                      0.032797    0.000066    0.396494 v g316/A (sky130_fd_sc_hd__or2_1)
     2    0.006497    0.064713    0.250386    0.646880 v g316/X (sky130_fd_sc_hd__or2_1)
                                                         n356 (net)
                      0.064713    0.000188    0.647067 v g686/A (sky130_fd_sc_hd__xor2_1)
     2    0.007601    0.195632    0.225737    0.872804 ^ g686/X (sky130_fd_sc_hd__xor2_1)
                                                         n726 (net)
                      0.195632    0.000054    0.872859 ^ g689/A1 (sky130_fd_sc_hd__a21o_1)
     2    0.008176    0.080880    0.179644    1.052502 ^ g689/X (sky130_fd_sc_hd__a21o_1)
                                                         n729 (net)
                      0.080880    0.000312    1.052814 ^ g698/B (sky130_fd_sc_hd__xor2_1)
     2    0.007801    0.199201    0.221599    1.274414 ^ g698/X (sky130_fd_sc_hd__xor2_1)
                                                         n738 (net)
                      0.199201    0.000197    1.274611 ^ g701/A1 (sky130_fd_sc_hd__a21o_1)
     2    0.010258    0.097408    0.193568    1.468179 ^ g701/X (sky130_fd_sc_hd__a21o_1)
                                                         n741 (net)
                      0.097408    0.000443    1.468621 ^ g776/B (sky130_fd_sc_hd__xor2_1)
     2    0.007709    0.197553    0.223968    1.692590 ^ g776/X (sky130_fd_sc_hd__xor2_1)
                                                         n816 (net)
                      0.197553    0.000192    1.692782 ^ g779/A1 (sky130_fd_sc_hd__a21o_1)
     2    0.008708    0.085159    0.183525    1.876306 ^ g779/X (sky130_fd_sc_hd__a21o_1)
                                                         n819 (net)
                      0.085159    0.000276    1.876583 ^ g838/B (sky130_fd_sc_hd__xor2_1)
     2    0.007702    0.197449    0.221196    2.097779 ^ g838/X (sky130_fd_sc_hd__xor2_1)
                                                         n878 (net)
                      0.197449    0.000130    2.097909 ^ g840/A (sky130_fd_sc_hd__xor2_1)
     2    0.007011    0.185101    0.227978    2.325887 ^ g840/X (sky130_fd_sc_hd__xor2_1)
                                                         n880 (net)
                      0.185101    0.000222    2.326109 ^ g1159/B (sky130_fd_sc_hd__xor2_1)
     5    0.015205    0.333938    0.343434    2.669544 ^ g1159/X (sky130_fd_sc_hd__xor2_1)
                                                         n1199 (net)
                      0.333939    0.000442    2.669986 ^ g1203/A (sky130_fd_sc_hd__and2_1)
     4    0.011940    0.128974    0.254926    2.924912 ^ g1203/X (sky130_fd_sc_hd__and2_1)
                                                         n1243 (net)
                      0.128974    0.000274    2.925186 ^ g1252/A (sky130_fd_sc_hd__and2_1)
     4    0.009838    0.107655    0.195712    3.120898 ^ g1252/X (sky130_fd_sc_hd__and2_1)
                                                         n1292 (net)
                      0.107655    0.000199    3.121097 ^ g1295/A (sky130_fd_sc_hd__and2_1)
     4    0.010921    0.117625    0.196397    3.317494 ^ g1295/X (sky130_fd_sc_hd__and2_1)
                                                         n1335 (net)
                      0.117625    0.000132    3.317626 ^ g1325/A1 (sky130_fd_sc_hd__a21o_1)
     1    0.008064    0.080190    0.161947    3.479573 ^ g1325/X (sky130_fd_sc_hd__a21o_1)
                                                         n1365 (net)
                      0.080190    0.000288    3.479861 ^ g1367/B (sky130_fd_sc_hd__xor2_1)
     1    0.011700    0.270228    0.276128    3.755989 ^ g1367/X (sky130_fd_sc_hd__xor2_1)
                                                         zP[11] (net)
                      0.270315    0.000337    3.756325 ^ zP[11] (out)
                                              3.756325   data arrival time

                      0.000000   10.000000   10.000000   clock __VIRTUAL_CLK__ (rise edge)
                                  0.000000   10.000000   clock network delay (ideal)
                                  0.000000   10.000000   clock reconvergence pessimism
                                  0.000000   10.000000   output external delay
                                             10.000000   data required time
---------------------------------------------------------------------------------------------
                                             10.000000   data required time
                                             -3.756325   data arrival time
---------------------------------------------------------------------------------------------
                                              6.243675   slack (MET)


Startpoint: yN[2] (input port clocked by __VIRTUAL_CLK__)
Endpoint: zN[11] (output port clocked by __VIRTUAL_CLK__)
Path Group: __VIRTUAL_CLK__
Path Type: max

Fanout         Cap        Slew       Delay        Time   Description
---------------------------------------------------------------------------------------------
                      0.000000    0.000000    0.000000   clock __VIRTUAL_CLK__ (rise edge)
                                  0.000000    0.000000   clock network delay (ideal)
                                  0.000000    0.000000 v input external delay
    20    0.096064    0.211358    0.162606    0.162606 v yN[2] (in)
                                                         yN[2] (net)
                      0.211459    0.000000    0.162606 v g314/B (sky130_fd_sc_hd__and2_1)
     1    0.002697    0.034988    0.238098    0.400704 v g314/X (sky130_fd_sc_hd__and2_1)
                                                         n354 (net)
                      0.034988    0.000086    0.400791 v g317/A (sky130_fd_sc_hd__or2_1)
     2    0.006628    0.065326    0.252011    0.652802 v g317/X (sky130_fd_sc_hd__or2_1)
                                                         n357 (net)
                      0.065326    0.000126    0.652928 v g956/A (sky130_fd_sc_hd__xor2_1)
     2    0.007696    0.197330    0.227331    0.880259 ^ g956/X (sky130_fd_sc_hd__xor2_1)
                                                         n996 (net)
                      0.197330    0.000111    0.880370 ^ g959/A1 (sky130_fd_sc_hd__a21o_1)
     2    0.007940    0.078984    0.178557    1.058926 ^ g959/X (sky130_fd_sc_hd__a21o_1)
                                                         n999 (net)
                      0.078984    0.000217    1.059143 ^ g968/B (sky130_fd_sc_hd__xor2_1)
     2    0.007962    0.202080    0.223476    1.282619 ^ g968/X (sky130_fd_sc_hd__xor2_1)
                                                         n1008 (net)
                      0.202080    0.000057    1.282676 ^ g971/A1 (sky130_fd_sc_hd__a21o_1)
     2    0.007746    0.077568    0.178291    1.460967 ^ g971/X (sky130_fd_sc_hd__a21o_1)
                                                         n1011 (net)
                      0.077568    0.000254    1.461222 ^ g1046/B (sky130_fd_sc_hd__xor2_1)
     2    0.007794    0.199061    0.220733    1.681955 ^ g1046/X (sky130_fd_sc_hd__xor2_1)
                                                         n1086 (net)
                      0.199061    0.000163    1.682117 ^ g1049/A1 (sky130_fd_sc_hd__a21o_1)
     2    0.010461    0.099068    0.194818    1.876936 ^ g1049/X (sky130_fd_sc_hd__a21o_1)
                                                         n1089 (net)
                      0.099068    0.000431    1.877367 ^ g1108/B (sky130_fd_sc_hd__xor2_1)
     2    0.007713    0.197634    0.224383    2.101750 ^ g1108/X (sky130_fd_sc_hd__xor2_1)
                                                         n1148 (net)
                      0.197634    0.000214    2.101964 ^ g1110/A (sky130_fd_sc_hd__xor2_1)
     2    0.007213    0.188690    0.230928    2.332892 ^ g1110/X (sky130_fd_sc_hd__xor2_1)
                                                         n1150 (net)
                      0.188690    0.000149    2.333041 ^ g1394/B (sky130_fd_sc_hd__xor2_1)
     5    0.014908    0.328533    0.339701    2.672742 ^ g1394/X (sky130_fd_sc_hd__xor2_1)
                                                         n1434 (net)
                      0.328534    0.000453    2.673196 ^ g1438/A (sky130_fd_sc_hd__and2_1)
     4    0.012003    0.129686    0.254697    2.927893 ^ g1438/X (sky130_fd_sc_hd__and2_1)
                                                         n1478 (net)
                      0.129686    0.000248    2.928141 ^ g1487/A (sky130_fd_sc_hd__and2_1)
     4    0.009196    0.101764    0.191386    3.119527 ^ g1487/X (sky130_fd_sc_hd__and2_1)
                                                         n1527 (net)
                      0.101764    0.000200    3.119728 ^ g1530/A (sky130_fd_sc_hd__and2_1)
     4    0.010633    0.115046    0.192186    3.311913 ^ g1530/X (sky130_fd_sc_hd__and2_1)
                                                         n1570 (net)
                      0.115046    0.000359    3.312273 ^ g1560/A1 (sky130_fd_sc_hd__a21o_1)
     1    0.005036    0.056718    0.141632    3.453905 ^ g1560/X (sky130_fd_sc_hd__a21o_1)
                                                         n1600 (net)
                      0.056718    0.000155    3.454060 ^ g1602/B (sky130_fd_sc_hd__xor2_1)
     1    0.011492    0.266464    0.267844    3.721905 ^ g1602/X (sky130_fd_sc_hd__xor2_1)
                                                         zN[11] (net)
                      0.266464    0.000309    3.722213 ^ zN[11] (out)
                                              3.722213   data arrival time

                      0.000000   10.000000   10.000000   clock __VIRTUAL_CLK__ (rise edge)
                                  0.000000   10.000000   clock network delay (ideal)
                                  0.000000   10.000000   clock reconvergence pessimism
                                  0.000000   10.000000   output external delay
                                             10.000000   data required time
---------------------------------------------------------------------------------------------
                                             10.000000   data required time
                                             -3.722213   data arrival time
---------------------------------------------------------------------------------------------
                                              6.277787   slack (MET)


Startpoint: xP[4] (input port clocked by __VIRTUAL_CLK__)
Endpoint: zN[10] (output port clocked by __VIRTUAL_CLK__)
Path Group: __VIRTUAL_CLK__
Path Type: max

Fanout         Cap        Slew       Delay        Time   Description
---------------------------------------------------------------------------------------------
                      0.000000    0.000000    0.000000   clock __VIRTUAL_CLK__ (rise edge)
                                  0.000000    0.000000   clock network delay (ideal)
                                  0.000000    0.000000 ^ input external delay
    20    0.102072    0.461701    0.338988    0.338988 ^ xP[4] (in)
                                                         xP[4] (net)
                      0.461885    0.000000    0.338988 ^ g260/A (sky130_fd_sc_hd__and2_1)
     1    0.002460    0.051223    0.201625    0.540614 ^ g260/X (sky130_fd_sc_hd__and2_1)
                                                         n300 (net)
                      0.051223    0.000074    0.540687 ^ g263/A (sky130_fd_sc_hd__or2_1)
     2    0.007523    0.080443    0.128652    0.669339 ^ g263/X (sky130_fd_sc_hd__or2_1)
                                                         n303 (net)
                      0.080443    0.000100    0.669439 ^ g881/B (sky130_fd_sc_hd__and2_1)
     2    0.010171    0.110662    0.184120    0.853560 ^ g881/X (sky130_fd_sc_hd__and2_1)
                                                         n921 (net)
                      0.110662    0.000418    0.853978 ^ g964/B (sky130_fd_sc_hd__xor2_1)
     2    0.007845    0.199990    0.228806    1.082784 ^ g964/X (sky130_fd_sc_hd__xor2_1)
                                                         n1004 (net)
                      0.199990    0.000214    1.082999 ^ g966/A (sky130_fd_sc_hd__xor2_1)
     2    0.006821    0.181724    0.225711    1.308710 ^ g966/X (sky130_fd_sc_hd__xor2_1)
                                                         n1006 (net)
                      0.181724    0.000119    1.308829 ^ g1042/B (sky130_fd_sc_hd__xor2_1)
     2    0.007777    0.198793    0.238225    1.547054 ^ g1042/X (sky130_fd_sc_hd__xor2_1)
                                                         n1082 (net)
                      0.198793    0.000196    1.547250 ^ g1045/A1 (sky130_fd_sc_hd__a21o_1)
     2    0.008531    0.083715    0.182620    1.729870 ^ g1045/X (sky130_fd_sc_hd__a21o_1)
                                                         n1085 (net)
                      0.083715    0.000311    1.730181 ^ g1104/B (sky130_fd_sc_hd__xor2_1)
     2    0.007750    0.198314    0.221569    1.951750 ^ g1104/X (sky130_fd_sc_hd__xor2_1)
                                                         n1144 (net)
                      0.198314    0.000102    1.951853 ^ g1106/A (sky130_fd_sc_hd__xor2_1)
     2    0.006903    0.183181    0.226577    2.178430 ^ g1106/X (sky130_fd_sc_hd__xor2_1)
                                                         n1146 (net)
                      0.183181    0.000208    2.178638 ^ g1392/B (sky130_fd_sc_hd__xor2_1)
     5    0.020125    0.424376    0.411932    2.590570 ^ g1392/X (sky130_fd_sc_hd__xor2_1)
                                                         n1432 (net)
                      0.424378    0.000806    2.591376 ^ g1435/A (sky130_fd_sc_hd__and2_1)
     4    0.010106    0.113083    0.254239    2.845614 ^ g1435/X (sky130_fd_sc_hd__and2_1)
                                                         n1475 (net)
                      0.113083    0.000213    2.845827 ^ g1484/A (sky130_fd_sc_hd__and2_1)
     4    0.010690    0.115451    0.196600    3.042427 ^ g1484/X (sky130_fd_sc_hd__and2_1)
                                                         n1524 (net)
                      0.115451    0.000370    3.042797 ^ g1527/A (sky130_fd_sc_hd__and2_1)
     4    0.012505    0.132214    0.210089    3.252886 ^ g1527/X (sky130_fd_sc_hd__and2_1)
                                                         n1567 (net)
                      0.132214    0.000421    3.253307 ^ g1557/A1 (sky130_fd_sc_hd__a21o_1)
     1    0.005113    0.058378    0.146667    3.399974 ^ g1557/X (sky130_fd_sc_hd__a21o_1)
                                                         n1597 (net)
                      0.058378    0.000163    3.400137 ^ g1601/B (sky130_fd_sc_hd__xor2_1)
     1    0.012976    0.293544    0.288911    3.689048 ^ g1601/X (sky130_fd_sc_hd__xor2_1)
                                                         zN[10] (net)
                      0.293545    0.000459    3.689507 ^ zN[10] (out)
                                              3.689507   data arrival time

                      0.000000   10.000000   10.000000   clock __VIRTUAL_CLK__ (rise edge)
                                  0.000000   10.000000   clock network delay (ideal)
                                  0.000000   10.000000   clock reconvergence pessimism
                                  0.000000   10.000000   output external delay
                                             10.000000   data required time
---------------------------------------------------------------------------------------------
                                             10.000000   data required time
                                             -3.689507   data arrival time
---------------------------------------------------------------------------------------------
                                              6.310493   slack (MET)


Startpoint: xP[4] (input port clocked by __VIRTUAL_CLK__)
Endpoint: zP[10] (output port clocked by __VIRTUAL_CLK__)
Path Group: __VIRTUAL_CLK__
Path Type: max

Fanout         Cap        Slew       Delay        Time   Description
---------------------------------------------------------------------------------------------
                      0.000000    0.000000    0.000000   clock __VIRTUAL_CLK__ (rise edge)
                                  0.000000    0.000000   clock network delay (ideal)
                                  0.000000    0.000000 ^ input external delay
    20    0.102072    0.461701    0.337448    0.337448 ^ xP[4] (in)
                                                         xP[4] (net)
                      0.461820    0.000000    0.337448 ^ g258/A (sky130_fd_sc_hd__and2_1)
     1    0.001863    0.046993    0.196364    0.533812 ^ g258/X (sky130_fd_sc_hd__and2_1)
                                                         n298 (net)
                      0.046993    0.000039    0.533851 ^ g262/A (sky130_fd_sc_hd__or2_1)
     2    0.007710    0.082075    0.128234    0.662084 ^ g262/X (sky130_fd_sc_hd__or2_1)
                                                         n302 (net)
                      0.082075    0.000185    0.662269 ^ g611/B (sky130_fd_sc_hd__and2_1)
     2    0.009021    0.100095    0.176690    0.838959 ^ g611/X (sky130_fd_sc_hd__and2_1)
                                                         n651 (net)
                      0.100095    0.000319    0.839278 ^ g694/B (sky130_fd_sc_hd__xor2_1)
     2    0.007737    0.198066    0.224955    1.064234 ^ g694/X (sky130_fd_sc_hd__xor2_1)
                                                         n734 (net)
                      0.198066    0.000216    1.064449 ^ g696/A (sky130_fd_sc_hd__xor2_1)
     2    0.006831    0.181893    0.225500    1.289949 ^ g696/X (sky130_fd_sc_hd__xor2_1)
                                                         n736 (net)
                      0.181893    0.000205    1.290154 ^ g772/B (sky130_fd_sc_hd__xor2_1)
     2    0.008644    0.214378    0.250481    1.540635 ^ g772/X (sky130_fd_sc_hd__xor2_1)
                                                         n812 (net)
                      0.214378    0.000202    1.540837 ^ g775/A1 (sky130_fd_sc_hd__a21o_1)
     2    0.008436    0.083101    0.185297    1.726134 ^ g775/X (sky130_fd_sc_hd__a21o_1)
                                                         n815 (net)
                      0.083101    0.000290    1.726424 ^ g834/B (sky130_fd_sc_hd__xor2_1)
     2    0.007903    0.201065    0.223565    1.949988 ^ g834/X (sky130_fd_sc_hd__xor2_1)
                                                         n874 (net)
                      0.201065    0.000133    1.950121 ^ g836/A (sky130_fd_sc_hd__xor2_1)
     2    0.006766    0.180751    0.225076    2.175197 ^ g836/X (sky130_fd_sc_hd__xor2_1)
                                                         n876 (net)
                      0.180751    0.000187    2.175384 ^ g1157/B (sky130_fd_sc_hd__xor2_1)
     5    0.019099    0.405408    0.397467    2.572852 ^ g1157/X (sky130_fd_sc_hd__xor2_1)
                                                         n1197 (net)
                      0.405409    0.000514    2.573366 ^ g1200/A (sky130_fd_sc_hd__and2_1)
     4    0.008950    0.102523    0.243710    2.817076 ^ g1200/X (sky130_fd_sc_hd__and2_1)
                                                         n1240 (net)
                      0.102523    0.000177    2.817253 ^ g1249/A (sky130_fd_sc_hd__and2_1)
     4    0.010359    0.112426    0.190543    3.007797 ^ g1249/X (sky130_fd_sc_hd__and2_1)
                                                         n1289 (net)
                      0.112426    0.000316    3.008112 ^ g1292/A (sky130_fd_sc_hd__and2_1)
     4    0.009779    0.107158    0.190055    3.198167 ^ g1292/X (sky130_fd_sc_hd__and2_1)
                                                         n1332 (net)
                      0.107158    0.000337    3.198503 ^ g1322/A1 (sky130_fd_sc_hd__a21o_1)
     1    0.004859    0.056406    0.137850    3.336354 ^ g1322/X (sky130_fd_sc_hd__a21o_1)
                                                         n1362 (net)
                      0.056406    0.000149    3.336504 ^ g1366/B (sky130_fd_sc_hd__xor2_1)
     1    0.012892    0.292011    0.287289    3.623792 ^ g1366/X (sky130_fd_sc_hd__xor2_1)
                                                         zP[10] (net)
                      0.292011    0.000445    3.624238 ^ zP[10] (out)
                                              3.624238   data arrival time

                      0.000000   10.000000   10.000000   clock __VIRTUAL_CLK__ (rise edge)
                                  0.000000   10.000000   clock network delay (ideal)
                                  0.000000   10.000000   clock reconvergence pessimism
                                  0.000000   10.000000   output external delay
                                             10.000000   data required time
---------------------------------------------------------------------------------------------
                                             10.000000   data required time
                                             -3.624238   data arrival time
---------------------------------------------------------------------------------------------
                                              6.375762   slack (MET)


Startpoint: yP[2] (input port clocked by __VIRTUAL_CLK__)
Endpoint: zP[9] (output port clocked by __VIRTUAL_CLK__)
Path Group: __VIRTUAL_CLK__
Path Type: max

Fanout         Cap        Slew       Delay        Time   Description
---------------------------------------------------------------------------------------------
                      0.000000    0.000000    0.000000   clock __VIRTUAL_CLK__ (rise edge)
                                  0.000000    0.000000   clock network delay (ideal)
                                  0.000000    0.000000 v input external delay
    20    0.094917    0.209497    0.162371    0.162371 v yP[2] (in)
                                                         yP[2] (net)
                      0.209867    0.000000    0.162371 v g312/B (sky130_fd_sc_hd__and2_1)
     1    0.002175    0.032797    0.234057    0.396427 v g312/X (sky130_fd_sc_hd__and2_1)
                                                         n352 (net)
                      0.032797    0.000066    0.396494 v g316/A (sky130_fd_sc_hd__or2_1)
     2    0.006497    0.064713    0.250386    0.646880 v g316/X (sky130_fd_sc_hd__or2_1)
                                                         n356 (net)
                      0.064713    0.000188    0.647067 v g686/A (sky130_fd_sc_hd__xor2_1)
     2    0.007601    0.195632    0.225737    0.872804 ^ g686/X (sky130_fd_sc_hd__xor2_1)
                                                         n726 (net)
                      0.195632    0.000153    0.872957 ^ g688/A (sky130_fd_sc_hd__xor2_1)
     2    0.007083    0.186371    0.228715    1.101672 ^ g688/X (sky130_fd_sc_hd__xor2_1)
                                                         n728 (net)
                      0.186371    0.000199    1.101871 ^ g768/B (sky130_fd_sc_hd__xor2_1)
     2    0.010836    0.254266    0.281905    1.383776 ^ g768/X (sky130_fd_sc_hd__xor2_1)
                                                         n808 (net)
                      0.254267    0.000408    1.384185 ^ g771/A1 (sky130_fd_sc_hd__a21o_1)
     2    0.008468    0.083657    0.193881    1.578065 ^ g771/X (sky130_fd_sc_hd__a21o_1)
                                                         n811 (net)
                      0.083657    0.000295    1.578360 ^ g830/B (sky130_fd_sc_hd__xor2_1)
     2    0.007745    0.198221    0.221463    1.799823 ^ g830/X (sky130_fd_sc_hd__xor2_1)
                                                         n870 (net)
                      0.198221    0.000130    1.799953 ^ g832/A (sky130_fd_sc_hd__xor2_1)
     2    0.007170    0.187930    0.230390    2.030343 ^ g832/X (sky130_fd_sc_hd__xor2_1)
                                                         n872 (net)
                      0.187930    0.000188    2.030531 ^ g1155/B (sky130_fd_sc_hd__xor2_1)
     5    0.016863    0.364393    0.367038    2.397570 ^ g1155/X (sky130_fd_sc_hd__xor2_1)
                                                         n1195 (net)
                      0.364394    0.000574    2.398144 ^ g1197/A (sky130_fd_sc_hd__and2_1)
     4    0.010503    0.116108    0.249072    2.647215 ^ g1197/X (sky130_fd_sc_hd__and2_1)
                                                         n1237 (net)
                      0.116108    0.000097    2.647312 ^ g1246/A (sky130_fd_sc_hd__and2_1)
     4    0.015498    0.159957    0.231007    2.878319 ^ g1246/X (sky130_fd_sc_hd__and2_1)
                                                         n1286 (net)
                      0.159957    0.000653    2.878972 ^ g1288/A1 (sky130_fd_sc_hd__a21o_1)
     3    0.012750    0.117745    0.200829    3.079801 ^ g1288/X (sky130_fd_sc_hd__a21o_1)
                                                         n1328 (net)
                      0.117745    0.000262    3.080063 ^ g1365/B (sky130_fd_sc_hd__xor2_1)
     1    0.011757    0.271248    0.285563    3.365627 ^ g1365/X (sky130_fd_sc_hd__xor2_1)
                                                         zP[9] (net)
                      0.271335    0.000349    3.365975 ^ zP[9] (out)
                                              3.365975   data arrival time

                      0.000000   10.000000   10.000000   clock __VIRTUAL_CLK__ (rise edge)
                                  0.000000   10.000000   clock network delay (ideal)
                                  0.000000   10.000000   clock reconvergence pessimism
                                  0.000000   10.000000   output external delay
                                             10.000000   data required time
---------------------------------------------------------------------------------------------
                                             10.000000   data required time
                                             -3.365975   data arrival time
---------------------------------------------------------------------------------------------
                                              6.634025   slack (MET)


Startpoint: xP[4] (input port clocked by __VIRTUAL_CLK__)
Endpoint: zN[9] (output port clocked by __VIRTUAL_CLK__)
Path Group: __VIRTUAL_CLK__
Path Type: max

Fanout         Cap        Slew       Delay        Time   Description
---------------------------------------------------------------------------------------------
                      0.000000    0.000000    0.000000   clock __VIRTUAL_CLK__ (rise edge)
                                  0.000000    0.000000   clock network delay (ideal)
                                  0.000000    0.000000 ^ input external delay
    20    0.102072    0.461701    0.338988    0.338988 ^ xP[4] (in)
                                                         xP[4] (net)
                      0.461885    0.000000    0.338988 ^ g260/A (sky130_fd_sc_hd__and2_1)
     1    0.002460    0.051223    0.201625    0.540614 ^ g260/X (sky130_fd_sc_hd__and2_1)
                                                         n300 (net)
                      0.051223    0.000074    0.540687 ^ g263/A (sky130_fd_sc_hd__or2_1)
     2    0.007523    0.080443    0.128652    0.669339 ^ g263/X (sky130_fd_sc_hd__or2_1)
                                                         n303 (net)
                      0.080443    0.000100    0.669439 ^ g881/B (sky130_fd_sc_hd__and2_1)
     2    0.010171    0.110662    0.184120    0.853560 ^ g881/X (sky130_fd_sc_hd__and2_1)
                                                         n921 (net)
                      0.110662    0.000418    0.853978 ^ g964/B (sky130_fd_sc_hd__xor2_1)
     2    0.007845    0.199990    0.228806    1.082784 ^ g964/X (sky130_fd_sc_hd__xor2_1)
                                                         n1004 (net)
                      0.199990    0.000214    1.082999 ^ g966/A (sky130_fd_sc_hd__xor2_1)
     2    0.006821    0.181724    0.225711    1.308710 ^ g966/X (sky130_fd_sc_hd__xor2_1)
                                                         n1006 (net)
                      0.181724    0.000119    1.308829 ^ g1042/B (sky130_fd_sc_hd__xor2_1)
     2    0.007777    0.198793    0.238225    1.547054 ^ g1042/X (sky130_fd_sc_hd__xor2_1)
                                                         n1082 (net)
                      0.198793    0.000212    1.547266 ^ g1044/A (sky130_fd_sc_hd__xor2_1)
     2    0.008807    0.217335    0.253894    1.801160 ^ g1044/X (sky130_fd_sc_hd__xor2_1)
                                                         n1084 (net)
                      0.217335    0.000251    1.801412 ^ g1102/B (sky130_fd_sc_hd__xor2_1)
     2    0.006681    0.179235    0.227423    2.028835 ^ g1102/X (sky130_fd_sc_hd__xor2_1)
                                                         n1142 (net)
                      0.179235    0.000197    2.029032 ^ g1390/B (sky130_fd_sc_hd__xor2_1)
     5    0.017937    0.384120    0.380984    2.410016 ^ g1390/X (sky130_fd_sc_hd__xor2_1)
                                                         n1430 (net)
                      0.384121    0.000650    2.410666 ^ g1432/A (sky130_fd_sc_hd__and2_1)
     4    0.009786    0.109839    0.246637    2.657304 ^ g1432/X (sky130_fd_sc_hd__and2_1)
                                                         n1472 (net)
                      0.109839    0.000210    2.657514 ^ g1481/A (sky130_fd_sc_hd__and2_1)
     4    0.014893    0.154353    0.224525    2.882039 ^ g1481/X (sky130_fd_sc_hd__and2_1)
                                                         n1521 (net)
                      0.154354    0.000733    2.882772 ^ g1523/A1 (sky130_fd_sc_hd__a21o_1)
     3    0.012700    0.117304    0.199267    3.082039 ^ g1523/X (sky130_fd_sc_hd__a21o_1)
                                                         n1563 (net)
                      0.117304    0.000464    3.082504 ^ g1600/B (sky130_fd_sc_hd__xor2_1)
     1    0.011408    0.264940    0.280554    3.363058 ^ g1600/X (sky130_fd_sc_hd__xor2_1)
                                                         zN[9] (net)
                      0.264940    0.000302    3.363360 ^ zN[9] (out)
                                              3.363360   data arrival time

                      0.000000   10.000000   10.000000   clock __VIRTUAL_CLK__ (rise edge)
                                  0.000000   10.000000   clock network delay (ideal)
                                  0.000000   10.000000   clock reconvergence pessimism
                                  0.000000   10.000000   output external delay
                                             10.000000   data required time
---------------------------------------------------------------------------------------------
                                             10.000000   data required time
                                             -3.363360   data arrival time
---------------------------------------------------------------------------------------------
                                              6.636640   slack (MET)


Startpoint: xN[1] (input port clocked by __VIRTUAL_CLK__)
Endpoint: zN[8] (output port clocked by __VIRTUAL_CLK__)
Path Group: __VIRTUAL_CLK__
Path Type: max

Fanout         Cap        Slew       Delay        Time   Description
---------------------------------------------------------------------------------------------
                      0.000000    0.000000    0.000000   clock __VIRTUAL_CLK__ (rise edge)
                                  0.000000    0.000000   clock network delay (ideal)
                                  0.000000    0.000000 ^ input external delay
    20    0.094101    0.426350    0.310462    0.310462 ^ xN[1] (in)
                                                         xN[1] (net)
                      0.426479    0.000000    0.310462 ^ g87/A (sky130_fd_sc_hd__and2_1)
     1    0.002487    0.050641    0.197293    0.507755 ^ g87/X (sky130_fd_sc_hd__and2_1)
                                                         n127 (net)
                      0.050641    0.000076    0.507831 ^ g89/B (sky130_fd_sc_hd__or2_1)
     2    0.007123    0.076898    0.124157    0.631989 ^ g89/X (sky130_fd_sc_hd__or2_1)
                                                         n129 (net)
                      0.076898    0.000197    0.632186 ^ g942/B (sky130_fd_sc_hd__xor2_1)
     2    0.007842    0.199944    0.221290    0.853475 ^ g942/X (sky130_fd_sc_hd__xor2_1)
                                                         n982 (net)
                      0.199944    0.000196    0.853671 ^ g945/A1 (sky130_fd_sc_hd__a21o_1)
     2    0.008340    0.082229    0.181628    1.035299 ^ g945/X (sky130_fd_sc_hd__a21o_1)
                                                         n985 (net)
                      0.082229    0.000324    1.035623 ^ g1034/B (sky130_fd_sc_hd__xor2_1)
     2    0.008263    0.207508    0.228409    1.264032 ^ g1034/X (sky130_fd_sc_hd__xor2_1)
                                                         n1074 (net)
                      0.207508    0.000130    1.264163 ^ g1037/A1 (sky130_fd_sc_hd__a21o_1)
     2    0.008460    0.083308    0.184004    1.448166 ^ g1037/X (sky130_fd_sc_hd__a21o_1)
                                                         n1077 (net)
                      0.083308    0.000283    1.448449 ^ g1096/B (sky130_fd_sc_hd__xor2_1)
     2    0.008282    0.207848    0.228883    1.677332 ^ g1096/X (sky130_fd_sc_hd__xor2_1)
                                                         n1136 (net)
                      0.207848    0.000239    1.677571 ^ g1098/A (sky130_fd_sc_hd__xor2_1)
     2    0.009118    0.222952    0.259748    1.937319 ^ g1098/X (sky130_fd_sc_hd__xor2_1)
                                                         n1138 (net)
                      0.222952    0.000351    1.937670 ^ g1388/B (sky130_fd_sc_hd__xor2_1)
     5    0.018016    0.385519    0.387759    2.325429 ^ g1388/X (sky130_fd_sc_hd__xor2_1)
                                                         n1428 (net)
                      0.385519    0.000431    2.325860 ^ g1429/A (sky130_fd_sc_hd__and2_1)
     4    0.008659    0.099950    0.238962    2.564822 ^ g1429/X (sky130_fd_sc_hd__and2_1)
                                                         n1469 (net)
                      0.099950    0.000103    2.564925 ^ g1478/A (sky130_fd_sc_hd__and2_1)
     4    0.010515    0.113838    0.190757    2.755682 ^ g1478/X (sky130_fd_sc_hd__and2_1)
                                                         n1518 (net)
                      0.113838    0.000285    2.755967 ^ g1520/A1 (sky130_fd_sc_hd__a21o_1)
     3    0.010380    0.097996    0.175386    2.931353 ^ g1520/X (sky130_fd_sc_hd__a21o_1)
                                                         n1560 (net)
                      0.097996    0.000268    2.931621 ^ g1599/B (sky130_fd_sc_hd__xor2_1)
     1    0.013582    0.304646    0.306631    3.238252 ^ g1599/X (sky130_fd_sc_hd__xor2_1)
                                                         zN[8] (net)
                      0.304647    0.000518    3.238769 ^ zN[8] (out)
                                              3.238769   data arrival time

                      0.000000   10.000000   10.000000   clock __VIRTUAL_CLK__ (rise edge)
                                  0.000000   10.000000   clock network delay (ideal)
                                  0.000000   10.000000   clock reconvergence pessimism
                                  0.000000   10.000000   output external delay
                                             10.000000   data required time
---------------------------------------------------------------------------------------------
                                             10.000000   data required time
                                             -3.238769   data arrival time
---------------------------------------------------------------------------------------------
                                              6.761231   slack (MET)


Startpoint: yP[4] (input port clocked by __VIRTUAL_CLK__)
Endpoint: zP[8] (output port clocked by __VIRTUAL_CLK__)
Path Group: __VIRTUAL_CLK__
Path Type: max

Fanout         Cap        Slew       Delay        Time   Description
---------------------------------------------------------------------------------------------
                      0.000000    0.000000    0.000000   clock __VIRTUAL_CLK__ (rise edge)
                                  0.000000    0.000000   clock network delay (ideal)
                                  0.000000    0.000000 v input external delay
    20    0.089548    0.197871    0.155746    0.155746 v yP[4] (in)
                                                         yP[4] (net)
                      0.198549    0.000000    0.155746 v g84/B (sky130_fd_sc_hd__and2_1)
     1    0.002023    0.032212    0.227513    0.383260 v g84/X (sky130_fd_sc_hd__and2_1)
                                                         n124 (net)
                      0.032212    0.000061    0.383321 v g88/A (sky130_fd_sc_hd__or2_1)
     2    0.007007    0.067199    0.253265    0.636586 v g88/X (sky130_fd_sc_hd__or2_1)
                                                         n128 (net)
                      0.067199    0.000210    0.636796 v g672/B (sky130_fd_sc_hd__xor2_1)
     2    0.008301    0.208183    0.217244    0.854040 ^ g672/X (sky130_fd_sc_hd__xor2_1)
                                                         n712 (net)
                      0.208183    0.000185    0.854225 ^ g675/A1 (sky130_fd_sc_hd__a21o_1)
     2    0.008512    0.083633    0.184503    1.038728 ^ g675/X (sky130_fd_sc_hd__a21o_1)
                                                         n715 (net)
                      0.083633    0.000269    1.038998 ^ g764/B (sky130_fd_sc_hd__xor2_1)
     2    0.007980    0.202421    0.224741    1.263738 ^ g764/X (sky130_fd_sc_hd__xor2_1)
                                                         n804 (net)
                      0.202421    0.000107    1.263846 ^ g767/A1 (sky130_fd_sc_hd__a21o_1)
     2    0.007496    0.075471    0.176756    1.440602 ^ g767/X (sky130_fd_sc_hd__a21o_1)
                                                         n807 (net)
                      0.075471    0.000237    1.440839 ^ g826/B (sky130_fd_sc_hd__xor2_1)
     2    0.008011    0.202979    0.223339    1.664178 ^ g826/X (sky130_fd_sc_hd__xor2_1)
                                                         n866 (net)
                      0.202979    0.000230    1.664408 ^ g828/A (sky130_fd_sc_hd__xor2_1)
     2    0.008396    0.209905    0.248656    1.913064 ^ g828/X (sky130_fd_sc_hd__xor2_1)
                                                         n868 (net)
                      0.209905    0.000306    1.913369 ^ g1153/B (sky130_fd_sc_hd__xor2_1)
     5    0.016581    0.359153    0.365884    2.279253 ^ g1153/X (sky130_fd_sc_hd__xor2_1)
                                                         n1193 (net)
                      0.359153    0.000421    2.279674 ^ g1194/A (sky130_fd_sc_hd__and2_1)
     4    0.009902    0.110648    0.244145    2.523819 ^ g1194/X (sky130_fd_sc_hd__and2_1)
                                                         n1234 (net)
                      0.110648    0.000194    2.524013 ^ g1243/A (sky130_fd_sc_hd__and2_1)
     4    0.010420    0.112974    0.193863    2.717876 ^ g1243/X (sky130_fd_sc_hd__and2_1)
                                                         n1283 (net)
                      0.112974    0.000363    2.718239 ^ g1285/A1 (sky130_fd_sc_hd__a21o_1)
     3    0.010572    0.099565    0.176288    2.894526 ^ g1285/X (sky130_fd_sc_hd__a21o_1)
                                                         n1325 (net)
                      0.099565    0.000270    2.894796 ^ g1364/B (sky130_fd_sc_hd__xor2_1)
     1    0.013234    0.298314    0.302112    3.196908 ^ g1364/X (sky130_fd_sc_hd__xor2_1)
                                                         zP[8] (net)
                      0.298315    0.000500    3.197409 ^ zP[8] (out)
                                              3.197409   data arrival time

                      0.000000   10.000000   10.000000   clock __VIRTUAL_CLK__ (rise edge)
                                  0.000000   10.000000   clock network delay (ideal)
                                  0.000000   10.000000   clock reconvergence pessimism
                                  0.000000   10.000000   output external delay
                                             10.000000   data required time
---------------------------------------------------------------------------------------------
                                             10.000000   data required time
                                             -3.197409   data arrival time
---------------------------------------------------------------------------------------------
                                              6.802592   slack (MET)


Startpoint: xN[1] (input port clocked by __VIRTUAL_CLK__)
Endpoint: zN[7] (output port clocked by __VIRTUAL_CLK__)
Path Group: __VIRTUAL_CLK__
Path Type: max

Fanout         Cap        Slew       Delay        Time   Description
---------------------------------------------------------------------------------------------
                      0.000000    0.000000    0.000000   clock __VIRTUAL_CLK__ (rise edge)
                                  0.000000    0.000000   clock network delay (ideal)
                                  0.000000    0.000000 ^ input external delay
    20    0.094101    0.426350    0.310462    0.310462 ^ xN[1] (in)
                                                         xN[1] (net)
                      0.426479    0.000000    0.310462 ^ g87/A (sky130_fd_sc_hd__and2_1)
     1    0.002487    0.050641    0.197293    0.507755 ^ g87/X (sky130_fd_sc_hd__and2_1)
                                                         n127 (net)
                      0.050641    0.000076    0.507831 ^ g89/B (sky130_fd_sc_hd__or2_1)
     2    0.007123    0.076898    0.124157    0.631989 ^ g89/X (sky130_fd_sc_hd__or2_1)
                                                         n129 (net)
                      0.076898    0.000197    0.632186 ^ g942/B (sky130_fd_sc_hd__xor2_1)
     2    0.007842    0.199944    0.221290    0.853475 ^ g942/X (sky130_fd_sc_hd__xor2_1)
                                                         n982 (net)
                      0.199944    0.000196    0.853671 ^ g945/A1 (sky130_fd_sc_hd__a21o_1)
     2    0.008340    0.082229    0.181628    1.035299 ^ g945/X (sky130_fd_sc_hd__a21o_1)
                                                         n985 (net)
                      0.082229    0.000324    1.035623 ^ g1034/B (sky130_fd_sc_hd__xor2_1)
     2    0.008263    0.207508    0.228409    1.264032 ^ g1034/X (sky130_fd_sc_hd__xor2_1)
                                                         n1074 (net)
                      0.207508    0.000191    1.264224 ^ g1036/A (sky130_fd_sc_hd__xor2_1)
     2    0.010712    0.252014    0.282462    1.546685 ^ g1036/X (sky130_fd_sc_hd__xor2_1)
                                                         n1076 (net)
                      0.252015    0.000468    1.547154 ^ g1094/B (sky130_fd_sc_hd__xor2_1)
     2    0.007424    0.192469    0.242443    1.789596 ^ g1094/X (sky130_fd_sc_hd__xor2_1)
                                                         n1134 (net)
                      0.192469    0.000230    1.789827 ^ g1386/B (sky130_fd_sc_hd__xor2_1)
     5    0.018216    0.389281    0.386528    2.176355 ^ g1386/X (sky130_fd_sc_hd__xor2_1)
                                                         n1426 (net)
                      0.389283    0.000892    2.177247 ^ g1426/A (sky130_fd_sc_hd__and2_1)
     4    0.009710    0.109195    0.246857    2.424104 ^ g1426/X (sky130_fd_sc_hd__and2_1)
                                                         n1466 (net)
                      0.109195    0.000187    2.424291 ^ g1475/A (sky130_fd_sc_hd__and2_1)
     4    0.012668    0.133720    0.208990    2.633281 ^ g1475/X (sky130_fd_sc_hd__and2_1)
                                                         n1515 (net)
                      0.133720    0.000313    2.633595 ^ g1517/A1 (sky130_fd_sc_hd__a21o_1)
     3    0.011809    0.110322    0.189494    2.823088 ^ g1517/X (sky130_fd_sc_hd__a21o_1)
                                                         n1557 (net)
                      0.110322    0.000218    2.823306 ^ g1598/B (sky130_fd_sc_hd__xor2_1)
     1    0.011844    0.272838    0.285089    3.108395 ^ g1598/X (sky130_fd_sc_hd__xor2_1)
                                                         zN[7] (net)
                      0.272926    0.000349    3.108744 ^ zN[7] (out)
                                              3.108744   data arrival time

                      0.000000   10.000000   10.000000   clock __VIRTUAL_CLK__ (rise edge)
                                  0.000000   10.000000   clock network delay (ideal)
                                  0.000000   10.000000   clock reconvergence pessimism
                                  0.000000   10.000000   output external delay
                                             10.000000   data required time
---------------------------------------------------------------------------------------------
                                             10.000000   data required time
                                             -3.108744   data arrival time
---------------------------------------------------------------------------------------------
                                              6.891256   slack (MET)


Startpoint: yP[4] (input port clocked by __VIRTUAL_CLK__)
Endpoint: zP[7] (output port clocked by __VIRTUAL_CLK__)
Path Group: __VIRTUAL_CLK__
Path Type: max

Fanout         Cap        Slew       Delay        Time   Description
---------------------------------------------------------------------------------------------
                      0.000000    0.000000    0.000000   clock __VIRTUAL_CLK__ (rise edge)
                                  0.000000    0.000000   clock network delay (ideal)
                                  0.000000    0.000000 v input external delay
    20    0.089548    0.197871    0.155746    0.155746 v yP[4] (in)
                                                         yP[4] (net)
                      0.198549    0.000000    0.155746 v g84/B (sky130_fd_sc_hd__and2_1)
     1    0.002023    0.032212    0.227513    0.383260 v g84/X (sky130_fd_sc_hd__and2_1)
                                                         n124 (net)
                      0.032212    0.000061    0.383321 v g88/A (sky130_fd_sc_hd__or2_1)
     2    0.007007    0.067199    0.253265    0.636586 v g88/X (sky130_fd_sc_hd__or2_1)
                                                         n128 (net)
                      0.067199    0.000210    0.636796 v g672/B (sky130_fd_sc_hd__xor2_1)
     2    0.008301    0.208183    0.217244    0.854040 ^ g672/X (sky130_fd_sc_hd__xor2_1)
                                                         n712 (net)
                      0.208183    0.000185    0.854225 ^ g675/A1 (sky130_fd_sc_hd__a21o_1)
     2    0.008512    0.083633    0.184503    1.038728 ^ g675/X (sky130_fd_sc_hd__a21o_1)
                                                         n715 (net)
                      0.083633    0.000269    1.038998 ^ g764/B (sky130_fd_sc_hd__xor2_1)
     2    0.007980    0.202421    0.224741    1.263738 ^ g764/X (sky130_fd_sc_hd__xor2_1)
                                                         n804 (net)
                      0.202421    0.000202    1.263940 ^ g766/A (sky130_fd_sc_hd__xor2_1)
     2    0.009969    0.238469    0.271040    1.534980 ^ g766/X (sky130_fd_sc_hd__xor2_1)
                                                         n806 (net)
                      0.238469    0.000404    1.535384 ^ g824/B (sky130_fd_sc_hd__xor2_1)
     2    0.007047    0.185747    0.235363    1.770747 ^ g824/X (sky130_fd_sc_hd__xor2_1)
                                                         n864 (net)
                      0.185747    0.000215    1.770962 ^ g1151/B (sky130_fd_sc_hd__xor2_1)
     5    0.016330    0.354591    0.359207    2.130169 ^ g1151/X (sky130_fd_sc_hd__xor2_1)
                                                         n1191 (net)
                      0.354592    0.000695    2.130864 ^ g1191/A (sky130_fd_sc_hd__and2_1)
     4    0.009057    0.102994    0.237674    2.368539 ^ g1191/X (sky130_fd_sc_hd__and2_1)
                                                         n1231 (net)
                      0.102994    0.000215    2.368754 ^ g1240/A (sky130_fd_sc_hd__and2_1)
     4    0.011847    0.126129    0.201062    2.569816 ^ g1240/X (sky130_fd_sc_hd__and2_1)
                                                         n1280 (net)
                      0.126129    0.000329    2.570145 ^ g1282/A1 (sky130_fd_sc_hd__a21o_1)
     3    0.011893    0.110847    0.188370    2.758514 ^ g1282/X (sky130_fd_sc_hd__a21o_1)
                                                         n1322 (net)
                      0.110847    0.000264    2.758778 ^ g1363/B (sky130_fd_sc_hd__xor2_1)
     1    0.011977    0.275285    0.287077    3.045856 ^ g1363/X (sky130_fd_sc_hd__xor2_1)
                                                         zP[7] (net)
                      0.275285    0.000359    3.046215 ^ zP[7] (out)
                                              3.046215   data arrival time

                      0.000000   10.000000   10.000000   clock __VIRTUAL_CLK__ (rise edge)
                                  0.000000   10.000000   clock network delay (ideal)
                                  0.000000   10.000000   clock reconvergence pessimism
                                  0.000000   10.000000   output external delay
                                             10.000000   data required time
---------------------------------------------------------------------------------------------
                                             10.000000   data required time
                                             -3.046215   data arrival time
---------------------------------------------------------------------------------------------
                                              6.953785   slack (MET)


Startpoint: yP[4] (input port clocked by __VIRTUAL_CLK__)
Endpoint: zP[6] (output port clocked by __VIRTUAL_CLK__)
Path Group: __VIRTUAL_CLK__
Path Type: max

Fanout         Cap        Slew       Delay        Time   Description
---------------------------------------------------------------------------------------------
                      0.000000    0.000000    0.000000   clock __VIRTUAL_CLK__ (rise edge)
                                  0.000000    0.000000   clock network delay (ideal)
                                  0.000000    0.000000 v input external delay
    20    0.089548    0.197871    0.155746    0.155746 v yP[4] (in)
                                                         yP[4] (net)
                      0.198549    0.000000    0.155746 v g84/B (sky130_fd_sc_hd__and2_1)
     1    0.002023    0.032212    0.227513    0.383260 v g84/X (sky130_fd_sc_hd__and2_1)
                                                         n124 (net)
                      0.032212    0.000061    0.383321 v g88/A (sky130_fd_sc_hd__or2_1)
     2    0.007007    0.067199    0.253265    0.636586 v g88/X (sky130_fd_sc_hd__or2_1)
                                                         n128 (net)
                      0.067199    0.000210    0.636796 v g672/B (sky130_fd_sc_hd__xor2_1)
     2    0.008301    0.208183    0.217244    0.854040 ^ g672/X (sky130_fd_sc_hd__xor2_1)
                                                         n712 (net)
                      0.208183    0.000240    0.854280 ^ g674/A (sky130_fd_sc_hd__xor2_1)
     2    0.007890    0.200809    0.242270    1.096550 ^ g674/X (sky130_fd_sc_hd__xor2_1)
                                                         n714 (net)
                      0.200809    0.000256    1.096806 ^ g818/B (sky130_fd_sc_hd__xor2_1)
     2    0.009313    0.226530    0.262350    1.359156 ^ g818/X (sky130_fd_sc_hd__xor2_1)
                                                         n858 (net)
                      0.226531    0.000341    1.359498 ^ g820/A (sky130_fd_sc_hd__xor2_1)
     2    0.007178    0.188082    0.235056    1.594554 ^ g820/X (sky130_fd_sc_hd__xor2_1)
                                                         n860 (net)
                      0.188082    0.000216    1.594770 ^ g1149/B (sky130_fd_sc_hd__xor2_1)
     5    0.017249    0.371442    0.372443    1.967212 ^ g1149/X (sky130_fd_sc_hd__xor2_1)
                                                         n1189 (net)
                      0.371443    0.000484    1.967696 ^ g1188/A (sky130_fd_sc_hd__and2_1)
     4    0.008885    0.101630    0.238745    2.206441 ^ g1188/X (sky130_fd_sc_hd__and2_1)
                                                         n1228 (net)
                      0.101630    0.000166    2.206607 ^ g1237/A (sky130_fd_sc_hd__and2_1)
     4    0.012140    0.128828    0.202631    2.409238 ^ g1237/X (sky130_fd_sc_hd__and2_1)
                                                         n1277 (net)
                      0.128828    0.000202    2.409440 ^ g1279/A1 (sky130_fd_sc_hd__a21o_1)
     3    0.014947    0.136536    0.207758    2.617198 ^ g1279/X (sky130_fd_sc_hd__a21o_1)
                                                         n1319 (net)
                      0.136536    0.000319    2.617517 ^ g1362/B (sky130_fd_sc_hd__xor2_1)
     1    0.013699    0.306771    0.315830    2.933347 ^ g1362/X (sky130_fd_sc_hd__xor2_1)
                                                         zP[6] (net)
                      0.306772    0.000536    2.933883 ^ zP[6] (out)
                                              2.933883   data arrival time

                      0.000000   10.000000   10.000000   clock __VIRTUAL_CLK__ (rise edge)
                                  0.000000   10.000000   clock network delay (ideal)
                                  0.000000   10.000000   clock reconvergence pessimism
                                  0.000000   10.000000   output external delay
                                             10.000000   data required time
---------------------------------------------------------------------------------------------
                                             10.000000   data required time
                                             -2.933883   data arrival time
---------------------------------------------------------------------------------------------
                                              7.066118   slack (MET)


Startpoint: xN[1] (input port clocked by __VIRTUAL_CLK__)
Endpoint: zN[6] (output port clocked by __VIRTUAL_CLK__)
Path Group: __VIRTUAL_CLK__
Path Type: max

Fanout         Cap        Slew       Delay        Time   Description
---------------------------------------------------------------------------------------------
                      0.000000    0.000000    0.000000   clock __VIRTUAL_CLK__ (rise edge)
                                  0.000000    0.000000   clock network delay (ideal)
                                  0.000000    0.000000 ^ input external delay
    20    0.094101    0.426350    0.310462    0.310462 ^ xN[1] (in)
                                                         xN[1] (net)
                      0.426479    0.000000    0.310462 ^ g87/A (sky130_fd_sc_hd__and2_1)
     1    0.002487    0.050641    0.197293    0.507755 ^ g87/X (sky130_fd_sc_hd__and2_1)
                                                         n127 (net)
                      0.050641    0.000076    0.507831 ^ g89/B (sky130_fd_sc_hd__or2_1)
     2    0.007123    0.076898    0.124157    0.631989 ^ g89/X (sky130_fd_sc_hd__or2_1)
                                                         n129 (net)
                      0.076898    0.000197    0.632186 ^ g942/B (sky130_fd_sc_hd__xor2_1)
     2    0.007842    0.199944    0.221290    0.853475 ^ g942/X (sky130_fd_sc_hd__xor2_1)
                                                         n982 (net)
                      0.199944    0.000231    0.853707 ^ g944/A (sky130_fd_sc_hd__xor2_1)
     2    0.009346    0.227136    0.261730    1.115436 ^ g944/X (sky130_fd_sc_hd__xor2_1)
                                                         n984 (net)
                      0.227137    0.000377    1.115813 ^ g1088/B (sky130_fd_sc_hd__xor2_1)
     2    0.007936    0.201631    0.246423    1.362236 ^ g1088/X (sky130_fd_sc_hd__xor2_1)
                                                         n1128 (net)
                      0.201631    0.000202    1.362438 ^ g1090/A (sky130_fd_sc_hd__xor2_1)
     2    0.009430    0.228617    0.263205    1.625643 ^ g1090/X (sky130_fd_sc_hd__xor2_1)
                                                         n1130 (net)
                      0.228617    0.000378    1.626021 ^ g1384/B (sky130_fd_sc_hd__xor2_1)
     5    0.016695    0.361307    0.369886    1.995908 ^ g1384/X (sky130_fd_sc_hd__xor2_1)
                                                         n1424 (net)
                      0.361308    0.000555    1.996463 ^ g1423/A (sky130_fd_sc_hd__and2_1)
     4    0.008660    0.099714    0.235740    2.232203 ^ g1423/X (sky130_fd_sc_hd__and2_1)
                                                         n1463 (net)
                      0.099714    0.000133    2.232336 ^ g1472/A (sky130_fd_sc_hd__and2_1)
     4    0.010458    0.113334    0.190218    2.422554 ^ g1472/X (sky130_fd_sc_hd__and2_1)
                                                         n1512 (net)
                      0.113334    0.000370    2.422924 ^ g1514/A1 (sky130_fd_sc_hd__a21o_1)
     3    0.010057    0.096443    0.173240    2.596164 ^ g1514/X (sky130_fd_sc_hd__a21o_1)
                                                         n1554 (net)
                      0.096443    0.000260    2.596425 ^ g1597/B (sky130_fd_sc_hd__xor2_1)
     1    0.013061    0.295156    0.298954    2.895378 ^ g1597/X (sky130_fd_sc_hd__xor2_1)
                                                         zN[6] (net)
                      0.295157    0.000473    2.895851 ^ zN[6] (out)
                                              2.895851   data arrival time

                      0.000000   10.000000   10.000000   clock __VIRTUAL_CLK__ (rise edge)
                                  0.000000   10.000000   clock network delay (ideal)
                                  0.000000   10.000000   clock reconvergence pessimism
                                  0.000000   10.000000   output external delay
                                             10.000000   data required time
---------------------------------------------------------------------------------------------
                                             10.000000   data required time
                                             -2.895851   data arrival time
---------------------------------------------------------------------------------------------
                                              7.104149   slack (MET)


Startpoint: yN[2] (input port clocked by __VIRTUAL_CLK__)
Endpoint: zN[5] (output port clocked by __VIRTUAL_CLK__)
Path Group: __VIRTUAL_CLK__
Path Type: max

Fanout         Cap        Slew       Delay        Time   Description
---------------------------------------------------------------------------------------------
                      0.000000    0.000000    0.000000   clock __VIRTUAL_CLK__ (rise edge)
                                  0.000000    0.000000   clock network delay (ideal)
                                  0.000000    0.000000 v input external delay
    20    0.096064    0.211358    0.159177    0.159177 v yN[2] (in)
                                                         yN[2] (net)
                      0.211360    0.000000    0.159177 v g134/B (sky130_fd_sc_hd__and2_1)
     1    0.002130    0.032682    0.234516    0.393693 v g134/X (sky130_fd_sc_hd__and2_1)
                                                         n174 (net)
                      0.032682    0.000066    0.393758 v g137/A (sky130_fd_sc_hd__or2_1)
     2    0.006881    0.066580    0.252669    0.646427 v g137/X (sky130_fd_sc_hd__or2_1)
                                                         n177 (net)
                      0.066580    0.000205    0.646632 v g1026/A (sky130_fd_sc_hd__xor2_1)
     2    0.007711    0.197597    0.228036    0.874668 ^ g1026/X (sky130_fd_sc_hd__xor2_1)
                                                         n1066 (net)
                      0.197597    0.000315    0.874983 ^ g1028/A (sky130_fd_sc_hd__xor2_1)
     2    0.009919    0.237537    0.269567    1.144550 ^ g1028/X (sky130_fd_sc_hd__xor2_1)
                                                         n1068 (net)
                      0.237538    0.000367    1.144918 ^ g1086/B (sky130_fd_sc_hd__xor2_1)
     2    0.007600    0.195620    0.243027    1.387945 ^ g1086/X (sky130_fd_sc_hd__xor2_1)
                                                         n1126 (net)
                      0.195620    0.000226    1.388170 ^ g1382/B (sky130_fd_sc_hd__xor2_1)
     5    0.018266    0.390174    0.387714    1.775884 ^ g1382/X (sky130_fd_sc_hd__xor2_1)
                                                         n1422 (net)
                      0.390176    0.000739    1.776623 ^ g1420/A (sky130_fd_sc_hd__and2_1)
     4    0.009424    0.106639    0.244951    2.021574 ^ g1420/X (sky130_fd_sc_hd__and2_1)
                                                         n1460 (net)
                      0.106639    0.000210    2.021784 ^ g1468/A1 (sky130_fd_sc_hd__a21o_1)
     5    0.022565    0.199037    0.248030    2.269814 ^ g1468/X (sky130_fd_sc_hd__a21o_1)
                                                         n1508 (net)
                      0.199037    0.000589    2.270403 ^ g1596/B (sky130_fd_sc_hd__xor2_1)
     1    0.011556    0.267538    0.293795    2.564198 ^ g1596/X (sky130_fd_sc_hd__xor2_1)
                                                         zN[5] (net)
                      0.267624    0.000314    2.564512 ^ zN[5] (out)
                                              2.564512   data arrival time

                      0.000000   10.000000   10.000000   clock __VIRTUAL_CLK__ (rise edge)
                                  0.000000   10.000000   clock network delay (ideal)
                                  0.000000   10.000000   clock reconvergence pessimism
                                  0.000000   10.000000   output external delay
                                             10.000000   data required time
---------------------------------------------------------------------------------------------
                                             10.000000   data required time
                                             -2.564512   data arrival time
---------------------------------------------------------------------------------------------
                                              7.435489   slack (MET)


Startpoint: yP[2] (input port clocked by __VIRTUAL_CLK__)
Endpoint: zP[5] (output port clocked by __VIRTUAL_CLK__)
Path Group: __VIRTUAL_CLK__
Path Type: max

Fanout         Cap        Slew       Delay        Time   Description
---------------------------------------------------------------------------------------------
                      0.000000    0.000000    0.000000   clock __VIRTUAL_CLK__ (rise edge)
                                  0.000000    0.000000   clock network delay (ideal)
                                  0.000000    0.000000 v input external delay
    20    0.094917    0.209497    0.163462    0.163462 v yP[2] (in)
                                                         yP[2] (net)
                      0.209983    0.000000    0.163462 v g132/B (sky130_fd_sc_hd__and2_1)
     1    0.002187    0.032833    0.234189    0.397651 v g132/X (sky130_fd_sc_hd__and2_1)
                                                         n172 (net)
                      0.032833    0.000065    0.397716 v g136/A (sky130_fd_sc_hd__or2_1)
     2    0.006828    0.066318    0.252407    0.650123 v g136/X (sky130_fd_sc_hd__or2_1)
                                                         n176 (net)
                      0.066318    0.000206    0.650329 v g756/A (sky130_fd_sc_hd__xor2_1)
     2    0.008320    0.208536    0.236614    0.886943 ^ g756/X (sky130_fd_sc_hd__xor2_1)
                                                         n796 (net)
                      0.208536    0.000227    0.887170 ^ g758/A (sky130_fd_sc_hd__xor2_1)
     2    0.010221    0.243041    0.275628    1.162797 ^ g758/X (sky130_fd_sc_hd__xor2_1)
                                                         n798 (net)
                      0.243042    0.000393    1.163191 ^ g816/B (sky130_fd_sc_hd__xor2_1)
     2    0.007442    0.192790    0.241530    1.404721 ^ g816/X (sky130_fd_sc_hd__xor2_1)
                                                         n856 (net)
                      0.192790    0.000205    1.404926 ^ g1147/B (sky130_fd_sc_hd__xor2_1)
     5    0.014803    0.326696    0.338569    1.743495 ^ g1147/X (sky130_fd_sc_hd__xor2_1)
                                                         n1187 (net)
                      0.326699    0.000830    1.744325 ^ g1185/A (sky130_fd_sc_hd__and2_1)
     4    0.009983    0.111072    0.240424    1.984749 ^ g1185/X (sky130_fd_sc_hd__and2_1)
                                                         n1225 (net)
                      0.111072    0.000156    1.984905 ^ g1233/A1 (sky130_fd_sc_hd__a21o_1)
     5    0.023913    0.210149    0.257895    2.242800 ^ g1233/X (sky130_fd_sc_hd__a21o_1)
                                                         n1273 (net)
                      0.210149    0.000572    2.243372 ^ g1361/B (sky130_fd_sc_hd__xor2_1)
     1    0.011735    0.270860    0.297740    2.541112 ^ g1361/X (sky130_fd_sc_hd__xor2_1)
                                                         zP[5] (net)
                      0.270861    0.000348    2.541460 ^ zP[5] (out)
                                              2.541460   data arrival time

                      0.000000   10.000000   10.000000   clock __VIRTUAL_CLK__ (rise edge)
                                  0.000000   10.000000   clock network delay (ideal)
                                  0.000000   10.000000   clock reconvergence pessimism
                                  0.000000   10.000000   output external delay
                                             10.000000   data required time
---------------------------------------------------------------------------------------------
                                             10.000000   data required time
                                             -2.541460   data arrival time
---------------------------------------------------------------------------------------------
                                              7.458540   slack (MET)


Startpoint: yP[1] (input port clocked by __VIRTUAL_CLK__)
Endpoint: zP[4] (output port clocked by __VIRTUAL_CLK__)
Path Group: __VIRTUAL_CLK__
Path Type: max

Fanout         Cap        Slew       Delay        Time   Description
---------------------------------------------------------------------------------------------
                      0.000000    0.000000    0.000000   clock __VIRTUAL_CLK__ (rise edge)
                                  0.000000    0.000000   clock network delay (ideal)
                                  0.000000    0.000000 v input external delay
    20    0.092752    0.205612    0.159717    0.159717 v yP[1] (in)
                                                         yP[1] (net)
                      0.206426    0.000000    0.159717 v g126/B (sky130_fd_sc_hd__and2_1)
     1    0.002063    0.032406    0.231655    0.391372 v g126/X (sky130_fd_sc_hd__and2_1)
                                                         n166 (net)
                      0.032406    0.000064    0.391436 v g130/A (sky130_fd_sc_hd__or2_1)
     2    0.006615    0.065285    0.250960    0.642396 v g130/X (sky130_fd_sc_hd__or2_1)
                                                         n170 (net)
                      0.065285    0.000178    0.642575 v g810/A (sky130_fd_sc_hd__xor2_1)
     2    0.011009    0.257409    0.274308    0.916882 ^ g810/X (sky130_fd_sc_hd__xor2_1)
                                                         n850 (net)
                      0.257410    0.000449    0.917331 ^ g812/A (sky130_fd_sc_hd__xor2_1)
     2    0.007625    0.196055    0.246379    1.163710 ^ g812/X (sky130_fd_sc_hd__xor2_1)
                                                         n852 (net)
                      0.196055    0.000310    1.164020 ^ g1145/B (sky130_fd_sc_hd__xor2_1)
     5    0.016693    0.361304    0.365742    1.529762 ^ g1145/X (sky130_fd_sc_hd__xor2_1)
                                                         n1185 (net)
                      0.361305    0.000429    1.530191 ^ g1182/A (sky130_fd_sc_hd__and2_1)
     4    0.010236    0.113668    0.246773    1.776964 ^ g1182/X (sky130_fd_sc_hd__and2_1)
                                                         n1222 (net)
                      0.113668    0.000158    1.777122 ^ g1230/A1 (sky130_fd_sc_hd__a21o_1)
     5    0.018345    0.164454    0.224596    2.001718 ^ g1230/X (sky130_fd_sc_hd__a21o_1)
                                                         n1270 (net)
                      0.164454    0.000150    2.001868 ^ g1360/B (sky130_fd_sc_hd__xor2_1)
     1    0.014500    0.321320    0.330788    2.332656 ^ g1360/X (sky130_fd_sc_hd__xor2_1)
                                                         zP[4] (net)
                      0.321321    0.000457    2.333113 ^ zP[4] (out)
                                              2.333113   data arrival time

                      0.000000   10.000000   10.000000   clock __VIRTUAL_CLK__ (rise edge)
                                  0.000000   10.000000   clock network delay (ideal)
                                  0.000000   10.000000   clock reconvergence pessimism
                                  0.000000   10.000000   output external delay
                                             10.000000   data required time
---------------------------------------------------------------------------------------------
                                             10.000000   data required time
                                             -2.333113   data arrival time
---------------------------------------------------------------------------------------------
                                              7.666887   slack (MET)


Startpoint: xP[3] (input port clocked by __VIRTUAL_CLK__)
Endpoint: zN[4] (output port clocked by __VIRTUAL_CLK__)
Path Group: __VIRTUAL_CLK__
Path Type: max

Fanout         Cap        Slew       Delay        Time   Description
---------------------------------------------------------------------------------------------
                      0.000000    0.000000    0.000000   clock __VIRTUAL_CLK__ (rise edge)
                                  0.000000    0.000000   clock network delay (ideal)
                                  0.000000    0.000000 ^ input external delay
    20    0.095310    0.429977    0.307937    0.307937 ^ xP[3] (in)
                                                         xP[3] (net)
                      0.429978    0.000000    0.307937 ^ g182/A (sky130_fd_sc_hd__and2_1)
     1    0.001878    0.046331    0.192424    0.500362 ^ g182/X (sky130_fd_sc_hd__and2_1)
                                                         n222 (net)
                      0.046331    0.000055    0.500417 ^ g185/A (sky130_fd_sc_hd__or2_1)
     2    0.008959    0.092991    0.136320    0.636737 ^ g185/X (sky130_fd_sc_hd__or2_1)
                                                         n225 (net)
                      0.092991    0.000318    0.637055 ^ g1080/B (sky130_fd_sc_hd__xor2_1)
     2    0.007795    0.199091    0.224200    0.861254 ^ g1080/X (sky130_fd_sc_hd__xor2_1)
                                                         n1120 (net)
                      0.199091    0.000199    0.861454 ^ g1082/A (sky130_fd_sc_hd__xor2_1)
     2    0.008830    0.217741    0.254241    1.115695 ^ g1082/X (sky130_fd_sc_hd__xor2_1)
                                                         n1122 (net)
                      0.217741    0.000330    1.116025 ^ g1380/B (sky130_fd_sc_hd__xor2_1)
     5    0.016594    0.359523    0.367076    1.483101 ^ g1380/X (sky130_fd_sc_hd__xor2_1)
                                                         n1420 (net)
                      0.359524    0.000453    1.483554 ^ g1417/A (sky130_fd_sc_hd__and2_1)
     4    0.009488    0.106914    0.241306    1.724860 ^ g1417/X (sky130_fd_sc_hd__and2_1)
                                                         n1457 (net)
                      0.106914    0.000244    1.725104 ^ g1465/A1 (sky130_fd_sc_hd__a21o_1)
     5    0.018810    0.168291    0.225250    1.950354 ^ g1465/X (sky130_fd_sc_hd__a21o_1)
                                                         n1505 (net)
                      0.168291    0.000221    1.950575 ^ g1595/B (sky130_fd_sc_hd__xor2_1)
     1    0.013382    0.301004    0.315551    2.266126 ^ g1595/X (sky130_fd_sc_hd__xor2_1)
                                                         zN[4] (net)
                      0.301005    0.000368    2.266494 ^ zN[4] (out)
                                              2.266494   data arrival time

                      0.000000   10.000000   10.000000   clock __VIRTUAL_CLK__ (rise edge)
                                  0.000000   10.000000   clock network delay (ideal)
                                  0.000000   10.000000   clock reconvergence pessimism
                                  0.000000   10.000000   output external delay
                                             10.000000   data required time
---------------------------------------------------------------------------------------------
                                             10.000000   data required time
                                             -2.266494   data arrival time
---------------------------------------------------------------------------------------------
                                              7.733507   slack (MET)


Startpoint: yN[2] (input port clocked by __VIRTUAL_CLK__)
Endpoint: zN[3] (output port clocked by __VIRTUAL_CLK__)
Path Group: __VIRTUAL_CLK__
Path Type: max

Fanout         Cap        Slew       Delay        Time   Description
---------------------------------------------------------------------------------------------
                      0.000000    0.000000    0.000000   clock __VIRTUAL_CLK__ (rise edge)
                                  0.000000    0.000000   clock network delay (ideal)
                                  0.000000    0.000000 v input external delay
    20    0.096064    0.211358    0.159122    0.159122 v yN[2] (in)
                                                         yN[2] (net)
                      0.211360    0.000000    0.159122 v g14/B (sky130_fd_sc_hd__and2_1)
     1    0.001709    0.031076    0.231888    0.391010 v g14/X (sky130_fd_sc_hd__and2_1)
                                                         n54 (net)
                      0.031076    0.000050    0.391060 v g17/A (sky130_fd_sc_hd__or2_1)
     2    0.007064    0.067481    0.253197    0.644257 v g17/X (sky130_fd_sc_hd__or2_1)
                                                         n57 (net)
                      0.067481    0.000206    0.644463 v g1078/A (sky130_fd_sc_hd__xor2_1)
     2    0.009670    0.233018    0.256237    0.900700 ^ g1078/X (sky130_fd_sc_hd__xor2_1)
                                                         n1118 (net)
                      0.233019    0.000406    0.901106 ^ g1378/B (sky130_fd_sc_hd__xor2_1)
     5    0.015997    0.348580    0.360727    1.261834 ^ g1378/X (sky130_fd_sc_hd__xor2_1)
                                                         n1418 (net)
                      0.348581    0.000484    1.262318 ^ g1413/A1 (sky130_fd_sc_hd__a21o_1)
     9    0.033191    0.287272    0.359252    1.621570 ^ g1413/X (sky130_fd_sc_hd__a21o_1)
                                                         n1453 (net)
                      0.287272    0.000885    1.622455 ^ g1594/B (sky130_fd_sc_hd__xor2_1)
     1    0.012005    0.275796    0.311190    1.933645 ^ g1594/X (sky130_fd_sc_hd__xor2_1)
                                                         zN[3] (net)
                      0.275797    0.000371    1.934017 ^ zN[3] (out)
                                              1.934017   data arrival time

                      0.000000   10.000000   10.000000   clock __VIRTUAL_CLK__ (rise edge)
                                  0.000000   10.000000   clock network delay (ideal)
                                  0.000000   10.000000   clock reconvergence pessimism
                                  0.000000   10.000000   output external delay
                                             10.000000   data required time
---------------------------------------------------------------------------------------------
                                             10.000000   data required time
                                             -1.934017   data arrival time
---------------------------------------------------------------------------------------------
                                              8.065984   slack (MET)


Startpoint: yP[2] (input port clocked by __VIRTUAL_CLK__)
Endpoint: zP[3] (output port clocked by __VIRTUAL_CLK__)
Path Group: __VIRTUAL_CLK__
Path Type: max

Fanout         Cap        Slew       Delay        Time   Description
---------------------------------------------------------------------------------------------
                      0.000000    0.000000    0.000000   clock __VIRTUAL_CLK__ (rise edge)
                                  0.000000    0.000000   clock network delay (ideal)
                                  0.000000    0.000000 v input external delay
    20    0.094917    0.209497    0.163690    0.163690 v yP[2] (in)
                                                         yP[2] (net)
                      0.210009    0.000000    0.163690 v g12/B (sky130_fd_sc_hd__and2_1)
     1    0.002211    0.032908    0.234356    0.398046 v g12/X (sky130_fd_sc_hd__and2_1)
                                                         n52 (net)
                      0.032908    0.000048    0.398094 v g16/A (sky130_fd_sc_hd__or2_1)
     2    0.007527    0.069817    0.256632    0.654726 v g16/X (sky130_fd_sc_hd__or2_1)
                                                         n56 (net)
                      0.069817    0.000319    0.655045 v g808/A (sky130_fd_sc_hd__xor2_1)
     2    0.007518    0.194140    0.226712    0.881757 ^ g808/X (sky130_fd_sc_hd__xor2_1)
                                                         n848 (net)
                      0.194140    0.000238    0.881995 ^ g1143/B (sky130_fd_sc_hd__xor2_1)
     5    0.016719    0.361831    0.365767    1.247762 ^ g1143/X (sky130_fd_sc_hd__xor2_1)
                                                         n1183 (net)
                      0.361833    0.000629    1.248391 ^ g1178/A1 (sky130_fd_sc_hd__a21o_1)
     9    0.028298    0.246582    0.330814    1.579204 ^ g1178/X (sky130_fd_sc_hd__a21o_1)
                                                         n1218 (net)
                      0.246582    0.000535    1.579739 ^ g1359/B (sky130_fd_sc_hd__xor2_1)
     1    0.012693    0.288375    0.316013    1.895752 ^ g1359/X (sky130_fd_sc_hd__xor2_1)
                                                         zP[3] (net)
                      0.288376    0.000328    1.896080 ^ zP[3] (out)
                                              1.896080   data arrival time

                      0.000000   10.000000   10.000000   clock __VIRTUAL_CLK__ (rise edge)
                                  0.000000   10.000000   clock network delay (ideal)
                                  0.000000   10.000000   clock reconvergence pessimism
                                  0.000000   10.000000   output external delay
                                             10.000000   data required time
---------------------------------------------------------------------------------------------
                                             10.000000   data required time
                                             -1.896080   data arrival time
---------------------------------------------------------------------------------------------
                                              8.103920   slack (MET)


Startpoint: yN[2] (input port clocked by __VIRTUAL_CLK__)
Endpoint: zN[2] (output port clocked by __VIRTUAL_CLK__)
Path Group: __VIRTUAL_CLK__
Path Type: max

Fanout         Cap        Slew       Delay        Time   Description
---------------------------------------------------------------------------------------------
                      0.000000    0.000000    0.000000   clock __VIRTUAL_CLK__ (rise edge)
                                  0.000000    0.000000   clock network delay (ideal)
                                  0.000000    0.000000 v input external delay
    20    0.096064    0.211358    0.159122    0.159122 v yN[2] (in)
                                                         yN[2] (net)
                      0.211360    0.000000    0.159122 v g14/B (sky130_fd_sc_hd__and2_1)
     1    0.001709    0.031076    0.231888    0.391010 v g14/X (sky130_fd_sc_hd__and2_1)
                                                         n54 (net)
                      0.031076    0.000050    0.391060 v g17/A (sky130_fd_sc_hd__or2_1)
     2    0.007064    0.067481    0.253197    0.644257 v g17/X (sky130_fd_sc_hd__or2_1)
                                                         n57 (net)
                      0.067481    0.000206    0.644463 v g1078/A (sky130_fd_sc_hd__xor2_1)
     2    0.009670    0.233018    0.256237    0.900700 ^ g1078/X (sky130_fd_sc_hd__xor2_1)
                                                         n1118 (net)
                      0.233019    0.000406    0.901106 ^ g1378/B (sky130_fd_sc_hd__xor2_1)
     5    0.015997    0.348580    0.360727    1.261834 ^ g1378/X (sky130_fd_sc_hd__xor2_1)
                                                         n1418 (net)
                      0.348581    0.000541    1.262375 ^ g1593/A (sky130_fd_sc_hd__xor2_1)
     1    0.012364    0.282364    0.322451    1.584826 ^ g1593/X (sky130_fd_sc_hd__xor2_1)
                                                         zN[2] (net)
                      0.282364    0.000421    1.585248 ^ zN[2] (out)
                                              1.585248   data arrival time

                      0.000000   10.000000   10.000000   clock __VIRTUAL_CLK__ (rise edge)
                                  0.000000   10.000000   clock network delay (ideal)
                                  0.000000   10.000000   clock reconvergence pessimism
                                  0.000000   10.000000   output external delay
                                             10.000000   data required time
---------------------------------------------------------------------------------------------
                                             10.000000   data required time
                                             -1.585248   data arrival time
---------------------------------------------------------------------------------------------
                                              8.414753   slack (MET)


Startpoint: yP[2] (input port clocked by __VIRTUAL_CLK__)
Endpoint: zP[2] (output port clocked by __VIRTUAL_CLK__)
Path Group: __VIRTUAL_CLK__
Path Type: max

Fanout         Cap        Slew       Delay        Time   Description
---------------------------------------------------------------------------------------------
                      0.000000    0.000000    0.000000   clock __VIRTUAL_CLK__ (rise edge)
                                  0.000000    0.000000   clock network delay (ideal)
                                  0.000000    0.000000 v input external delay
    20    0.094917    0.209497    0.163690    0.163690 v yP[2] (in)
                                                         yP[2] (net)
                      0.210009    0.000000    0.163690 v g12/B (sky130_fd_sc_hd__and2_1)
     1    0.002211    0.032908    0.234356    0.398046 v g12/X (sky130_fd_sc_hd__and2_1)
                                                         n52 (net)
                      0.032908    0.000048    0.398094 v g16/A (sky130_fd_sc_hd__or2_1)
     2    0.007527    0.069817    0.256632    0.654726 v g16/X (sky130_fd_sc_hd__or2_1)
                                                         n56 (net)
                      0.069817    0.000319    0.655045 v g808/A (sky130_fd_sc_hd__xor2_1)
     2    0.007518    0.194140    0.226712    0.881757 ^ g808/X (sky130_fd_sc_hd__xor2_1)
                                                         n848 (net)
                      0.194140    0.000238    0.881995 ^ g1143/B (sky130_fd_sc_hd__xor2_1)
     5    0.016719    0.361831    0.365767    1.247762 ^ g1143/X (sky130_fd_sc_hd__xor2_1)
                                                         n1183 (net)
                      0.361833    0.000600    1.248362 ^ g1358/A (sky130_fd_sc_hd__xor2_1)
     1    0.011578    0.267880    0.312180    1.560542 ^ g1358/X (sky130_fd_sc_hd__xor2_1)
                                                         zP[2] (net)
                      0.267880    0.000243    1.560785 ^ zP[2] (out)
                                              1.560785   data arrival time

                      0.000000   10.000000   10.000000   clock __VIRTUAL_CLK__ (rise edge)
                                  0.000000   10.000000   clock network delay (ideal)
                                  0.000000   10.000000   clock reconvergence pessimism
                                  0.000000   10.000000   output external delay
                                             10.000000   data required time
---------------------------------------------------------------------------------------------
                                             10.000000   data required time
                                             -1.560785   data arrival time
---------------------------------------------------------------------------------------------
                                              8.439215   slack (MET)


Startpoint: yP[1] (input port clocked by __VIRTUAL_CLK__)
Endpoint: zP[1] (output port clocked by __VIRTUAL_CLK__)
Path Group: __VIRTUAL_CLK__
Path Type: max

Fanout         Cap        Slew       Delay        Time   Description
---------------------------------------------------------------------------------------------
                      0.000000    0.000000    0.000000   clock __VIRTUAL_CLK__ (rise edge)
                                  0.000000    0.000000   clock network delay (ideal)
                                  0.000000    0.000000 v input external delay
    20    0.092752    0.205612    0.160094    0.160094 v yP[1] (in)
                                                         yP[1] (net)
                      0.206484    0.000000    0.160094 v g6/B (sky130_fd_sc_hd__and2_1)
     1    0.001687    0.030967    0.229342    0.389436 v g6/X (sky130_fd_sc_hd__and2_1)
                                                         n46 (net)
                      0.030967    0.000049    0.389485 v g10/A (sky130_fd_sc_hd__or2_1)
     2    0.006093    0.062798    0.247256    0.636741 v g10/X (sky130_fd_sc_hd__or2_1)
                                                         n50 (net)
                      0.062798    0.000176    0.636917 v g1141/A (sky130_fd_sc_hd__xor2_1)
     3    0.021103    0.442349    0.415797    1.052714 ^ g1141/X (sky130_fd_sc_hd__xor2_1)
                                                         zP[1] (net)
                      0.442350    0.000525    1.053239 ^ zP[1] (out)
                                              1.053239   data arrival time

                      0.000000   10.000000   10.000000   clock __VIRTUAL_CLK__ (rise edge)
                                  0.000000   10.000000   clock network delay (ideal)
                                  0.000000   10.000000   clock reconvergence pessimism
                                  0.000000   10.000000   output external delay
                                             10.000000   data required time
---------------------------------------------------------------------------------------------
                                             10.000000   data required time
                                             -1.053239   data arrival time
---------------------------------------------------------------------------------------------
                                              8.946761   slack (MET)


Startpoint: yN[1] (input port clocked by __VIRTUAL_CLK__)
Endpoint: zN[1] (output port clocked by __VIRTUAL_CLK__)
Path Group: __VIRTUAL_CLK__
Path Type: max

Fanout         Cap        Slew       Delay        Time   Description
---------------------------------------------------------------------------------------------
                      0.000000    0.000000    0.000000   clock __VIRTUAL_CLK__ (rise edge)
                                  0.000000    0.000000   clock network delay (ideal)
                                  0.000000    0.000000 v input external delay
    20    0.089443    0.196798    0.149901    0.149901 v yN[1] (in)
                                                         yN[1] (net)
                      0.196816    0.000000    0.149901 v g8/B (sky130_fd_sc_hd__and2_1)
     1    0.001689    0.030924    0.224574    0.374474 v g8/X (sky130_fd_sc_hd__and2_1)
                                                         n48 (net)
                      0.030924    0.000049    0.374524 v g11/A (sky130_fd_sc_hd__or2_1)
     2    0.006198    0.063289    0.247883    0.622407 v g11/X (sky130_fd_sc_hd__or2_1)
                                                         n51 (net)
                      0.063289    0.000173    0.622580 v g1376/A (sky130_fd_sc_hd__xor2_1)
     3    0.020384    0.429193    0.405577    1.028157 ^ g1376/X (sky130_fd_sc_hd__xor2_1)
                                                         zN[1] (net)
                      0.429198    0.001349    1.029506 ^ zN[1] (out)
                                              1.029506   data arrival time

                      0.000000   10.000000   10.000000   clock __VIRTUAL_CLK__ (rise edge)
                                  0.000000   10.000000   clock network delay (ideal)
                                  0.000000   10.000000   clock reconvergence pessimism
                                  0.000000   10.000000   output external delay
                                             10.000000   data required time
---------------------------------------------------------------------------------------------
                                             10.000000   data required time
                                             -1.029506   data arrival time
---------------------------------------------------------------------------------------------
                                              8.970494   slack (MET)


Startpoint: xN[0] (input port clocked by __VIRTUAL_CLK__)
Endpoint: zP[0] (output port clocked by __VIRTUAL_CLK__)
Path Group: __VIRTUAL_CLK__
Path Type: max

Fanout         Cap        Slew       Delay        Time   Description
---------------------------------------------------------------------------------------------
                      0.000000    0.000000    0.000000   clock __VIRTUAL_CLK__ (rise edge)
                                  0.000000    0.000000   clock network delay (ideal)
                                  0.000000    0.000000 ^ input external delay
    20    0.089351    0.403440    0.296176    0.296176 ^ xN[0] (in)
                                                         xN[0] (net)
                      0.403644    0.000000    0.296176 ^ g1/A (sky130_fd_sc_hd__and2_1)
     1    0.001627    0.043867    0.186882    0.483057 ^ g1/X (sky130_fd_sc_hd__and2_1)
                                                         n41 (net)
                      0.043867    0.000032    0.483089 ^ g4/B (sky130_fd_sc_hd__or2_1)
     6    0.029757    0.280632    0.272506    0.755595 ^ g4/X (sky130_fd_sc_hd__or2_1)
                                                         zP[0] (net)
                      0.280634    0.000690    0.756285 ^ zP[0] (out)
                                              0.756285   data arrival time

                      0.000000   10.000000   10.000000   clock __VIRTUAL_CLK__ (rise edge)
                                  0.000000   10.000000   clock network delay (ideal)
                                  0.000000   10.000000   clock reconvergence pessimism
                                  0.000000   10.000000   output external delay
                                             10.000000   data required time
---------------------------------------------------------------------------------------------
                                             10.000000   data required time
                                             -0.756285   data arrival time
---------------------------------------------------------------------------------------------
                                              9.243715   slack (MET)


Startpoint: xN[0] (input port clocked by __VIRTUAL_CLK__)
Endpoint: zN[0] (output port clocked by __VIRTUAL_CLK__)
Path Group: __VIRTUAL_CLK__
Path Type: max

Fanout         Cap        Slew       Delay        Time   Description
---------------------------------------------------------------------------------------------
                      0.000000    0.000000    0.000000   clock __VIRTUAL_CLK__ (rise edge)
                                  0.000000    0.000000   clock network delay (ideal)
                                  0.000000    0.000000 ^ input external delay
    20    0.089351    0.403440    0.291552    0.291552 ^ xN[0] (in)
                                                         xN[0] (net)
                      0.403474    0.000000    0.291552 ^ g3/A (sky130_fd_sc_hd__and2_1)
     1    0.002072    0.047098    0.190728    0.482280 ^ g3/X (sky130_fd_sc_hd__and2_1)
                                                         n43 (net)
                      0.047098    0.000045    0.482325 ^ g5/B (sky130_fd_sc_hd__or2_1)
     6    0.026009    0.246963    0.248779    0.731103 ^ g5/X (sky130_fd_sc_hd__or2_1)
                                                         zN[0] (net)
                      0.246978    0.001738    0.732842 ^ zN[0] (out)
                                              0.732842   data arrival time

                      0.000000   10.000000   10.000000   clock __VIRTUAL_CLK__ (rise edge)
                                  0.000000   10.000000   clock network delay (ideal)
                                  0.000000   10.000000   clock reconvergence pessimism
                                  0.000000   10.000000   output external delay
                                             10.000000   data required time
---------------------------------------------------------------------------------------------
                                             10.000000   data required time
                                             -0.732842   data arrival time
---------------------------------------------------------------------------------------------
                                              9.267159   slack (MET)



