
===========================================================================
report_checks -path_delay max (Setup)
============================================================================
======================= nom_tt_025C_1v80 Corner ===================================

Startpoint: b[1] (input port clocked by __VIRTUAL_CLK__)
Endpoint: p[14] (output port clocked by __VIRTUAL_CLK__)
Path Group: __VIRTUAL_CLK__
Path Type: max

Fanout         Cap        Slew       Delay        Time   Description
---------------------------------------------------------------------------------------------
                      0.000000    0.000000    0.000000   clock __VIRTUAL_CLK__ (rise edge)
                                  0.000000    0.000000   clock network delay (ideal)
                                  0.000000    0.000000 ^ input external delay
     8    0.030864    0.144220    0.105105    0.105105 ^ b[1] (in)
                                                         b[1] (net)
                      0.144238    0.000000    0.105105 ^ g18/B (sky130_fd_sc_hd__nand2_1)
     1    0.003055    0.049002    0.075887    0.180992 v g18/Y (sky130_fd_sc_hd__nand2_1)
                                                         n34 (net)
                      0.049002    0.000092    0.181084 v g19/A (sky130_fd_sc_hd__inv_1)
     2    0.005660    0.055169    0.070024    0.251108 ^ g19/Y (sky130_fd_sc_hd__inv_1)
                                                         n35 (net)
                      0.055169    0.000146    0.251254 ^ g133/B (sky130_fd_sc_hd__nand2_1)
     3    0.007721    0.062512    0.080429    0.331683 v g133/Y (sky130_fd_sc_hd__nand2_1)
                                                         n149 (net)
                      0.062512    0.000079    0.331763 v g134/B (sky130_fd_sc_hd__nand2_1)
     1    0.003100    0.046975    0.074278    0.406041 ^ g134/Y (sky130_fd_sc_hd__nand2_1)
                                                         n150 (net)
                      0.046975    0.000098    0.406139 ^ g136/A (sky130_fd_sc_hd__nand2_1)
     2    0.005409    0.046831    0.061326    0.467465 v g136/Y (sky130_fd_sc_hd__nand2_1)
                                                         n152 (net)
                      0.046831    0.000100    0.467566 v g137/A (sky130_fd_sc_hd__nand2_1)
     3    0.008801    0.093397    0.096909    0.564475 ^ g137/Y (sky130_fd_sc_hd__nand2_1)
                                                         n153 (net)
                      0.093398    0.000150    0.564625 ^ g141/B (sky130_fd_sc_hd__nand2_1)
     2    0.005074    0.050897    0.076990    0.641615 v g141/Y (sky130_fd_sc_hd__nand2_1)
                                                         n157 (net)
                      0.050897    0.000086    0.641700 v g146/B (sky130_fd_sc_hd__nand2_1)
     3    0.008019    0.086774    0.101014    0.742715 ^ g146/Y (sky130_fd_sc_hd__nand2_1)
                                                         n162 (net)
                      0.086774    0.000109    0.742824 ^ g148/B (sky130_fd_sc_hd__nand2_1)
     1    0.002611    0.033205    0.060139    0.802963 v g148/Y (sky130_fd_sc_hd__nand2_1)
                                                         n164 (net)
                      0.033205    0.000078    0.803041 v g149/B (sky130_fd_sc_hd__nand2_1)
     2    0.005901    0.068734    0.078879    0.881920 ^ g149/Y (sky130_fd_sc_hd__nand2_1)
                                                         n165 (net)
                      0.068734    0.000165    0.882084 ^ g197/A (sky130_fd_sc_hd__nand2_1)
     3    0.007589    0.063164    0.080706    0.962790 v g197/Y (sky130_fd_sc_hd__nand2_1)
                                                         n213 (net)
                      0.063164    0.000150    0.962940 v g199/B (sky130_fd_sc_hd__nand2_1)
     1    0.002866    0.045320    0.072987    1.035927 ^ g199/Y (sky130_fd_sc_hd__nand2_1)
                                                         n215 (net)
                      0.045320    0.000087    1.036014 ^ g200/B (sky130_fd_sc_hd__nand2_1)
     2    0.005278    0.045984    0.063913    1.099926 v g200/Y (sky130_fd_sc_hd__nand2_1)
                                                         n216 (net)
                      0.045984    0.000085    1.100011 v g201/A (sky130_fd_sc_hd__nand2_1)
     3    0.008578    0.091501    0.095079    1.195090 ^ g201/Y (sky130_fd_sc_hd__nand2_1)
                                                         n217 (net)
                      0.091501    0.000099    1.195189 ^ g205/B (sky130_fd_sc_hd__nand2_1)
     2    0.006030    0.056329    0.081933    1.277122 v g205/Y (sky130_fd_sc_hd__nand2_1)
                                                         n221 (net)
                      0.056329    0.000179    1.277301 v g210/B (sky130_fd_sc_hd__nand2_1)
     3    0.008504    0.091000    0.106763    1.384064 ^ g210/Y (sky130_fd_sc_hd__nand2_1)
                                                         n226 (net)
                      0.091000    0.000097    1.384161 ^ g212/B (sky130_fd_sc_hd__nand2_1)
     1    0.002462    0.033473    0.060199    1.444359 v g212/Y (sky130_fd_sc_hd__nand2_1)
                                                         n228 (net)
                      0.033473    0.000051    1.444410 v g213/B (sky130_fd_sc_hd__nand2_1)
     2    0.006502    0.073817    0.082906    1.527316 ^ g213/Y (sky130_fd_sc_hd__nand2_1)
                                                         n229 (net)
                      0.073841    0.000198    1.527514 ^ g265/A (sky130_fd_sc_hd__nand2_1)
     3    0.008051    0.066759    0.085066    1.612579 v g265/Y (sky130_fd_sc_hd__nand2_1)
                                                         n281 (net)
                      0.066759    0.000182    1.612761 v g267/B (sky130_fd_sc_hd__nand2_1)
     1    0.002653    0.044271    0.073184    1.685945 ^ g267/Y (sky130_fd_sc_hd__nand2_1)
                                                         n283 (net)
                      0.044271    0.000055    1.686000 ^ g268/B (sky130_fd_sc_hd__nand2_1)
     2    0.005336    0.046284    0.063865    1.749865 v g268/Y (sky130_fd_sc_hd__nand2_1)
                                                         n284 (net)
                      0.046284    0.000138    1.750004 v g269/A (sky130_fd_sc_hd__nand2_1)
     3    0.008568    0.091430    0.095124    1.845128 ^ g269/Y (sky130_fd_sc_hd__nand2_1)
                                                         n285 (net)
                      0.091430    0.000115    1.845243 ^ g273/B (sky130_fd_sc_hd__nand2_1)
     2    0.005455    0.053575    0.078608    1.923851 v g273/Y (sky130_fd_sc_hd__nand2_1)
                                                         n289 (net)
                      0.053575    0.000131    1.923982 v g278/B (sky130_fd_sc_hd__nand2_1)
     3    0.009119    0.096118    0.109421    2.033403 ^ g278/Y (sky130_fd_sc_hd__nand2_1)
                                                         n294 (net)
                      0.096118    0.000132    2.033535 ^ g282/B (sky130_fd_sc_hd__nand2_1)
     2    0.005817    0.055161    0.082096    2.115632 v g282/Y (sky130_fd_sc_hd__nand2_1)
                                                         n298 (net)
                      0.055161    0.000095    2.115726 v g287/B (sky130_fd_sc_hd__nand2_1)
     3    0.008683    0.092495    0.107362    2.223088 ^ g287/Y (sky130_fd_sc_hd__nand2_1)
                                                         n303 (net)
                      0.092495    0.000156    2.223244 ^ g289/B (sky130_fd_sc_hd__nand2_1)
     1    0.002403    0.032893    0.060161    2.283405 v g289/Y (sky130_fd_sc_hd__nand2_1)
                                                         n305 (net)
                      0.032893    0.000049    2.283454 v g290/B (sky130_fd_sc_hd__nand2_1)
     2    0.005956    0.069198    0.079092    2.362546 ^ g290/Y (sky130_fd_sc_hd__nand2_1)
                                                         n306 (net)
                      0.069198    0.000172    2.362717 ^ g342/A (sky130_fd_sc_hd__nand2_1)
     3    0.008071    0.066276    0.083565    2.446283 v g342/Y (sky130_fd_sc_hd__nand2_1)
                                                         n358 (net)
                      0.066276    0.000122    2.446405 v g344/B (sky130_fd_sc_hd__nand2_1)
     1    0.003194    0.048211    0.076703    2.523108 ^ g344/Y (sky130_fd_sc_hd__nand2_1)
                                                         n360 (net)
                      0.048211    0.000073    2.523181 ^ g345/B (sky130_fd_sc_hd__nand2_1)
     2    0.005181    0.045396    0.064320    2.587501 v g345/Y (sky130_fd_sc_hd__nand2_1)
                                                         n361 (net)
                      0.045396    0.000136    2.587637 v g346/A (sky130_fd_sc_hd__nand2_1)
     3    0.008116    0.087603    0.091736    2.679373 ^ g346/Y (sky130_fd_sc_hd__nand2_1)
                                                         n362 (net)
                      0.087631    0.000108    2.679480 ^ g348/B (sky130_fd_sc_hd__nand2_1)
     1    0.002634    0.033448    0.060510    2.739990 v g348/Y (sky130_fd_sc_hd__nand2_1)
                                                         n364 (net)
                      0.033448    0.000079    2.740069 v g349/B (sky130_fd_sc_hd__nand2_1)
     2    0.005578    0.066020    0.076900    2.816969 ^ g349/Y (sky130_fd_sc_hd__nand2_1)
                                                         n365 (net)
                      0.066020    0.000142    2.817111 ^ g401/A (sky130_fd_sc_hd__nand2_1)
     3    0.008029    0.065597    0.082228    2.899339 v g401/Y (sky130_fd_sc_hd__nand2_1)
                                                         n417 (net)
                      0.065597    0.000130    2.899469 v g403/B (sky130_fd_sc_hd__nand2_1)
     1    0.002832    0.045421    0.073878    2.973347 ^ g403/Y (sky130_fd_sc_hd__nand2_1)
                                                         n419 (net)
                      0.045422    0.000086    2.973433 ^ g404/B (sky130_fd_sc_hd__nand2_1)
     2    0.005086    0.044740    0.062919    3.036351 v g404/Y (sky130_fd_sc_hd__nand2_1)
                                                         n420 (net)
                      0.044740    0.000088    3.036439 v g405/A (sky130_fd_sc_hd__nand2_1)
     3    0.008327    0.089379    0.092848    3.129288 ^ g405/Y (sky130_fd_sc_hd__nand2_1)
                                                         n421 (net)
                      0.089380    0.000127    3.129414 ^ g409/B (sky130_fd_sc_hd__nand2_1)
     2    0.005492    0.053753    0.078235    3.207649 v g409/Y (sky130_fd_sc_hd__nand2_1)
                                                         n425 (net)
                      0.053753    0.000098    3.207747 v g414/B (sky130_fd_sc_hd__nand2_1)
     3    0.008319    0.089348    0.104321    3.312068 ^ g414/Y (sky130_fd_sc_hd__nand2_1)
                                                         n430 (net)
                      0.089348    0.000068    3.312136 ^ g418/B (sky130_fd_sc_hd__nand2_1)
     2    0.006231    0.057551    0.082475    3.394611 v g418/Y (sky130_fd_sc_hd__nand2_1)
                                                         n434 (net)
                      0.057551    0.000144    3.394755 v g423/B (sky130_fd_sc_hd__nand2_1)
     3    0.008418    0.090322    0.106780    3.501535 ^ g423/Y (sky130_fd_sc_hd__nand2_1)
                                                         n439 (net)
                      0.090322    0.000087    3.501623 ^ g425/B (sky130_fd_sc_hd__nand2_1)
     1    0.002914    0.036194    0.063075    3.564698 v g425/Y (sky130_fd_sc_hd__nand2_1)
                                                         n441 (net)
                      0.036194    0.000089    3.564787 v g426/B (sky130_fd_sc_hd__nand2_1)
     2    0.006415    0.073081    0.083615    3.648402 ^ g426/Y (sky130_fd_sc_hd__nand2_1)
                                                         n442 (net)
                      0.073081    0.000198    3.648600 ^ g478/A (sky130_fd_sc_hd__nand2_1)
     3    0.008400    0.068661    0.086802    3.735402 v g478/Y (sky130_fd_sc_hd__nand2_1)
                                                         n494 (net)
                      0.068661    0.000169    3.735571 v g480/B (sky130_fd_sc_hd__nand2_1)
     1    0.003114    0.047944    0.077252    3.812824 ^ g480/Y (sky130_fd_sc_hd__nand2_1)
                                                         n496 (net)
                      0.047944    0.000099    3.812922 ^ g481/B (sky130_fd_sc_hd__nand2_1)
     2    0.005094    0.044723    0.063785    3.876708 v g481/Y (sky130_fd_sc_hd__nand2_1)
                                                         n497 (net)
                      0.044723    0.000082    3.876789 v g482/A (sky130_fd_sc_hd__nand2_1)
     3    0.008360    0.089671    0.093088    3.969877 ^ g482/Y (sky130_fd_sc_hd__nand2_1)
                                                         n498 (net)
                      0.089671    0.000064    3.969940 ^ g486/B (sky130_fd_sc_hd__nand2_1)
     2    0.005380    0.053623    0.077671    4.047611 v g486/Y (sky130_fd_sc_hd__nand2_1)
                                                         n502 (net)
                      0.053623    0.000095    4.047706 v g491/B (sky130_fd_sc_hd__nand2_1)
     3    0.008095    0.087447    0.102796    4.150502 ^ g491/Y (sky130_fd_sc_hd__nand2_1)
                                                         n507 (net)
                      0.087447    0.000063    4.150565 ^ g495/B (sky130_fd_sc_hd__nand2_1)
     2    0.005279    0.052412    0.076442    4.227007 v g495/Y (sky130_fd_sc_hd__nand2_1)
                                                         n511 (net)
                      0.052412    0.000091    4.227098 v g500/B (sky130_fd_sc_hd__nand2_1)
     3    0.008466    0.090594    0.104647    4.331745 ^ g500/Y (sky130_fd_sc_hd__nand2_1)
                                                         n516 (net)
                      0.090594    0.000069    4.331814 ^ g504/B (sky130_fd_sc_hd__nand2_1)
     2    0.005406    0.052611    0.078082    4.409896 v g504/Y (sky130_fd_sc_hd__nand2_1)
                                                         n520 (net)
                      0.052611    0.000134    4.410030 v g509/B (sky130_fd_sc_hd__nand2_1)
     3    0.008274    0.088943    0.103476    4.513505 ^ g509/Y (sky130_fd_sc_hd__nand2_1)
                                                         n525 (net)
                      0.088972    0.000154    4.513660 ^ g513/B (sky130_fd_sc_hd__nand2_1)
     2    0.005475    0.053871    0.077996    4.591656 v g513/Y (sky130_fd_sc_hd__nand2_1)
                                                         n529 (net)
                      0.053871    0.000152    4.591808 v g518/B (sky130_fd_sc_hd__nand2_1)
     3    0.008198    0.088334    0.103615    4.695423 ^ g518/Y (sky130_fd_sc_hd__nand2_1)
                                                         n534 (net)
                      0.088334    0.000062    4.695485 ^ g522/B (sky130_fd_sc_hd__nand2_1)
     2    0.005695    0.055897    0.079092    4.774576 v g522/Y (sky130_fd_sc_hd__nand2_1)
                                                         n538 (net)
                      0.055897    0.000135    4.774711 v g527/B (sky130_fd_sc_hd__nand2_1)
     3    0.008573    0.091563    0.107008    4.881719 ^ g527/Y (sky130_fd_sc_hd__nand2_1)
                                                         n543 (net)
                      0.091563    0.000115    4.881834 ^ g529/B (sky130_fd_sc_hd__nand2_1)
     1    0.002545    0.033445    0.060900    4.942734 v g529/Y (sky130_fd_sc_hd__nand2_1)
                                                         n545 (net)
                      0.033445    0.000054    4.942788 v g530/B (sky130_fd_sc_hd__nand2_1)
     2    0.005648    0.066611    0.077354    5.020142 ^ g530/Y (sky130_fd_sc_hd__nand2_1)
                                                         n546 (net)
                      0.066611    0.000156    5.020298 ^ g582/A (sky130_fd_sc_hd__nand2_1)
     3    0.007593    0.062892    0.080029    5.100327 v g582/Y (sky130_fd_sc_hd__nand2_1)
                                                         n598 (net)
                      0.062892    0.000076    5.100403 v g584/B (sky130_fd_sc_hd__nand2_1)
     1    0.002774    0.044588    0.072235    5.172637 ^ g584/Y (sky130_fd_sc_hd__nand2_1)
                                                         n600 (net)
                      0.044588    0.000057    5.172694 ^ g585/B (sky130_fd_sc_hd__nand2_1)
     2    0.005540    0.047684    0.065076    5.237771 v g585/Y (sky130_fd_sc_hd__nand2_1)
                                                         n601 (net)
                      0.047684    0.000129    5.237900 v g586/A (sky130_fd_sc_hd__nand2_1)
     3    0.008095    0.087428    0.092603    5.330503 ^ g586/Y (sky130_fd_sc_hd__nand2_1)
                                                         n602 (net)
                      0.087456    0.000110    5.330613 ^ g590/B (sky130_fd_sc_hd__nand2_1)
     2    0.006250    0.057646    0.081998    5.412610 v g590/Y (sky130_fd_sc_hd__nand2_1)
                                                         n606 (net)
                      0.057646    0.000191    5.412801 v g595/B (sky130_fd_sc_hd__nand2_1)
     3    0.007947    0.086364    0.103736    5.516537 ^ g595/Y (sky130_fd_sc_hd__nand2_1)
                                                         n611 (net)
                      0.086364    0.000106    5.516644 ^ g597/B (sky130_fd_sc_hd__nand2_1)
     1    0.002907    0.036171    0.062003    5.578646 v g597/Y (sky130_fd_sc_hd__nand2_1)
                                                         n613 (net)
                      0.036171    0.000088    5.578734 v g598/B (sky130_fd_sc_hd__nand2_1)
     1    0.010961    0.111897    0.113032    5.691767 ^ g598/Y (sky130_fd_sc_hd__nand2_1)
                                                         p[14] (net)
                      0.111897    0.000210    5.691977 ^ p[14] (out)
                                              5.691977   data arrival time

                      0.000000   10.000000   10.000000   clock __VIRTUAL_CLK__ (rise edge)
                                  0.000000   10.000000   clock network delay (ideal)
                                  0.000000   10.000000   clock reconvergence pessimism
                                  0.000000   10.000000   output external delay
                                             10.000000   data required time
---------------------------------------------------------------------------------------------
                                             10.000000   data required time
                                             -5.691977   data arrival time
---------------------------------------------------------------------------------------------
                                              4.308024   slack (MET)


Startpoint: b[1] (input port clocked by __VIRTUAL_CLK__)
Endpoint: p[15] (output port clocked by __VIRTUAL_CLK__)
Path Group: __VIRTUAL_CLK__
Path Type: max

Fanout         Cap        Slew       Delay        Time   Description
---------------------------------------------------------------------------------------------
                      0.000000    0.000000    0.000000   clock __VIRTUAL_CLK__ (rise edge)
                                  0.000000    0.000000   clock network delay (ideal)
                                  0.000000    0.000000 ^ input external delay
     8    0.030864    0.144220    0.105105    0.105105 ^ b[1] (in)
                                                         b[1] (net)
                      0.144238    0.000000    0.105105 ^ g18/B (sky130_fd_sc_hd__nand2_1)
     1    0.003055    0.049002    0.075887    0.180992 v g18/Y (sky130_fd_sc_hd__nand2_1)
                                                         n34 (net)
                      0.049002    0.000092    0.181084 v g19/A (sky130_fd_sc_hd__inv_1)
     2    0.005660    0.055169    0.070024    0.251108 ^ g19/Y (sky130_fd_sc_hd__inv_1)
                                                         n35 (net)
                      0.055169    0.000146    0.251254 ^ g133/B (sky130_fd_sc_hd__nand2_1)
     3    0.007721    0.062512    0.080429    0.331683 v g133/Y (sky130_fd_sc_hd__nand2_1)
                                                         n149 (net)
                      0.062512    0.000079    0.331763 v g134/B (sky130_fd_sc_hd__nand2_1)
     1    0.003100    0.046975    0.074278    0.406041 ^ g134/Y (sky130_fd_sc_hd__nand2_1)
                                                         n150 (net)
                      0.046975    0.000098    0.406139 ^ g136/A (sky130_fd_sc_hd__nand2_1)
     2    0.005409    0.046831    0.061326    0.467465 v g136/Y (sky130_fd_sc_hd__nand2_1)
                                                         n152 (net)
                      0.046831    0.000100    0.467566 v g137/A (sky130_fd_sc_hd__nand2_1)
     3    0.008801    0.093397    0.096909    0.564475 ^ g137/Y (sky130_fd_sc_hd__nand2_1)
                                                         n153 (net)
                      0.093398    0.000150    0.564625 ^ g141/B (sky130_fd_sc_hd__nand2_1)
     2    0.005074    0.050897    0.076990    0.641615 v g141/Y (sky130_fd_sc_hd__nand2_1)
                                                         n157 (net)
                      0.050897    0.000086    0.641700 v g146/B (sky130_fd_sc_hd__nand2_1)
     3    0.008019    0.086774    0.101014    0.742715 ^ g146/Y (sky130_fd_sc_hd__nand2_1)
                                                         n162 (net)
                      0.086774    0.000109    0.742824 ^ g148/B (sky130_fd_sc_hd__nand2_1)
     1    0.002611    0.033205    0.060139    0.802963 v g148/Y (sky130_fd_sc_hd__nand2_1)
                                                         n164 (net)
                      0.033205    0.000078    0.803041 v g149/B (sky130_fd_sc_hd__nand2_1)
     2    0.005901    0.068734    0.078879    0.881920 ^ g149/Y (sky130_fd_sc_hd__nand2_1)
                                                         n165 (net)
                      0.068734    0.000165    0.882084 ^ g197/A (sky130_fd_sc_hd__nand2_1)
     3    0.007589    0.063164    0.080706    0.962790 v g197/Y (sky130_fd_sc_hd__nand2_1)
                                                         n213 (net)
                      0.063164    0.000150    0.962940 v g199/B (sky130_fd_sc_hd__nand2_1)
     1    0.002866    0.045320    0.072987    1.035927 ^ g199/Y (sky130_fd_sc_hd__nand2_1)
                                                         n215 (net)
                      0.045320    0.000087    1.036014 ^ g200/B (sky130_fd_sc_hd__nand2_1)
     2    0.005278    0.045984    0.063913    1.099926 v g200/Y (sky130_fd_sc_hd__nand2_1)
                                                         n216 (net)
                      0.045984    0.000085    1.100011 v g201/A (sky130_fd_sc_hd__nand2_1)
     3    0.008578    0.091501    0.095079    1.195090 ^ g201/Y (sky130_fd_sc_hd__nand2_1)
                                                         n217 (net)
                      0.091501    0.000099    1.195189 ^ g205/B (sky130_fd_sc_hd__nand2_1)
     2    0.006030    0.056329    0.081933    1.277122 v g205/Y (sky130_fd_sc_hd__nand2_1)
                                                         n221 (net)
                      0.056329    0.000179    1.277301 v g210/B (sky130_fd_sc_hd__nand2_1)
     3    0.008504    0.091000    0.106763    1.384064 ^ g210/Y (sky130_fd_sc_hd__nand2_1)
                                                         n226 (net)
                      0.091000    0.000097    1.384161 ^ g212/B (sky130_fd_sc_hd__nand2_1)
     1    0.002462    0.033473    0.060199    1.444359 v g212/Y (sky130_fd_sc_hd__nand2_1)
                                                         n228 (net)
                      0.033473    0.000051    1.444410 v g213/B (sky130_fd_sc_hd__nand2_1)
     2    0.006502    0.073817    0.082906    1.527316 ^ g213/Y (sky130_fd_sc_hd__nand2_1)
                                                         n229 (net)
                      0.073841    0.000198    1.527514 ^ g265/A (sky130_fd_sc_hd__nand2_1)
     3    0.008051    0.066759    0.085066    1.612579 v g265/Y (sky130_fd_sc_hd__nand2_1)
                                                         n281 (net)
                      0.066759    0.000182    1.612761 v g267/B (sky130_fd_sc_hd__nand2_1)
     1    0.002653    0.044271    0.073184    1.685945 ^ g267/Y (sky130_fd_sc_hd__nand2_1)
                                                         n283 (net)
                      0.044271    0.000055    1.686000 ^ g268/B (sky130_fd_sc_hd__nand2_1)
     2    0.005336    0.046284    0.063865    1.749865 v g268/Y (sky130_fd_sc_hd__nand2_1)
                                                         n284 (net)
                      0.046284    0.000138    1.750004 v g269/A (sky130_fd_sc_hd__nand2_1)
     3    0.008568    0.091430    0.095124    1.845128 ^ g269/Y (sky130_fd_sc_hd__nand2_1)
                                                         n285 (net)
                      0.091430    0.000115    1.845243 ^ g273/B (sky130_fd_sc_hd__nand2_1)
     2    0.005455    0.053575    0.078608    1.923851 v g273/Y (sky130_fd_sc_hd__nand2_1)
                                                         n289 (net)
                      0.053575    0.000131    1.923982 v g278/B (sky130_fd_sc_hd__nand2_1)
     3    0.009119    0.096118    0.109421    2.033403 ^ g278/Y (sky130_fd_sc_hd__nand2_1)
                                                         n294 (net)
                      0.096118    0.000132    2.033535 ^ g282/B (sky130_fd_sc_hd__nand2_1)
     2    0.005817    0.055161    0.082096    2.115632 v g282/Y (sky130_fd_sc_hd__nand2_1)
                                                         n298 (net)
                      0.055161    0.000095    2.115726 v g287/B (sky130_fd_sc_hd__nand2_1)
     3    0.008683    0.092495    0.107362    2.223088 ^ g287/Y (sky130_fd_sc_hd__nand2_1)
                                                         n303 (net)
                      0.092495    0.000156    2.223244 ^ g289/B (sky130_fd_sc_hd__nand2_1)
     1    0.002403    0.032893    0.060161    2.283405 v g289/Y (sky130_fd_sc_hd__nand2_1)
                                                         n305 (net)
                      0.032893    0.000049    2.283454 v g290/B (sky130_fd_sc_hd__nand2_1)
     2    0.005956    0.069198    0.079092    2.362546 ^ g290/Y (sky130_fd_sc_hd__nand2_1)
                                                         n306 (net)
                      0.069198    0.000172    2.362717 ^ g342/A (sky130_fd_sc_hd__nand2_1)
     3    0.008071    0.066276    0.083565    2.446283 v g342/Y (sky130_fd_sc_hd__nand2_1)
                                                         n358 (net)
                      0.066276    0.000122    2.446405 v g344/B (sky130_fd_sc_hd__nand2_1)
     1    0.003194    0.048211    0.076703    2.523108 ^ g344/Y (sky130_fd_sc_hd__nand2_1)
                                                         n360 (net)
                      0.048211    0.000073    2.523181 ^ g345/B (sky130_fd_sc_hd__nand2_1)
     2    0.005181    0.045396    0.064320    2.587501 v g345/Y (sky130_fd_sc_hd__nand2_1)
                                                         n361 (net)
                      0.045396    0.000136    2.587637 v g346/A (sky130_fd_sc_hd__nand2_1)
     3    0.008116    0.087603    0.091736    2.679373 ^ g346/Y (sky130_fd_sc_hd__nand2_1)
                                                         n362 (net)
                      0.087631    0.000108    2.679480 ^ g348/B (sky130_fd_sc_hd__nand2_1)
     1    0.002634    0.033448    0.060510    2.739990 v g348/Y (sky130_fd_sc_hd__nand2_1)
                                                         n364 (net)
                      0.033448    0.000079    2.740069 v g349/B (sky130_fd_sc_hd__nand2_1)
     2    0.005578    0.066020    0.076900    2.816969 ^ g349/Y (sky130_fd_sc_hd__nand2_1)
                                                         n365 (net)
                      0.066020    0.000142    2.817111 ^ g401/A (sky130_fd_sc_hd__nand2_1)
     3    0.008029    0.065597    0.082228    2.899339 v g401/Y (sky130_fd_sc_hd__nand2_1)
                                                         n417 (net)
                      0.065597    0.000130    2.899469 v g403/B (sky130_fd_sc_hd__nand2_1)
     1    0.002832    0.045421    0.073878    2.973347 ^ g403/Y (sky130_fd_sc_hd__nand2_1)
                                                         n419 (net)
                      0.045422    0.000086    2.973433 ^ g404/B (sky130_fd_sc_hd__nand2_1)
     2    0.005086    0.044740    0.062919    3.036351 v g404/Y (sky130_fd_sc_hd__nand2_1)
                                                         n420 (net)
                      0.044740    0.000088    3.036439 v g405/A (sky130_fd_sc_hd__nand2_1)
     3    0.008327    0.089379    0.092848    3.129288 ^ g405/Y (sky130_fd_sc_hd__nand2_1)
                                                         n421 (net)
                      0.089380    0.000127    3.129414 ^ g409/B (sky130_fd_sc_hd__nand2_1)
     2    0.005492    0.053753    0.078235    3.207649 v g409/Y (sky130_fd_sc_hd__nand2_1)
                                                         n425 (net)
                      0.053753    0.000098    3.207747 v g414/B (sky130_fd_sc_hd__nand2_1)
     3    0.008319    0.089348    0.104321    3.312068 ^ g414/Y (sky130_fd_sc_hd__nand2_1)
                                                         n430 (net)
                      0.089348    0.000068    3.312136 ^ g418/B (sky130_fd_sc_hd__nand2_1)
     2    0.006231    0.057551    0.082475    3.394611 v g418/Y (sky130_fd_sc_hd__nand2_1)
                                                         n434 (net)
                      0.057551    0.000144    3.394755 v g423/B (sky130_fd_sc_hd__nand2_1)
     3    0.008418    0.090322    0.106780    3.501535 ^ g423/Y (sky130_fd_sc_hd__nand2_1)
                                                         n439 (net)
                      0.090322    0.000087    3.501623 ^ g425/B (sky130_fd_sc_hd__nand2_1)
     1    0.002914    0.036194    0.063075    3.564698 v g425/Y (sky130_fd_sc_hd__nand2_1)
                                                         n441 (net)
                      0.036194    0.000089    3.564787 v g426/B (sky130_fd_sc_hd__nand2_1)
     2    0.006415    0.073081    0.083615    3.648402 ^ g426/Y (sky130_fd_sc_hd__nand2_1)
                                                         n442 (net)
                      0.073081    0.000198    3.648600 ^ g478/A (sky130_fd_sc_hd__nand2_1)
     3    0.008400    0.068661    0.086802    3.735402 v g478/Y (sky130_fd_sc_hd__nand2_1)
                                                         n494 (net)
                      0.068661    0.000169    3.735571 v g480/B (sky130_fd_sc_hd__nand2_1)
     1    0.003114    0.047944    0.077252    3.812824 ^ g480/Y (sky130_fd_sc_hd__nand2_1)
                                                         n496 (net)
                      0.047944    0.000099    3.812922 ^ g481/B (sky130_fd_sc_hd__nand2_1)
     2    0.005094    0.044723    0.063785    3.876708 v g481/Y (sky130_fd_sc_hd__nand2_1)
                                                         n497 (net)
                      0.044723    0.000082    3.876789 v g482/A (sky130_fd_sc_hd__nand2_1)
     3    0.008360    0.089671    0.093088    3.969877 ^ g482/Y (sky130_fd_sc_hd__nand2_1)
                                                         n498 (net)
                      0.089671    0.000064    3.969940 ^ g486/B (sky130_fd_sc_hd__nand2_1)
     2    0.005380    0.053623    0.077671    4.047611 v g486/Y (sky130_fd_sc_hd__nand2_1)
                                                         n502 (net)
                      0.053623    0.000095    4.047706 v g491/B (sky130_fd_sc_hd__nand2_1)
     3    0.008095    0.087447    0.102796    4.150502 ^ g491/Y (sky130_fd_sc_hd__nand2_1)
                                                         n507 (net)
                      0.087447    0.000063    4.150565 ^ g495/B (sky130_fd_sc_hd__nand2_1)
     2    0.005279    0.052412    0.076442    4.227007 v g495/Y (sky130_fd_sc_hd__nand2_1)
                                                         n511 (net)
                      0.052412    0.000091    4.227098 v g500/B (sky130_fd_sc_hd__nand2_1)
     3    0.008466    0.090594    0.104647    4.331745 ^ g500/Y (sky130_fd_sc_hd__nand2_1)
                                                         n516 (net)
                      0.090594    0.000069    4.331814 ^ g504/B (sky130_fd_sc_hd__nand2_1)
     2    0.005406    0.052611    0.078082    4.409896 v g504/Y (sky130_fd_sc_hd__nand2_1)
                                                         n520 (net)
                      0.052611    0.000134    4.410030 v g509/B (sky130_fd_sc_hd__nand2_1)
     3    0.008274    0.088943    0.103476    4.513505 ^ g509/Y (sky130_fd_sc_hd__nand2_1)
                                                         n525 (net)
                      0.088972    0.000154    4.513660 ^ g513/B (sky130_fd_sc_hd__nand2_1)
     2    0.005475    0.053871    0.077996    4.591656 v g513/Y (sky130_fd_sc_hd__nand2_1)
                                                         n529 (net)
                      0.053871    0.000152    4.591808 v g518/B (sky130_fd_sc_hd__nand2_1)
     3    0.008198    0.088334    0.103615    4.695423 ^ g518/Y (sky130_fd_sc_hd__nand2_1)
                                                         n534 (net)
                      0.088334    0.000062    4.695485 ^ g522/B (sky130_fd_sc_hd__nand2_1)
     2    0.005695    0.055897    0.079092    4.774576 v g522/Y (sky130_fd_sc_hd__nand2_1)
                                                         n538 (net)
                      0.055897    0.000135    4.774711 v g527/B (sky130_fd_sc_hd__nand2_1)
     3    0.008573    0.091563    0.107008    4.881719 ^ g527/Y (sky130_fd_sc_hd__nand2_1)
                                                         n543 (net)
                      0.091563    0.000115    4.881834 ^ g529/B (sky130_fd_sc_hd__nand2_1)
     1    0.002545    0.033445    0.060900    4.942734 v g529/Y (sky130_fd_sc_hd__nand2_1)
                                                         n545 (net)
                      0.033445    0.000054    4.942788 v g530/B (sky130_fd_sc_hd__nand2_1)
     2    0.005648    0.066611    0.077354    5.020142 ^ g530/Y (sky130_fd_sc_hd__nand2_1)
                                                         n546 (net)
                      0.066611    0.000156    5.020298 ^ g582/A (sky130_fd_sc_hd__nand2_1)
     3    0.007593    0.062892    0.080029    5.100327 v g582/Y (sky130_fd_sc_hd__nand2_1)
                                                         n598 (net)
                      0.062892    0.000076    5.100403 v g584/B (sky130_fd_sc_hd__nand2_1)
     1    0.002774    0.044588    0.072235    5.172637 ^ g584/Y (sky130_fd_sc_hd__nand2_1)
                                                         n600 (net)
                      0.044588    0.000057    5.172694 ^ g585/B (sky130_fd_sc_hd__nand2_1)
     2    0.005540    0.047684    0.065076    5.237771 v g585/Y (sky130_fd_sc_hd__nand2_1)
                                                         n601 (net)
                      0.047684    0.000129    5.237900 v g586/A (sky130_fd_sc_hd__nand2_1)
     3    0.008095    0.087428    0.092603    5.330503 ^ g586/Y (sky130_fd_sc_hd__nand2_1)
                                                         n602 (net)
                      0.087456    0.000110    5.330613 ^ g590/B (sky130_fd_sc_hd__nand2_1)
     2    0.006250    0.057646    0.081998    5.412610 v g590/Y (sky130_fd_sc_hd__nand2_1)
                                                         n606 (net)
                      0.057646    0.000191    5.412801 v g595/B (sky130_fd_sc_hd__nand2_1)
     3    0.007947    0.086364    0.103736    5.516537 ^ g595/Y (sky130_fd_sc_hd__nand2_1)
                                                         n611 (net)
                      0.086364    0.000112    5.516650 ^ g599/B (sky130_fd_sc_hd__nand2_1)
     1    0.011065    0.086946    0.108595    5.625245 v g599/Y (sky130_fd_sc_hd__nand2_1)
                                                         p[15] (net)
                      0.086946    0.000211    5.625456 v p[15] (out)
                                              5.625456   data arrival time

                      0.000000   10.000000   10.000000   clock __VIRTUAL_CLK__ (rise edge)
                                  0.000000   10.000000   clock network delay (ideal)
                                  0.000000   10.000000   clock reconvergence pessimism
                                  0.000000   10.000000   output external delay
                                             10.000000   data required time
---------------------------------------------------------------------------------------------
                                             10.000000   data required time
                                             -5.625456   data arrival time
---------------------------------------------------------------------------------------------
                                              4.374544   slack (MET)


Startpoint: b[1] (input port clocked by __VIRTUAL_CLK__)
Endpoint: p[13] (output port clocked by __VIRTUAL_CLK__)
Path Group: __VIRTUAL_CLK__
Path Type: max

Fanout         Cap        Slew       Delay        Time   Description
---------------------------------------------------------------------------------------------
                      0.000000    0.000000    0.000000   clock __VIRTUAL_CLK__ (rise edge)
                                  0.000000    0.000000   clock network delay (ideal)
                                  0.000000    0.000000 ^ input external delay
     8    0.030864    0.144220    0.105105    0.105105 ^ b[1] (in)
                                                         b[1] (net)
                      0.144238    0.000000    0.105105 ^ g18/B (sky130_fd_sc_hd__nand2_1)
     1    0.003055    0.049002    0.075887    0.180992 v g18/Y (sky130_fd_sc_hd__nand2_1)
                                                         n34 (net)
                      0.049002    0.000092    0.181084 v g19/A (sky130_fd_sc_hd__inv_1)
     2    0.005660    0.055169    0.070024    0.251108 ^ g19/Y (sky130_fd_sc_hd__inv_1)
                                                         n35 (net)
                      0.055169    0.000146    0.251254 ^ g133/B (sky130_fd_sc_hd__nand2_1)
     3    0.007721    0.062512    0.080429    0.331683 v g133/Y (sky130_fd_sc_hd__nand2_1)
                                                         n149 (net)
                      0.062512    0.000079    0.331763 v g134/B (sky130_fd_sc_hd__nand2_1)
     1    0.003100    0.046975    0.074278    0.406041 ^ g134/Y (sky130_fd_sc_hd__nand2_1)
                                                         n150 (net)
                      0.046975    0.000098    0.406139 ^ g136/A (sky130_fd_sc_hd__nand2_1)
     2    0.005409    0.046831    0.061326    0.467465 v g136/Y (sky130_fd_sc_hd__nand2_1)
                                                         n152 (net)
                      0.046831    0.000100    0.467566 v g137/A (sky130_fd_sc_hd__nand2_1)
     3    0.008801    0.093397    0.096909    0.564475 ^ g137/Y (sky130_fd_sc_hd__nand2_1)
                                                         n153 (net)
                      0.093398    0.000150    0.564625 ^ g141/B (sky130_fd_sc_hd__nand2_1)
     2    0.005074    0.050897    0.076990    0.641615 v g141/Y (sky130_fd_sc_hd__nand2_1)
                                                         n157 (net)
                      0.050897    0.000086    0.641700 v g146/B (sky130_fd_sc_hd__nand2_1)
     3    0.008019    0.086774    0.101014    0.742715 ^ g146/Y (sky130_fd_sc_hd__nand2_1)
                                                         n162 (net)
                      0.086774    0.000109    0.742824 ^ g148/B (sky130_fd_sc_hd__nand2_1)
     1    0.002611    0.033205    0.060139    0.802963 v g148/Y (sky130_fd_sc_hd__nand2_1)
                                                         n164 (net)
                      0.033205    0.000078    0.803041 v g149/B (sky130_fd_sc_hd__nand2_1)
     2    0.005901    0.068734    0.078879    0.881920 ^ g149/Y (sky130_fd_sc_hd__nand2_1)
                                                         n165 (net)
                      0.068734    0.000165    0.882084 ^ g197/A (sky130_fd_sc_hd__nand2_1)
     3    0.007589    0.063164    0.080706    0.962790 v g197/Y (sky130_fd_sc_hd__nand2_1)
                                                         n213 (net)
                      0.063164    0.000150    0.962940 v g199/B (sky130_fd_sc_hd__nand2_1)
     1    0.002866    0.045320    0.072987    1.035927 ^ g199/Y (sky130_fd_sc_hd__nand2_1)
                                                         n215 (net)
                      0.045320    0.000087    1.036014 ^ g200/B (sky130_fd_sc_hd__nand2_1)
     2    0.005278    0.045984    0.063913    1.099926 v g200/Y (sky130_fd_sc_hd__nand2_1)
                                                         n216 (net)
                      0.045984    0.000085    1.100011 v g201/A (sky130_fd_sc_hd__nand2_1)
     3    0.008578    0.091501    0.095079    1.195090 ^ g201/Y (sky130_fd_sc_hd__nand2_1)
                                                         n217 (net)
                      0.091501    0.000099    1.195189 ^ g205/B (sky130_fd_sc_hd__nand2_1)
     2    0.006030    0.056329    0.081933    1.277122 v g205/Y (sky130_fd_sc_hd__nand2_1)
                                                         n221 (net)
                      0.056329    0.000179    1.277301 v g210/B (sky130_fd_sc_hd__nand2_1)
     3    0.008504    0.091000    0.106763    1.384064 ^ g210/Y (sky130_fd_sc_hd__nand2_1)
                                                         n226 (net)
                      0.091000    0.000097    1.384161 ^ g212/B (sky130_fd_sc_hd__nand2_1)
     1    0.002462    0.033473    0.060199    1.444359 v g212/Y (sky130_fd_sc_hd__nand2_1)
                                                         n228 (net)
                      0.033473    0.000051    1.444410 v g213/B (sky130_fd_sc_hd__nand2_1)
     2    0.006502    0.073817    0.082906    1.527316 ^ g213/Y (sky130_fd_sc_hd__nand2_1)
                                                         n229 (net)
                      0.073841    0.000198    1.527514 ^ g265/A (sky130_fd_sc_hd__nand2_1)
     3    0.008051    0.066759    0.085066    1.612579 v g265/Y (sky130_fd_sc_hd__nand2_1)
                                                         n281 (net)
                      0.066759    0.000182    1.612761 v g267/B (sky130_fd_sc_hd__nand2_1)
     1    0.002653    0.044271    0.073184    1.685945 ^ g267/Y (sky130_fd_sc_hd__nand2_1)
                                                         n283 (net)
                      0.044271    0.000055    1.686000 ^ g268/B (sky130_fd_sc_hd__nand2_1)
     2    0.005336    0.046284    0.063865    1.749865 v g268/Y (sky130_fd_sc_hd__nand2_1)
                                                         n284 (net)
                      0.046284    0.000138    1.750004 v g269/A (sky130_fd_sc_hd__nand2_1)
     3    0.008568    0.091430    0.095124    1.845128 ^ g269/Y (sky130_fd_sc_hd__nand2_1)
                                                         n285 (net)
                      0.091430    0.000115    1.845243 ^ g273/B (sky130_fd_sc_hd__nand2_1)
     2    0.005455    0.053575    0.078608    1.923851 v g273/Y (sky130_fd_sc_hd__nand2_1)
                                                         n289 (net)
                      0.053575    0.000131    1.923982 v g278/B (sky130_fd_sc_hd__nand2_1)
     3    0.009119    0.096118    0.109421    2.033403 ^ g278/Y (sky130_fd_sc_hd__nand2_1)
                                                         n294 (net)
                      0.096118    0.000132    2.033535 ^ g282/B (sky130_fd_sc_hd__nand2_1)
     2    0.005817    0.055161    0.082096    2.115632 v g282/Y (sky130_fd_sc_hd__nand2_1)
                                                         n298 (net)
                      0.055161    0.000095    2.115726 v g287/B (sky130_fd_sc_hd__nand2_1)
     3    0.008683    0.092495    0.107362    2.223088 ^ g287/Y (sky130_fd_sc_hd__nand2_1)
                                                         n303 (net)
                      0.092495    0.000156    2.223244 ^ g289/B (sky130_fd_sc_hd__nand2_1)
     1    0.002403    0.032893    0.060161    2.283405 v g289/Y (sky130_fd_sc_hd__nand2_1)
                                                         n305 (net)
                      0.032893    0.000049    2.283454 v g290/B (sky130_fd_sc_hd__nand2_1)
     2    0.005956    0.069198    0.079092    2.362546 ^ g290/Y (sky130_fd_sc_hd__nand2_1)
                                                         n306 (net)
                      0.069198    0.000172    2.362717 ^ g342/A (sky130_fd_sc_hd__nand2_1)
     3    0.008071    0.066276    0.083565    2.446283 v g342/Y (sky130_fd_sc_hd__nand2_1)
                                                         n358 (net)
                      0.066276    0.000122    2.446405 v g344/B (sky130_fd_sc_hd__nand2_1)
     1    0.003194    0.048211    0.076703    2.523108 ^ g344/Y (sky130_fd_sc_hd__nand2_1)
                                                         n360 (net)
                      0.048211    0.000073    2.523181 ^ g345/B (sky130_fd_sc_hd__nand2_1)
     2    0.005181    0.045396    0.064320    2.587501 v g345/Y (sky130_fd_sc_hd__nand2_1)
                                                         n361 (net)
                      0.045396    0.000136    2.587637 v g346/A (sky130_fd_sc_hd__nand2_1)
     3    0.008116    0.087603    0.091736    2.679373 ^ g346/Y (sky130_fd_sc_hd__nand2_1)
                                                         n362 (net)
                      0.087631    0.000108    2.679480 ^ g348/B (sky130_fd_sc_hd__nand2_1)
     1    0.002634    0.033448    0.060510    2.739990 v g348/Y (sky130_fd_sc_hd__nand2_1)
                                                         n364 (net)
                      0.033448    0.000079    2.740069 v g349/B (sky130_fd_sc_hd__nand2_1)
     2    0.005578    0.066020    0.076900    2.816969 ^ g349/Y (sky130_fd_sc_hd__nand2_1)
                                                         n365 (net)
                      0.066020    0.000142    2.817111 ^ g401/A (sky130_fd_sc_hd__nand2_1)
     3    0.008029    0.065597    0.082228    2.899339 v g401/Y (sky130_fd_sc_hd__nand2_1)
                                                         n417 (net)
                      0.065597    0.000130    2.899469 v g403/B (sky130_fd_sc_hd__nand2_1)
     1    0.002832    0.045421    0.073878    2.973347 ^ g403/Y (sky130_fd_sc_hd__nand2_1)
                                                         n419 (net)
                      0.045422    0.000086    2.973433 ^ g404/B (sky130_fd_sc_hd__nand2_1)
     2    0.005086    0.044740    0.062919    3.036351 v g404/Y (sky130_fd_sc_hd__nand2_1)
                                                         n420 (net)
                      0.044740    0.000088    3.036439 v g405/A (sky130_fd_sc_hd__nand2_1)
     3    0.008327    0.089379    0.092848    3.129288 ^ g405/Y (sky130_fd_sc_hd__nand2_1)
                                                         n421 (net)
                      0.089380    0.000127    3.129414 ^ g409/B (sky130_fd_sc_hd__nand2_1)
     2    0.005492    0.053753    0.078235    3.207649 v g409/Y (sky130_fd_sc_hd__nand2_1)
                                                         n425 (net)
                      0.053753    0.000098    3.207747 v g414/B (sky130_fd_sc_hd__nand2_1)
     3    0.008319    0.089348    0.104321    3.312068 ^ g414/Y (sky130_fd_sc_hd__nand2_1)
                                                         n430 (net)
                      0.089348    0.000068    3.312136 ^ g418/B (sky130_fd_sc_hd__nand2_1)
     2    0.006231    0.057551    0.082475    3.394611 v g418/Y (sky130_fd_sc_hd__nand2_1)
                                                         n434 (net)
                      0.057551    0.000144    3.394755 v g423/B (sky130_fd_sc_hd__nand2_1)
     3    0.008418    0.090322    0.106780    3.501535 ^ g423/Y (sky130_fd_sc_hd__nand2_1)
                                                         n439 (net)
                      0.090322    0.000087    3.501623 ^ g425/B (sky130_fd_sc_hd__nand2_1)
     1    0.002914    0.036194    0.063075    3.564698 v g425/Y (sky130_fd_sc_hd__nand2_1)
                                                         n441 (net)
                      0.036194    0.000089    3.564787 v g426/B (sky130_fd_sc_hd__nand2_1)
     2    0.006415    0.073081    0.083615    3.648402 ^ g426/Y (sky130_fd_sc_hd__nand2_1)
                                                         n442 (net)
                      0.073081    0.000198    3.648600 ^ g478/A (sky130_fd_sc_hd__nand2_1)
     3    0.008400    0.068661    0.086802    3.735402 v g478/Y (sky130_fd_sc_hd__nand2_1)
                                                         n494 (net)
                      0.068661    0.000169    3.735571 v g480/B (sky130_fd_sc_hd__nand2_1)
     1    0.003114    0.047944    0.077252    3.812824 ^ g480/Y (sky130_fd_sc_hd__nand2_1)
                                                         n496 (net)
                      0.047944    0.000099    3.812922 ^ g481/B (sky130_fd_sc_hd__nand2_1)
     2    0.005094    0.044723    0.063785    3.876708 v g481/Y (sky130_fd_sc_hd__nand2_1)
                                                         n497 (net)
                      0.044723    0.000082    3.876789 v g482/A (sky130_fd_sc_hd__nand2_1)
     3    0.008360    0.089671    0.093088    3.969877 ^ g482/Y (sky130_fd_sc_hd__nand2_1)
                                                         n498 (net)
                      0.089671    0.000064    3.969940 ^ g486/B (sky130_fd_sc_hd__nand2_1)
     2    0.005380    0.053623    0.077671    4.047611 v g486/Y (sky130_fd_sc_hd__nand2_1)
                                                         n502 (net)
                      0.053623    0.000095    4.047706 v g491/B (sky130_fd_sc_hd__nand2_1)
     3    0.008095    0.087447    0.102796    4.150502 ^ g491/Y (sky130_fd_sc_hd__nand2_1)
                                                         n507 (net)
                      0.087447    0.000063    4.150565 ^ g495/B (sky130_fd_sc_hd__nand2_1)
     2    0.005279    0.052412    0.076442    4.227007 v g495/Y (sky130_fd_sc_hd__nand2_1)
                                                         n511 (net)
                      0.052412    0.000091    4.227098 v g500/B (sky130_fd_sc_hd__nand2_1)
     3    0.008466    0.090594    0.104647    4.331745 ^ g500/Y (sky130_fd_sc_hd__nand2_1)
                                                         n516 (net)
                      0.090594    0.000069    4.331814 ^ g504/B (sky130_fd_sc_hd__nand2_1)
     2    0.005406    0.052611    0.078082    4.409896 v g504/Y (sky130_fd_sc_hd__nand2_1)
                                                         n520 (net)
                      0.052611    0.000134    4.410030 v g509/B (sky130_fd_sc_hd__nand2_1)
     3    0.008274    0.088943    0.103476    4.513505 ^ g509/Y (sky130_fd_sc_hd__nand2_1)
                                                         n525 (net)
                      0.088972    0.000154    4.513660 ^ g513/B (sky130_fd_sc_hd__nand2_1)
     2    0.005475    0.053871    0.077996    4.591656 v g513/Y (sky130_fd_sc_hd__nand2_1)
                                                         n529 (net)
                      0.053871    0.000152    4.591808 v g518/B (sky130_fd_sc_hd__nand2_1)
     3    0.008198    0.088334    0.103615    4.695423 ^ g518/Y (sky130_fd_sc_hd__nand2_1)
                                                         n534 (net)
                      0.088334    0.000062    4.695485 ^ g522/B (sky130_fd_sc_hd__nand2_1)
     2    0.005695    0.055897    0.079092    4.774576 v g522/Y (sky130_fd_sc_hd__nand2_1)
                                                         n538 (net)
                      0.055897    0.000135    4.774711 v g527/B (sky130_fd_sc_hd__nand2_1)
     3    0.008573    0.091563    0.107008    4.881719 ^ g527/Y (sky130_fd_sc_hd__nand2_1)
                                                         n543 (net)
                      0.091563    0.000115    4.881834 ^ g529/B (sky130_fd_sc_hd__nand2_1)
     1    0.002545    0.033445    0.060900    4.942734 v g529/Y (sky130_fd_sc_hd__nand2_1)
                                                         n545 (net)
                      0.033445    0.000054    4.942788 v g530/B (sky130_fd_sc_hd__nand2_1)
     2    0.005648    0.066611    0.077354    5.020142 ^ g530/Y (sky130_fd_sc_hd__nand2_1)
                                                         n546 (net)
                      0.066611    0.000156    5.020298 ^ g582/A (sky130_fd_sc_hd__nand2_1)
     3    0.007593    0.062892    0.080029    5.100327 v g582/Y (sky130_fd_sc_hd__nand2_1)
                                                         n598 (net)
                      0.062892    0.000076    5.100403 v g584/B (sky130_fd_sc_hd__nand2_1)
     1    0.002774    0.044588    0.072235    5.172637 ^ g584/Y (sky130_fd_sc_hd__nand2_1)
                                                         n600 (net)
                      0.044588    0.000057    5.172694 ^ g585/B (sky130_fd_sc_hd__nand2_1)
     2    0.005540    0.047684    0.065076    5.237771 v g585/Y (sky130_fd_sc_hd__nand2_1)
                                                         n601 (net)
                      0.047684    0.000129    5.237900 v g586/A (sky130_fd_sc_hd__nand2_1)
     3    0.008095    0.087428    0.092603    5.330503 ^ g586/Y (sky130_fd_sc_hd__nand2_1)
                                                         n602 (net)
                      0.087456    0.000112    5.330615 ^ g588/B (sky130_fd_sc_hd__nand2_1)
     1    0.002598    0.033220    0.060235    5.390850 v g588/Y (sky130_fd_sc_hd__nand2_1)
                                                         n604 (net)
                      0.033220    0.000055    5.390905 v g589/B (sky130_fd_sc_hd__nand2_1)
     1    0.012390    0.124219    0.120746    5.511651 ^ g589/Y (sky130_fd_sc_hd__nand2_1)
                                                         p[13] (net)
                      0.124221    0.000378    5.512028 ^ p[13] (out)
                                              5.512028   data arrival time

                      0.000000   10.000000   10.000000   clock __VIRTUAL_CLK__ (rise edge)
                                  0.000000   10.000000   clock network delay (ideal)
                                  0.000000   10.000000   clock reconvergence pessimism
                                  0.000000   10.000000   output external delay
                                             10.000000   data required time
---------------------------------------------------------------------------------------------
                                             10.000000   data required time
                                             -5.512028   data arrival time
---------------------------------------------------------------------------------------------
                                              4.487972   slack (MET)


Startpoint: b[1] (input port clocked by __VIRTUAL_CLK__)
Endpoint: p[12] (output port clocked by __VIRTUAL_CLK__)
Path Group: __VIRTUAL_CLK__
Path Type: max

Fanout         Cap        Slew       Delay        Time   Description
---------------------------------------------------------------------------------------------
                      0.000000    0.000000    0.000000   clock __VIRTUAL_CLK__ (rise edge)
                                  0.000000    0.000000   clock network delay (ideal)
                                  0.000000    0.000000 ^ input external delay
     8    0.030864    0.144220    0.105105    0.105105 ^ b[1] (in)
                                                         b[1] (net)
                      0.144238    0.000000    0.105105 ^ g18/B (sky130_fd_sc_hd__nand2_1)
     1    0.003055    0.049002    0.075887    0.180992 v g18/Y (sky130_fd_sc_hd__nand2_1)
                                                         n34 (net)
                      0.049002    0.000092    0.181084 v g19/A (sky130_fd_sc_hd__inv_1)
     2    0.005660    0.055169    0.070024    0.251108 ^ g19/Y (sky130_fd_sc_hd__inv_1)
                                                         n35 (net)
                      0.055169    0.000146    0.251254 ^ g133/B (sky130_fd_sc_hd__nand2_1)
     3    0.007721    0.062512    0.080429    0.331683 v g133/Y (sky130_fd_sc_hd__nand2_1)
                                                         n149 (net)
                      0.062512    0.000079    0.331763 v g134/B (sky130_fd_sc_hd__nand2_1)
     1    0.003100    0.046975    0.074278    0.406041 ^ g134/Y (sky130_fd_sc_hd__nand2_1)
                                                         n150 (net)
                      0.046975    0.000098    0.406139 ^ g136/A (sky130_fd_sc_hd__nand2_1)
     2    0.005409    0.046831    0.061326    0.467465 v g136/Y (sky130_fd_sc_hd__nand2_1)
                                                         n152 (net)
                      0.046831    0.000100    0.467566 v g137/A (sky130_fd_sc_hd__nand2_1)
     3    0.008801    0.093397    0.096909    0.564475 ^ g137/Y (sky130_fd_sc_hd__nand2_1)
                                                         n153 (net)
                      0.093398    0.000150    0.564625 ^ g141/B (sky130_fd_sc_hd__nand2_1)
     2    0.005074    0.050897    0.076990    0.641615 v g141/Y (sky130_fd_sc_hd__nand2_1)
                                                         n157 (net)
                      0.050897    0.000086    0.641700 v g146/B (sky130_fd_sc_hd__nand2_1)
     3    0.008019    0.086774    0.101014    0.742715 ^ g146/Y (sky130_fd_sc_hd__nand2_1)
                                                         n162 (net)
                      0.086774    0.000109    0.742824 ^ g148/B (sky130_fd_sc_hd__nand2_1)
     1    0.002611    0.033205    0.060139    0.802963 v g148/Y (sky130_fd_sc_hd__nand2_1)
                                                         n164 (net)
                      0.033205    0.000078    0.803041 v g149/B (sky130_fd_sc_hd__nand2_1)
     2    0.005901    0.068734    0.078879    0.881920 ^ g149/Y (sky130_fd_sc_hd__nand2_1)
                                                         n165 (net)
                      0.068734    0.000165    0.882084 ^ g197/A (sky130_fd_sc_hd__nand2_1)
     3    0.007589    0.063164    0.080706    0.962790 v g197/Y (sky130_fd_sc_hd__nand2_1)
                                                         n213 (net)
                      0.063164    0.000150    0.962940 v g199/B (sky130_fd_sc_hd__nand2_1)
     1    0.002866    0.045320    0.072987    1.035927 ^ g199/Y (sky130_fd_sc_hd__nand2_1)
                                                         n215 (net)
                      0.045320    0.000087    1.036014 ^ g200/B (sky130_fd_sc_hd__nand2_1)
     2    0.005278    0.045984    0.063913    1.099926 v g200/Y (sky130_fd_sc_hd__nand2_1)
                                                         n216 (net)
                      0.045984    0.000085    1.100011 v g201/A (sky130_fd_sc_hd__nand2_1)
     3    0.008578    0.091501    0.095079    1.195090 ^ g201/Y (sky130_fd_sc_hd__nand2_1)
                                                         n217 (net)
                      0.091501    0.000099    1.195189 ^ g205/B (sky130_fd_sc_hd__nand2_1)
     2    0.006030    0.056329    0.081933    1.277122 v g205/Y (sky130_fd_sc_hd__nand2_1)
                                                         n221 (net)
                      0.056329    0.000179    1.277301 v g210/B (sky130_fd_sc_hd__nand2_1)
     3    0.008504    0.091000    0.106763    1.384064 ^ g210/Y (sky130_fd_sc_hd__nand2_1)
                                                         n226 (net)
                      0.091000    0.000097    1.384161 ^ g212/B (sky130_fd_sc_hd__nand2_1)
     1    0.002462    0.033473    0.060199    1.444359 v g212/Y (sky130_fd_sc_hd__nand2_1)
                                                         n228 (net)
                      0.033473    0.000051    1.444410 v g213/B (sky130_fd_sc_hd__nand2_1)
     2    0.006502    0.073817    0.082906    1.527316 ^ g213/Y (sky130_fd_sc_hd__nand2_1)
                                                         n229 (net)
                      0.073841    0.000198    1.527514 ^ g265/A (sky130_fd_sc_hd__nand2_1)
     3    0.008051    0.066759    0.085066    1.612579 v g265/Y (sky130_fd_sc_hd__nand2_1)
                                                         n281 (net)
                      0.066759    0.000182    1.612761 v g267/B (sky130_fd_sc_hd__nand2_1)
     1    0.002653    0.044271    0.073184    1.685945 ^ g267/Y (sky130_fd_sc_hd__nand2_1)
                                                         n283 (net)
                      0.044271    0.000055    1.686000 ^ g268/B (sky130_fd_sc_hd__nand2_1)
     2    0.005336    0.046284    0.063865    1.749865 v g268/Y (sky130_fd_sc_hd__nand2_1)
                                                         n284 (net)
                      0.046284    0.000138    1.750004 v g269/A (sky130_fd_sc_hd__nand2_1)
     3    0.008568    0.091430    0.095124    1.845128 ^ g269/Y (sky130_fd_sc_hd__nand2_1)
                                                         n285 (net)
                      0.091430    0.000115    1.845243 ^ g273/B (sky130_fd_sc_hd__nand2_1)
     2    0.005455    0.053575    0.078608    1.923851 v g273/Y (sky130_fd_sc_hd__nand2_1)
                                                         n289 (net)
                      0.053575    0.000131    1.923982 v g278/B (sky130_fd_sc_hd__nand2_1)
     3    0.009119    0.096118    0.109421    2.033403 ^ g278/Y (sky130_fd_sc_hd__nand2_1)
                                                         n294 (net)
                      0.096118    0.000132    2.033535 ^ g282/B (sky130_fd_sc_hd__nand2_1)
     2    0.005817    0.055161    0.082096    2.115632 v g282/Y (sky130_fd_sc_hd__nand2_1)
                                                         n298 (net)
                      0.055161    0.000095    2.115726 v g287/B (sky130_fd_sc_hd__nand2_1)
     3    0.008683    0.092495    0.107362    2.223088 ^ g287/Y (sky130_fd_sc_hd__nand2_1)
                                                         n303 (net)
                      0.092495    0.000156    2.223244 ^ g289/B (sky130_fd_sc_hd__nand2_1)
     1    0.002403    0.032893    0.060161    2.283405 v g289/Y (sky130_fd_sc_hd__nand2_1)
                                                         n305 (net)
                      0.032893    0.000049    2.283454 v g290/B (sky130_fd_sc_hd__nand2_1)
     2    0.005956    0.069198    0.079092    2.362546 ^ g290/Y (sky130_fd_sc_hd__nand2_1)
                                                         n306 (net)
                      0.069198    0.000172    2.362717 ^ g342/A (sky130_fd_sc_hd__nand2_1)
     3    0.008071    0.066276    0.083565    2.446283 v g342/Y (sky130_fd_sc_hd__nand2_1)
                                                         n358 (net)
                      0.066276    0.000122    2.446405 v g344/B (sky130_fd_sc_hd__nand2_1)
     1    0.003194    0.048211    0.076703    2.523108 ^ g344/Y (sky130_fd_sc_hd__nand2_1)
                                                         n360 (net)
                      0.048211    0.000073    2.523181 ^ g345/B (sky130_fd_sc_hd__nand2_1)
     2    0.005181    0.045396    0.064320    2.587501 v g345/Y (sky130_fd_sc_hd__nand2_1)
                                                         n361 (net)
                      0.045396    0.000136    2.587637 v g346/A (sky130_fd_sc_hd__nand2_1)
     3    0.008116    0.087603    0.091736    2.679373 ^ g346/Y (sky130_fd_sc_hd__nand2_1)
                                                         n362 (net)
                      0.087631    0.000108    2.679480 ^ g348/B (sky130_fd_sc_hd__nand2_1)
     1    0.002634    0.033448    0.060510    2.739990 v g348/Y (sky130_fd_sc_hd__nand2_1)
                                                         n364 (net)
                      0.033448    0.000079    2.740069 v g349/B (sky130_fd_sc_hd__nand2_1)
     2    0.005578    0.066020    0.076900    2.816969 ^ g349/Y (sky130_fd_sc_hd__nand2_1)
                                                         n365 (net)
                      0.066020    0.000142    2.817111 ^ g401/A (sky130_fd_sc_hd__nand2_1)
     3    0.008029    0.065597    0.082228    2.899339 v g401/Y (sky130_fd_sc_hd__nand2_1)
                                                         n417 (net)
                      0.065597    0.000130    2.899469 v g403/B (sky130_fd_sc_hd__nand2_1)
     1    0.002832    0.045421    0.073878    2.973347 ^ g403/Y (sky130_fd_sc_hd__nand2_1)
                                                         n419 (net)
                      0.045422    0.000086    2.973433 ^ g404/B (sky130_fd_sc_hd__nand2_1)
     2    0.005086    0.044740    0.062919    3.036351 v g404/Y (sky130_fd_sc_hd__nand2_1)
                                                         n420 (net)
                      0.044740    0.000088    3.036439 v g405/A (sky130_fd_sc_hd__nand2_1)
     3    0.008327    0.089379    0.092848    3.129288 ^ g405/Y (sky130_fd_sc_hd__nand2_1)
                                                         n421 (net)
                      0.089380    0.000127    3.129414 ^ g409/B (sky130_fd_sc_hd__nand2_1)
     2    0.005492    0.053753    0.078235    3.207649 v g409/Y (sky130_fd_sc_hd__nand2_1)
                                                         n425 (net)
                      0.053753    0.000098    3.207747 v g414/B (sky130_fd_sc_hd__nand2_1)
     3    0.008319    0.089348    0.104321    3.312068 ^ g414/Y (sky130_fd_sc_hd__nand2_1)
                                                         n430 (net)
                      0.089348    0.000068    3.312136 ^ g418/B (sky130_fd_sc_hd__nand2_1)
     2    0.006231    0.057551    0.082475    3.394611 v g418/Y (sky130_fd_sc_hd__nand2_1)
                                                         n434 (net)
                      0.057551    0.000144    3.394755 v g423/B (sky130_fd_sc_hd__nand2_1)
     3    0.008418    0.090322    0.106780    3.501535 ^ g423/Y (sky130_fd_sc_hd__nand2_1)
                                                         n439 (net)
                      0.090322    0.000087    3.501623 ^ g425/B (sky130_fd_sc_hd__nand2_1)
     1    0.002914    0.036194    0.063075    3.564698 v g425/Y (sky130_fd_sc_hd__nand2_1)
                                                         n441 (net)
                      0.036194    0.000089    3.564787 v g426/B (sky130_fd_sc_hd__nand2_1)
     2    0.006415    0.073081    0.083615    3.648402 ^ g426/Y (sky130_fd_sc_hd__nand2_1)
                                                         n442 (net)
                      0.073081    0.000198    3.648600 ^ g478/A (sky130_fd_sc_hd__nand2_1)
     3    0.008400    0.068661    0.086802    3.735402 v g478/Y (sky130_fd_sc_hd__nand2_1)
                                                         n494 (net)
                      0.068661    0.000169    3.735571 v g480/B (sky130_fd_sc_hd__nand2_1)
     1    0.003114    0.047944    0.077252    3.812824 ^ g480/Y (sky130_fd_sc_hd__nand2_1)
                                                         n496 (net)
                      0.047944    0.000099    3.812922 ^ g481/B (sky130_fd_sc_hd__nand2_1)
     2    0.005094    0.044723    0.063785    3.876708 v g481/Y (sky130_fd_sc_hd__nand2_1)
                                                         n497 (net)
                      0.044723    0.000082    3.876789 v g482/A (sky130_fd_sc_hd__nand2_1)
     3    0.008360    0.089671    0.093088    3.969877 ^ g482/Y (sky130_fd_sc_hd__nand2_1)
                                                         n498 (net)
                      0.089671    0.000093    3.969970 ^ g484/B (sky130_fd_sc_hd__nand2_1)
     1    0.002859    0.034994    0.062533    4.032503 v g484/Y (sky130_fd_sc_hd__nand2_1)
                                                         n500 (net)
                      0.034994    0.000087    4.032590 v g485/B (sky130_fd_sc_hd__nand2_1)
     2    0.005462    0.065043    0.076870    4.109460 ^ g485/Y (sky130_fd_sc_hd__nand2_1)
                                                         n501 (net)
                      0.065043    0.000150    4.109610 ^ g537/A (sky130_fd_sc_hd__nand2_1)
     3    0.007735    0.063595    0.080252    4.189861 v g537/Y (sky130_fd_sc_hd__nand2_1)
                                                         n553 (net)
                      0.063595    0.000105    4.189967 v g539/B (sky130_fd_sc_hd__nand2_1)
     1    0.003205    0.047916    0.075508    4.265475 ^ g539/Y (sky130_fd_sc_hd__nand2_1)
                                                         n555 (net)
                      0.047916    0.000099    4.265574 ^ g540/B (sky130_fd_sc_hd__nand2_1)
     2    0.005385    0.046639    0.065356    4.330929 v g540/Y (sky130_fd_sc_hd__nand2_1)
                                                         n556 (net)
                      0.046639    0.000081    4.331010 v g541/A (sky130_fd_sc_hd__nand2_1)
     3    0.008941    0.094585    0.097792    4.428802 ^ g541/Y (sky130_fd_sc_hd__nand2_1)
                                                         n557 (net)
                      0.094585    0.000087    4.428888 ^ g545/B (sky130_fd_sc_hd__nand2_1)
     2    0.005190    0.051590    0.078006    4.506895 v g545/Y (sky130_fd_sc_hd__nand2_1)
                                                         n561 (net)
                      0.051590    0.000094    4.506989 v g550/B (sky130_fd_sc_hd__nand2_1)
     3    0.008077    0.087268    0.101716    4.608704 ^ g550/Y (sky130_fd_sc_hd__nand2_1)
                                                         n566 (net)
                      0.087296    0.000119    4.608823 ^ g554/B (sky130_fd_sc_hd__nand2_1)
     2    0.005460    0.053055    0.077440    4.686263 v g554/Y (sky130_fd_sc_hd__nand2_1)
                                                         n570 (net)
                      0.053055    0.000094    4.686357 v g559/B (sky130_fd_sc_hd__nand2_1)
     3    0.008276    0.088966    0.103701    4.790058 ^ g559/Y (sky130_fd_sc_hd__nand2_1)
                                                         n575 (net)
                      0.088995    0.000126    4.790184 ^ g563/B (sky130_fd_sc_hd__nand2_1)
     2    0.005139    0.051014    0.076095    4.866279 v g563/Y (sky130_fd_sc_hd__nand2_1)
                                                         n579 (net)
                      0.051014    0.000093    4.866372 v g568/B (sky130_fd_sc_hd__nand2_1)
     3    0.008057    0.087102    0.101321    4.967693 ^ g568/Y (sky130_fd_sc_hd__nand2_1)
                                                         n584 (net)
                      0.087130    0.000119    4.967812 ^ g572/B (sky130_fd_sc_hd__nand2_1)
     2    0.005290    0.051805    0.076421    5.044233 v g572/Y (sky130_fd_sc_hd__nand2_1)
                                                         n588 (net)
                      0.051805    0.000099    5.044332 v g577/B (sky130_fd_sc_hd__nand2_1)
     3    0.008273    0.088934    0.103120    5.147451 ^ g577/Y (sky130_fd_sc_hd__nand2_1)
                                                         n593 (net)
                      0.088934    0.000055    5.147506 ^ g579/B (sky130_fd_sc_hd__nand2_1)
     1    0.003087    0.036208    0.063881    5.211388 v g579/Y (sky130_fd_sc_hd__nand2_1)
                                                         n595 (net)
                      0.036208    0.000071    5.211459 v g580/B (sky130_fd_sc_hd__nand2_1)
     1    0.011864    0.119673    0.118776    5.330235 ^ g580/Y (sky130_fd_sc_hd__nand2_1)
                                                         p[12] (net)
                      0.119674    0.000342    5.330576 ^ p[12] (out)
                                              5.330576   data arrival time

                      0.000000   10.000000   10.000000   clock __VIRTUAL_CLK__ (rise edge)
                                  0.000000   10.000000   clock network delay (ideal)
                                  0.000000   10.000000   clock reconvergence pessimism
                                  0.000000   10.000000   output external delay
                                             10.000000   data required time
---------------------------------------------------------------------------------------------
                                             10.000000   data required time
                                             -5.330576   data arrival time
---------------------------------------------------------------------------------------------
                                              4.669424   slack (MET)


Startpoint: b[1] (input port clocked by __VIRTUAL_CLK__)
Endpoint: p[11] (output port clocked by __VIRTUAL_CLK__)
Path Group: __VIRTUAL_CLK__
Path Type: max

Fanout         Cap        Slew       Delay        Time   Description
---------------------------------------------------------------------------------------------
                      0.000000    0.000000    0.000000   clock __VIRTUAL_CLK__ (rise edge)
                                  0.000000    0.000000   clock network delay (ideal)
                                  0.000000    0.000000 ^ input external delay
     8    0.030864    0.144220    0.105105    0.105105 ^ b[1] (in)
                                                         b[1] (net)
                      0.144238    0.000000    0.105105 ^ g18/B (sky130_fd_sc_hd__nand2_1)
     1    0.003055    0.049002    0.075887    0.180992 v g18/Y (sky130_fd_sc_hd__nand2_1)
                                                         n34 (net)
                      0.049002    0.000092    0.181084 v g19/A (sky130_fd_sc_hd__inv_1)
     2    0.005660    0.055169    0.070024    0.251108 ^ g19/Y (sky130_fd_sc_hd__inv_1)
                                                         n35 (net)
                      0.055169    0.000146    0.251254 ^ g133/B (sky130_fd_sc_hd__nand2_1)
     3    0.007721    0.062512    0.080429    0.331683 v g133/Y (sky130_fd_sc_hd__nand2_1)
                                                         n149 (net)
                      0.062512    0.000079    0.331763 v g134/B (sky130_fd_sc_hd__nand2_1)
     1    0.003100    0.046975    0.074278    0.406041 ^ g134/Y (sky130_fd_sc_hd__nand2_1)
                                                         n150 (net)
                      0.046975    0.000098    0.406139 ^ g136/A (sky130_fd_sc_hd__nand2_1)
     2    0.005409    0.046831    0.061326    0.467465 v g136/Y (sky130_fd_sc_hd__nand2_1)
                                                         n152 (net)
                      0.046831    0.000100    0.467566 v g137/A (sky130_fd_sc_hd__nand2_1)
     3    0.008801    0.093397    0.096909    0.564475 ^ g137/Y (sky130_fd_sc_hd__nand2_1)
                                                         n153 (net)
                      0.093398    0.000150    0.564625 ^ g141/B (sky130_fd_sc_hd__nand2_1)
     2    0.005074    0.050897    0.076990    0.641615 v g141/Y (sky130_fd_sc_hd__nand2_1)
                                                         n157 (net)
                      0.050897    0.000086    0.641700 v g146/B (sky130_fd_sc_hd__nand2_1)
     3    0.008019    0.086774    0.101014    0.742715 ^ g146/Y (sky130_fd_sc_hd__nand2_1)
                                                         n162 (net)
                      0.086774    0.000109    0.742824 ^ g148/B (sky130_fd_sc_hd__nand2_1)
     1    0.002611    0.033205    0.060139    0.802963 v g148/Y (sky130_fd_sc_hd__nand2_1)
                                                         n164 (net)
                      0.033205    0.000078    0.803041 v g149/B (sky130_fd_sc_hd__nand2_1)
     2    0.005901    0.068734    0.078879    0.881920 ^ g149/Y (sky130_fd_sc_hd__nand2_1)
                                                         n165 (net)
                      0.068734    0.000165    0.882084 ^ g197/A (sky130_fd_sc_hd__nand2_1)
     3    0.007589    0.063164    0.080706    0.962790 v g197/Y (sky130_fd_sc_hd__nand2_1)
                                                         n213 (net)
                      0.063164    0.000150    0.962940 v g199/B (sky130_fd_sc_hd__nand2_1)
     1    0.002866    0.045320    0.072987    1.035927 ^ g199/Y (sky130_fd_sc_hd__nand2_1)
                                                         n215 (net)
                      0.045320    0.000087    1.036014 ^ g200/B (sky130_fd_sc_hd__nand2_1)
     2    0.005278    0.045984    0.063913    1.099926 v g200/Y (sky130_fd_sc_hd__nand2_1)
                                                         n216 (net)
                      0.045984    0.000085    1.100011 v g201/A (sky130_fd_sc_hd__nand2_1)
     3    0.008578    0.091501    0.095079    1.195090 ^ g201/Y (sky130_fd_sc_hd__nand2_1)
                                                         n217 (net)
                      0.091501    0.000099    1.195189 ^ g205/B (sky130_fd_sc_hd__nand2_1)
     2    0.006030    0.056329    0.081933    1.277122 v g205/Y (sky130_fd_sc_hd__nand2_1)
                                                         n221 (net)
                      0.056329    0.000179    1.277301 v g210/B (sky130_fd_sc_hd__nand2_1)
     3    0.008504    0.091000    0.106763    1.384064 ^ g210/Y (sky130_fd_sc_hd__nand2_1)
                                                         n226 (net)
                      0.091000    0.000097    1.384161 ^ g212/B (sky130_fd_sc_hd__nand2_1)
     1    0.002462    0.033473    0.060199    1.444359 v g212/Y (sky130_fd_sc_hd__nand2_1)
                                                         n228 (net)
                      0.033473    0.000051    1.444410 v g213/B (sky130_fd_sc_hd__nand2_1)
     2    0.006502    0.073817    0.082906    1.527316 ^ g213/Y (sky130_fd_sc_hd__nand2_1)
                                                         n229 (net)
                      0.073841    0.000198    1.527514 ^ g265/A (sky130_fd_sc_hd__nand2_1)
     3    0.008051    0.066759    0.085066    1.612579 v g265/Y (sky130_fd_sc_hd__nand2_1)
                                                         n281 (net)
                      0.066759    0.000182    1.612761 v g267/B (sky130_fd_sc_hd__nand2_1)
     1    0.002653    0.044271    0.073184    1.685945 ^ g267/Y (sky130_fd_sc_hd__nand2_1)
                                                         n283 (net)
                      0.044271    0.000055    1.686000 ^ g268/B (sky130_fd_sc_hd__nand2_1)
     2    0.005336    0.046284    0.063865    1.749865 v g268/Y (sky130_fd_sc_hd__nand2_1)
                                                         n284 (net)
                      0.046284    0.000138    1.750004 v g269/A (sky130_fd_sc_hd__nand2_1)
     3    0.008568    0.091430    0.095124    1.845128 ^ g269/Y (sky130_fd_sc_hd__nand2_1)
                                                         n285 (net)
                      0.091430    0.000115    1.845243 ^ g273/B (sky130_fd_sc_hd__nand2_1)
     2    0.005455    0.053575    0.078608    1.923851 v g273/Y (sky130_fd_sc_hd__nand2_1)
                                                         n289 (net)
                      0.053575    0.000131    1.923982 v g278/B (sky130_fd_sc_hd__nand2_1)
     3    0.009119    0.096118    0.109421    2.033403 ^ g278/Y (sky130_fd_sc_hd__nand2_1)
                                                         n294 (net)
                      0.096118    0.000132    2.033535 ^ g282/B (sky130_fd_sc_hd__nand2_1)
     2    0.005817    0.055161    0.082096    2.115632 v g282/Y (sky130_fd_sc_hd__nand2_1)
                                                         n298 (net)
                      0.055161    0.000095    2.115726 v g287/B (sky130_fd_sc_hd__nand2_1)
     3    0.008683    0.092495    0.107362    2.223088 ^ g287/Y (sky130_fd_sc_hd__nand2_1)
                                                         n303 (net)
                      0.092495    0.000156    2.223244 ^ g289/B (sky130_fd_sc_hd__nand2_1)
     1    0.002403    0.032893    0.060161    2.283405 v g289/Y (sky130_fd_sc_hd__nand2_1)
                                                         n305 (net)
                      0.032893    0.000049    2.283454 v g290/B (sky130_fd_sc_hd__nand2_1)
     2    0.005956    0.069198    0.079092    2.362546 ^ g290/Y (sky130_fd_sc_hd__nand2_1)
                                                         n306 (net)
                      0.069198    0.000172    2.362717 ^ g342/A (sky130_fd_sc_hd__nand2_1)
     3    0.008071    0.066276    0.083565    2.446283 v g342/Y (sky130_fd_sc_hd__nand2_1)
                                                         n358 (net)
                      0.066276    0.000122    2.446405 v g344/B (sky130_fd_sc_hd__nand2_1)
     1    0.003194    0.048211    0.076703    2.523108 ^ g344/Y (sky130_fd_sc_hd__nand2_1)
                                                         n360 (net)
                      0.048211    0.000073    2.523181 ^ g345/B (sky130_fd_sc_hd__nand2_1)
     2    0.005181    0.045396    0.064320    2.587501 v g345/Y (sky130_fd_sc_hd__nand2_1)
                                                         n361 (net)
                      0.045396    0.000136    2.587637 v g346/A (sky130_fd_sc_hd__nand2_1)
     3    0.008116    0.087603    0.091736    2.679373 ^ g346/Y (sky130_fd_sc_hd__nand2_1)
                                                         n362 (net)
                      0.087631    0.000108    2.679480 ^ g348/B (sky130_fd_sc_hd__nand2_1)
     1    0.002634    0.033448    0.060510    2.739990 v g348/Y (sky130_fd_sc_hd__nand2_1)
                                                         n364 (net)
                      0.033448    0.000079    2.740069 v g349/B (sky130_fd_sc_hd__nand2_1)
     2    0.005578    0.066020    0.076900    2.816969 ^ g349/Y (sky130_fd_sc_hd__nand2_1)
                                                         n365 (net)
                      0.066020    0.000142    2.817111 ^ g401/A (sky130_fd_sc_hd__nand2_1)
     3    0.008029    0.065597    0.082228    2.899339 v g401/Y (sky130_fd_sc_hd__nand2_1)
                                                         n417 (net)
                      0.065597    0.000130    2.899469 v g403/B (sky130_fd_sc_hd__nand2_1)
     1    0.002832    0.045421    0.073878    2.973347 ^ g403/Y (sky130_fd_sc_hd__nand2_1)
                                                         n419 (net)
                      0.045422    0.000086    2.973433 ^ g404/B (sky130_fd_sc_hd__nand2_1)
     2    0.005086    0.044740    0.062919    3.036351 v g404/Y (sky130_fd_sc_hd__nand2_1)
                                                         n420 (net)
                      0.044740    0.000088    3.036439 v g405/A (sky130_fd_sc_hd__nand2_1)
     3    0.008327    0.089379    0.092848    3.129288 ^ g405/Y (sky130_fd_sc_hd__nand2_1)
                                                         n421 (net)
                      0.089380    0.000127    3.129414 ^ g409/B (sky130_fd_sc_hd__nand2_1)
     2    0.005492    0.053753    0.078235    3.207649 v g409/Y (sky130_fd_sc_hd__nand2_1)
                                                         n425 (net)
                      0.053753    0.000098    3.207747 v g414/B (sky130_fd_sc_hd__nand2_1)
     3    0.008319    0.089348    0.104321    3.312068 ^ g414/Y (sky130_fd_sc_hd__nand2_1)
                                                         n430 (net)
                      0.089348    0.000068    3.312136 ^ g418/B (sky130_fd_sc_hd__nand2_1)
     2    0.006231    0.057551    0.082475    3.394611 v g418/Y (sky130_fd_sc_hd__nand2_1)
                                                         n434 (net)
                      0.057551    0.000144    3.394755 v g423/B (sky130_fd_sc_hd__nand2_1)
     3    0.008418    0.090322    0.106780    3.501535 ^ g423/Y (sky130_fd_sc_hd__nand2_1)
                                                         n439 (net)
                      0.090322    0.000087    3.501623 ^ g425/B (sky130_fd_sc_hd__nand2_1)
     1    0.002914    0.036194    0.063075    3.564698 v g425/Y (sky130_fd_sc_hd__nand2_1)
                                                         n441 (net)
                      0.036194    0.000089    3.564787 v g426/B (sky130_fd_sc_hd__nand2_1)
     2    0.006415    0.073081    0.083615    3.648402 ^ g426/Y (sky130_fd_sc_hd__nand2_1)
                                                         n442 (net)
                      0.073081    0.000198    3.648600 ^ g478/A (sky130_fd_sc_hd__nand2_1)
     3    0.008400    0.068661    0.086802    3.735402 v g478/Y (sky130_fd_sc_hd__nand2_1)
                                                         n494 (net)
                      0.068661    0.000169    3.735571 v g480/B (sky130_fd_sc_hd__nand2_1)
     1    0.003114    0.047944    0.077252    3.812824 ^ g480/Y (sky130_fd_sc_hd__nand2_1)
                                                         n496 (net)
                      0.047944    0.000099    3.812922 ^ g481/B (sky130_fd_sc_hd__nand2_1)
     2    0.005094    0.044723    0.063785    3.876708 v g481/Y (sky130_fd_sc_hd__nand2_1)
                                                         n497 (net)
                      0.044723    0.000082    3.876789 v g482/A (sky130_fd_sc_hd__nand2_1)
     3    0.008360    0.089671    0.093088    3.969877 ^ g482/Y (sky130_fd_sc_hd__nand2_1)
                                                         n498 (net)
                      0.089671    0.000093    3.969970 ^ g484/B (sky130_fd_sc_hd__nand2_1)
     1    0.002859    0.034994    0.062533    4.032503 v g484/Y (sky130_fd_sc_hd__nand2_1)
                                                         n500 (net)
                      0.034994    0.000087    4.032590 v g485/B (sky130_fd_sc_hd__nand2_1)
     2    0.005462    0.065043    0.076870    4.109460 ^ g485/Y (sky130_fd_sc_hd__nand2_1)
                                                         n501 (net)
                      0.065043    0.000150    4.109610 ^ g537/A (sky130_fd_sc_hd__nand2_1)
     3    0.007735    0.063595    0.080252    4.189861 v g537/Y (sky130_fd_sc_hd__nand2_1)
                                                         n553 (net)
                      0.063595    0.000105    4.189967 v g539/B (sky130_fd_sc_hd__nand2_1)
     1    0.003205    0.047916    0.075508    4.265475 ^ g539/Y (sky130_fd_sc_hd__nand2_1)
                                                         n555 (net)
                      0.047916    0.000099    4.265574 ^ g540/B (sky130_fd_sc_hd__nand2_1)
     2    0.005385    0.046639    0.065356    4.330929 v g540/Y (sky130_fd_sc_hd__nand2_1)
                                                         n556 (net)
                      0.046639    0.000081    4.331010 v g541/A (sky130_fd_sc_hd__nand2_1)
     3    0.008941    0.094585    0.097792    4.428802 ^ g541/Y (sky130_fd_sc_hd__nand2_1)
                                                         n557 (net)
                      0.094585    0.000087    4.428888 ^ g545/B (sky130_fd_sc_hd__nand2_1)
     2    0.005190    0.051590    0.078006    4.506895 v g545/Y (sky130_fd_sc_hd__nand2_1)
                                                         n561 (net)
                      0.051590    0.000094    4.506989 v g550/B (sky130_fd_sc_hd__nand2_1)
     3    0.008077    0.087268    0.101716    4.608704 ^ g550/Y (sky130_fd_sc_hd__nand2_1)
                                                         n566 (net)
                      0.087296    0.000119    4.608823 ^ g554/B (sky130_fd_sc_hd__nand2_1)
     2    0.005460    0.053055    0.077440    4.686263 v g554/Y (sky130_fd_sc_hd__nand2_1)
                                                         n570 (net)
                      0.053055    0.000094    4.686357 v g559/B (sky130_fd_sc_hd__nand2_1)
     3    0.008276    0.088966    0.103701    4.790058 ^ g559/Y (sky130_fd_sc_hd__nand2_1)
                                                         n575 (net)
                      0.088995    0.000126    4.790184 ^ g563/B (sky130_fd_sc_hd__nand2_1)
     2    0.005139    0.051014    0.076095    4.866279 v g563/Y (sky130_fd_sc_hd__nand2_1)
                                                         n579 (net)
                      0.051014    0.000093    4.866372 v g568/B (sky130_fd_sc_hd__nand2_1)
     3    0.008057    0.087102    0.101321    4.967693 ^ g568/Y (sky130_fd_sc_hd__nand2_1)
                                                         n584 (net)
                      0.087130    0.000107    4.967800 ^ g570/B (sky130_fd_sc_hd__nand2_1)
     1    0.002735    0.033957    0.061053    5.028853 v g570/Y (sky130_fd_sc_hd__nand2_1)
                                                         n586 (net)
                      0.033957    0.000083    5.028935 v g571/B (sky130_fd_sc_hd__nand2_1)
     1    0.011347    0.115223    0.114427    5.143363 ^ g571/Y (sky130_fd_sc_hd__nand2_1)
                                                         p[11] (net)
                      0.115224    0.000302    5.143664 ^ p[11] (out)
                                              5.143664   data arrival time

                      0.000000   10.000000   10.000000   clock __VIRTUAL_CLK__ (rise edge)
                                  0.000000   10.000000   clock network delay (ideal)
                                  0.000000   10.000000   clock reconvergence pessimism
                                  0.000000   10.000000   output external delay
                                             10.000000   data required time
---------------------------------------------------------------------------------------------
                                             10.000000   data required time
                                             -5.143664   data arrival time
---------------------------------------------------------------------------------------------
                                              4.856336   slack (MET)


Startpoint: b[1] (input port clocked by __VIRTUAL_CLK__)
Endpoint: p[10] (output port clocked by __VIRTUAL_CLK__)
Path Group: __VIRTUAL_CLK__
Path Type: max

Fanout         Cap        Slew       Delay        Time   Description
---------------------------------------------------------------------------------------------
                      0.000000    0.000000    0.000000   clock __VIRTUAL_CLK__ (rise edge)
                                  0.000000    0.000000   clock network delay (ideal)
                                  0.000000    0.000000 ^ input external delay
     8    0.030864    0.144220    0.105105    0.105105 ^ b[1] (in)
                                                         b[1] (net)
                      0.144238    0.000000    0.105105 ^ g18/B (sky130_fd_sc_hd__nand2_1)
     1    0.003055    0.049002    0.075887    0.180992 v g18/Y (sky130_fd_sc_hd__nand2_1)
                                                         n34 (net)
                      0.049002    0.000092    0.181084 v g19/A (sky130_fd_sc_hd__inv_1)
     2    0.005660    0.055169    0.070024    0.251108 ^ g19/Y (sky130_fd_sc_hd__inv_1)
                                                         n35 (net)
                      0.055169    0.000146    0.251254 ^ g133/B (sky130_fd_sc_hd__nand2_1)
     3    0.007721    0.062512    0.080429    0.331683 v g133/Y (sky130_fd_sc_hd__nand2_1)
                                                         n149 (net)
                      0.062512    0.000079    0.331763 v g134/B (sky130_fd_sc_hd__nand2_1)
     1    0.003100    0.046975    0.074278    0.406041 ^ g134/Y (sky130_fd_sc_hd__nand2_1)
                                                         n150 (net)
                      0.046975    0.000098    0.406139 ^ g136/A (sky130_fd_sc_hd__nand2_1)
     2    0.005409    0.046831    0.061326    0.467465 v g136/Y (sky130_fd_sc_hd__nand2_1)
                                                         n152 (net)
                      0.046831    0.000100    0.467566 v g137/A (sky130_fd_sc_hd__nand2_1)
     3    0.008801    0.093397    0.096909    0.564475 ^ g137/Y (sky130_fd_sc_hd__nand2_1)
                                                         n153 (net)
                      0.093398    0.000150    0.564625 ^ g141/B (sky130_fd_sc_hd__nand2_1)
     2    0.005074    0.050897    0.076990    0.641615 v g141/Y (sky130_fd_sc_hd__nand2_1)
                                                         n157 (net)
                      0.050897    0.000086    0.641700 v g146/B (sky130_fd_sc_hd__nand2_1)
     3    0.008019    0.086774    0.101014    0.742715 ^ g146/Y (sky130_fd_sc_hd__nand2_1)
                                                         n162 (net)
                      0.086774    0.000109    0.742824 ^ g148/B (sky130_fd_sc_hd__nand2_1)
     1    0.002611    0.033205    0.060139    0.802963 v g148/Y (sky130_fd_sc_hd__nand2_1)
                                                         n164 (net)
                      0.033205    0.000078    0.803041 v g149/B (sky130_fd_sc_hd__nand2_1)
     2    0.005901    0.068734    0.078879    0.881920 ^ g149/Y (sky130_fd_sc_hd__nand2_1)
                                                         n165 (net)
                      0.068734    0.000165    0.882084 ^ g197/A (sky130_fd_sc_hd__nand2_1)
     3    0.007589    0.063164    0.080706    0.962790 v g197/Y (sky130_fd_sc_hd__nand2_1)
                                                         n213 (net)
                      0.063164    0.000150    0.962940 v g199/B (sky130_fd_sc_hd__nand2_1)
     1    0.002866    0.045320    0.072987    1.035927 ^ g199/Y (sky130_fd_sc_hd__nand2_1)
                                                         n215 (net)
                      0.045320    0.000087    1.036014 ^ g200/B (sky130_fd_sc_hd__nand2_1)
     2    0.005278    0.045984    0.063913    1.099926 v g200/Y (sky130_fd_sc_hd__nand2_1)
                                                         n216 (net)
                      0.045984    0.000085    1.100011 v g201/A (sky130_fd_sc_hd__nand2_1)
     3    0.008578    0.091501    0.095079    1.195090 ^ g201/Y (sky130_fd_sc_hd__nand2_1)
                                                         n217 (net)
                      0.091501    0.000099    1.195189 ^ g205/B (sky130_fd_sc_hd__nand2_1)
     2    0.006030    0.056329    0.081933    1.277122 v g205/Y (sky130_fd_sc_hd__nand2_1)
                                                         n221 (net)
                      0.056329    0.000179    1.277301 v g210/B (sky130_fd_sc_hd__nand2_1)
     3    0.008504    0.091000    0.106763    1.384064 ^ g210/Y (sky130_fd_sc_hd__nand2_1)
                                                         n226 (net)
                      0.091000    0.000097    1.384161 ^ g212/B (sky130_fd_sc_hd__nand2_1)
     1    0.002462    0.033473    0.060199    1.444359 v g212/Y (sky130_fd_sc_hd__nand2_1)
                                                         n228 (net)
                      0.033473    0.000051    1.444410 v g213/B (sky130_fd_sc_hd__nand2_1)
     2    0.006502    0.073817    0.082906    1.527316 ^ g213/Y (sky130_fd_sc_hd__nand2_1)
                                                         n229 (net)
                      0.073841    0.000198    1.527514 ^ g265/A (sky130_fd_sc_hd__nand2_1)
     3    0.008051    0.066759    0.085066    1.612579 v g265/Y (sky130_fd_sc_hd__nand2_1)
                                                         n281 (net)
                      0.066759    0.000182    1.612761 v g267/B (sky130_fd_sc_hd__nand2_1)
     1    0.002653    0.044271    0.073184    1.685945 ^ g267/Y (sky130_fd_sc_hd__nand2_1)
                                                         n283 (net)
                      0.044271    0.000055    1.686000 ^ g268/B (sky130_fd_sc_hd__nand2_1)
     2    0.005336    0.046284    0.063865    1.749865 v g268/Y (sky130_fd_sc_hd__nand2_1)
                                                         n284 (net)
                      0.046284    0.000138    1.750004 v g269/A (sky130_fd_sc_hd__nand2_1)
     3    0.008568    0.091430    0.095124    1.845128 ^ g269/Y (sky130_fd_sc_hd__nand2_1)
                                                         n285 (net)
                      0.091430    0.000115    1.845243 ^ g273/B (sky130_fd_sc_hd__nand2_1)
     2    0.005455    0.053575    0.078608    1.923851 v g273/Y (sky130_fd_sc_hd__nand2_1)
                                                         n289 (net)
                      0.053575    0.000131    1.923982 v g278/B (sky130_fd_sc_hd__nand2_1)
     3    0.009119    0.096118    0.109421    2.033403 ^ g278/Y (sky130_fd_sc_hd__nand2_1)
                                                         n294 (net)
                      0.096118    0.000132    2.033535 ^ g282/B (sky130_fd_sc_hd__nand2_1)
     2    0.005817    0.055161    0.082096    2.115632 v g282/Y (sky130_fd_sc_hd__nand2_1)
                                                         n298 (net)
                      0.055161    0.000095    2.115726 v g287/B (sky130_fd_sc_hd__nand2_1)
     3    0.008683    0.092495    0.107362    2.223088 ^ g287/Y (sky130_fd_sc_hd__nand2_1)
                                                         n303 (net)
                      0.092495    0.000156    2.223244 ^ g289/B (sky130_fd_sc_hd__nand2_1)
     1    0.002403    0.032893    0.060161    2.283405 v g289/Y (sky130_fd_sc_hd__nand2_1)
                                                         n305 (net)
                      0.032893    0.000049    2.283454 v g290/B (sky130_fd_sc_hd__nand2_1)
     2    0.005956    0.069198    0.079092    2.362546 ^ g290/Y (sky130_fd_sc_hd__nand2_1)
                                                         n306 (net)
                      0.069198    0.000172    2.362717 ^ g342/A (sky130_fd_sc_hd__nand2_1)
     3    0.008071    0.066276    0.083565    2.446283 v g342/Y (sky130_fd_sc_hd__nand2_1)
                                                         n358 (net)
                      0.066276    0.000122    2.446405 v g344/B (sky130_fd_sc_hd__nand2_1)
     1    0.003194    0.048211    0.076703    2.523108 ^ g344/Y (sky130_fd_sc_hd__nand2_1)
                                                         n360 (net)
                      0.048211    0.000073    2.523181 ^ g345/B (sky130_fd_sc_hd__nand2_1)
     2    0.005181    0.045396    0.064320    2.587501 v g345/Y (sky130_fd_sc_hd__nand2_1)
                                                         n361 (net)
                      0.045396    0.000136    2.587637 v g346/A (sky130_fd_sc_hd__nand2_1)
     3    0.008116    0.087603    0.091736    2.679373 ^ g346/Y (sky130_fd_sc_hd__nand2_1)
                                                         n362 (net)
                      0.087631    0.000108    2.679480 ^ g348/B (sky130_fd_sc_hd__nand2_1)
     1    0.002634    0.033448    0.060510    2.739990 v g348/Y (sky130_fd_sc_hd__nand2_1)
                                                         n364 (net)
                      0.033448    0.000079    2.740069 v g349/B (sky130_fd_sc_hd__nand2_1)
     2    0.005578    0.066020    0.076900    2.816969 ^ g349/Y (sky130_fd_sc_hd__nand2_1)
                                                         n365 (net)
                      0.066020    0.000142    2.817111 ^ g401/A (sky130_fd_sc_hd__nand2_1)
     3    0.008029    0.065597    0.082228    2.899339 v g401/Y (sky130_fd_sc_hd__nand2_1)
                                                         n417 (net)
                      0.065597    0.000130    2.899469 v g403/B (sky130_fd_sc_hd__nand2_1)
     1    0.002832    0.045421    0.073878    2.973347 ^ g403/Y (sky130_fd_sc_hd__nand2_1)
                                                         n419 (net)
                      0.045422    0.000086    2.973433 ^ g404/B (sky130_fd_sc_hd__nand2_1)
     2    0.005086    0.044740    0.062919    3.036351 v g404/Y (sky130_fd_sc_hd__nand2_1)
                                                         n420 (net)
                      0.044740    0.000088    3.036439 v g405/A (sky130_fd_sc_hd__nand2_1)
     3    0.008327    0.089379    0.092848    3.129288 ^ g405/Y (sky130_fd_sc_hd__nand2_1)
                                                         n421 (net)
                      0.089380    0.000127    3.129414 ^ g409/B (sky130_fd_sc_hd__nand2_1)
     2    0.005492    0.053753    0.078235    3.207649 v g409/Y (sky130_fd_sc_hd__nand2_1)
                                                         n425 (net)
                      0.053753    0.000098    3.207747 v g414/B (sky130_fd_sc_hd__nand2_1)
     3    0.008319    0.089348    0.104321    3.312068 ^ g414/Y (sky130_fd_sc_hd__nand2_1)
                                                         n430 (net)
                      0.089348    0.000068    3.312136 ^ g418/B (sky130_fd_sc_hd__nand2_1)
     2    0.006231    0.057551    0.082475    3.394611 v g418/Y (sky130_fd_sc_hd__nand2_1)
                                                         n434 (net)
                      0.057551    0.000144    3.394755 v g423/B (sky130_fd_sc_hd__nand2_1)
     3    0.008418    0.090322    0.106780    3.501535 ^ g423/Y (sky130_fd_sc_hd__nand2_1)
                                                         n439 (net)
                      0.090322    0.000087    3.501623 ^ g425/B (sky130_fd_sc_hd__nand2_1)
     1    0.002914    0.036194    0.063075    3.564698 v g425/Y (sky130_fd_sc_hd__nand2_1)
                                                         n441 (net)
                      0.036194    0.000089    3.564787 v g426/B (sky130_fd_sc_hd__nand2_1)
     2    0.006415    0.073081    0.083615    3.648402 ^ g426/Y (sky130_fd_sc_hd__nand2_1)
                                                         n442 (net)
                      0.073081    0.000198    3.648600 ^ g478/A (sky130_fd_sc_hd__nand2_1)
     3    0.008400    0.068661    0.086802    3.735402 v g478/Y (sky130_fd_sc_hd__nand2_1)
                                                         n494 (net)
                      0.068661    0.000169    3.735571 v g480/B (sky130_fd_sc_hd__nand2_1)
     1    0.003114    0.047944    0.077252    3.812824 ^ g480/Y (sky130_fd_sc_hd__nand2_1)
                                                         n496 (net)
                      0.047944    0.000099    3.812922 ^ g481/B (sky130_fd_sc_hd__nand2_1)
     2    0.005094    0.044723    0.063785    3.876708 v g481/Y (sky130_fd_sc_hd__nand2_1)
                                                         n497 (net)
                      0.044723    0.000082    3.876789 v g482/A (sky130_fd_sc_hd__nand2_1)
     3    0.008360    0.089671    0.093088    3.969877 ^ g482/Y (sky130_fd_sc_hd__nand2_1)
                                                         n498 (net)
                      0.089671    0.000093    3.969970 ^ g484/B (sky130_fd_sc_hd__nand2_1)
     1    0.002859    0.034994    0.062533    4.032503 v g484/Y (sky130_fd_sc_hd__nand2_1)
                                                         n500 (net)
                      0.034994    0.000087    4.032590 v g485/B (sky130_fd_sc_hd__nand2_1)
     2    0.005462    0.065043    0.076870    4.109460 ^ g485/Y (sky130_fd_sc_hd__nand2_1)
                                                         n501 (net)
                      0.065043    0.000150    4.109610 ^ g537/A (sky130_fd_sc_hd__nand2_1)
     3    0.007735    0.063595    0.080252    4.189861 v g537/Y (sky130_fd_sc_hd__nand2_1)
                                                         n553 (net)
                      0.063595    0.000105    4.189967 v g539/B (sky130_fd_sc_hd__nand2_1)
     1    0.003205    0.047916    0.075508    4.265475 ^ g539/Y (sky130_fd_sc_hd__nand2_1)
                                                         n555 (net)
                      0.047916    0.000099    4.265574 ^ g540/B (sky130_fd_sc_hd__nand2_1)
     2    0.005385    0.046639    0.065356    4.330929 v g540/Y (sky130_fd_sc_hd__nand2_1)
                                                         n556 (net)
                      0.046639    0.000081    4.331010 v g541/A (sky130_fd_sc_hd__nand2_1)
     3    0.008941    0.094585    0.097792    4.428802 ^ g541/Y (sky130_fd_sc_hd__nand2_1)
                                                         n557 (net)
                      0.094585    0.000087    4.428888 ^ g545/B (sky130_fd_sc_hd__nand2_1)
     2    0.005190    0.051590    0.078006    4.506895 v g545/Y (sky130_fd_sc_hd__nand2_1)
                                                         n561 (net)
                      0.051590    0.000094    4.506989 v g550/B (sky130_fd_sc_hd__nand2_1)
     3    0.008077    0.087268    0.101716    4.608704 ^ g550/Y (sky130_fd_sc_hd__nand2_1)
                                                         n566 (net)
                      0.087296    0.000119    4.608823 ^ g554/B (sky130_fd_sc_hd__nand2_1)
     2    0.005460    0.053055    0.077440    4.686263 v g554/Y (sky130_fd_sc_hd__nand2_1)
                                                         n570 (net)
                      0.053055    0.000094    4.686357 v g559/B (sky130_fd_sc_hd__nand2_1)
     3    0.008276    0.088966    0.103701    4.790058 ^ g559/Y (sky130_fd_sc_hd__nand2_1)
                                                         n575 (net)
                      0.088995    0.000149    4.790206 ^ g561/B (sky130_fd_sc_hd__nand2_1)
     1    0.002401    0.032311    0.059298    4.849504 v g561/Y (sky130_fd_sc_hd__nand2_1)
                                                         n577 (net)
                      0.032311    0.000048    4.849553 v g562/B (sky130_fd_sc_hd__nand2_1)
     1    0.011450    0.116118    0.114322    4.963875 ^ g562/Y (sky130_fd_sc_hd__nand2_1)
                                                         p[10] (net)
                      0.116119    0.000309    4.964184 ^ p[10] (out)
                                              4.964184   data arrival time

                      0.000000   10.000000   10.000000   clock __VIRTUAL_CLK__ (rise edge)
                                  0.000000   10.000000   clock network delay (ideal)
                                  0.000000   10.000000   clock reconvergence pessimism
                                  0.000000   10.000000   output external delay
                                             10.000000   data required time
---------------------------------------------------------------------------------------------
                                             10.000000   data required time
                                             -4.964184   data arrival time
---------------------------------------------------------------------------------------------
                                              5.035816   slack (MET)


Startpoint: b[1] (input port clocked by __VIRTUAL_CLK__)
Endpoint: p[9] (output port clocked by __VIRTUAL_CLK__)
Path Group: __VIRTUAL_CLK__
Path Type: max

Fanout         Cap        Slew       Delay        Time   Description
---------------------------------------------------------------------------------------------
                      0.000000    0.000000    0.000000   clock __VIRTUAL_CLK__ (rise edge)
                                  0.000000    0.000000   clock network delay (ideal)
                                  0.000000    0.000000 ^ input external delay
     8    0.030864    0.144220    0.105105    0.105105 ^ b[1] (in)
                                                         b[1] (net)
                      0.144238    0.000000    0.105105 ^ g18/B (sky130_fd_sc_hd__nand2_1)
     1    0.003055    0.049002    0.075887    0.180992 v g18/Y (sky130_fd_sc_hd__nand2_1)
                                                         n34 (net)
                      0.049002    0.000092    0.181084 v g19/A (sky130_fd_sc_hd__inv_1)
     2    0.005660    0.055169    0.070024    0.251108 ^ g19/Y (sky130_fd_sc_hd__inv_1)
                                                         n35 (net)
                      0.055169    0.000146    0.251254 ^ g133/B (sky130_fd_sc_hd__nand2_1)
     3    0.007721    0.062512    0.080429    0.331683 v g133/Y (sky130_fd_sc_hd__nand2_1)
                                                         n149 (net)
                      0.062512    0.000079    0.331763 v g134/B (sky130_fd_sc_hd__nand2_1)
     1    0.003100    0.046975    0.074278    0.406041 ^ g134/Y (sky130_fd_sc_hd__nand2_1)
                                                         n150 (net)
                      0.046975    0.000098    0.406139 ^ g136/A (sky130_fd_sc_hd__nand2_1)
     2    0.005409    0.046831    0.061326    0.467465 v g136/Y (sky130_fd_sc_hd__nand2_1)
                                                         n152 (net)
                      0.046831    0.000100    0.467566 v g137/A (sky130_fd_sc_hd__nand2_1)
     3    0.008801    0.093397    0.096909    0.564475 ^ g137/Y (sky130_fd_sc_hd__nand2_1)
                                                         n153 (net)
                      0.093398    0.000150    0.564625 ^ g141/B (sky130_fd_sc_hd__nand2_1)
     2    0.005074    0.050897    0.076990    0.641615 v g141/Y (sky130_fd_sc_hd__nand2_1)
                                                         n157 (net)
                      0.050897    0.000086    0.641700 v g146/B (sky130_fd_sc_hd__nand2_1)
     3    0.008019    0.086774    0.101014    0.742715 ^ g146/Y (sky130_fd_sc_hd__nand2_1)
                                                         n162 (net)
                      0.086774    0.000109    0.742824 ^ g148/B (sky130_fd_sc_hd__nand2_1)
     1    0.002611    0.033205    0.060139    0.802963 v g148/Y (sky130_fd_sc_hd__nand2_1)
                                                         n164 (net)
                      0.033205    0.000078    0.803041 v g149/B (sky130_fd_sc_hd__nand2_1)
     2    0.005901    0.068734    0.078879    0.881920 ^ g149/Y (sky130_fd_sc_hd__nand2_1)
                                                         n165 (net)
                      0.068734    0.000165    0.882084 ^ g197/A (sky130_fd_sc_hd__nand2_1)
     3    0.007589    0.063164    0.080706    0.962790 v g197/Y (sky130_fd_sc_hd__nand2_1)
                                                         n213 (net)
                      0.063164    0.000150    0.962940 v g199/B (sky130_fd_sc_hd__nand2_1)
     1    0.002866    0.045320    0.072987    1.035927 ^ g199/Y (sky130_fd_sc_hd__nand2_1)
                                                         n215 (net)
                      0.045320    0.000087    1.036014 ^ g200/B (sky130_fd_sc_hd__nand2_1)
     2    0.005278    0.045984    0.063913    1.099926 v g200/Y (sky130_fd_sc_hd__nand2_1)
                                                         n216 (net)
                      0.045984    0.000085    1.100011 v g201/A (sky130_fd_sc_hd__nand2_1)
     3    0.008578    0.091501    0.095079    1.195090 ^ g201/Y (sky130_fd_sc_hd__nand2_1)
                                                         n217 (net)
                      0.091501    0.000099    1.195189 ^ g205/B (sky130_fd_sc_hd__nand2_1)
     2    0.006030    0.056329    0.081933    1.277122 v g205/Y (sky130_fd_sc_hd__nand2_1)
                                                         n221 (net)
                      0.056329    0.000179    1.277301 v g210/B (sky130_fd_sc_hd__nand2_1)
     3    0.008504    0.091000    0.106763    1.384064 ^ g210/Y (sky130_fd_sc_hd__nand2_1)
                                                         n226 (net)
                      0.091000    0.000097    1.384161 ^ g212/B (sky130_fd_sc_hd__nand2_1)
     1    0.002462    0.033473    0.060199    1.444359 v g212/Y (sky130_fd_sc_hd__nand2_1)
                                                         n228 (net)
                      0.033473    0.000051    1.444410 v g213/B (sky130_fd_sc_hd__nand2_1)
     2    0.006502    0.073817    0.082906    1.527316 ^ g213/Y (sky130_fd_sc_hd__nand2_1)
                                                         n229 (net)
                      0.073841    0.000198    1.527514 ^ g265/A (sky130_fd_sc_hd__nand2_1)
     3    0.008051    0.066759    0.085066    1.612579 v g265/Y (sky130_fd_sc_hd__nand2_1)
                                                         n281 (net)
                      0.066759    0.000182    1.612761 v g267/B (sky130_fd_sc_hd__nand2_1)
     1    0.002653    0.044271    0.073184    1.685945 ^ g267/Y (sky130_fd_sc_hd__nand2_1)
                                                         n283 (net)
                      0.044271    0.000055    1.686000 ^ g268/B (sky130_fd_sc_hd__nand2_1)
     2    0.005336    0.046284    0.063865    1.749865 v g268/Y (sky130_fd_sc_hd__nand2_1)
                                                         n284 (net)
                      0.046284    0.000138    1.750004 v g269/A (sky130_fd_sc_hd__nand2_1)
     3    0.008568    0.091430    0.095124    1.845128 ^ g269/Y (sky130_fd_sc_hd__nand2_1)
                                                         n285 (net)
                      0.091430    0.000115    1.845243 ^ g273/B (sky130_fd_sc_hd__nand2_1)
     2    0.005455    0.053575    0.078608    1.923851 v g273/Y (sky130_fd_sc_hd__nand2_1)
                                                         n289 (net)
                      0.053575    0.000131    1.923982 v g278/B (sky130_fd_sc_hd__nand2_1)
     3    0.009119    0.096118    0.109421    2.033403 ^ g278/Y (sky130_fd_sc_hd__nand2_1)
                                                         n294 (net)
                      0.096118    0.000132    2.033535 ^ g282/B (sky130_fd_sc_hd__nand2_1)
     2    0.005817    0.055161    0.082096    2.115632 v g282/Y (sky130_fd_sc_hd__nand2_1)
                                                         n298 (net)
                      0.055161    0.000095    2.115726 v g287/B (sky130_fd_sc_hd__nand2_1)
     3    0.008683    0.092495    0.107362    2.223088 ^ g287/Y (sky130_fd_sc_hd__nand2_1)
                                                         n303 (net)
                      0.092495    0.000156    2.223244 ^ g289/B (sky130_fd_sc_hd__nand2_1)
     1    0.002403    0.032893    0.060161    2.283405 v g289/Y (sky130_fd_sc_hd__nand2_1)
                                                         n305 (net)
                      0.032893    0.000049    2.283454 v g290/B (sky130_fd_sc_hd__nand2_1)
     2    0.005956    0.069198    0.079092    2.362546 ^ g290/Y (sky130_fd_sc_hd__nand2_1)
                                                         n306 (net)
                      0.069198    0.000172    2.362717 ^ g342/A (sky130_fd_sc_hd__nand2_1)
     3    0.008071    0.066276    0.083565    2.446283 v g342/Y (sky130_fd_sc_hd__nand2_1)
                                                         n358 (net)
                      0.066276    0.000122    2.446405 v g344/B (sky130_fd_sc_hd__nand2_1)
     1    0.003194    0.048211    0.076703    2.523108 ^ g344/Y (sky130_fd_sc_hd__nand2_1)
                                                         n360 (net)
                      0.048211    0.000073    2.523181 ^ g345/B (sky130_fd_sc_hd__nand2_1)
     2    0.005181    0.045396    0.064320    2.587501 v g345/Y (sky130_fd_sc_hd__nand2_1)
                                                         n361 (net)
                      0.045396    0.000136    2.587637 v g346/A (sky130_fd_sc_hd__nand2_1)
     3    0.008116    0.087603    0.091736    2.679373 ^ g346/Y (sky130_fd_sc_hd__nand2_1)
                                                         n362 (net)
                      0.087631    0.000108    2.679480 ^ g348/B (sky130_fd_sc_hd__nand2_1)
     1    0.002634    0.033448    0.060510    2.739990 v g348/Y (sky130_fd_sc_hd__nand2_1)
                                                         n364 (net)
                      0.033448    0.000079    2.740069 v g349/B (sky130_fd_sc_hd__nand2_1)
     2    0.005578    0.066020    0.076900    2.816969 ^ g349/Y (sky130_fd_sc_hd__nand2_1)
                                                         n365 (net)
                      0.066020    0.000142    2.817111 ^ g401/A (sky130_fd_sc_hd__nand2_1)
     3    0.008029    0.065597    0.082228    2.899339 v g401/Y (sky130_fd_sc_hd__nand2_1)
                                                         n417 (net)
                      0.065597    0.000130    2.899469 v g403/B (sky130_fd_sc_hd__nand2_1)
     1    0.002832    0.045421    0.073878    2.973347 ^ g403/Y (sky130_fd_sc_hd__nand2_1)
                                                         n419 (net)
                      0.045422    0.000086    2.973433 ^ g404/B (sky130_fd_sc_hd__nand2_1)
     2    0.005086    0.044740    0.062919    3.036351 v g404/Y (sky130_fd_sc_hd__nand2_1)
                                                         n420 (net)
                      0.044740    0.000088    3.036439 v g405/A (sky130_fd_sc_hd__nand2_1)
     3    0.008327    0.089379    0.092848    3.129288 ^ g405/Y (sky130_fd_sc_hd__nand2_1)
                                                         n421 (net)
                      0.089380    0.000127    3.129414 ^ g409/B (sky130_fd_sc_hd__nand2_1)
     2    0.005492    0.053753    0.078235    3.207649 v g409/Y (sky130_fd_sc_hd__nand2_1)
                                                         n425 (net)
                      0.053753    0.000098    3.207747 v g414/B (sky130_fd_sc_hd__nand2_1)
     3    0.008319    0.089348    0.104321    3.312068 ^ g414/Y (sky130_fd_sc_hd__nand2_1)
                                                         n430 (net)
                      0.089348    0.000068    3.312136 ^ g418/B (sky130_fd_sc_hd__nand2_1)
     2    0.006231    0.057551    0.082475    3.394611 v g418/Y (sky130_fd_sc_hd__nand2_1)
                                                         n434 (net)
                      0.057551    0.000144    3.394755 v g423/B (sky130_fd_sc_hd__nand2_1)
     3    0.008418    0.090322    0.106780    3.501535 ^ g423/Y (sky130_fd_sc_hd__nand2_1)
                                                         n439 (net)
                      0.090322    0.000087    3.501623 ^ g425/B (sky130_fd_sc_hd__nand2_1)
     1    0.002914    0.036194    0.063075    3.564698 v g425/Y (sky130_fd_sc_hd__nand2_1)
                                                         n441 (net)
                      0.036194    0.000089    3.564787 v g426/B (sky130_fd_sc_hd__nand2_1)
     2    0.006415    0.073081    0.083615    3.648402 ^ g426/Y (sky130_fd_sc_hd__nand2_1)
                                                         n442 (net)
                      0.073081    0.000198    3.648600 ^ g478/A (sky130_fd_sc_hd__nand2_1)
     3    0.008400    0.068661    0.086802    3.735402 v g478/Y (sky130_fd_sc_hd__nand2_1)
                                                         n494 (net)
                      0.068661    0.000169    3.735571 v g480/B (sky130_fd_sc_hd__nand2_1)
     1    0.003114    0.047944    0.077252    3.812824 ^ g480/Y (sky130_fd_sc_hd__nand2_1)
                                                         n496 (net)
                      0.047944    0.000099    3.812922 ^ g481/B (sky130_fd_sc_hd__nand2_1)
     2    0.005094    0.044723    0.063785    3.876708 v g481/Y (sky130_fd_sc_hd__nand2_1)
                                                         n497 (net)
                      0.044723    0.000082    3.876789 v g482/A (sky130_fd_sc_hd__nand2_1)
     3    0.008360    0.089671    0.093088    3.969877 ^ g482/Y (sky130_fd_sc_hd__nand2_1)
                                                         n498 (net)
                      0.089671    0.000093    3.969970 ^ g484/B (sky130_fd_sc_hd__nand2_1)
     1    0.002859    0.034994    0.062533    4.032503 v g484/Y (sky130_fd_sc_hd__nand2_1)
                                                         n500 (net)
                      0.034994    0.000087    4.032590 v g485/B (sky130_fd_sc_hd__nand2_1)
     2    0.005462    0.065043    0.076870    4.109460 ^ g485/Y (sky130_fd_sc_hd__nand2_1)
                                                         n501 (net)
                      0.065043    0.000150    4.109610 ^ g537/A (sky130_fd_sc_hd__nand2_1)
     3    0.007735    0.063595    0.080252    4.189861 v g537/Y (sky130_fd_sc_hd__nand2_1)
                                                         n553 (net)
                      0.063595    0.000105    4.189967 v g539/B (sky130_fd_sc_hd__nand2_1)
     1    0.003205    0.047916    0.075508    4.265475 ^ g539/Y (sky130_fd_sc_hd__nand2_1)
                                                         n555 (net)
                      0.047916    0.000099    4.265574 ^ g540/B (sky130_fd_sc_hd__nand2_1)
     2    0.005385    0.046639    0.065356    4.330929 v g540/Y (sky130_fd_sc_hd__nand2_1)
                                                         n556 (net)
                      0.046639    0.000081    4.331010 v g541/A (sky130_fd_sc_hd__nand2_1)
     3    0.008941    0.094585    0.097792    4.428802 ^ g541/Y (sky130_fd_sc_hd__nand2_1)
                                                         n557 (net)
                      0.094585    0.000087    4.428888 ^ g545/B (sky130_fd_sc_hd__nand2_1)
     2    0.005190    0.051590    0.078006    4.506895 v g545/Y (sky130_fd_sc_hd__nand2_1)
                                                         n561 (net)
                      0.051590    0.000094    4.506989 v g550/B (sky130_fd_sc_hd__nand2_1)
     3    0.008077    0.087268    0.101716    4.608704 ^ g550/Y (sky130_fd_sc_hd__nand2_1)
                                                         n566 (net)
                      0.087268    0.000108    4.608813 ^ g552/B (sky130_fd_sc_hd__nand2_1)
     1    0.003526    0.038538    0.066319    4.675131 v g552/Y (sky130_fd_sc_hd__nand2_1)
                                                         n568 (net)
                      0.038538    0.000084    4.675216 v g553/B (sky130_fd_sc_hd__nand2_1)
     1    0.011659    0.117905    0.118552    4.793768 ^ g553/Y (sky130_fd_sc_hd__nand2_1)
                                                         p[9] (net)
                      0.117906    0.000328    4.794096 ^ p[9] (out)
                                              4.794096   data arrival time

                      0.000000   10.000000   10.000000   clock __VIRTUAL_CLK__ (rise edge)
                                  0.000000   10.000000   clock network delay (ideal)
                                  0.000000   10.000000   clock reconvergence pessimism
                                  0.000000   10.000000   output external delay
                                             10.000000   data required time
---------------------------------------------------------------------------------------------
                                             10.000000   data required time
                                             -4.794096   data arrival time
---------------------------------------------------------------------------------------------
                                              5.205904   slack (MET)


Startpoint: b[1] (input port clocked by __VIRTUAL_CLK__)
Endpoint: p[8] (output port clocked by __VIRTUAL_CLK__)
Path Group: __VIRTUAL_CLK__
Path Type: max

Fanout         Cap        Slew       Delay        Time   Description
---------------------------------------------------------------------------------------------
                      0.000000    0.000000    0.000000   clock __VIRTUAL_CLK__ (rise edge)
                                  0.000000    0.000000   clock network delay (ideal)
                                  0.000000    0.000000 ^ input external delay
     8    0.030864    0.144220    0.105105    0.105105 ^ b[1] (in)
                                                         b[1] (net)
                      0.144238    0.000000    0.105105 ^ g18/B (sky130_fd_sc_hd__nand2_1)
     1    0.003055    0.049002    0.075887    0.180992 v g18/Y (sky130_fd_sc_hd__nand2_1)
                                                         n34 (net)
                      0.049002    0.000092    0.181084 v g19/A (sky130_fd_sc_hd__inv_1)
     2    0.005660    0.055169    0.070024    0.251108 ^ g19/Y (sky130_fd_sc_hd__inv_1)
                                                         n35 (net)
                      0.055169    0.000146    0.251254 ^ g133/B (sky130_fd_sc_hd__nand2_1)
     3    0.007721    0.062512    0.080429    0.331683 v g133/Y (sky130_fd_sc_hd__nand2_1)
                                                         n149 (net)
                      0.062512    0.000079    0.331763 v g134/B (sky130_fd_sc_hd__nand2_1)
     1    0.003100    0.046975    0.074278    0.406041 ^ g134/Y (sky130_fd_sc_hd__nand2_1)
                                                         n150 (net)
                      0.046975    0.000098    0.406139 ^ g136/A (sky130_fd_sc_hd__nand2_1)
     2    0.005409    0.046831    0.061326    0.467465 v g136/Y (sky130_fd_sc_hd__nand2_1)
                                                         n152 (net)
                      0.046831    0.000100    0.467566 v g137/A (sky130_fd_sc_hd__nand2_1)
     3    0.008801    0.093397    0.096909    0.564475 ^ g137/Y (sky130_fd_sc_hd__nand2_1)
                                                         n153 (net)
                      0.093398    0.000150    0.564625 ^ g141/B (sky130_fd_sc_hd__nand2_1)
     2    0.005074    0.050897    0.076990    0.641615 v g141/Y (sky130_fd_sc_hd__nand2_1)
                                                         n157 (net)
                      0.050897    0.000086    0.641700 v g146/B (sky130_fd_sc_hd__nand2_1)
     3    0.008019    0.086774    0.101014    0.742715 ^ g146/Y (sky130_fd_sc_hd__nand2_1)
                                                         n162 (net)
                      0.086774    0.000109    0.742824 ^ g148/B (sky130_fd_sc_hd__nand2_1)
     1    0.002611    0.033205    0.060139    0.802963 v g148/Y (sky130_fd_sc_hd__nand2_1)
                                                         n164 (net)
                      0.033205    0.000078    0.803041 v g149/B (sky130_fd_sc_hd__nand2_1)
     2    0.005901    0.068734    0.078879    0.881920 ^ g149/Y (sky130_fd_sc_hd__nand2_1)
                                                         n165 (net)
                      0.068734    0.000165    0.882084 ^ g197/A (sky130_fd_sc_hd__nand2_1)
     3    0.007589    0.063164    0.080706    0.962790 v g197/Y (sky130_fd_sc_hd__nand2_1)
                                                         n213 (net)
                      0.063164    0.000150    0.962940 v g199/B (sky130_fd_sc_hd__nand2_1)
     1    0.002866    0.045320    0.072987    1.035927 ^ g199/Y (sky130_fd_sc_hd__nand2_1)
                                                         n215 (net)
                      0.045320    0.000087    1.036014 ^ g200/B (sky130_fd_sc_hd__nand2_1)
     2    0.005278    0.045984    0.063913    1.099926 v g200/Y (sky130_fd_sc_hd__nand2_1)
                                                         n216 (net)
                      0.045984    0.000085    1.100011 v g201/A (sky130_fd_sc_hd__nand2_1)
     3    0.008578    0.091501    0.095079    1.195090 ^ g201/Y (sky130_fd_sc_hd__nand2_1)
                                                         n217 (net)
                      0.091501    0.000099    1.195189 ^ g205/B (sky130_fd_sc_hd__nand2_1)
     2    0.006030    0.056329    0.081933    1.277122 v g205/Y (sky130_fd_sc_hd__nand2_1)
                                                         n221 (net)
                      0.056329    0.000179    1.277301 v g210/B (sky130_fd_sc_hd__nand2_1)
     3    0.008504    0.091000    0.106763    1.384064 ^ g210/Y (sky130_fd_sc_hd__nand2_1)
                                                         n226 (net)
                      0.091000    0.000097    1.384161 ^ g212/B (sky130_fd_sc_hd__nand2_1)
     1    0.002462    0.033473    0.060199    1.444359 v g212/Y (sky130_fd_sc_hd__nand2_1)
                                                         n228 (net)
                      0.033473    0.000051    1.444410 v g213/B (sky130_fd_sc_hd__nand2_1)
     2    0.006502    0.073817    0.082906    1.527316 ^ g213/Y (sky130_fd_sc_hd__nand2_1)
                                                         n229 (net)
                      0.073841    0.000198    1.527514 ^ g265/A (sky130_fd_sc_hd__nand2_1)
     3    0.008051    0.066759    0.085066    1.612579 v g265/Y (sky130_fd_sc_hd__nand2_1)
                                                         n281 (net)
                      0.066759    0.000182    1.612761 v g267/B (sky130_fd_sc_hd__nand2_1)
     1    0.002653    0.044271    0.073184    1.685945 ^ g267/Y (sky130_fd_sc_hd__nand2_1)
                                                         n283 (net)
                      0.044271    0.000055    1.686000 ^ g268/B (sky130_fd_sc_hd__nand2_1)
     2    0.005336    0.046284    0.063865    1.749865 v g268/Y (sky130_fd_sc_hd__nand2_1)
                                                         n284 (net)
                      0.046284    0.000138    1.750004 v g269/A (sky130_fd_sc_hd__nand2_1)
     3    0.008568    0.091430    0.095124    1.845128 ^ g269/Y (sky130_fd_sc_hd__nand2_1)
                                                         n285 (net)
                      0.091430    0.000115    1.845243 ^ g273/B (sky130_fd_sc_hd__nand2_1)
     2    0.005455    0.053575    0.078608    1.923851 v g273/Y (sky130_fd_sc_hd__nand2_1)
                                                         n289 (net)
                      0.053575    0.000131    1.923982 v g278/B (sky130_fd_sc_hd__nand2_1)
     3    0.009119    0.096118    0.109421    2.033403 ^ g278/Y (sky130_fd_sc_hd__nand2_1)
                                                         n294 (net)
                      0.096118    0.000132    2.033535 ^ g282/B (sky130_fd_sc_hd__nand2_1)
     2    0.005817    0.055161    0.082096    2.115632 v g282/Y (sky130_fd_sc_hd__nand2_1)
                                                         n298 (net)
                      0.055161    0.000095    2.115726 v g287/B (sky130_fd_sc_hd__nand2_1)
     3    0.008683    0.092495    0.107362    2.223088 ^ g287/Y (sky130_fd_sc_hd__nand2_1)
                                                         n303 (net)
                      0.092495    0.000156    2.223244 ^ g289/B (sky130_fd_sc_hd__nand2_1)
     1    0.002403    0.032893    0.060161    2.283405 v g289/Y (sky130_fd_sc_hd__nand2_1)
                                                         n305 (net)
                      0.032893    0.000049    2.283454 v g290/B (sky130_fd_sc_hd__nand2_1)
     2    0.005956    0.069198    0.079092    2.362546 ^ g290/Y (sky130_fd_sc_hd__nand2_1)
                                                         n306 (net)
                      0.069198    0.000172    2.362717 ^ g342/A (sky130_fd_sc_hd__nand2_1)
     3    0.008071    0.066276    0.083565    2.446283 v g342/Y (sky130_fd_sc_hd__nand2_1)
                                                         n358 (net)
                      0.066276    0.000122    2.446405 v g344/B (sky130_fd_sc_hd__nand2_1)
     1    0.003194    0.048211    0.076703    2.523108 ^ g344/Y (sky130_fd_sc_hd__nand2_1)
                                                         n360 (net)
                      0.048211    0.000073    2.523181 ^ g345/B (sky130_fd_sc_hd__nand2_1)
     2    0.005181    0.045396    0.064320    2.587501 v g345/Y (sky130_fd_sc_hd__nand2_1)
                                                         n361 (net)
                      0.045396    0.000136    2.587637 v g346/A (sky130_fd_sc_hd__nand2_1)
     3    0.008116    0.087603    0.091736    2.679373 ^ g346/Y (sky130_fd_sc_hd__nand2_1)
                                                         n362 (net)
                      0.087631    0.000108    2.679480 ^ g348/B (sky130_fd_sc_hd__nand2_1)
     1    0.002634    0.033448    0.060510    2.739990 v g348/Y (sky130_fd_sc_hd__nand2_1)
                                                         n364 (net)
                      0.033448    0.000079    2.740069 v g349/B (sky130_fd_sc_hd__nand2_1)
     2    0.005578    0.066020    0.076900    2.816969 ^ g349/Y (sky130_fd_sc_hd__nand2_1)
                                                         n365 (net)
                      0.066020    0.000142    2.817111 ^ g401/A (sky130_fd_sc_hd__nand2_1)
     3    0.008029    0.065597    0.082228    2.899339 v g401/Y (sky130_fd_sc_hd__nand2_1)
                                                         n417 (net)
                      0.065597    0.000130    2.899469 v g403/B (sky130_fd_sc_hd__nand2_1)
     1    0.002832    0.045421    0.073878    2.973347 ^ g403/Y (sky130_fd_sc_hd__nand2_1)
                                                         n419 (net)
                      0.045422    0.000086    2.973433 ^ g404/B (sky130_fd_sc_hd__nand2_1)
     2    0.005086    0.044740    0.062919    3.036351 v g404/Y (sky130_fd_sc_hd__nand2_1)
                                                         n420 (net)
                      0.044740    0.000088    3.036439 v g405/A (sky130_fd_sc_hd__nand2_1)
     3    0.008327    0.089379    0.092848    3.129288 ^ g405/Y (sky130_fd_sc_hd__nand2_1)
                                                         n421 (net)
                      0.089380    0.000127    3.129414 ^ g409/B (sky130_fd_sc_hd__nand2_1)
     2    0.005492    0.053753    0.078235    3.207649 v g409/Y (sky130_fd_sc_hd__nand2_1)
                                                         n425 (net)
                      0.053753    0.000098    3.207747 v g414/B (sky130_fd_sc_hd__nand2_1)
     3    0.008319    0.089348    0.104321    3.312068 ^ g414/Y (sky130_fd_sc_hd__nand2_1)
                                                         n430 (net)
                      0.089348    0.000068    3.312136 ^ g418/B (sky130_fd_sc_hd__nand2_1)
     2    0.006231    0.057551    0.082475    3.394611 v g418/Y (sky130_fd_sc_hd__nand2_1)
                                                         n434 (net)
                      0.057551    0.000144    3.394755 v g423/B (sky130_fd_sc_hd__nand2_1)
     3    0.008418    0.090322    0.106780    3.501535 ^ g423/Y (sky130_fd_sc_hd__nand2_1)
                                                         n439 (net)
                      0.090322    0.000087    3.501623 ^ g425/B (sky130_fd_sc_hd__nand2_1)
     1    0.002914    0.036194    0.063075    3.564698 v g425/Y (sky130_fd_sc_hd__nand2_1)
                                                         n441 (net)
                      0.036194    0.000089    3.564787 v g426/B (sky130_fd_sc_hd__nand2_1)
     2    0.006415    0.073081    0.083615    3.648402 ^ g426/Y (sky130_fd_sc_hd__nand2_1)
                                                         n442 (net)
                      0.073081    0.000198    3.648600 ^ g478/A (sky130_fd_sc_hd__nand2_1)
     3    0.008400    0.068661    0.086802    3.735402 v g478/Y (sky130_fd_sc_hd__nand2_1)
                                                         n494 (net)
                      0.068661    0.000169    3.735571 v g480/B (sky130_fd_sc_hd__nand2_1)
     1    0.003114    0.047944    0.077252    3.812824 ^ g480/Y (sky130_fd_sc_hd__nand2_1)
                                                         n496 (net)
                      0.047944    0.000099    3.812922 ^ g481/B (sky130_fd_sc_hd__nand2_1)
     2    0.005094    0.044723    0.063785    3.876708 v g481/Y (sky130_fd_sc_hd__nand2_1)
                                                         n497 (net)
                      0.044723    0.000082    3.876789 v g482/A (sky130_fd_sc_hd__nand2_1)
     3    0.008360    0.089671    0.093088    3.969877 ^ g482/Y (sky130_fd_sc_hd__nand2_1)
                                                         n498 (net)
                      0.089671    0.000093    3.969970 ^ g484/B (sky130_fd_sc_hd__nand2_1)
     1    0.002859    0.034994    0.062533    4.032503 v g484/Y (sky130_fd_sc_hd__nand2_1)
                                                         n500 (net)
                      0.034994    0.000087    4.032590 v g485/B (sky130_fd_sc_hd__nand2_1)
     2    0.005462    0.065043    0.076870    4.109460 ^ g485/Y (sky130_fd_sc_hd__nand2_1)
                                                         n501 (net)
                      0.065043    0.000150    4.109610 ^ g537/A (sky130_fd_sc_hd__nand2_1)
     3    0.007735    0.063595    0.080252    4.189861 v g537/Y (sky130_fd_sc_hd__nand2_1)
                                                         n553 (net)
                      0.063595    0.000105    4.189967 v g539/B (sky130_fd_sc_hd__nand2_1)
     1    0.003205    0.047916    0.075508    4.265475 ^ g539/Y (sky130_fd_sc_hd__nand2_1)
                                                         n555 (net)
                      0.047916    0.000099    4.265574 ^ g540/B (sky130_fd_sc_hd__nand2_1)
     2    0.005385    0.046639    0.065356    4.330929 v g540/Y (sky130_fd_sc_hd__nand2_1)
                                                         n556 (net)
                      0.046639    0.000081    4.331010 v g541/A (sky130_fd_sc_hd__nand2_1)
     3    0.008941    0.094585    0.097792    4.428802 ^ g541/Y (sky130_fd_sc_hd__nand2_1)
                                                         n557 (net)
                      0.094585    0.000081    4.428883 ^ g543/B (sky130_fd_sc_hd__nand2_1)
     1    0.002691    0.034661    0.062641    4.491525 v g543/Y (sky130_fd_sc_hd__nand2_1)
                                                         n559 (net)
                      0.034661    0.000081    4.491605 v g544/B (sky130_fd_sc_hd__nand2_1)
     1    0.011459    0.116189    0.115473    4.607079 ^ g544/Y (sky130_fd_sc_hd__nand2_1)
                                                         p[8] (net)
                      0.116190    0.000309    4.607388 ^ p[8] (out)
                                              4.607388   data arrival time

                      0.000000   10.000000   10.000000   clock __VIRTUAL_CLK__ (rise edge)
                                  0.000000   10.000000   clock network delay (ideal)
                                  0.000000   10.000000   clock reconvergence pessimism
                                  0.000000   10.000000   output external delay
                                             10.000000   data required time
---------------------------------------------------------------------------------------------
                                             10.000000   data required time
                                             -4.607388   data arrival time
---------------------------------------------------------------------------------------------
                                              5.392613   slack (MET)


Startpoint: b[1] (input port clocked by __VIRTUAL_CLK__)
Endpoint: p[7] (output port clocked by __VIRTUAL_CLK__)
Path Group: __VIRTUAL_CLK__
Path Type: max

Fanout         Cap        Slew       Delay        Time   Description
---------------------------------------------------------------------------------------------
                      0.000000    0.000000    0.000000   clock __VIRTUAL_CLK__ (rise edge)
                                  0.000000    0.000000   clock network delay (ideal)
                                  0.000000    0.000000 ^ input external delay
     8    0.030864    0.144220    0.105105    0.105105 ^ b[1] (in)
                                                         b[1] (net)
                      0.144238    0.000000    0.105105 ^ g18/B (sky130_fd_sc_hd__nand2_1)
     1    0.003055    0.049002    0.075887    0.180992 v g18/Y (sky130_fd_sc_hd__nand2_1)
                                                         n34 (net)
                      0.049002    0.000092    0.181084 v g19/A (sky130_fd_sc_hd__inv_1)
     2    0.005660    0.055169    0.070024    0.251108 ^ g19/Y (sky130_fd_sc_hd__inv_1)
                                                         n35 (net)
                      0.055169    0.000146    0.251254 ^ g133/B (sky130_fd_sc_hd__nand2_1)
     3    0.007721    0.062512    0.080429    0.331683 v g133/Y (sky130_fd_sc_hd__nand2_1)
                                                         n149 (net)
                      0.062512    0.000079    0.331763 v g134/B (sky130_fd_sc_hd__nand2_1)
     1    0.003100    0.046975    0.074278    0.406041 ^ g134/Y (sky130_fd_sc_hd__nand2_1)
                                                         n150 (net)
                      0.046975    0.000098    0.406139 ^ g136/A (sky130_fd_sc_hd__nand2_1)
     2    0.005409    0.046831    0.061326    0.467465 v g136/Y (sky130_fd_sc_hd__nand2_1)
                                                         n152 (net)
                      0.046831    0.000100    0.467566 v g137/A (sky130_fd_sc_hd__nand2_1)
     3    0.008801    0.093397    0.096909    0.564475 ^ g137/Y (sky130_fd_sc_hd__nand2_1)
                                                         n153 (net)
                      0.093398    0.000150    0.564625 ^ g141/B (sky130_fd_sc_hd__nand2_1)
     2    0.005074    0.050897    0.076990    0.641615 v g141/Y (sky130_fd_sc_hd__nand2_1)
                                                         n157 (net)
                      0.050897    0.000086    0.641700 v g146/B (sky130_fd_sc_hd__nand2_1)
     3    0.008019    0.086774    0.101014    0.742715 ^ g146/Y (sky130_fd_sc_hd__nand2_1)
                                                         n162 (net)
                      0.086774    0.000109    0.742824 ^ g148/B (sky130_fd_sc_hd__nand2_1)
     1    0.002611    0.033205    0.060139    0.802963 v g148/Y (sky130_fd_sc_hd__nand2_1)
                                                         n164 (net)
                      0.033205    0.000078    0.803041 v g149/B (sky130_fd_sc_hd__nand2_1)
     2    0.005901    0.068734    0.078879    0.881920 ^ g149/Y (sky130_fd_sc_hd__nand2_1)
                                                         n165 (net)
                      0.068734    0.000165    0.882084 ^ g197/A (sky130_fd_sc_hd__nand2_1)
     3    0.007589    0.063164    0.080706    0.962790 v g197/Y (sky130_fd_sc_hd__nand2_1)
                                                         n213 (net)
                      0.063164    0.000150    0.962940 v g199/B (sky130_fd_sc_hd__nand2_1)
     1    0.002866    0.045320    0.072987    1.035927 ^ g199/Y (sky130_fd_sc_hd__nand2_1)
                                                         n215 (net)
                      0.045320    0.000087    1.036014 ^ g200/B (sky130_fd_sc_hd__nand2_1)
     2    0.005278    0.045984    0.063913    1.099926 v g200/Y (sky130_fd_sc_hd__nand2_1)
                                                         n216 (net)
                      0.045984    0.000085    1.100011 v g201/A (sky130_fd_sc_hd__nand2_1)
     3    0.008578    0.091501    0.095079    1.195090 ^ g201/Y (sky130_fd_sc_hd__nand2_1)
                                                         n217 (net)
                      0.091501    0.000099    1.195189 ^ g205/B (sky130_fd_sc_hd__nand2_1)
     2    0.006030    0.056329    0.081933    1.277122 v g205/Y (sky130_fd_sc_hd__nand2_1)
                                                         n221 (net)
                      0.056329    0.000179    1.277301 v g210/B (sky130_fd_sc_hd__nand2_1)
     3    0.008504    0.091000    0.106763    1.384064 ^ g210/Y (sky130_fd_sc_hd__nand2_1)
                                                         n226 (net)
                      0.091000    0.000097    1.384161 ^ g212/B (sky130_fd_sc_hd__nand2_1)
     1    0.002462    0.033473    0.060199    1.444359 v g212/Y (sky130_fd_sc_hd__nand2_1)
                                                         n228 (net)
                      0.033473    0.000051    1.444410 v g213/B (sky130_fd_sc_hd__nand2_1)
     2    0.006502    0.073817    0.082906    1.527316 ^ g213/Y (sky130_fd_sc_hd__nand2_1)
                                                         n229 (net)
                      0.073841    0.000198    1.527514 ^ g265/A (sky130_fd_sc_hd__nand2_1)
     3    0.008051    0.066759    0.085066    1.612579 v g265/Y (sky130_fd_sc_hd__nand2_1)
                                                         n281 (net)
                      0.066759    0.000182    1.612761 v g267/B (sky130_fd_sc_hd__nand2_1)
     1    0.002653    0.044271    0.073184    1.685945 ^ g267/Y (sky130_fd_sc_hd__nand2_1)
                                                         n283 (net)
                      0.044271    0.000055    1.686000 ^ g268/B (sky130_fd_sc_hd__nand2_1)
     2    0.005336    0.046284    0.063865    1.749865 v g268/Y (sky130_fd_sc_hd__nand2_1)
                                                         n284 (net)
                      0.046284    0.000138    1.750004 v g269/A (sky130_fd_sc_hd__nand2_1)
     3    0.008568    0.091430    0.095124    1.845128 ^ g269/Y (sky130_fd_sc_hd__nand2_1)
                                                         n285 (net)
                      0.091430    0.000115    1.845243 ^ g273/B (sky130_fd_sc_hd__nand2_1)
     2    0.005455    0.053575    0.078608    1.923851 v g273/Y (sky130_fd_sc_hd__nand2_1)
                                                         n289 (net)
                      0.053575    0.000131    1.923982 v g278/B (sky130_fd_sc_hd__nand2_1)
     3    0.009119    0.096118    0.109421    2.033403 ^ g278/Y (sky130_fd_sc_hd__nand2_1)
                                                         n294 (net)
                      0.096118    0.000132    2.033535 ^ g282/B (sky130_fd_sc_hd__nand2_1)
     2    0.005817    0.055161    0.082096    2.115632 v g282/Y (sky130_fd_sc_hd__nand2_1)
                                                         n298 (net)
                      0.055161    0.000095    2.115726 v g287/B (sky130_fd_sc_hd__nand2_1)
     3    0.008683    0.092495    0.107362    2.223088 ^ g287/Y (sky130_fd_sc_hd__nand2_1)
                                                         n303 (net)
                      0.092495    0.000156    2.223244 ^ g289/B (sky130_fd_sc_hd__nand2_1)
     1    0.002403    0.032893    0.060161    2.283405 v g289/Y (sky130_fd_sc_hd__nand2_1)
                                                         n305 (net)
                      0.032893    0.000049    2.283454 v g290/B (sky130_fd_sc_hd__nand2_1)
     2    0.005956    0.069198    0.079092    2.362546 ^ g290/Y (sky130_fd_sc_hd__nand2_1)
                                                         n306 (net)
                      0.069198    0.000172    2.362717 ^ g342/A (sky130_fd_sc_hd__nand2_1)
     3    0.008071    0.066276    0.083565    2.446283 v g342/Y (sky130_fd_sc_hd__nand2_1)
                                                         n358 (net)
                      0.066276    0.000122    2.446405 v g344/B (sky130_fd_sc_hd__nand2_1)
     1    0.003194    0.048211    0.076703    2.523108 ^ g344/Y (sky130_fd_sc_hd__nand2_1)
                                                         n360 (net)
                      0.048211    0.000073    2.523181 ^ g345/B (sky130_fd_sc_hd__nand2_1)
     2    0.005181    0.045396    0.064320    2.587501 v g345/Y (sky130_fd_sc_hd__nand2_1)
                                                         n361 (net)
                      0.045396    0.000136    2.587637 v g346/A (sky130_fd_sc_hd__nand2_1)
     3    0.008116    0.087603    0.091736    2.679373 ^ g346/Y (sky130_fd_sc_hd__nand2_1)
                                                         n362 (net)
                      0.087631    0.000108    2.679480 ^ g348/B (sky130_fd_sc_hd__nand2_1)
     1    0.002634    0.033448    0.060510    2.739990 v g348/Y (sky130_fd_sc_hd__nand2_1)
                                                         n364 (net)
                      0.033448    0.000079    2.740069 v g349/B (sky130_fd_sc_hd__nand2_1)
     2    0.005578    0.066020    0.076900    2.816969 ^ g349/Y (sky130_fd_sc_hd__nand2_1)
                                                         n365 (net)
                      0.066020    0.000142    2.817111 ^ g401/A (sky130_fd_sc_hd__nand2_1)
     3    0.008029    0.065597    0.082228    2.899339 v g401/Y (sky130_fd_sc_hd__nand2_1)
                                                         n417 (net)
                      0.065597    0.000130    2.899469 v g403/B (sky130_fd_sc_hd__nand2_1)
     1    0.002832    0.045421    0.073878    2.973347 ^ g403/Y (sky130_fd_sc_hd__nand2_1)
                                                         n419 (net)
                      0.045422    0.000086    2.973433 ^ g404/B (sky130_fd_sc_hd__nand2_1)
     2    0.005086    0.044740    0.062919    3.036351 v g404/Y (sky130_fd_sc_hd__nand2_1)
                                                         n420 (net)
                      0.044740    0.000088    3.036439 v g405/A (sky130_fd_sc_hd__nand2_1)
     3    0.008327    0.089379    0.092848    3.129288 ^ g405/Y (sky130_fd_sc_hd__nand2_1)
                                                         n421 (net)
                      0.089380    0.000127    3.129414 ^ g409/B (sky130_fd_sc_hd__nand2_1)
     2    0.005492    0.053753    0.078235    3.207649 v g409/Y (sky130_fd_sc_hd__nand2_1)
                                                         n425 (net)
                      0.053753    0.000098    3.207747 v g414/B (sky130_fd_sc_hd__nand2_1)
     3    0.008319    0.089348    0.104321    3.312068 ^ g414/Y (sky130_fd_sc_hd__nand2_1)
                                                         n430 (net)
                      0.089377    0.000136    3.312203 ^ g416/B (sky130_fd_sc_hd__nand2_1)
     1    0.002511    0.032971    0.060130    3.372333 v g416/Y (sky130_fd_sc_hd__nand2_1)
                                                         n432 (net)
                      0.032971    0.000053    3.372386 v g417/B (sky130_fd_sc_hd__nand2_1)
     2    0.005587    0.066091    0.076731    3.449116 ^ g417/Y (sky130_fd_sc_hd__nand2_1)
                                                         n433 (net)
                      0.066091    0.000152    3.449269 ^ g469/A (sky130_fd_sc_hd__nand2_1)
     3    0.008049    0.065735    0.082356    3.531624 v g469/Y (sky130_fd_sc_hd__nand2_1)
                                                         n485 (net)
                      0.065735    0.000110    3.531735 v g470/B (sky130_fd_sc_hd__nand2_1)
     1    0.003576    0.051026    0.079033    3.610768 ^ g470/Y (sky130_fd_sc_hd__nand2_1)
                                                         n486 (net)
                      0.051026    0.000115    3.610883 ^ g472/A (sky130_fd_sc_hd__nand2_1)
     2    0.005477    0.047381    0.063122    3.674005 v g472/Y (sky130_fd_sc_hd__nand2_1)
                                                         n488 (net)
                      0.047381    0.000127    3.674132 v g473/A (sky130_fd_sc_hd__nand2_1)
     3    0.008539    0.091189    0.095360    3.769491 ^ g473/Y (sky130_fd_sc_hd__nand2_1)
                                                         n489 (net)
                      0.091190    0.000212    3.769704 ^ g475/B (sky130_fd_sc_hd__nand2_1)
     1    0.002472    0.032984    0.060314    3.830017 v g475/Y (sky130_fd_sc_hd__nand2_1)
                                                         n491 (net)
                      0.032984    0.000052    3.830069 v g476/B (sky130_fd_sc_hd__nand2_1)
     2    0.005778    0.067699    0.077978    3.908046 ^ g476/Y (sky130_fd_sc_hd__nand2_1)
                                                         n492 (net)
                      0.067699    0.000165    3.908212 ^ g532/A (sky130_fd_sc_hd__nand2_1)
     3    0.007962    0.065376    0.082468    3.990680 v g532/Y (sky130_fd_sc_hd__nand2_1)
                                                         n548 (net)
                      0.065376    0.000106    3.990786 v g534/B (sky130_fd_sc_hd__nand2_1)
     1    0.003153    0.047778    0.075990    4.066776 ^ g534/Y (sky130_fd_sc_hd__nand2_1)
                                                         n550 (net)
                      0.047778    0.000096    4.066872 ^ g535/B (sky130_fd_sc_hd__nand2_1)
     1    0.011578    0.088466    0.098649    4.165521 v g535/Y (sky130_fd_sc_hd__nand2_1)
                                                         p[7] (net)
                      0.088467    0.000273    4.165793 v p[7] (out)
                                              4.165793   data arrival time

                      0.000000   10.000000   10.000000   clock __VIRTUAL_CLK__ (rise edge)
                                  0.000000   10.000000   clock network delay (ideal)
                                  0.000000   10.000000   clock reconvergence pessimism
                                  0.000000   10.000000   output external delay
                                             10.000000   data required time
---------------------------------------------------------------------------------------------
                                             10.000000   data required time
                                             -4.165793   data arrival time
---------------------------------------------------------------------------------------------
                                              5.834207   slack (MET)


Startpoint: b[1] (input port clocked by __VIRTUAL_CLK__)
Endpoint: p[6] (output port clocked by __VIRTUAL_CLK__)
Path Group: __VIRTUAL_CLK__
Path Type: max

Fanout         Cap        Slew       Delay        Time   Description
---------------------------------------------------------------------------------------------
                      0.000000    0.000000    0.000000   clock __VIRTUAL_CLK__ (rise edge)
                                  0.000000    0.000000   clock network delay (ideal)
                                  0.000000    0.000000 ^ input external delay
     8    0.030864    0.144220    0.105105    0.105105 ^ b[1] (in)
                                                         b[1] (net)
                      0.144238    0.000000    0.105105 ^ g18/B (sky130_fd_sc_hd__nand2_1)
     1    0.003055    0.049002    0.075887    0.180992 v g18/Y (sky130_fd_sc_hd__nand2_1)
                                                         n34 (net)
                      0.049002    0.000092    0.181084 v g19/A (sky130_fd_sc_hd__inv_1)
     2    0.005660    0.055169    0.070024    0.251108 ^ g19/Y (sky130_fd_sc_hd__inv_1)
                                                         n35 (net)
                      0.055169    0.000146    0.251254 ^ g133/B (sky130_fd_sc_hd__nand2_1)
     3    0.007721    0.062512    0.080429    0.331683 v g133/Y (sky130_fd_sc_hd__nand2_1)
                                                         n149 (net)
                      0.062512    0.000079    0.331763 v g134/B (sky130_fd_sc_hd__nand2_1)
     1    0.003100    0.046975    0.074278    0.406041 ^ g134/Y (sky130_fd_sc_hd__nand2_1)
                                                         n150 (net)
                      0.046975    0.000098    0.406139 ^ g136/A (sky130_fd_sc_hd__nand2_1)
     2    0.005409    0.046831    0.061326    0.467465 v g136/Y (sky130_fd_sc_hd__nand2_1)
                                                         n152 (net)
                      0.046831    0.000100    0.467566 v g137/A (sky130_fd_sc_hd__nand2_1)
     3    0.008801    0.093397    0.096909    0.564475 ^ g137/Y (sky130_fd_sc_hd__nand2_1)
                                                         n153 (net)
                      0.093398    0.000150    0.564625 ^ g141/B (sky130_fd_sc_hd__nand2_1)
     2    0.005074    0.050897    0.076990    0.641615 v g141/Y (sky130_fd_sc_hd__nand2_1)
                                                         n157 (net)
                      0.050897    0.000086    0.641700 v g146/B (sky130_fd_sc_hd__nand2_1)
     3    0.008019    0.086774    0.101014    0.742715 ^ g146/Y (sky130_fd_sc_hd__nand2_1)
                                                         n162 (net)
                      0.086774    0.000109    0.742824 ^ g148/B (sky130_fd_sc_hd__nand2_1)
     1    0.002611    0.033205    0.060139    0.802963 v g148/Y (sky130_fd_sc_hd__nand2_1)
                                                         n164 (net)
                      0.033205    0.000078    0.803041 v g149/B (sky130_fd_sc_hd__nand2_1)
     2    0.005901    0.068734    0.078879    0.881920 ^ g149/Y (sky130_fd_sc_hd__nand2_1)
                                                         n165 (net)
                      0.068734    0.000165    0.882084 ^ g197/A (sky130_fd_sc_hd__nand2_1)
     3    0.007589    0.063164    0.080706    0.962790 v g197/Y (sky130_fd_sc_hd__nand2_1)
                                                         n213 (net)
                      0.063164    0.000150    0.962940 v g199/B (sky130_fd_sc_hd__nand2_1)
     1    0.002866    0.045320    0.072987    1.035927 ^ g199/Y (sky130_fd_sc_hd__nand2_1)
                                                         n215 (net)
                      0.045320    0.000087    1.036014 ^ g200/B (sky130_fd_sc_hd__nand2_1)
     2    0.005278    0.045984    0.063913    1.099926 v g200/Y (sky130_fd_sc_hd__nand2_1)
                                                         n216 (net)
                      0.045984    0.000085    1.100011 v g201/A (sky130_fd_sc_hd__nand2_1)
     3    0.008578    0.091501    0.095079    1.195090 ^ g201/Y (sky130_fd_sc_hd__nand2_1)
                                                         n217 (net)
                      0.091501    0.000099    1.195189 ^ g205/B (sky130_fd_sc_hd__nand2_1)
     2    0.006030    0.056329    0.081933    1.277122 v g205/Y (sky130_fd_sc_hd__nand2_1)
                                                         n221 (net)
                      0.056329    0.000179    1.277301 v g210/B (sky130_fd_sc_hd__nand2_1)
     3    0.008504    0.091000    0.106763    1.384064 ^ g210/Y (sky130_fd_sc_hd__nand2_1)
                                                         n226 (net)
                      0.091000    0.000097    1.384161 ^ g212/B (sky130_fd_sc_hd__nand2_1)
     1    0.002462    0.033473    0.060199    1.444359 v g212/Y (sky130_fd_sc_hd__nand2_1)
                                                         n228 (net)
                      0.033473    0.000051    1.444410 v g213/B (sky130_fd_sc_hd__nand2_1)
     2    0.006502    0.073817    0.082906    1.527316 ^ g213/Y (sky130_fd_sc_hd__nand2_1)
                                                         n229 (net)
                      0.073841    0.000198    1.527514 ^ g265/A (sky130_fd_sc_hd__nand2_1)
     3    0.008051    0.066759    0.085066    1.612579 v g265/Y (sky130_fd_sc_hd__nand2_1)
                                                         n281 (net)
                      0.066759    0.000182    1.612761 v g267/B (sky130_fd_sc_hd__nand2_1)
     1    0.002653    0.044271    0.073184    1.685945 ^ g267/Y (sky130_fd_sc_hd__nand2_1)
                                                         n283 (net)
                      0.044271    0.000055    1.686000 ^ g268/B (sky130_fd_sc_hd__nand2_1)
     2    0.005336    0.046284    0.063865    1.749865 v g268/Y (sky130_fd_sc_hd__nand2_1)
                                                         n284 (net)
                      0.046284    0.000138    1.750004 v g269/A (sky130_fd_sc_hd__nand2_1)
     3    0.008568    0.091430    0.095124    1.845128 ^ g269/Y (sky130_fd_sc_hd__nand2_1)
                                                         n285 (net)
                      0.091430    0.000115    1.845243 ^ g273/B (sky130_fd_sc_hd__nand2_1)
     2    0.005455    0.053575    0.078608    1.923851 v g273/Y (sky130_fd_sc_hd__nand2_1)
                                                         n289 (net)
                      0.053575    0.000131    1.923982 v g278/B (sky130_fd_sc_hd__nand2_1)
     3    0.009119    0.096118    0.109421    2.033403 ^ g278/Y (sky130_fd_sc_hd__nand2_1)
                                                         n294 (net)
                      0.096118    0.000132    2.033535 ^ g282/B (sky130_fd_sc_hd__nand2_1)
     2    0.005817    0.055161    0.082096    2.115632 v g282/Y (sky130_fd_sc_hd__nand2_1)
                                                         n298 (net)
                      0.055161    0.000095    2.115726 v g287/B (sky130_fd_sc_hd__nand2_1)
     3    0.008683    0.092495    0.107362    2.223088 ^ g287/Y (sky130_fd_sc_hd__nand2_1)
                                                         n303 (net)
                      0.092495    0.000156    2.223244 ^ g289/B (sky130_fd_sc_hd__nand2_1)
     1    0.002403    0.032893    0.060161    2.283405 v g289/Y (sky130_fd_sc_hd__nand2_1)
                                                         n305 (net)
                      0.032893    0.000049    2.283454 v g290/B (sky130_fd_sc_hd__nand2_1)
     2    0.005956    0.069198    0.079092    2.362546 ^ g290/Y (sky130_fd_sc_hd__nand2_1)
                                                         n306 (net)
                      0.069198    0.000172    2.362717 ^ g342/A (sky130_fd_sc_hd__nand2_1)
     3    0.008071    0.066276    0.083565    2.446283 v g342/Y (sky130_fd_sc_hd__nand2_1)
                                                         n358 (net)
                      0.066276    0.000122    2.446405 v g344/B (sky130_fd_sc_hd__nand2_1)
     1    0.003194    0.048211    0.076703    2.523108 ^ g344/Y (sky130_fd_sc_hd__nand2_1)
                                                         n360 (net)
                      0.048211    0.000073    2.523181 ^ g345/B (sky130_fd_sc_hd__nand2_1)
     2    0.005181    0.045396    0.064320    2.587501 v g345/Y (sky130_fd_sc_hd__nand2_1)
                                                         n361 (net)
                      0.045396    0.000136    2.587637 v g346/A (sky130_fd_sc_hd__nand2_1)
     3    0.008116    0.087603    0.091736    2.679373 ^ g346/Y (sky130_fd_sc_hd__nand2_1)
                                                         n362 (net)
                      0.087631    0.000108    2.679480 ^ g348/B (sky130_fd_sc_hd__nand2_1)
     1    0.002634    0.033448    0.060510    2.739990 v g348/Y (sky130_fd_sc_hd__nand2_1)
                                                         n364 (net)
                      0.033448    0.000079    2.740069 v g349/B (sky130_fd_sc_hd__nand2_1)
     2    0.005578    0.066020    0.076900    2.816969 ^ g349/Y (sky130_fd_sc_hd__nand2_1)
                                                         n365 (net)
                      0.066020    0.000142    2.817111 ^ g401/A (sky130_fd_sc_hd__nand2_1)
     3    0.008029    0.065597    0.082228    2.899339 v g401/Y (sky130_fd_sc_hd__nand2_1)
                                                         n417 (net)
                      0.065597    0.000130    2.899469 v g403/B (sky130_fd_sc_hd__nand2_1)
     1    0.002832    0.045421    0.073878    2.973347 ^ g403/Y (sky130_fd_sc_hd__nand2_1)
                                                         n419 (net)
                      0.045422    0.000086    2.973433 ^ g404/B (sky130_fd_sc_hd__nand2_1)
     2    0.005086    0.044740    0.062919    3.036351 v g404/Y (sky130_fd_sc_hd__nand2_1)
                                                         n420 (net)
                      0.044740    0.000088    3.036439 v g405/A (sky130_fd_sc_hd__nand2_1)
     3    0.008327    0.089379    0.092848    3.129288 ^ g405/Y (sky130_fd_sc_hd__nand2_1)
                                                         n421 (net)
                      0.089380    0.000113    3.129400 ^ g407/B (sky130_fd_sc_hd__nand2_1)
     1    0.002495    0.032882    0.060014    3.189414 v g407/Y (sky130_fd_sc_hd__nand2_1)
                                                         n423 (net)
                      0.032882    0.000075    3.189489 v g408/B (sky130_fd_sc_hd__nand2_1)
     2    0.005457    0.065004    0.075850    3.265339 ^ g408/Y (sky130_fd_sc_hd__nand2_1)
                                                         n424 (net)
                      0.065004    0.000143    3.265482 ^ g464/A (sky130_fd_sc_hd__nand2_1)
     3    0.007484    0.061982    0.078865    3.344347 v g464/Y (sky130_fd_sc_hd__nand2_1)
                                                         n480 (net)
                      0.061982    0.000085    3.344432 v g466/B (sky130_fd_sc_hd__nand2_1)
     1    0.002782    0.044516    0.071864    3.416296 ^ g466/Y (sky130_fd_sc_hd__nand2_1)
                                                         n482 (net)
                      0.044516    0.000084    3.416380 ^ g467/B (sky130_fd_sc_hd__nand2_1)
     1    0.011304    0.086478    0.096062    3.512442 v g467/Y (sky130_fd_sc_hd__nand2_1)
                                                         p[6] (net)
                      0.086480    0.000274    3.512716 v p[6] (out)
                                              3.512716   data arrival time

                      0.000000   10.000000   10.000000   clock __VIRTUAL_CLK__ (rise edge)
                                  0.000000   10.000000   clock network delay (ideal)
                                  0.000000   10.000000   clock reconvergence pessimism
                                  0.000000   10.000000   output external delay
                                             10.000000   data required time
---------------------------------------------------------------------------------------------
                                             10.000000   data required time
                                             -3.512716   data arrival time
---------------------------------------------------------------------------------------------
                                              6.487284   slack (MET)


Startpoint: b[1] (input port clocked by __VIRTUAL_CLK__)
Endpoint: p[5] (output port clocked by __VIRTUAL_CLK__)
Path Group: __VIRTUAL_CLK__
Path Type: max

Fanout         Cap        Slew       Delay        Time   Description
---------------------------------------------------------------------------------------------
                      0.000000    0.000000    0.000000   clock __VIRTUAL_CLK__ (rise edge)
                                  0.000000    0.000000   clock network delay (ideal)
                                  0.000000    0.000000 ^ input external delay
     8    0.030864    0.144220    0.105105    0.105105 ^ b[1] (in)
                                                         b[1] (net)
                      0.144238    0.000000    0.105105 ^ g18/B (sky130_fd_sc_hd__nand2_1)
     1    0.003055    0.049002    0.075887    0.180992 v g18/Y (sky130_fd_sc_hd__nand2_1)
                                                         n34 (net)
                      0.049002    0.000092    0.181084 v g19/A (sky130_fd_sc_hd__inv_1)
     2    0.005660    0.055169    0.070024    0.251108 ^ g19/Y (sky130_fd_sc_hd__inv_1)
                                                         n35 (net)
                      0.055169    0.000146    0.251254 ^ g133/B (sky130_fd_sc_hd__nand2_1)
     3    0.007721    0.062512    0.080429    0.331683 v g133/Y (sky130_fd_sc_hd__nand2_1)
                                                         n149 (net)
                      0.062512    0.000079    0.331763 v g134/B (sky130_fd_sc_hd__nand2_1)
     1    0.003100    0.046975    0.074278    0.406041 ^ g134/Y (sky130_fd_sc_hd__nand2_1)
                                                         n150 (net)
                      0.046975    0.000098    0.406139 ^ g136/A (sky130_fd_sc_hd__nand2_1)
     2    0.005409    0.046831    0.061326    0.467465 v g136/Y (sky130_fd_sc_hd__nand2_1)
                                                         n152 (net)
                      0.046831    0.000100    0.467566 v g137/A (sky130_fd_sc_hd__nand2_1)
     3    0.008801    0.093397    0.096909    0.564475 ^ g137/Y (sky130_fd_sc_hd__nand2_1)
                                                         n153 (net)
                      0.093398    0.000150    0.564625 ^ g141/B (sky130_fd_sc_hd__nand2_1)
     2    0.005074    0.050897    0.076990    0.641615 v g141/Y (sky130_fd_sc_hd__nand2_1)
                                                         n157 (net)
                      0.050897    0.000086    0.641700 v g146/B (sky130_fd_sc_hd__nand2_1)
     3    0.008019    0.086774    0.101014    0.742715 ^ g146/Y (sky130_fd_sc_hd__nand2_1)
                                                         n162 (net)
                      0.086774    0.000109    0.742824 ^ g148/B (sky130_fd_sc_hd__nand2_1)
     1    0.002611    0.033205    0.060139    0.802963 v g148/Y (sky130_fd_sc_hd__nand2_1)
                                                         n164 (net)
                      0.033205    0.000078    0.803041 v g149/B (sky130_fd_sc_hd__nand2_1)
     2    0.005901    0.068734    0.078879    0.881920 ^ g149/Y (sky130_fd_sc_hd__nand2_1)
                                                         n165 (net)
                      0.068734    0.000165    0.882084 ^ g197/A (sky130_fd_sc_hd__nand2_1)
     3    0.007589    0.063164    0.080706    0.962790 v g197/Y (sky130_fd_sc_hd__nand2_1)
                                                         n213 (net)
                      0.063164    0.000150    0.962940 v g199/B (sky130_fd_sc_hd__nand2_1)
     1    0.002866    0.045320    0.072987    1.035927 ^ g199/Y (sky130_fd_sc_hd__nand2_1)
                                                         n215 (net)
                      0.045320    0.000087    1.036014 ^ g200/B (sky130_fd_sc_hd__nand2_1)
     2    0.005278    0.045984    0.063913    1.099926 v g200/Y (sky130_fd_sc_hd__nand2_1)
                                                         n216 (net)
                      0.045984    0.000085    1.100011 v g201/A (sky130_fd_sc_hd__nand2_1)
     3    0.008578    0.091501    0.095079    1.195090 ^ g201/Y (sky130_fd_sc_hd__nand2_1)
                                                         n217 (net)
                      0.091501    0.000099    1.195189 ^ g205/B (sky130_fd_sc_hd__nand2_1)
     2    0.006030    0.056329    0.081933    1.277122 v g205/Y (sky130_fd_sc_hd__nand2_1)
                                                         n221 (net)
                      0.056329    0.000179    1.277301 v g210/B (sky130_fd_sc_hd__nand2_1)
     3    0.008504    0.091000    0.106763    1.384064 ^ g210/Y (sky130_fd_sc_hd__nand2_1)
                                                         n226 (net)
                      0.091000    0.000097    1.384161 ^ g212/B (sky130_fd_sc_hd__nand2_1)
     1    0.002462    0.033473    0.060199    1.444359 v g212/Y (sky130_fd_sc_hd__nand2_1)
                                                         n228 (net)
                      0.033473    0.000051    1.444410 v g213/B (sky130_fd_sc_hd__nand2_1)
     2    0.006502    0.073817    0.082906    1.527316 ^ g213/Y (sky130_fd_sc_hd__nand2_1)
                                                         n229 (net)
                      0.073841    0.000198    1.527514 ^ g265/A (sky130_fd_sc_hd__nand2_1)
     3    0.008051    0.066759    0.085066    1.612579 v g265/Y (sky130_fd_sc_hd__nand2_1)
                                                         n281 (net)
                      0.066759    0.000182    1.612761 v g267/B (sky130_fd_sc_hd__nand2_1)
     1    0.002653    0.044271    0.073184    1.685945 ^ g267/Y (sky130_fd_sc_hd__nand2_1)
                                                         n283 (net)
                      0.044271    0.000055    1.686000 ^ g268/B (sky130_fd_sc_hd__nand2_1)
     2    0.005336    0.046284    0.063865    1.749865 v g268/Y (sky130_fd_sc_hd__nand2_1)
                                                         n284 (net)
                      0.046284    0.000138    1.750004 v g269/A (sky130_fd_sc_hd__nand2_1)
     3    0.008568    0.091430    0.095124    1.845128 ^ g269/Y (sky130_fd_sc_hd__nand2_1)
                                                         n285 (net)
                      0.091430    0.000115    1.845243 ^ g273/B (sky130_fd_sc_hd__nand2_1)
     2    0.005455    0.053575    0.078608    1.923851 v g273/Y (sky130_fd_sc_hd__nand2_1)
                                                         n289 (net)
                      0.053575    0.000131    1.923982 v g278/B (sky130_fd_sc_hd__nand2_1)
     3    0.009119    0.096118    0.109421    2.033403 ^ g278/Y (sky130_fd_sc_hd__nand2_1)
                                                         n294 (net)
                      0.096119    0.000216    2.033619 ^ g280/B (sky130_fd_sc_hd__nand2_1)
     1    0.002401    0.033228    0.061033    2.094652 v g280/Y (sky130_fd_sc_hd__nand2_1)
                                                         n296 (net)
                      0.033228    0.000049    2.094702 v g281/B (sky130_fd_sc_hd__nand2_1)
     2    0.005818    0.068036    0.078352    2.173053 ^ g281/Y (sky130_fd_sc_hd__nand2_1)
                                                         n297 (net)
                      0.068036    0.000160    2.173214 ^ g333/A (sky130_fd_sc_hd__nand2_1)
     3    0.007467    0.062297    0.079780    2.252994 v g333/Y (sky130_fd_sc_hd__nand2_1)
                                                         n349 (net)
                      0.062297    0.000146    2.253139 v g335/B (sky130_fd_sc_hd__nand2_1)
     1    0.002950    0.045818    0.073154    2.326293 ^ g335/Y (sky130_fd_sc_hd__nand2_1)
                                                         n351 (net)
                      0.045818    0.000090    2.326383 ^ g336/B (sky130_fd_sc_hd__nand2_1)
     2    0.005605    0.048082    0.065837    2.392220 v g336/Y (sky130_fd_sc_hd__nand2_1)
                                                         n352 (net)
                      0.048082    0.000129    2.392349 v g337/A (sky130_fd_sc_hd__nand2_1)
     3    0.008401    0.090005    0.094805    2.487154 ^ g337/Y (sky130_fd_sc_hd__nand2_1)
                                                         n353 (net)
                      0.090005    0.000112    2.487266 ^ g339/B (sky130_fd_sc_hd__nand2_1)
     1    0.002419    0.032537    0.059653    2.546918 v g339/Y (sky130_fd_sc_hd__nand2_1)
                                                         n355 (net)
                      0.032537    0.000072    2.546990 v g340/B (sky130_fd_sc_hd__nand2_1)
     2    0.005578    0.066020    0.076475    2.623465 ^ g340/Y (sky130_fd_sc_hd__nand2_1)
                                                         n356 (net)
                      0.066020    0.000150    2.623615 ^ g396/A (sky130_fd_sc_hd__nand2_1)
     3    0.007810    0.064197    0.081008    2.704623 v g396/Y (sky130_fd_sc_hd__nand2_1)
                                                         n412 (net)
                      0.064197    0.000107    2.704731 v g398/B (sky130_fd_sc_hd__nand2_1)
     1    0.002894    0.045677    0.073656    2.778386 ^ g398/Y (sky130_fd_sc_hd__nand2_1)
                                                         n414 (net)
                      0.045677    0.000089    2.778475 ^ g399/B (sky130_fd_sc_hd__nand2_1)
     1    0.011383    0.087054    0.096891    2.875366 v g399/Y (sky130_fd_sc_hd__nand2_1)
                                                         p[5] (net)
                      0.087055    0.000257    2.875623 v p[5] (out)
                                              2.875623   data arrival time

                      0.000000   10.000000   10.000000   clock __VIRTUAL_CLK__ (rise edge)
                                  0.000000   10.000000   clock network delay (ideal)
                                  0.000000   10.000000   clock reconvergence pessimism
                                  0.000000   10.000000   output external delay
                                             10.000000   data required time
---------------------------------------------------------------------------------------------
                                             10.000000   data required time
                                             -2.875623   data arrival time
---------------------------------------------------------------------------------------------
                                              7.124377   slack (MET)


Startpoint: b[1] (input port clocked by __VIRTUAL_CLK__)
Endpoint: p[4] (output port clocked by __VIRTUAL_CLK__)
Path Group: __VIRTUAL_CLK__
Path Type: max

Fanout         Cap        Slew       Delay        Time   Description
---------------------------------------------------------------------------------------------
                      0.000000    0.000000    0.000000   clock __VIRTUAL_CLK__ (rise edge)
                                  0.000000    0.000000   clock network delay (ideal)
                                  0.000000    0.000000 ^ input external delay
     8    0.030864    0.144220    0.105105    0.105105 ^ b[1] (in)
                                                         b[1] (net)
                      0.144238    0.000000    0.105105 ^ g18/B (sky130_fd_sc_hd__nand2_1)
     1    0.003055    0.049002    0.075887    0.180992 v g18/Y (sky130_fd_sc_hd__nand2_1)
                                                         n34 (net)
                      0.049002    0.000092    0.181084 v g19/A (sky130_fd_sc_hd__inv_1)
     2    0.005660    0.055169    0.070024    0.251108 ^ g19/Y (sky130_fd_sc_hd__inv_1)
                                                         n35 (net)
                      0.055169    0.000146    0.251254 ^ g133/B (sky130_fd_sc_hd__nand2_1)
     3    0.007721    0.062512    0.080429    0.331683 v g133/Y (sky130_fd_sc_hd__nand2_1)
                                                         n149 (net)
                      0.062512    0.000079    0.331763 v g134/B (sky130_fd_sc_hd__nand2_1)
     1    0.003100    0.046975    0.074278    0.406041 ^ g134/Y (sky130_fd_sc_hd__nand2_1)
                                                         n150 (net)
                      0.046975    0.000098    0.406139 ^ g136/A (sky130_fd_sc_hd__nand2_1)
     2    0.005409    0.046831    0.061326    0.467465 v g136/Y (sky130_fd_sc_hd__nand2_1)
                                                         n152 (net)
                      0.046831    0.000100    0.467566 v g137/A (sky130_fd_sc_hd__nand2_1)
     3    0.008801    0.093397    0.096909    0.564475 ^ g137/Y (sky130_fd_sc_hd__nand2_1)
                                                         n153 (net)
                      0.093398    0.000150    0.564625 ^ g141/B (sky130_fd_sc_hd__nand2_1)
     2    0.005074    0.050897    0.076990    0.641615 v g141/Y (sky130_fd_sc_hd__nand2_1)
                                                         n157 (net)
                      0.050897    0.000086    0.641700 v g146/B (sky130_fd_sc_hd__nand2_1)
     3    0.008019    0.086774    0.101014    0.742715 ^ g146/Y (sky130_fd_sc_hd__nand2_1)
                                                         n162 (net)
                      0.086774    0.000109    0.742824 ^ g148/B (sky130_fd_sc_hd__nand2_1)
     1    0.002611    0.033205    0.060139    0.802963 v g148/Y (sky130_fd_sc_hd__nand2_1)
                                                         n164 (net)
                      0.033205    0.000078    0.803041 v g149/B (sky130_fd_sc_hd__nand2_1)
     2    0.005901    0.068734    0.078879    0.881920 ^ g149/Y (sky130_fd_sc_hd__nand2_1)
                                                         n165 (net)
                      0.068734    0.000165    0.882084 ^ g197/A (sky130_fd_sc_hd__nand2_1)
     3    0.007589    0.063164    0.080706    0.962790 v g197/Y (sky130_fd_sc_hd__nand2_1)
                                                         n213 (net)
                      0.063164    0.000150    0.962940 v g199/B (sky130_fd_sc_hd__nand2_1)
     1    0.002866    0.045320    0.072987    1.035927 ^ g199/Y (sky130_fd_sc_hd__nand2_1)
                                                         n215 (net)
                      0.045320    0.000087    1.036014 ^ g200/B (sky130_fd_sc_hd__nand2_1)
     2    0.005278    0.045984    0.063913    1.099926 v g200/Y (sky130_fd_sc_hd__nand2_1)
                                                         n216 (net)
                      0.045984    0.000085    1.100011 v g201/A (sky130_fd_sc_hd__nand2_1)
     3    0.008578    0.091501    0.095079    1.195090 ^ g201/Y (sky130_fd_sc_hd__nand2_1)
                                                         n217 (net)
                      0.091501    0.000099    1.195189 ^ g205/B (sky130_fd_sc_hd__nand2_1)
     2    0.006030    0.056329    0.081933    1.277122 v g205/Y (sky130_fd_sc_hd__nand2_1)
                                                         n221 (net)
                      0.056329    0.000179    1.277301 v g210/B (sky130_fd_sc_hd__nand2_1)
     3    0.008504    0.091000    0.106763    1.384064 ^ g210/Y (sky130_fd_sc_hd__nand2_1)
                                                         n226 (net)
                      0.091000    0.000097    1.384161 ^ g212/B (sky130_fd_sc_hd__nand2_1)
     1    0.002462    0.033473    0.060199    1.444359 v g212/Y (sky130_fd_sc_hd__nand2_1)
                                                         n228 (net)
                      0.033473    0.000051    1.444410 v g213/B (sky130_fd_sc_hd__nand2_1)
     2    0.006502    0.073817    0.082906    1.527316 ^ g213/Y (sky130_fd_sc_hd__nand2_1)
                                                         n229 (net)
                      0.073841    0.000198    1.527514 ^ g265/A (sky130_fd_sc_hd__nand2_1)
     3    0.008051    0.066759    0.085066    1.612579 v g265/Y (sky130_fd_sc_hd__nand2_1)
                                                         n281 (net)
                      0.066759    0.000182    1.612761 v g267/B (sky130_fd_sc_hd__nand2_1)
     1    0.002653    0.044271    0.073184    1.685945 ^ g267/Y (sky130_fd_sc_hd__nand2_1)
                                                         n283 (net)
                      0.044271    0.000055    1.686000 ^ g268/B (sky130_fd_sc_hd__nand2_1)
     2    0.005336    0.046284    0.063865    1.749865 v g268/Y (sky130_fd_sc_hd__nand2_1)
                                                         n284 (net)
                      0.046284    0.000138    1.750004 v g269/A (sky130_fd_sc_hd__nand2_1)
     3    0.008568    0.091430    0.095124    1.845128 ^ g269/Y (sky130_fd_sc_hd__nand2_1)
                                                         n285 (net)
                      0.091430    0.000135    1.845263 ^ g271/B (sky130_fd_sc_hd__nand2_1)
     1    0.002426    0.032760    0.060059    1.905322 v g271/Y (sky130_fd_sc_hd__nand2_1)
                                                         n287 (net)
                      0.032760    0.000050    1.905372 v g272/B (sky130_fd_sc_hd__nand2_1)
     2    0.005705    0.067087    0.077401    1.982773 ^ g272/Y (sky130_fd_sc_hd__nand2_1)
                                                         n288 (net)
                      0.067087    0.000163    1.982936 ^ g328/A (sky130_fd_sc_hd__nand2_1)
     3    0.007871    0.064722    0.081734    2.064670 v g328/Y (sky130_fd_sc_hd__nand2_1)
                                                         n344 (net)
                      0.064722    0.000127    2.064797 v g330/B (sky130_fd_sc_hd__nand2_1)
     1    0.003248    0.048389    0.076328    2.141124 ^ g330/Y (sky130_fd_sc_hd__nand2_1)
                                                         n346 (net)
                      0.048389    0.000104    2.141229 ^ g331/B (sky130_fd_sc_hd__nand2_1)
     1    0.011599    0.088631    0.098962    2.240190 v g331/Y (sky130_fd_sc_hd__nand2_1)
                                                         p[4] (net)
                      0.088633    0.000282    2.240473 v p[4] (out)
                                              2.240473   data arrival time

                      0.000000   10.000000   10.000000   clock __VIRTUAL_CLK__ (rise edge)
                                  0.000000   10.000000   clock network delay (ideal)
                                  0.000000   10.000000   clock reconvergence pessimism
                                  0.000000   10.000000   output external delay
                                             10.000000   data required time
---------------------------------------------------------------------------------------------
                                             10.000000   data required time
                                             -2.240473   data arrival time
---------------------------------------------------------------------------------------------
                                              7.759528   slack (MET)


Startpoint: b[1] (input port clocked by __VIRTUAL_CLK__)
Endpoint: p[3] (output port clocked by __VIRTUAL_CLK__)
Path Group: __VIRTUAL_CLK__
Path Type: max

Fanout         Cap        Slew       Delay        Time   Description
---------------------------------------------------------------------------------------------
                      0.000000    0.000000    0.000000   clock __VIRTUAL_CLK__ (rise edge)
                                  0.000000    0.000000   clock network delay (ideal)
                                  0.000000    0.000000 ^ input external delay
     8    0.030864    0.144220    0.105105    0.105105 ^ b[1] (in)
                                                         b[1] (net)
                      0.144238    0.000000    0.105105 ^ g18/B (sky130_fd_sc_hd__nand2_1)
     1    0.003055    0.049002    0.075887    0.180992 v g18/Y (sky130_fd_sc_hd__nand2_1)
                                                         n34 (net)
                      0.049002    0.000092    0.181084 v g19/A (sky130_fd_sc_hd__inv_1)
     2    0.005660    0.055169    0.070024    0.251108 ^ g19/Y (sky130_fd_sc_hd__inv_1)
                                                         n35 (net)
                      0.055169    0.000146    0.251254 ^ g133/B (sky130_fd_sc_hd__nand2_1)
     3    0.007721    0.062512    0.080429    0.331683 v g133/Y (sky130_fd_sc_hd__nand2_1)
                                                         n149 (net)
                      0.062512    0.000079    0.331763 v g134/B (sky130_fd_sc_hd__nand2_1)
     1    0.003100    0.046975    0.074278    0.406041 ^ g134/Y (sky130_fd_sc_hd__nand2_1)
                                                         n150 (net)
                      0.046975    0.000098    0.406139 ^ g136/A (sky130_fd_sc_hd__nand2_1)
     2    0.005409    0.046831    0.061326    0.467465 v g136/Y (sky130_fd_sc_hd__nand2_1)
                                                         n152 (net)
                      0.046831    0.000100    0.467566 v g137/A (sky130_fd_sc_hd__nand2_1)
     3    0.008801    0.093397    0.096909    0.564475 ^ g137/Y (sky130_fd_sc_hd__nand2_1)
                                                         n153 (net)
                      0.093398    0.000150    0.564625 ^ g141/B (sky130_fd_sc_hd__nand2_1)
     2    0.005074    0.050897    0.076990    0.641615 v g141/Y (sky130_fd_sc_hd__nand2_1)
                                                         n157 (net)
                      0.050897    0.000086    0.641700 v g146/B (sky130_fd_sc_hd__nand2_1)
     3    0.008019    0.086774    0.101014    0.742715 ^ g146/Y (sky130_fd_sc_hd__nand2_1)
                                                         n162 (net)
                      0.086774    0.000109    0.742824 ^ g148/B (sky130_fd_sc_hd__nand2_1)
     1    0.002611    0.033205    0.060139    0.802963 v g148/Y (sky130_fd_sc_hd__nand2_1)
                                                         n164 (net)
                      0.033205    0.000078    0.803041 v g149/B (sky130_fd_sc_hd__nand2_1)
     2    0.005901    0.068734    0.078879    0.881920 ^ g149/Y (sky130_fd_sc_hd__nand2_1)
                                                         n165 (net)
                      0.068734    0.000165    0.882084 ^ g197/A (sky130_fd_sc_hd__nand2_1)
     3    0.007589    0.063164    0.080706    0.962790 v g197/Y (sky130_fd_sc_hd__nand2_1)
                                                         n213 (net)
                      0.063164    0.000150    0.962940 v g199/B (sky130_fd_sc_hd__nand2_1)
     1    0.002866    0.045320    0.072987    1.035927 ^ g199/Y (sky130_fd_sc_hd__nand2_1)
                                                         n215 (net)
                      0.045320    0.000087    1.036014 ^ g200/B (sky130_fd_sc_hd__nand2_1)
     2    0.005278    0.045984    0.063913    1.099926 v g200/Y (sky130_fd_sc_hd__nand2_1)
                                                         n216 (net)
                      0.045984    0.000085    1.100011 v g201/A (sky130_fd_sc_hd__nand2_1)
     3    0.008578    0.091501    0.095079    1.195090 ^ g201/Y (sky130_fd_sc_hd__nand2_1)
                                                         n217 (net)
                      0.091501    0.000053    1.195143 ^ g203/B (sky130_fd_sc_hd__nand2_1)
     1    0.002578    0.033624    0.061098    1.256241 v g203/Y (sky130_fd_sc_hd__nand2_1)
                                                         n219 (net)
                      0.033624    0.000077    1.256318 v g204/B (sky130_fd_sc_hd__nand2_1)
     2    0.005733    0.067324    0.077996    1.334314 ^ g204/Y (sky130_fd_sc_hd__nand2_1)
                                                         n220 (net)
                      0.067324    0.000141    1.334455 ^ g260/A (sky130_fd_sc_hd__nand2_1)
     3    0.007835    0.064535    0.081598    1.416052 v g260/Y (sky130_fd_sc_hd__nand2_1)
                                                         n276 (net)
                      0.064535    0.000145    1.416197 v g262/B (sky130_fd_sc_hd__nand2_1)
     1    0.003274    0.048558    0.076421    1.492618 ^ g262/Y (sky130_fd_sc_hd__nand2_1)
                                                         n278 (net)
                      0.048558    0.000101    1.492719 ^ g263/B (sky130_fd_sc_hd__nand2_1)
     1    0.011755    0.089699    0.099893    1.592612 v g263/Y (sky130_fd_sc_hd__nand2_1)
                                                         p[3] (net)
                      0.089700    0.000228    1.592840 v p[3] (out)
                                              1.592840   data arrival time

                      0.000000   10.000000   10.000000   clock __VIRTUAL_CLK__ (rise edge)
                                  0.000000   10.000000   clock network delay (ideal)
                                  0.000000   10.000000   clock reconvergence pessimism
                                  0.000000   10.000000   output external delay
                                             10.000000   data required time
---------------------------------------------------------------------------------------------
                                             10.000000   data required time
                                             -1.592840   data arrival time
---------------------------------------------------------------------------------------------
                                              8.407160   slack (MET)


Startpoint: b[1] (input port clocked by __VIRTUAL_CLK__)
Endpoint: p[2] (output port clocked by __VIRTUAL_CLK__)
Path Group: __VIRTUAL_CLK__
Path Type: max

Fanout         Cap        Slew       Delay        Time   Description
---------------------------------------------------------------------------------------------
                      0.000000    0.000000    0.000000   clock __VIRTUAL_CLK__ (rise edge)
                                  0.000000    0.000000   clock network delay (ideal)
                                  0.000000    0.000000 ^ input external delay
     8    0.030864    0.144220    0.105105    0.105105 ^ b[1] (in)
                                                         b[1] (net)
                      0.144238    0.000000    0.105105 ^ g18/B (sky130_fd_sc_hd__nand2_1)
     1    0.003055    0.049002    0.075887    0.180992 v g18/Y (sky130_fd_sc_hd__nand2_1)
                                                         n34 (net)
                      0.049002    0.000092    0.181084 v g19/A (sky130_fd_sc_hd__inv_1)
     2    0.005660    0.055169    0.070024    0.251108 ^ g19/Y (sky130_fd_sc_hd__inv_1)
                                                         n35 (net)
                      0.055169    0.000146    0.251254 ^ g133/B (sky130_fd_sc_hd__nand2_1)
     3    0.007721    0.062512    0.080429    0.331683 v g133/Y (sky130_fd_sc_hd__nand2_1)
                                                         n149 (net)
                      0.062512    0.000079    0.331763 v g134/B (sky130_fd_sc_hd__nand2_1)
     1    0.003100    0.046975    0.074278    0.406041 ^ g134/Y (sky130_fd_sc_hd__nand2_1)
                                                         n150 (net)
                      0.046975    0.000098    0.406139 ^ g136/A (sky130_fd_sc_hd__nand2_1)
     2    0.005409    0.046831    0.061326    0.467465 v g136/Y (sky130_fd_sc_hd__nand2_1)
                                                         n152 (net)
                      0.046831    0.000100    0.467566 v g137/A (sky130_fd_sc_hd__nand2_1)
     3    0.008801    0.093397    0.096909    0.564475 ^ g137/Y (sky130_fd_sc_hd__nand2_1)
                                                         n153 (net)
                      0.093398    0.000117    0.564592 ^ g139/B (sky130_fd_sc_hd__nand2_1)
     1    0.002426    0.033016    0.060534    0.625126 v g139/Y (sky130_fd_sc_hd__nand2_1)
                                                         n155 (net)
                      0.033016    0.000072    0.625198 v g140/B (sky130_fd_sc_hd__nand2_1)
     2    0.005702    0.067063    0.077505    0.702703 ^ g140/Y (sky130_fd_sc_hd__nand2_1)
                                                         n156 (net)
                      0.067063    0.000153    0.702857 ^ g192/A (sky130_fd_sc_hd__nand2_1)
     3    0.007533    0.062569    0.079844    0.782701 v g192/Y (sky130_fd_sc_hd__nand2_1)
                                                         n208 (net)
                      0.062569    0.000085    0.782786 v g194/B (sky130_fd_sc_hd__nand2_1)
     1    0.002869    0.045251    0.072728    0.855514 ^ g194/Y (sky130_fd_sc_hd__nand2_1)
                                                         n210 (net)
                      0.045251    0.000087    0.855601 ^ g195/B (sky130_fd_sc_hd__nand2_1)
     1    0.011328    0.086663    0.096453    0.952053 v g195/Y (sky130_fd_sc_hd__nand2_1)
                                                         p[2] (net)
                      0.086664    0.000259    0.952312 v p[2] (out)
                                              0.952312   data arrival time

                      0.000000   10.000000   10.000000   clock __VIRTUAL_CLK__ (rise edge)
                                  0.000000   10.000000   clock network delay (ideal)
                                  0.000000   10.000000   clock reconvergence pessimism
                                  0.000000   10.000000   output external delay
                                             10.000000   data required time
---------------------------------------------------------------------------------------------
                                             10.000000   data required time
                                             -0.952312   data arrival time
---------------------------------------------------------------------------------------------
                                              9.047688   slack (MET)


Startpoint: b[0] (input port clocked by __VIRTUAL_CLK__)
Endpoint: p[1] (output port clocked by __VIRTUAL_CLK__)
Path Group: __VIRTUAL_CLK__
Path Type: max

Fanout         Cap        Slew       Delay        Time   Description
---------------------------------------------------------------------------------------------
                      0.000000    0.000000    0.000000   clock __VIRTUAL_CLK__ (rise edge)
                                  0.000000    0.000000   clock network delay (ideal)
                                  0.000000    0.000000 ^ input external delay
     8    0.031459    0.146884    0.107183    0.107183 ^ b[0] (in)
                                                         b[0] (net)
                      0.146907    0.000000    0.107183 ^ g16/B (sky130_fd_sc_hd__nand2_1)
     1    0.002992    0.048596    0.075785    0.182969 v g16/Y (sky130_fd_sc_hd__nand2_1)
                                                         n32 (net)
                      0.048596    0.000092    0.183061 v g17/A (sky130_fd_sc_hd__inv_1)
     2    0.005178    0.051376    0.067014    0.250075 ^ g17/Y (sky130_fd_sc_hd__inv_1)
                                                         n33 (net)
                      0.051376    0.000084    0.250159 ^ g128/B (sky130_fd_sc_hd__nand2_1)
     3    0.008033    0.064445    0.080893    0.331051 v g128/Y (sky130_fd_sc_hd__nand2_1)
                                                         n144 (net)
                      0.064445    0.000053    0.331104 v g130/B (sky130_fd_sc_hd__nand2_1)
     1    0.002821    0.045166    0.073266    0.404370 ^ g130/Y (sky130_fd_sc_hd__nand2_1)
                                                         n146 (net)
                      0.045166    0.000085    0.404455 ^ g131/B (sky130_fd_sc_hd__nand2_1)
     1    0.011234    0.086020    0.095905    0.500361 v g131/Y (sky130_fd_sc_hd__nand2_1)
                                                         p[1] (net)
                      0.086021    0.000278    0.500638 v p[1] (out)
                                              0.500638   data arrival time

                      0.000000   10.000000   10.000000   clock __VIRTUAL_CLK__ (rise edge)
                                  0.000000   10.000000   clock network delay (ideal)
                                  0.000000   10.000000   clock reconvergence pessimism
                                  0.000000   10.000000   output external delay
                                             10.000000   data required time
---------------------------------------------------------------------------------------------
                                             10.000000   data required time
                                             -0.500638   data arrival time
---------------------------------------------------------------------------------------------
                                              9.499362   slack (MET)


Startpoint: b[0] (input port clocked by __VIRTUAL_CLK__)
Endpoint: p[0] (output port clocked by __VIRTUAL_CLK__)
Path Group: __VIRTUAL_CLK__
Path Type: max

Fanout         Cap        Slew       Delay        Time   Description
---------------------------------------------------------------------------------------------
                      0.000000    0.000000    0.000000   clock __VIRTUAL_CLK__ (rise edge)
                                  0.000000    0.000000   clock network delay (ideal)
                                  0.000000    0.000000 ^ input external delay
     8    0.031459    0.146884    0.107170    0.107170 ^ b[0] (in)
                                                         b[0] (net)
                      0.146907    0.000000    0.107170 ^ g0/B (sky130_fd_sc_hd__nand2_1)
     1    0.002844    0.047766    0.074574    0.181743 v g0/Y (sky130_fd_sc_hd__nand2_1)
                                                         n16 (net)
                      0.047766    0.000062    0.181805 v g1/A (sky130_fd_sc_hd__inv_1)
     1    0.011529    0.101884    0.104367    0.286172 ^ g1/Y (sky130_fd_sc_hd__inv_1)
                                                         p[0] (net)
                      0.101885    0.000310    0.286482 ^ p[0] (out)
                                              0.286482   data arrival time

                      0.000000   10.000000   10.000000   clock __VIRTUAL_CLK__ (rise edge)
                                  0.000000   10.000000   clock network delay (ideal)
                                  0.000000   10.000000   clock reconvergence pessimism
                                  0.000000   10.000000   output external delay
                                             10.000000   data required time
---------------------------------------------------------------------------------------------
                                             10.000000   data required time
                                             -0.286482   data arrival time
---------------------------------------------------------------------------------------------
                                              9.713518   slack (MET)



