
===========================================================================
report_checks -path_delay max (Setup)
============================================================================
======================= nom_tt_025C_1v80 Corner ===================================

Startpoint: b[5] (input port clocked by __VIRTUAL_CLK__)
Endpoint: p[14] (output port clocked by __VIRTUAL_CLK__)
Path Group: __VIRTUAL_CLK__
Path Type: max

Fanout         Cap        Slew       Delay        Time   Description
---------------------------------------------------------------------------------------------
                      0.000000    0.000000    0.000000   clock __VIRTUAL_CLK__ (rise edge)
                                  0.000000    0.000000   clock network delay (ideal)
                                  0.000000    0.000000 ^ input external delay
     8    0.033280    0.154987    0.112939    0.112939 ^ b[5] (in)
                                                         b[5] (net)
                      0.155001    0.000000    0.112939 ^ g10/B (sky130_fd_sc_hd__nand2_1)
     1    0.003109    0.048144    0.078035    0.190974 v g10/Y (sky130_fd_sc_hd__nand2_1)
                                                         n26 (net)
                      0.048144    0.000099    0.191073 v g11/A (sky130_fd_sc_hd__inv_1)
     2    0.006126    0.058826    0.072444    0.263518 ^ g11/Y (sky130_fd_sc_hd__inv_1)
                                                         n27 (net)
                      0.058826    0.000108    0.263626 ^ g175/A (sky130_fd_sc_hd__nand2_1)
     3    0.008248    0.066032    0.080897    0.344523 v g175/Y (sky130_fd_sc_hd__nand2_1)
                                                         n191 (net)
                      0.066032    0.000121    0.344643 v g177/B (sky130_fd_sc_hd__nand2_1)
     1    0.002886    0.045887    0.074461    0.419104 ^ g177/Y (sky130_fd_sc_hd__nand2_1)
                                                         n193 (net)
                      0.045887    0.000061    0.419165 ^ g178/B (sky130_fd_sc_hd__nand2_1)
     2    0.005615    0.048198    0.065903    0.485068 v g178/Y (sky130_fd_sc_hd__nand2_1)
                                                         n194 (net)
                      0.048198    0.000142    0.485210 v g179/A (sky130_fd_sc_hd__nand2_1)
     3    0.008036    0.086898    0.092430    0.577640 ^ g179/Y (sky130_fd_sc_hd__nand2_1)
                                                         n195 (net)
                      0.086898    0.000135    0.577775 ^ g181/B (sky130_fd_sc_hd__nand2_1)
     1    0.002593    0.033117    0.060059    0.637834 v g181/Y (sky130_fd_sc_hd__nand2_1)
                                                         n197 (net)
                      0.033117    0.000055    0.637890 v g182/B (sky130_fd_sc_hd__nand2_1)
     2    0.007239    0.080099    0.087517    0.725406 ^ g182/Y (sky130_fd_sc_hd__nand2_1)
                                                         n198 (net)
                      0.080100    0.000248    0.725654 ^ g397/B (sky130_fd_sc_hd__nand2_1)
     3    0.007875    0.065401    0.089093    0.814747 v g397/Y (sky130_fd_sc_hd__nand2_1)
                                                         n413 (net)
                      0.065401    0.000086    0.814833 v g399/B (sky130_fd_sc_hd__nand2_1)
     1    0.003199    0.048119    0.076314    0.891147 ^ g399/Y (sky130_fd_sc_hd__nand2_1)
                                                         n415 (net)
                      0.048119    0.000101    0.891247 ^ g400/B (sky130_fd_sc_hd__nand2_1)
     2    0.005216    0.045633    0.064478    0.955725 v g400/Y (sky130_fd_sc_hd__nand2_1)
                                                         n416 (net)
                      0.045633    0.000136    0.955861 v g401/A (sky130_fd_sc_hd__nand2_1)
     3    0.008059    0.087121    0.091462    1.047323 ^ g401/Y (sky130_fd_sc_hd__nand2_1)
                                                         n417 (net)
                      0.087121    0.000117    1.047439 ^ g403/B (sky130_fd_sc_hd__nand2_1)
     1    0.002656    0.033510    0.060530    1.107969 v g403/Y (sky130_fd_sc_hd__nand2_1)
                                                         n419 (net)
                      0.033510    0.000080    1.108049 v g404/B (sky130_fd_sc_hd__nand2_1)
     2    0.007611    0.083274    0.090120    1.198169 ^ g404/Y (sky130_fd_sc_hd__nand2_1)
                                                         n420 (net)
                      0.083275    0.000249    1.198418 ^ g510/B (sky130_fd_sc_hd__nand2_1)
     3    0.007438    0.062691    0.087573    1.285990 v g510/Y (sky130_fd_sc_hd__nand2_1)
                                                         n526 (net)
                      0.062691    0.000101    1.286091 v g511/B (sky130_fd_sc_hd__nand2_1)
     1    0.003260    0.048204    0.075466    1.361557 ^ g511/Y (sky130_fd_sc_hd__nand2_1)
                                                         n527 (net)
                      0.048204    0.000075    1.361632 ^ g513/A (sky130_fd_sc_hd__nand2_1)
     2    0.005374    0.046636    0.061585    1.423217 v g513/Y (sky130_fd_sc_hd__nand2_1)
                                                         n529 (net)
                      0.046636    0.000089    1.423306 v g514/A (sky130_fd_sc_hd__nand2_1)
     3    0.008825    0.093644    0.096932    1.520239 ^ g514/Y (sky130_fd_sc_hd__nand2_1)
                                                         n530 (net)
                      0.093645    0.000239    1.520478 ^ g518/B (sky130_fd_sc_hd__nand2_1)
     2    0.008472    0.070688    0.096681    1.617159 v g518/Y (sky130_fd_sc_hd__nand2_1)
                                                         n534 (net)
                      0.070688    0.000321    1.617481 v g523/B (sky130_fd_sc_hd__nand2_1)
     3    0.008939    0.095073    0.116376    1.733856 ^ g523/Y (sky130_fd_sc_hd__nand2_1)
                                                         n539 (net)
                      0.095073    0.000168    1.734025 ^ g527/B (sky130_fd_sc_hd__nand2_1)
     2    0.006757    0.060429    0.087211    1.821236 v g527/Y (sky130_fd_sc_hd__nand2_1)
                                                         n543 (net)
                      0.060429    0.000204    1.821440 v g532/B (sky130_fd_sc_hd__nand2_1)
     3    0.008433    0.090553    0.108219    1.929659 ^ g532/Y (sky130_fd_sc_hd__nand2_1)
                                                         n548 (net)
                      0.090553    0.000148    1.929807 ^ g536/B (sky130_fd_sc_hd__nand2_1)
     2    0.006617    0.059520    0.085046    2.014853 v g536/Y (sky130_fd_sc_hd__nand2_1)
                                                         n552 (net)
                      0.059520    0.000173    2.015025 v g541/B (sky130_fd_sc_hd__nand2_1)
     3    0.008243    0.088942    0.106507    2.121532 ^ g541/Y (sky130_fd_sc_hd__nand2_1)
                                                         n557 (net)
                      0.088971    0.000220    2.121753 ^ g545/B (sky130_fd_sc_hd__nand2_1)
     2    0.007176    0.063219    0.087783    2.209535 v g545/Y (sky130_fd_sc_hd__nand2_1)
                                                         n561 (net)
                      0.063219    0.000182    2.209717 v g550/B (sky130_fd_sc_hd__nand2_1)
     3    0.009149    0.096592    0.114203    2.323920 ^ g550/Y (sky130_fd_sc_hd__nand2_1)
                                                         n566 (net)
                      0.096592    0.000144    2.324064 ^ g554/B (sky130_fd_sc_hd__nand2_1)
     2    0.006876    0.061651    0.088399    2.412463 v g554/Y (sky130_fd_sc_hd__nand2_1)
                                                         n570 (net)
                      0.061651    0.000180    2.412644 v g559/B (sky130_fd_sc_hd__nand2_1)
     3    0.008895    0.094441    0.111835    2.524478 ^ g559/Y (sky130_fd_sc_hd__nand2_1)
                                                         n575 (net)
                      0.094441    0.000124    2.524602 ^ g563/B (sky130_fd_sc_hd__nand2_1)
     2    0.006256    0.057483    0.084114    2.608717 v g563/Y (sky130_fd_sc_hd__nand2_1)
                                                         n579 (net)
                      0.057483    0.000190    2.608907 v g568/B (sky130_fd_sc_hd__nand2_1)
     3    0.008487    0.090901    0.107172    2.716079 ^ g568/Y (sky130_fd_sc_hd__nand2_1)
                                                         n584 (net)
                      0.090901    0.000161    2.716240 ^ g572/B (sky130_fd_sc_hd__nand2_1)
     2    0.009601    0.077401    0.102101    2.818341 v g572/Y (sky130_fd_sc_hd__nand2_1)
                                                         n588 (net)
                      0.077430    0.000416    2.818757 v g577/B (sky130_fd_sc_hd__nand2_1)
     3    0.008915    0.095078    0.119422    2.938179 ^ g577/Y (sky130_fd_sc_hd__nand2_1)
                                                         n593 (net)
                      0.095078    0.000159    2.938338 ^ g581/B (sky130_fd_sc_hd__nand2_1)
     2    0.005798    0.055437    0.081663    3.020000 v g581/Y (sky130_fd_sc_hd__nand2_1)
                                                         n597 (net)
                      0.055437    0.000129    3.020130 v g586/B (sky130_fd_sc_hd__nand2_1)
     3    0.008539    0.091271    0.106533    3.126663 ^ g586/Y (sky130_fd_sc_hd__nand2_1)
                                                         n602 (net)
                      0.091301    0.000122    3.126785 ^ g590/B (sky130_fd_sc_hd__nand2_1)
     2    0.006260    0.058341    0.083206    3.209991 v g590/Y (sky130_fd_sc_hd__nand2_1)
                                                         n606 (net)
                      0.058341    0.000180    3.210171 v g595/B (sky130_fd_sc_hd__nand2_1)
     3    0.008791    0.093478    0.109528    3.319699 ^ g595/Y (sky130_fd_sc_hd__nand2_1)
                                                         n611 (net)
                      0.093509    0.000205    3.319904 ^ g597/B (sky130_fd_sc_hd__nand2_1)
     1    0.002930    0.036347    0.064004    3.383908 v g597/Y (sky130_fd_sc_hd__nand2_1)
                                                         n613 (net)
                      0.036347    0.000092    3.384000 v g598/B (sky130_fd_sc_hd__nand2_1)
     1    0.012126    0.121932    0.120513    3.504514 ^ g598/Y (sky130_fd_sc_hd__nand2_1)
                                                         p[14] (net)
                      0.121933    0.000357    3.504870 ^ p[14] (out)
                                              3.504870   data arrival time

                      0.000000   10.000000   10.000000   clock __VIRTUAL_CLK__ (rise edge)
                                  0.000000   10.000000   clock network delay (ideal)
                                  0.000000   10.000000   clock reconvergence pessimism
                                  0.000000   10.000000   output external delay
                                             10.000000   data required time
---------------------------------------------------------------------------------------------
                                             10.000000   data required time
                                             -3.504870   data arrival time
---------------------------------------------------------------------------------------------
                                              6.495130   slack (MET)


Startpoint: b[5] (input port clocked by __VIRTUAL_CLK__)
Endpoint: p[15] (output port clocked by __VIRTUAL_CLK__)
Path Group: __VIRTUAL_CLK__
Path Type: max

Fanout         Cap        Slew       Delay        Time   Description
---------------------------------------------------------------------------------------------
                      0.000000    0.000000    0.000000   clock __VIRTUAL_CLK__ (rise edge)
                                  0.000000    0.000000   clock network delay (ideal)
                                  0.000000    0.000000 ^ input external delay
     8    0.033280    0.154987    0.112939    0.112939 ^ b[5] (in)
                                                         b[5] (net)
                      0.155001    0.000000    0.112939 ^ g10/B (sky130_fd_sc_hd__nand2_1)
     1    0.003109    0.048144    0.078035    0.190974 v g10/Y (sky130_fd_sc_hd__nand2_1)
                                                         n26 (net)
                      0.048144    0.000099    0.191073 v g11/A (sky130_fd_sc_hd__inv_1)
     2    0.006126    0.058826    0.072444    0.263518 ^ g11/Y (sky130_fd_sc_hd__inv_1)
                                                         n27 (net)
                      0.058826    0.000108    0.263626 ^ g175/A (sky130_fd_sc_hd__nand2_1)
     3    0.008248    0.066032    0.080897    0.344523 v g175/Y (sky130_fd_sc_hd__nand2_1)
                                                         n191 (net)
                      0.066032    0.000121    0.344643 v g177/B (sky130_fd_sc_hd__nand2_1)
     1    0.002886    0.045887    0.074461    0.419104 ^ g177/Y (sky130_fd_sc_hd__nand2_1)
                                                         n193 (net)
                      0.045887    0.000061    0.419165 ^ g178/B (sky130_fd_sc_hd__nand2_1)
     2    0.005615    0.048198    0.065903    0.485068 v g178/Y (sky130_fd_sc_hd__nand2_1)
                                                         n194 (net)
                      0.048198    0.000142    0.485210 v g179/A (sky130_fd_sc_hd__nand2_1)
     3    0.008036    0.086898    0.092430    0.577640 ^ g179/Y (sky130_fd_sc_hd__nand2_1)
                                                         n195 (net)
                      0.086898    0.000135    0.577775 ^ g181/B (sky130_fd_sc_hd__nand2_1)
     1    0.002593    0.033117    0.060059    0.637834 v g181/Y (sky130_fd_sc_hd__nand2_1)
                                                         n197 (net)
                      0.033117    0.000055    0.637890 v g182/B (sky130_fd_sc_hd__nand2_1)
     2    0.007239    0.080099    0.087517    0.725406 ^ g182/Y (sky130_fd_sc_hd__nand2_1)
                                                         n198 (net)
                      0.080100    0.000248    0.725654 ^ g397/B (sky130_fd_sc_hd__nand2_1)
     3    0.007875    0.065401    0.089093    0.814747 v g397/Y (sky130_fd_sc_hd__nand2_1)
                                                         n413 (net)
                      0.065401    0.000086    0.814833 v g399/B (sky130_fd_sc_hd__nand2_1)
     1    0.003199    0.048119    0.076314    0.891147 ^ g399/Y (sky130_fd_sc_hd__nand2_1)
                                                         n415 (net)
                      0.048119    0.000101    0.891247 ^ g400/B (sky130_fd_sc_hd__nand2_1)
     2    0.005216    0.045633    0.064478    0.955725 v g400/Y (sky130_fd_sc_hd__nand2_1)
                                                         n416 (net)
                      0.045633    0.000136    0.955861 v g401/A (sky130_fd_sc_hd__nand2_1)
     3    0.008059    0.087121    0.091462    1.047323 ^ g401/Y (sky130_fd_sc_hd__nand2_1)
                                                         n417 (net)
                      0.087121    0.000117    1.047439 ^ g403/B (sky130_fd_sc_hd__nand2_1)
     1    0.002656    0.033510    0.060530    1.107969 v g403/Y (sky130_fd_sc_hd__nand2_1)
                                                         n419 (net)
                      0.033510    0.000080    1.108049 v g404/B (sky130_fd_sc_hd__nand2_1)
     2    0.007611    0.083274    0.090120    1.198169 ^ g404/Y (sky130_fd_sc_hd__nand2_1)
                                                         n420 (net)
                      0.083275    0.000249    1.198418 ^ g510/B (sky130_fd_sc_hd__nand2_1)
     3    0.007438    0.062691    0.087573    1.285990 v g510/Y (sky130_fd_sc_hd__nand2_1)
                                                         n526 (net)
                      0.062691    0.000101    1.286091 v g511/B (sky130_fd_sc_hd__nand2_1)
     1    0.003260    0.048204    0.075466    1.361557 ^ g511/Y (sky130_fd_sc_hd__nand2_1)
                                                         n527 (net)
                      0.048204    0.000075    1.361632 ^ g513/A (sky130_fd_sc_hd__nand2_1)
     2    0.005374    0.046636    0.061585    1.423217 v g513/Y (sky130_fd_sc_hd__nand2_1)
                                                         n529 (net)
                      0.046636    0.000089    1.423306 v g514/A (sky130_fd_sc_hd__nand2_1)
     3    0.008825    0.093644    0.096932    1.520239 ^ g514/Y (sky130_fd_sc_hd__nand2_1)
                                                         n530 (net)
                      0.093645    0.000239    1.520478 ^ g518/B (sky130_fd_sc_hd__nand2_1)
     2    0.008472    0.070688    0.096681    1.617159 v g518/Y (sky130_fd_sc_hd__nand2_1)
                                                         n534 (net)
                      0.070688    0.000321    1.617481 v g523/B (sky130_fd_sc_hd__nand2_1)
     3    0.008939    0.095073    0.116376    1.733856 ^ g523/Y (sky130_fd_sc_hd__nand2_1)
                                                         n539 (net)
                      0.095073    0.000168    1.734025 ^ g527/B (sky130_fd_sc_hd__nand2_1)
     2    0.006757    0.060429    0.087211    1.821236 v g527/Y (sky130_fd_sc_hd__nand2_1)
                                                         n543 (net)
                      0.060429    0.000204    1.821440 v g532/B (sky130_fd_sc_hd__nand2_1)
     3    0.008433    0.090553    0.108219    1.929659 ^ g532/Y (sky130_fd_sc_hd__nand2_1)
                                                         n548 (net)
                      0.090553    0.000148    1.929807 ^ g536/B (sky130_fd_sc_hd__nand2_1)
     2    0.006617    0.059520    0.085046    2.014853 v g536/Y (sky130_fd_sc_hd__nand2_1)
                                                         n552 (net)
                      0.059520    0.000173    2.015025 v g541/B (sky130_fd_sc_hd__nand2_1)
     3    0.008243    0.088942    0.106507    2.121532 ^ g541/Y (sky130_fd_sc_hd__nand2_1)
                                                         n557 (net)
                      0.088971    0.000220    2.121753 ^ g545/B (sky130_fd_sc_hd__nand2_1)
     2    0.007176    0.063219    0.087783    2.209535 v g545/Y (sky130_fd_sc_hd__nand2_1)
                                                         n561 (net)
                      0.063219    0.000182    2.209717 v g550/B (sky130_fd_sc_hd__nand2_1)
     3    0.009149    0.096592    0.114203    2.323920 ^ g550/Y (sky130_fd_sc_hd__nand2_1)
                                                         n566 (net)
                      0.096592    0.000144    2.324064 ^ g554/B (sky130_fd_sc_hd__nand2_1)
     2    0.006876    0.061651    0.088399    2.412463 v g554/Y (sky130_fd_sc_hd__nand2_1)
                                                         n570 (net)
                      0.061651    0.000180    2.412644 v g559/B (sky130_fd_sc_hd__nand2_1)
     3    0.008895    0.094441    0.111835    2.524478 ^ g559/Y (sky130_fd_sc_hd__nand2_1)
                                                         n575 (net)
                      0.094441    0.000124    2.524602 ^ g563/B (sky130_fd_sc_hd__nand2_1)
     2    0.006256    0.057483    0.084114    2.608717 v g563/Y (sky130_fd_sc_hd__nand2_1)
                                                         n579 (net)
                      0.057483    0.000190    2.608907 v g568/B (sky130_fd_sc_hd__nand2_1)
     3    0.008487    0.090901    0.107172    2.716079 ^ g568/Y (sky130_fd_sc_hd__nand2_1)
                                                         n584 (net)
                      0.090901    0.000161    2.716240 ^ g572/B (sky130_fd_sc_hd__nand2_1)
     2    0.009601    0.077401    0.102101    2.818341 v g572/Y (sky130_fd_sc_hd__nand2_1)
                                                         n588 (net)
                      0.077430    0.000416    2.818757 v g577/B (sky130_fd_sc_hd__nand2_1)
     3    0.008915    0.095078    0.119422    2.938179 ^ g577/Y (sky130_fd_sc_hd__nand2_1)
                                                         n593 (net)
                      0.095078    0.000159    2.938338 ^ g581/B (sky130_fd_sc_hd__nand2_1)
     2    0.005798    0.055437    0.081663    3.020000 v g581/Y (sky130_fd_sc_hd__nand2_1)
                                                         n597 (net)
                      0.055437    0.000129    3.020130 v g586/B (sky130_fd_sc_hd__nand2_1)
     3    0.008539    0.091271    0.106533    3.126663 ^ g586/Y (sky130_fd_sc_hd__nand2_1)
                                                         n602 (net)
                      0.091301    0.000122    3.126785 ^ g590/B (sky130_fd_sc_hd__nand2_1)
     2    0.006260    0.058341    0.083206    3.209991 v g590/Y (sky130_fd_sc_hd__nand2_1)
                                                         n606 (net)
                      0.058341    0.000180    3.210171 v g595/B (sky130_fd_sc_hd__nand2_1)
     3    0.008791    0.093478    0.109528    3.319699 ^ g595/Y (sky130_fd_sc_hd__nand2_1)
                                                         n611 (net)
                      0.093509    0.000214    3.319914 ^ g599/B (sky130_fd_sc_hd__nand2_1)
     1    0.012227    0.094879    0.117056    3.436969 v g599/Y (sky130_fd_sc_hd__nand2_1)
                                                         p[15] (net)
                      0.094910    0.000397    3.437366 v p[15] (out)
                                              3.437366   data arrival time

                      0.000000   10.000000   10.000000   clock __VIRTUAL_CLK__ (rise edge)
                                  0.000000   10.000000   clock network delay (ideal)
                                  0.000000   10.000000   clock reconvergence pessimism
                                  0.000000   10.000000   output external delay
                                             10.000000   data required time
---------------------------------------------------------------------------------------------
                                             10.000000   data required time
                                             -3.437366   data arrival time
---------------------------------------------------------------------------------------------
                                              6.562634   slack (MET)


Startpoint: b[5] (input port clocked by __VIRTUAL_CLK__)
Endpoint: p[13] (output port clocked by __VIRTUAL_CLK__)
Path Group: __VIRTUAL_CLK__
Path Type: max

Fanout         Cap        Slew       Delay        Time   Description
---------------------------------------------------------------------------------------------
                      0.000000    0.000000    0.000000   clock __VIRTUAL_CLK__ (rise edge)
                                  0.000000    0.000000   clock network delay (ideal)
                                  0.000000    0.000000 ^ input external delay
     8    0.033280    0.154987    0.112939    0.112939 ^ b[5] (in)
                                                         b[5] (net)
                      0.155001    0.000000    0.112939 ^ g10/B (sky130_fd_sc_hd__nand2_1)
     1    0.003109    0.048144    0.078035    0.190974 v g10/Y (sky130_fd_sc_hd__nand2_1)
                                                         n26 (net)
                      0.048144    0.000099    0.191073 v g11/A (sky130_fd_sc_hd__inv_1)
     2    0.006126    0.058826    0.072444    0.263518 ^ g11/Y (sky130_fd_sc_hd__inv_1)
                                                         n27 (net)
                      0.058826    0.000108    0.263626 ^ g175/A (sky130_fd_sc_hd__nand2_1)
     3    0.008248    0.066032    0.080897    0.344523 v g175/Y (sky130_fd_sc_hd__nand2_1)
                                                         n191 (net)
                      0.066032    0.000121    0.344643 v g177/B (sky130_fd_sc_hd__nand2_1)
     1    0.002886    0.045887    0.074461    0.419104 ^ g177/Y (sky130_fd_sc_hd__nand2_1)
                                                         n193 (net)
                      0.045887    0.000061    0.419165 ^ g178/B (sky130_fd_sc_hd__nand2_1)
     2    0.005615    0.048198    0.065903    0.485068 v g178/Y (sky130_fd_sc_hd__nand2_1)
                                                         n194 (net)
                      0.048198    0.000142    0.485210 v g179/A (sky130_fd_sc_hd__nand2_1)
     3    0.008036    0.086898    0.092430    0.577640 ^ g179/Y (sky130_fd_sc_hd__nand2_1)
                                                         n195 (net)
                      0.086898    0.000135    0.577775 ^ g181/B (sky130_fd_sc_hd__nand2_1)
     1    0.002593    0.033117    0.060059    0.637834 v g181/Y (sky130_fd_sc_hd__nand2_1)
                                                         n197 (net)
                      0.033117    0.000055    0.637890 v g182/B (sky130_fd_sc_hd__nand2_1)
     2    0.007239    0.080099    0.087517    0.725406 ^ g182/Y (sky130_fd_sc_hd__nand2_1)
                                                         n198 (net)
                      0.080100    0.000248    0.725654 ^ g397/B (sky130_fd_sc_hd__nand2_1)
     3    0.007875    0.065401    0.089093    0.814747 v g397/Y (sky130_fd_sc_hd__nand2_1)
                                                         n413 (net)
                      0.065401    0.000086    0.814833 v g399/B (sky130_fd_sc_hd__nand2_1)
     1    0.003199    0.048119    0.076314    0.891147 ^ g399/Y (sky130_fd_sc_hd__nand2_1)
                                                         n415 (net)
                      0.048119    0.000101    0.891247 ^ g400/B (sky130_fd_sc_hd__nand2_1)
     2    0.005216    0.045633    0.064478    0.955725 v g400/Y (sky130_fd_sc_hd__nand2_1)
                                                         n416 (net)
                      0.045633    0.000136    0.955861 v g401/A (sky130_fd_sc_hd__nand2_1)
     3    0.008059    0.087121    0.091462    1.047323 ^ g401/Y (sky130_fd_sc_hd__nand2_1)
                                                         n417 (net)
                      0.087121    0.000117    1.047439 ^ g403/B (sky130_fd_sc_hd__nand2_1)
     1    0.002656    0.033510    0.060530    1.107969 v g403/Y (sky130_fd_sc_hd__nand2_1)
                                                         n419 (net)
                      0.033510    0.000080    1.108049 v g404/B (sky130_fd_sc_hd__nand2_1)
     2    0.007611    0.083274    0.090120    1.198169 ^ g404/Y (sky130_fd_sc_hd__nand2_1)
                                                         n420 (net)
                      0.083275    0.000249    1.198418 ^ g510/B (sky130_fd_sc_hd__nand2_1)
     3    0.007438    0.062691    0.087573    1.285990 v g510/Y (sky130_fd_sc_hd__nand2_1)
                                                         n526 (net)
                      0.062691    0.000101    1.286091 v g511/B (sky130_fd_sc_hd__nand2_1)
     1    0.003260    0.048204    0.075466    1.361557 ^ g511/Y (sky130_fd_sc_hd__nand2_1)
                                                         n527 (net)
                      0.048204    0.000075    1.361632 ^ g513/A (sky130_fd_sc_hd__nand2_1)
     2    0.005374    0.046636    0.061585    1.423217 v g513/Y (sky130_fd_sc_hd__nand2_1)
                                                         n529 (net)
                      0.046636    0.000089    1.423306 v g514/A (sky130_fd_sc_hd__nand2_1)
     3    0.008825    0.093644    0.096932    1.520239 ^ g514/Y (sky130_fd_sc_hd__nand2_1)
                                                         n530 (net)
                      0.093645    0.000239    1.520478 ^ g518/B (sky130_fd_sc_hd__nand2_1)
     2    0.008472    0.070688    0.096681    1.617159 v g518/Y (sky130_fd_sc_hd__nand2_1)
                                                         n534 (net)
                      0.070688    0.000321    1.617481 v g523/B (sky130_fd_sc_hd__nand2_1)
     3    0.008939    0.095073    0.116376    1.733856 ^ g523/Y (sky130_fd_sc_hd__nand2_1)
                                                         n539 (net)
                      0.095073    0.000168    1.734025 ^ g527/B (sky130_fd_sc_hd__nand2_1)
     2    0.006757    0.060429    0.087211    1.821236 v g527/Y (sky130_fd_sc_hd__nand2_1)
                                                         n543 (net)
                      0.060429    0.000204    1.821440 v g532/B (sky130_fd_sc_hd__nand2_1)
     3    0.008433    0.090553    0.108219    1.929659 ^ g532/Y (sky130_fd_sc_hd__nand2_1)
                                                         n548 (net)
                      0.090553    0.000148    1.929807 ^ g536/B (sky130_fd_sc_hd__nand2_1)
     2    0.006617    0.059520    0.085046    2.014853 v g536/Y (sky130_fd_sc_hd__nand2_1)
                                                         n552 (net)
                      0.059520    0.000173    2.015025 v g541/B (sky130_fd_sc_hd__nand2_1)
     3    0.008243    0.088942    0.106507    2.121532 ^ g541/Y (sky130_fd_sc_hd__nand2_1)
                                                         n557 (net)
                      0.088971    0.000220    2.121753 ^ g545/B (sky130_fd_sc_hd__nand2_1)
     2    0.007176    0.063219    0.087783    2.209535 v g545/Y (sky130_fd_sc_hd__nand2_1)
                                                         n561 (net)
                      0.063219    0.000182    2.209717 v g550/B (sky130_fd_sc_hd__nand2_1)
     3    0.009149    0.096592    0.114203    2.323920 ^ g550/Y (sky130_fd_sc_hd__nand2_1)
                                                         n566 (net)
                      0.096592    0.000144    2.324064 ^ g554/B (sky130_fd_sc_hd__nand2_1)
     2    0.006876    0.061651    0.088399    2.412463 v g554/Y (sky130_fd_sc_hd__nand2_1)
                                                         n570 (net)
                      0.061651    0.000180    2.412644 v g559/B (sky130_fd_sc_hd__nand2_1)
     3    0.008895    0.094441    0.111835    2.524478 ^ g559/Y (sky130_fd_sc_hd__nand2_1)
                                                         n575 (net)
                      0.094441    0.000124    2.524602 ^ g563/B (sky130_fd_sc_hd__nand2_1)
     2    0.006256    0.057483    0.084114    2.608717 v g563/Y (sky130_fd_sc_hd__nand2_1)
                                                         n579 (net)
                      0.057483    0.000190    2.608907 v g568/B (sky130_fd_sc_hd__nand2_1)
     3    0.008487    0.090901    0.107172    2.716079 ^ g568/Y (sky130_fd_sc_hd__nand2_1)
                                                         n584 (net)
                      0.090901    0.000161    2.716240 ^ g572/B (sky130_fd_sc_hd__nand2_1)
     2    0.009601    0.077401    0.102101    2.818341 v g572/Y (sky130_fd_sc_hd__nand2_1)
                                                         n588 (net)
                      0.077430    0.000416    2.818757 v g577/B (sky130_fd_sc_hd__nand2_1)
     3    0.008915    0.095078    0.119422    2.938179 ^ g577/Y (sky130_fd_sc_hd__nand2_1)
                                                         n593 (net)
                      0.095078    0.000159    2.938338 ^ g581/B (sky130_fd_sc_hd__nand2_1)
     2    0.005798    0.055437    0.081663    3.020000 v g581/Y (sky130_fd_sc_hd__nand2_1)
                                                         n597 (net)
                      0.055437    0.000129    3.020130 v g586/B (sky130_fd_sc_hd__nand2_1)
     3    0.008539    0.091271    0.106533    3.126663 ^ g586/Y (sky130_fd_sc_hd__nand2_1)
                                                         n602 (net)
                      0.091301    0.000181    3.126843 ^ g588/B (sky130_fd_sc_hd__nand2_1)
     1    0.002615    0.033988    0.061302    3.188145 v g588/Y (sky130_fd_sc_hd__nand2_1)
                                                         n604 (net)
                      0.033988    0.000079    3.188225 v g589/B (sky130_fd_sc_hd__nand2_1)
     1    0.011272    0.114578    0.113991    3.302216 ^ g589/Y (sky130_fd_sc_hd__nand2_1)
                                                         p[13] (net)
                      0.114579    0.000252    3.302468 ^ p[13] (out)
                                              3.302468   data arrival time

                      0.000000   10.000000   10.000000   clock __VIRTUAL_CLK__ (rise edge)
                                  0.000000   10.000000   clock network delay (ideal)
                                  0.000000   10.000000   clock reconvergence pessimism
                                  0.000000   10.000000   output external delay
                                             10.000000   data required time
---------------------------------------------------------------------------------------------
                                             10.000000   data required time
                                             -3.302468   data arrival time
---------------------------------------------------------------------------------------------
                                              6.697533   slack (MET)


Startpoint: b[5] (input port clocked by __VIRTUAL_CLK__)
Endpoint: p[12] (output port clocked by __VIRTUAL_CLK__)
Path Group: __VIRTUAL_CLK__
Path Type: max

Fanout         Cap        Slew       Delay        Time   Description
---------------------------------------------------------------------------------------------
                      0.000000    0.000000    0.000000   clock __VIRTUAL_CLK__ (rise edge)
                                  0.000000    0.000000   clock network delay (ideal)
                                  0.000000    0.000000 ^ input external delay
     8    0.033280    0.154987    0.112939    0.112939 ^ b[5] (in)
                                                         b[5] (net)
                      0.155001    0.000000    0.112939 ^ g10/B (sky130_fd_sc_hd__nand2_1)
     1    0.003109    0.048144    0.078035    0.190974 v g10/Y (sky130_fd_sc_hd__nand2_1)
                                                         n26 (net)
                      0.048144    0.000099    0.191073 v g11/A (sky130_fd_sc_hd__inv_1)
     2    0.006126    0.058826    0.072444    0.263518 ^ g11/Y (sky130_fd_sc_hd__inv_1)
                                                         n27 (net)
                      0.058826    0.000108    0.263626 ^ g175/A (sky130_fd_sc_hd__nand2_1)
     3    0.008248    0.066032    0.080897    0.344523 v g175/Y (sky130_fd_sc_hd__nand2_1)
                                                         n191 (net)
                      0.066032    0.000121    0.344643 v g177/B (sky130_fd_sc_hd__nand2_1)
     1    0.002886    0.045887    0.074461    0.419104 ^ g177/Y (sky130_fd_sc_hd__nand2_1)
                                                         n193 (net)
                      0.045887    0.000061    0.419165 ^ g178/B (sky130_fd_sc_hd__nand2_1)
     2    0.005615    0.048198    0.065903    0.485068 v g178/Y (sky130_fd_sc_hd__nand2_1)
                                                         n194 (net)
                      0.048198    0.000142    0.485210 v g179/A (sky130_fd_sc_hd__nand2_1)
     3    0.008036    0.086898    0.092430    0.577640 ^ g179/Y (sky130_fd_sc_hd__nand2_1)
                                                         n195 (net)
                      0.086898    0.000135    0.577775 ^ g181/B (sky130_fd_sc_hd__nand2_1)
     1    0.002593    0.033117    0.060059    0.637834 v g181/Y (sky130_fd_sc_hd__nand2_1)
                                                         n197 (net)
                      0.033117    0.000055    0.637890 v g182/B (sky130_fd_sc_hd__nand2_1)
     2    0.007239    0.080099    0.087517    0.725406 ^ g182/Y (sky130_fd_sc_hd__nand2_1)
                                                         n198 (net)
                      0.080100    0.000248    0.725654 ^ g397/B (sky130_fd_sc_hd__nand2_1)
     3    0.007875    0.065401    0.089093    0.814747 v g397/Y (sky130_fd_sc_hd__nand2_1)
                                                         n413 (net)
                      0.065401    0.000086    0.814833 v g399/B (sky130_fd_sc_hd__nand2_1)
     1    0.003199    0.048119    0.076314    0.891147 ^ g399/Y (sky130_fd_sc_hd__nand2_1)
                                                         n415 (net)
                      0.048119    0.000101    0.891247 ^ g400/B (sky130_fd_sc_hd__nand2_1)
     2    0.005216    0.045633    0.064478    0.955725 v g400/Y (sky130_fd_sc_hd__nand2_1)
                                                         n416 (net)
                      0.045633    0.000136    0.955861 v g401/A (sky130_fd_sc_hd__nand2_1)
     3    0.008059    0.087121    0.091462    1.047323 ^ g401/Y (sky130_fd_sc_hd__nand2_1)
                                                         n417 (net)
                      0.087121    0.000117    1.047439 ^ g403/B (sky130_fd_sc_hd__nand2_1)
     1    0.002656    0.033510    0.060530    1.107969 v g403/Y (sky130_fd_sc_hd__nand2_1)
                                                         n419 (net)
                      0.033510    0.000080    1.108049 v g404/B (sky130_fd_sc_hd__nand2_1)
     2    0.007611    0.083274    0.090120    1.198169 ^ g404/Y (sky130_fd_sc_hd__nand2_1)
                                                         n420 (net)
                      0.083275    0.000249    1.198418 ^ g510/B (sky130_fd_sc_hd__nand2_1)
     3    0.007438    0.062691    0.087573    1.285990 v g510/Y (sky130_fd_sc_hd__nand2_1)
                                                         n526 (net)
                      0.062691    0.000101    1.286091 v g511/B (sky130_fd_sc_hd__nand2_1)
     1    0.003260    0.048204    0.075466    1.361557 ^ g511/Y (sky130_fd_sc_hd__nand2_1)
                                                         n527 (net)
                      0.048204    0.000075    1.361632 ^ g513/A (sky130_fd_sc_hd__nand2_1)
     2    0.005374    0.046636    0.061585    1.423217 v g513/Y (sky130_fd_sc_hd__nand2_1)
                                                         n529 (net)
                      0.046636    0.000089    1.423306 v g514/A (sky130_fd_sc_hd__nand2_1)
     3    0.008825    0.093644    0.096932    1.520239 ^ g514/Y (sky130_fd_sc_hd__nand2_1)
                                                         n530 (net)
                      0.093645    0.000239    1.520478 ^ g518/B (sky130_fd_sc_hd__nand2_1)
     2    0.008472    0.070688    0.096681    1.617159 v g518/Y (sky130_fd_sc_hd__nand2_1)
                                                         n534 (net)
                      0.070688    0.000321    1.617481 v g523/B (sky130_fd_sc_hd__nand2_1)
     3    0.008939    0.095073    0.116376    1.733856 ^ g523/Y (sky130_fd_sc_hd__nand2_1)
                                                         n539 (net)
                      0.095073    0.000168    1.734025 ^ g527/B (sky130_fd_sc_hd__nand2_1)
     2    0.006757    0.060429    0.087211    1.821236 v g527/Y (sky130_fd_sc_hd__nand2_1)
                                                         n543 (net)
                      0.060429    0.000204    1.821440 v g532/B (sky130_fd_sc_hd__nand2_1)
     3    0.008433    0.090553    0.108219    1.929659 ^ g532/Y (sky130_fd_sc_hd__nand2_1)
                                                         n548 (net)
                      0.090553    0.000148    1.929807 ^ g536/B (sky130_fd_sc_hd__nand2_1)
     2    0.006617    0.059520    0.085046    2.014853 v g536/Y (sky130_fd_sc_hd__nand2_1)
                                                         n552 (net)
                      0.059520    0.000173    2.015025 v g541/B (sky130_fd_sc_hd__nand2_1)
     3    0.008243    0.088942    0.106507    2.121532 ^ g541/Y (sky130_fd_sc_hd__nand2_1)
                                                         n557 (net)
                      0.088971    0.000220    2.121753 ^ g545/B (sky130_fd_sc_hd__nand2_1)
     2    0.007176    0.063219    0.087783    2.209535 v g545/Y (sky130_fd_sc_hd__nand2_1)
                                                         n561 (net)
                      0.063219    0.000182    2.209717 v g550/B (sky130_fd_sc_hd__nand2_1)
     3    0.009149    0.096592    0.114203    2.323920 ^ g550/Y (sky130_fd_sc_hd__nand2_1)
                                                         n566 (net)
                      0.096592    0.000144    2.324064 ^ g554/B (sky130_fd_sc_hd__nand2_1)
     2    0.006876    0.061651    0.088399    2.412463 v g554/Y (sky130_fd_sc_hd__nand2_1)
                                                         n570 (net)
                      0.061651    0.000180    2.412644 v g559/B (sky130_fd_sc_hd__nand2_1)
     3    0.008895    0.094441    0.111835    2.524478 ^ g559/Y (sky130_fd_sc_hd__nand2_1)
                                                         n575 (net)
                      0.094441    0.000124    2.524602 ^ g563/B (sky130_fd_sc_hd__nand2_1)
     2    0.006256    0.057483    0.084114    2.608717 v g563/Y (sky130_fd_sc_hd__nand2_1)
                                                         n579 (net)
                      0.057483    0.000190    2.608907 v g568/B (sky130_fd_sc_hd__nand2_1)
     3    0.008487    0.090901    0.107172    2.716079 ^ g568/Y (sky130_fd_sc_hd__nand2_1)
                                                         n584 (net)
                      0.090901    0.000161    2.716240 ^ g572/B (sky130_fd_sc_hd__nand2_1)
     2    0.009601    0.077401    0.102101    2.818341 v g572/Y (sky130_fd_sc_hd__nand2_1)
                                                         n588 (net)
                      0.077430    0.000416    2.818757 v g577/B (sky130_fd_sc_hd__nand2_1)
     3    0.008915    0.095078    0.119422    2.938179 ^ g577/Y (sky130_fd_sc_hd__nand2_1)
                                                         n593 (net)
                      0.095078    0.000160    2.938339 ^ g579/B (sky130_fd_sc_hd__nand2_1)
     1    0.002872    0.041469    0.064014    3.002354 v g579/Y (sky130_fd_sc_hd__nand2_1)
                                                         n595 (net)
                      0.041469    0.000085    3.002439 v g580/B (sky130_fd_sc_hd__nand2_1)
     1    0.011374    0.115449    0.118130    3.120569 ^ g580/Y (sky130_fd_sc_hd__nand2_1)
                                                         p[12] (net)
                      0.115450    0.000261    3.120830 ^ p[12] (out)
                                              3.120830   data arrival time

                      0.000000   10.000000   10.000000   clock __VIRTUAL_CLK__ (rise edge)
                                  0.000000   10.000000   clock network delay (ideal)
                                  0.000000   10.000000   clock reconvergence pessimism
                                  0.000000   10.000000   output external delay
                                             10.000000   data required time
---------------------------------------------------------------------------------------------
                                             10.000000   data required time
                                             -3.120830   data arrival time
---------------------------------------------------------------------------------------------
                                              6.879170   slack (MET)


Startpoint: b[5] (input port clocked by __VIRTUAL_CLK__)
Endpoint: p[11] (output port clocked by __VIRTUAL_CLK__)
Path Group: __VIRTUAL_CLK__
Path Type: max

Fanout         Cap        Slew       Delay        Time   Description
---------------------------------------------------------------------------------------------
                      0.000000    0.000000    0.000000   clock __VIRTUAL_CLK__ (rise edge)
                                  0.000000    0.000000   clock network delay (ideal)
                                  0.000000    0.000000 ^ input external delay
     8    0.033280    0.154987    0.112939    0.112939 ^ b[5] (in)
                                                         b[5] (net)
                      0.155001    0.000000    0.112939 ^ g10/B (sky130_fd_sc_hd__nand2_1)
     1    0.003109    0.048144    0.078035    0.190974 v g10/Y (sky130_fd_sc_hd__nand2_1)
                                                         n26 (net)
                      0.048144    0.000099    0.191073 v g11/A (sky130_fd_sc_hd__inv_1)
     2    0.006126    0.058826    0.072444    0.263518 ^ g11/Y (sky130_fd_sc_hd__inv_1)
                                                         n27 (net)
                      0.058826    0.000108    0.263626 ^ g175/A (sky130_fd_sc_hd__nand2_1)
     3    0.008248    0.066032    0.080897    0.344523 v g175/Y (sky130_fd_sc_hd__nand2_1)
                                                         n191 (net)
                      0.066032    0.000121    0.344643 v g177/B (sky130_fd_sc_hd__nand2_1)
     1    0.002886    0.045887    0.074461    0.419104 ^ g177/Y (sky130_fd_sc_hd__nand2_1)
                                                         n193 (net)
                      0.045887    0.000061    0.419165 ^ g178/B (sky130_fd_sc_hd__nand2_1)
     2    0.005615    0.048198    0.065903    0.485068 v g178/Y (sky130_fd_sc_hd__nand2_1)
                                                         n194 (net)
                      0.048198    0.000142    0.485210 v g179/A (sky130_fd_sc_hd__nand2_1)
     3    0.008036    0.086898    0.092430    0.577640 ^ g179/Y (sky130_fd_sc_hd__nand2_1)
                                                         n195 (net)
                      0.086898    0.000135    0.577775 ^ g181/B (sky130_fd_sc_hd__nand2_1)
     1    0.002593    0.033117    0.060059    0.637834 v g181/Y (sky130_fd_sc_hd__nand2_1)
                                                         n197 (net)
                      0.033117    0.000055    0.637890 v g182/B (sky130_fd_sc_hd__nand2_1)
     2    0.007239    0.080099    0.087517    0.725406 ^ g182/Y (sky130_fd_sc_hd__nand2_1)
                                                         n198 (net)
                      0.080100    0.000248    0.725654 ^ g397/B (sky130_fd_sc_hd__nand2_1)
     3    0.007875    0.065401    0.089093    0.814747 v g397/Y (sky130_fd_sc_hd__nand2_1)
                                                         n413 (net)
                      0.065401    0.000086    0.814833 v g399/B (sky130_fd_sc_hd__nand2_1)
     1    0.003199    0.048119    0.076314    0.891147 ^ g399/Y (sky130_fd_sc_hd__nand2_1)
                                                         n415 (net)
                      0.048119    0.000101    0.891247 ^ g400/B (sky130_fd_sc_hd__nand2_1)
     2    0.005216    0.045633    0.064478    0.955725 v g400/Y (sky130_fd_sc_hd__nand2_1)
                                                         n416 (net)
                      0.045633    0.000136    0.955861 v g401/A (sky130_fd_sc_hd__nand2_1)
     3    0.008059    0.087121    0.091462    1.047323 ^ g401/Y (sky130_fd_sc_hd__nand2_1)
                                                         n417 (net)
                      0.087121    0.000117    1.047439 ^ g403/B (sky130_fd_sc_hd__nand2_1)
     1    0.002656    0.033510    0.060530    1.107969 v g403/Y (sky130_fd_sc_hd__nand2_1)
                                                         n419 (net)
                      0.033510    0.000080    1.108049 v g404/B (sky130_fd_sc_hd__nand2_1)
     2    0.007611    0.083274    0.090120    1.198169 ^ g404/Y (sky130_fd_sc_hd__nand2_1)
                                                         n420 (net)
                      0.083275    0.000249    1.198418 ^ g510/B (sky130_fd_sc_hd__nand2_1)
     3    0.007438    0.062691    0.087573    1.285990 v g510/Y (sky130_fd_sc_hd__nand2_1)
                                                         n526 (net)
                      0.062691    0.000101    1.286091 v g511/B (sky130_fd_sc_hd__nand2_1)
     1    0.003260    0.048204    0.075466    1.361557 ^ g511/Y (sky130_fd_sc_hd__nand2_1)
                                                         n527 (net)
                      0.048204    0.000075    1.361632 ^ g513/A (sky130_fd_sc_hd__nand2_1)
     2    0.005374    0.046636    0.061585    1.423217 v g513/Y (sky130_fd_sc_hd__nand2_1)
                                                         n529 (net)
                      0.046636    0.000089    1.423306 v g514/A (sky130_fd_sc_hd__nand2_1)
     3    0.008825    0.093644    0.096932    1.520239 ^ g514/Y (sky130_fd_sc_hd__nand2_1)
                                                         n530 (net)
                      0.093645    0.000239    1.520478 ^ g518/B (sky130_fd_sc_hd__nand2_1)
     2    0.008472    0.070688    0.096681    1.617159 v g518/Y (sky130_fd_sc_hd__nand2_1)
                                                         n534 (net)
                      0.070688    0.000321    1.617481 v g523/B (sky130_fd_sc_hd__nand2_1)
     3    0.008939    0.095073    0.116376    1.733856 ^ g523/Y (sky130_fd_sc_hd__nand2_1)
                                                         n539 (net)
                      0.095073    0.000168    1.734025 ^ g527/B (sky130_fd_sc_hd__nand2_1)
     2    0.006757    0.060429    0.087211    1.821236 v g527/Y (sky130_fd_sc_hd__nand2_1)
                                                         n543 (net)
                      0.060429    0.000204    1.821440 v g532/B (sky130_fd_sc_hd__nand2_1)
     3    0.008433    0.090553    0.108219    1.929659 ^ g532/Y (sky130_fd_sc_hd__nand2_1)
                                                         n548 (net)
                      0.090553    0.000148    1.929807 ^ g536/B (sky130_fd_sc_hd__nand2_1)
     2    0.006617    0.059520    0.085046    2.014853 v g536/Y (sky130_fd_sc_hd__nand2_1)
                                                         n552 (net)
                      0.059520    0.000173    2.015025 v g541/B (sky130_fd_sc_hd__nand2_1)
     3    0.008243    0.088942    0.106507    2.121532 ^ g541/Y (sky130_fd_sc_hd__nand2_1)
                                                         n557 (net)
                      0.088971    0.000220    2.121753 ^ g545/B (sky130_fd_sc_hd__nand2_1)
     2    0.007176    0.063219    0.087783    2.209535 v g545/Y (sky130_fd_sc_hd__nand2_1)
                                                         n561 (net)
                      0.063219    0.000182    2.209717 v g550/B (sky130_fd_sc_hd__nand2_1)
     3    0.009149    0.096592    0.114203    2.323920 ^ g550/Y (sky130_fd_sc_hd__nand2_1)
                                                         n566 (net)
                      0.096592    0.000144    2.324064 ^ g554/B (sky130_fd_sc_hd__nand2_1)
     2    0.006876    0.061651    0.088399    2.412463 v g554/Y (sky130_fd_sc_hd__nand2_1)
                                                         n570 (net)
                      0.061651    0.000180    2.412644 v g559/B (sky130_fd_sc_hd__nand2_1)
     3    0.008895    0.094441    0.111835    2.524478 ^ g559/Y (sky130_fd_sc_hd__nand2_1)
                                                         n575 (net)
                      0.094441    0.000124    2.524602 ^ g563/B (sky130_fd_sc_hd__nand2_1)
     2    0.006256    0.057483    0.084114    2.608717 v g563/Y (sky130_fd_sc_hd__nand2_1)
                                                         n579 (net)
                      0.057483    0.000190    2.608907 v g568/B (sky130_fd_sc_hd__nand2_1)
     3    0.008487    0.090901    0.107172    2.716079 ^ g568/Y (sky130_fd_sc_hd__nand2_1)
                                                         n584 (net)
                      0.090901    0.000126    2.716204 ^ g570/B (sky130_fd_sc_hd__nand2_1)
     1    0.002696    0.035115    0.061744    2.777948 v g570/Y (sky130_fd_sc_hd__nand2_1)
                                                         n586 (net)
                      0.035115    0.000082    2.778030 v g571/B (sky130_fd_sc_hd__nand2_1)
     1    0.011304    0.114852    0.114732    2.892762 ^ g571/Y (sky130_fd_sc_hd__nand2_1)
                                                         p[11] (net)
                      0.114853    0.000234    2.892996 ^ p[11] (out)
                                              2.892996   data arrival time

                      0.000000   10.000000   10.000000   clock __VIRTUAL_CLK__ (rise edge)
                                  0.000000   10.000000   clock network delay (ideal)
                                  0.000000   10.000000   clock reconvergence pessimism
                                  0.000000   10.000000   output external delay
                                             10.000000   data required time
---------------------------------------------------------------------------------------------
                                             10.000000   data required time
                                             -2.892996   data arrival time
---------------------------------------------------------------------------------------------
                                              7.107004   slack (MET)


Startpoint: b[5] (input port clocked by __VIRTUAL_CLK__)
Endpoint: p[10] (output port clocked by __VIRTUAL_CLK__)
Path Group: __VIRTUAL_CLK__
Path Type: max

Fanout         Cap        Slew       Delay        Time   Description
---------------------------------------------------------------------------------------------
                      0.000000    0.000000    0.000000   clock __VIRTUAL_CLK__ (rise edge)
                                  0.000000    0.000000   clock network delay (ideal)
                                  0.000000    0.000000 ^ input external delay
     8    0.033280    0.154987    0.112939    0.112939 ^ b[5] (in)
                                                         b[5] (net)
                      0.155001    0.000000    0.112939 ^ g10/B (sky130_fd_sc_hd__nand2_1)
     1    0.003109    0.048144    0.078035    0.190974 v g10/Y (sky130_fd_sc_hd__nand2_1)
                                                         n26 (net)
                      0.048144    0.000099    0.191073 v g11/A (sky130_fd_sc_hd__inv_1)
     2    0.006126    0.058826    0.072444    0.263518 ^ g11/Y (sky130_fd_sc_hd__inv_1)
                                                         n27 (net)
                      0.058826    0.000108    0.263626 ^ g175/A (sky130_fd_sc_hd__nand2_1)
     3    0.008248    0.066032    0.080897    0.344523 v g175/Y (sky130_fd_sc_hd__nand2_1)
                                                         n191 (net)
                      0.066032    0.000121    0.344643 v g177/B (sky130_fd_sc_hd__nand2_1)
     1    0.002886    0.045887    0.074461    0.419104 ^ g177/Y (sky130_fd_sc_hd__nand2_1)
                                                         n193 (net)
                      0.045887    0.000061    0.419165 ^ g178/B (sky130_fd_sc_hd__nand2_1)
     2    0.005615    0.048198    0.065903    0.485068 v g178/Y (sky130_fd_sc_hd__nand2_1)
                                                         n194 (net)
                      0.048198    0.000142    0.485210 v g179/A (sky130_fd_sc_hd__nand2_1)
     3    0.008036    0.086898    0.092430    0.577640 ^ g179/Y (sky130_fd_sc_hd__nand2_1)
                                                         n195 (net)
                      0.086898    0.000135    0.577775 ^ g181/B (sky130_fd_sc_hd__nand2_1)
     1    0.002593    0.033117    0.060059    0.637834 v g181/Y (sky130_fd_sc_hd__nand2_1)
                                                         n197 (net)
                      0.033117    0.000055    0.637890 v g182/B (sky130_fd_sc_hd__nand2_1)
     2    0.007239    0.080099    0.087517    0.725406 ^ g182/Y (sky130_fd_sc_hd__nand2_1)
                                                         n198 (net)
                      0.080100    0.000248    0.725654 ^ g397/B (sky130_fd_sc_hd__nand2_1)
     3    0.007875    0.065401    0.089093    0.814747 v g397/Y (sky130_fd_sc_hd__nand2_1)
                                                         n413 (net)
                      0.065401    0.000086    0.814833 v g399/B (sky130_fd_sc_hd__nand2_1)
     1    0.003199    0.048119    0.076314    0.891147 ^ g399/Y (sky130_fd_sc_hd__nand2_1)
                                                         n415 (net)
                      0.048119    0.000101    0.891247 ^ g400/B (sky130_fd_sc_hd__nand2_1)
     2    0.005216    0.045633    0.064478    0.955725 v g400/Y (sky130_fd_sc_hd__nand2_1)
                                                         n416 (net)
                      0.045633    0.000136    0.955861 v g401/A (sky130_fd_sc_hd__nand2_1)
     3    0.008059    0.087121    0.091462    1.047323 ^ g401/Y (sky130_fd_sc_hd__nand2_1)
                                                         n417 (net)
                      0.087121    0.000117    1.047439 ^ g403/B (sky130_fd_sc_hd__nand2_1)
     1    0.002656    0.033510    0.060530    1.107969 v g403/Y (sky130_fd_sc_hd__nand2_1)
                                                         n419 (net)
                      0.033510    0.000080    1.108049 v g404/B (sky130_fd_sc_hd__nand2_1)
     2    0.007611    0.083274    0.090120    1.198169 ^ g404/Y (sky130_fd_sc_hd__nand2_1)
                                                         n420 (net)
                      0.083275    0.000249    1.198418 ^ g510/B (sky130_fd_sc_hd__nand2_1)
     3    0.007438    0.062691    0.087573    1.285990 v g510/Y (sky130_fd_sc_hd__nand2_1)
                                                         n526 (net)
                      0.062691    0.000101    1.286091 v g511/B (sky130_fd_sc_hd__nand2_1)
     1    0.003260    0.048204    0.075466    1.361557 ^ g511/Y (sky130_fd_sc_hd__nand2_1)
                                                         n527 (net)
                      0.048204    0.000075    1.361632 ^ g513/A (sky130_fd_sc_hd__nand2_1)
     2    0.005374    0.046636    0.061585    1.423217 v g513/Y (sky130_fd_sc_hd__nand2_1)
                                                         n529 (net)
                      0.046636    0.000089    1.423306 v g514/A (sky130_fd_sc_hd__nand2_1)
     3    0.008825    0.093644    0.096932    1.520239 ^ g514/Y (sky130_fd_sc_hd__nand2_1)
                                                         n530 (net)
                      0.093645    0.000239    1.520478 ^ g518/B (sky130_fd_sc_hd__nand2_1)
     2    0.008472    0.070688    0.096681    1.617159 v g518/Y (sky130_fd_sc_hd__nand2_1)
                                                         n534 (net)
                      0.070688    0.000321    1.617481 v g523/B (sky130_fd_sc_hd__nand2_1)
     3    0.008939    0.095073    0.116376    1.733856 ^ g523/Y (sky130_fd_sc_hd__nand2_1)
                                                         n539 (net)
                      0.095073    0.000168    1.734025 ^ g527/B (sky130_fd_sc_hd__nand2_1)
     2    0.006757    0.060429    0.087211    1.821236 v g527/Y (sky130_fd_sc_hd__nand2_1)
                                                         n543 (net)
                      0.060429    0.000204    1.821440 v g532/B (sky130_fd_sc_hd__nand2_1)
     3    0.008433    0.090553    0.108219    1.929659 ^ g532/Y (sky130_fd_sc_hd__nand2_1)
                                                         n548 (net)
                      0.090553    0.000148    1.929807 ^ g536/B (sky130_fd_sc_hd__nand2_1)
     2    0.006617    0.059520    0.085046    2.014853 v g536/Y (sky130_fd_sc_hd__nand2_1)
                                                         n552 (net)
                      0.059520    0.000173    2.015025 v g541/B (sky130_fd_sc_hd__nand2_1)
     3    0.008243    0.088942    0.106507    2.121532 ^ g541/Y (sky130_fd_sc_hd__nand2_1)
                                                         n557 (net)
                      0.088971    0.000220    2.121753 ^ g545/B (sky130_fd_sc_hd__nand2_1)
     2    0.007176    0.063219    0.087783    2.209535 v g545/Y (sky130_fd_sc_hd__nand2_1)
                                                         n561 (net)
                      0.063219    0.000182    2.209717 v g550/B (sky130_fd_sc_hd__nand2_1)
     3    0.009149    0.096592    0.114203    2.323920 ^ g550/Y (sky130_fd_sc_hd__nand2_1)
                                                         n566 (net)
                      0.096592    0.000144    2.324064 ^ g554/B (sky130_fd_sc_hd__nand2_1)
     2    0.006876    0.061651    0.088399    2.412463 v g554/Y (sky130_fd_sc_hd__nand2_1)
                                                         n570 (net)
                      0.061651    0.000180    2.412644 v g559/B (sky130_fd_sc_hd__nand2_1)
     3    0.008895    0.094441    0.111835    2.524478 ^ g559/Y (sky130_fd_sc_hd__nand2_1)
                                                         n575 (net)
                      0.094441    0.000079    2.524557 ^ g561/B (sky130_fd_sc_hd__nand2_1)
     1    0.002395    0.034512    0.060585    2.585142 v g561/Y (sky130_fd_sc_hd__nand2_1)
                                                         n577 (net)
                      0.034512    0.000049    2.585191 v g562/B (sky130_fd_sc_hd__nand2_1)
     1    0.012255    0.123065    0.120417    2.705608 ^ g562/Y (sky130_fd_sc_hd__nand2_1)
                                                         p[10] (net)
                      0.123067    0.000506    2.706114 ^ p[10] (out)
                                              2.706114   data arrival time

                      0.000000   10.000000   10.000000   clock __VIRTUAL_CLK__ (rise edge)
                                  0.000000   10.000000   clock network delay (ideal)
                                  0.000000   10.000000   clock reconvergence pessimism
                                  0.000000   10.000000   output external delay
                                             10.000000   data required time
---------------------------------------------------------------------------------------------
                                             10.000000   data required time
                                             -2.706114   data arrival time
---------------------------------------------------------------------------------------------
                                              7.293887   slack (MET)


Startpoint: b[5] (input port clocked by __VIRTUAL_CLK__)
Endpoint: p[9] (output port clocked by __VIRTUAL_CLK__)
Path Group: __VIRTUAL_CLK__
Path Type: max

Fanout         Cap        Slew       Delay        Time   Description
---------------------------------------------------------------------------------------------
                      0.000000    0.000000    0.000000   clock __VIRTUAL_CLK__ (rise edge)
                                  0.000000    0.000000   clock network delay (ideal)
                                  0.000000    0.000000 ^ input external delay
     8    0.033280    0.154987    0.112939    0.112939 ^ b[5] (in)
                                                         b[5] (net)
                      0.155001    0.000000    0.112939 ^ g10/B (sky130_fd_sc_hd__nand2_1)
     1    0.003109    0.048144    0.078035    0.190974 v g10/Y (sky130_fd_sc_hd__nand2_1)
                                                         n26 (net)
                      0.048144    0.000099    0.191073 v g11/A (sky130_fd_sc_hd__inv_1)
     2    0.006126    0.058826    0.072444    0.263518 ^ g11/Y (sky130_fd_sc_hd__inv_1)
                                                         n27 (net)
                      0.058826    0.000108    0.263626 ^ g175/A (sky130_fd_sc_hd__nand2_1)
     3    0.008248    0.066032    0.080897    0.344523 v g175/Y (sky130_fd_sc_hd__nand2_1)
                                                         n191 (net)
                      0.066032    0.000121    0.344643 v g177/B (sky130_fd_sc_hd__nand2_1)
     1    0.002886    0.045887    0.074461    0.419104 ^ g177/Y (sky130_fd_sc_hd__nand2_1)
                                                         n193 (net)
                      0.045887    0.000061    0.419165 ^ g178/B (sky130_fd_sc_hd__nand2_1)
     2    0.005615    0.048198    0.065903    0.485068 v g178/Y (sky130_fd_sc_hd__nand2_1)
                                                         n194 (net)
                      0.048198    0.000142    0.485210 v g179/A (sky130_fd_sc_hd__nand2_1)
     3    0.008036    0.086898    0.092430    0.577640 ^ g179/Y (sky130_fd_sc_hd__nand2_1)
                                                         n195 (net)
                      0.086898    0.000135    0.577775 ^ g181/B (sky130_fd_sc_hd__nand2_1)
     1    0.002593    0.033117    0.060059    0.637834 v g181/Y (sky130_fd_sc_hd__nand2_1)
                                                         n197 (net)
                      0.033117    0.000055    0.637890 v g182/B (sky130_fd_sc_hd__nand2_1)
     2    0.007239    0.080099    0.087517    0.725406 ^ g182/Y (sky130_fd_sc_hd__nand2_1)
                                                         n198 (net)
                      0.080100    0.000248    0.725654 ^ g397/B (sky130_fd_sc_hd__nand2_1)
     3    0.007875    0.065401    0.089093    0.814747 v g397/Y (sky130_fd_sc_hd__nand2_1)
                                                         n413 (net)
                      0.065401    0.000086    0.814833 v g399/B (sky130_fd_sc_hd__nand2_1)
     1    0.003199    0.048119    0.076314    0.891147 ^ g399/Y (sky130_fd_sc_hd__nand2_1)
                                                         n415 (net)
                      0.048119    0.000101    0.891247 ^ g400/B (sky130_fd_sc_hd__nand2_1)
     2    0.005216    0.045633    0.064478    0.955725 v g400/Y (sky130_fd_sc_hd__nand2_1)
                                                         n416 (net)
                      0.045633    0.000136    0.955861 v g401/A (sky130_fd_sc_hd__nand2_1)
     3    0.008059    0.087121    0.091462    1.047323 ^ g401/Y (sky130_fd_sc_hd__nand2_1)
                                                         n417 (net)
                      0.087121    0.000117    1.047439 ^ g403/B (sky130_fd_sc_hd__nand2_1)
     1    0.002656    0.033510    0.060530    1.107969 v g403/Y (sky130_fd_sc_hd__nand2_1)
                                                         n419 (net)
                      0.033510    0.000080    1.108049 v g404/B (sky130_fd_sc_hd__nand2_1)
     2    0.007611    0.083274    0.090120    1.198169 ^ g404/Y (sky130_fd_sc_hd__nand2_1)
                                                         n420 (net)
                      0.083275    0.000249    1.198418 ^ g510/B (sky130_fd_sc_hd__nand2_1)
     3    0.007438    0.062691    0.087573    1.285990 v g510/Y (sky130_fd_sc_hd__nand2_1)
                                                         n526 (net)
                      0.062691    0.000101    1.286091 v g511/B (sky130_fd_sc_hd__nand2_1)
     1    0.003260    0.048204    0.075466    1.361557 ^ g511/Y (sky130_fd_sc_hd__nand2_1)
                                                         n527 (net)
                      0.048204    0.000075    1.361632 ^ g513/A (sky130_fd_sc_hd__nand2_1)
     2    0.005374    0.046636    0.061585    1.423217 v g513/Y (sky130_fd_sc_hd__nand2_1)
                                                         n529 (net)
                      0.046636    0.000089    1.423306 v g514/A (sky130_fd_sc_hd__nand2_1)
     3    0.008825    0.093644    0.096932    1.520239 ^ g514/Y (sky130_fd_sc_hd__nand2_1)
                                                         n530 (net)
                      0.093645    0.000239    1.520478 ^ g518/B (sky130_fd_sc_hd__nand2_1)
     2    0.008472    0.070688    0.096681    1.617159 v g518/Y (sky130_fd_sc_hd__nand2_1)
                                                         n534 (net)
                      0.070688    0.000321    1.617481 v g523/B (sky130_fd_sc_hd__nand2_1)
     3    0.008939    0.095073    0.116376    1.733856 ^ g523/Y (sky130_fd_sc_hd__nand2_1)
                                                         n539 (net)
                      0.095073    0.000168    1.734025 ^ g527/B (sky130_fd_sc_hd__nand2_1)
     2    0.006757    0.060429    0.087211    1.821236 v g527/Y (sky130_fd_sc_hd__nand2_1)
                                                         n543 (net)
                      0.060429    0.000204    1.821440 v g532/B (sky130_fd_sc_hd__nand2_1)
     3    0.008433    0.090553    0.108219    1.929659 ^ g532/Y (sky130_fd_sc_hd__nand2_1)
                                                         n548 (net)
                      0.090553    0.000148    1.929807 ^ g536/B (sky130_fd_sc_hd__nand2_1)
     2    0.006617    0.059520    0.085046    2.014853 v g536/Y (sky130_fd_sc_hd__nand2_1)
                                                         n552 (net)
                      0.059520    0.000173    2.015025 v g541/B (sky130_fd_sc_hd__nand2_1)
     3    0.008243    0.088942    0.106507    2.121532 ^ g541/Y (sky130_fd_sc_hd__nand2_1)
                                                         n557 (net)
                      0.088971    0.000220    2.121753 ^ g545/B (sky130_fd_sc_hd__nand2_1)
     2    0.007176    0.063219    0.087783    2.209535 v g545/Y (sky130_fd_sc_hd__nand2_1)
                                                         n561 (net)
                      0.063219    0.000182    2.209717 v g550/B (sky130_fd_sc_hd__nand2_1)
     3    0.009149    0.096592    0.114203    2.323920 ^ g550/Y (sky130_fd_sc_hd__nand2_1)
                                                         n566 (net)
                      0.096623    0.000177    2.324097 ^ g552/B (sky130_fd_sc_hd__nand2_1)
     1    0.002564    0.035814    0.062288    2.386385 v g552/Y (sky130_fd_sc_hd__nand2_1)
                                                         n568 (net)
                      0.035814    0.000054    2.386439 v g553/B (sky130_fd_sc_hd__nand2_1)
     1    0.011816    0.119264    0.118289    2.504728 ^ g553/Y (sky130_fd_sc_hd__nand2_1)
                                                         p[9] (net)
                      0.119266    0.000340    2.505068 ^ p[9] (out)
                                              2.505068   data arrival time

                      0.000000   10.000000   10.000000   clock __VIRTUAL_CLK__ (rise edge)
                                  0.000000   10.000000   clock network delay (ideal)
                                  0.000000   10.000000   clock reconvergence pessimism
                                  0.000000   10.000000   output external delay
                                             10.000000   data required time
---------------------------------------------------------------------------------------------
                                             10.000000   data required time
                                             -2.505068   data arrival time
---------------------------------------------------------------------------------------------
                                              7.494933   slack (MET)


Startpoint: b[5] (input port clocked by __VIRTUAL_CLK__)
Endpoint: p[8] (output port clocked by __VIRTUAL_CLK__)
Path Group: __VIRTUAL_CLK__
Path Type: max

Fanout         Cap        Slew       Delay        Time   Description
---------------------------------------------------------------------------------------------
                      0.000000    0.000000    0.000000   clock __VIRTUAL_CLK__ (rise edge)
                                  0.000000    0.000000   clock network delay (ideal)
                                  0.000000    0.000000 ^ input external delay
     8    0.033280    0.154987    0.112939    0.112939 ^ b[5] (in)
                                                         b[5] (net)
                      0.155001    0.000000    0.112939 ^ g10/B (sky130_fd_sc_hd__nand2_1)
     1    0.003109    0.048144    0.078035    0.190974 v g10/Y (sky130_fd_sc_hd__nand2_1)
                                                         n26 (net)
                      0.048144    0.000099    0.191073 v g11/A (sky130_fd_sc_hd__inv_1)
     2    0.006126    0.058826    0.072444    0.263518 ^ g11/Y (sky130_fd_sc_hd__inv_1)
                                                         n27 (net)
                      0.058826    0.000108    0.263626 ^ g175/A (sky130_fd_sc_hd__nand2_1)
     3    0.008248    0.066032    0.080897    0.344523 v g175/Y (sky130_fd_sc_hd__nand2_1)
                                                         n191 (net)
                      0.066032    0.000121    0.344643 v g177/B (sky130_fd_sc_hd__nand2_1)
     1    0.002886    0.045887    0.074461    0.419104 ^ g177/Y (sky130_fd_sc_hd__nand2_1)
                                                         n193 (net)
                      0.045887    0.000061    0.419165 ^ g178/B (sky130_fd_sc_hd__nand2_1)
     2    0.005615    0.048198    0.065903    0.485068 v g178/Y (sky130_fd_sc_hd__nand2_1)
                                                         n194 (net)
                      0.048198    0.000142    0.485210 v g179/A (sky130_fd_sc_hd__nand2_1)
     3    0.008036    0.086898    0.092430    0.577640 ^ g179/Y (sky130_fd_sc_hd__nand2_1)
                                                         n195 (net)
                      0.086898    0.000135    0.577775 ^ g181/B (sky130_fd_sc_hd__nand2_1)
     1    0.002593    0.033117    0.060059    0.637834 v g181/Y (sky130_fd_sc_hd__nand2_1)
                                                         n197 (net)
                      0.033117    0.000055    0.637890 v g182/B (sky130_fd_sc_hd__nand2_1)
     2    0.007239    0.080099    0.087517    0.725406 ^ g182/Y (sky130_fd_sc_hd__nand2_1)
                                                         n198 (net)
                      0.080100    0.000248    0.725654 ^ g397/B (sky130_fd_sc_hd__nand2_1)
     3    0.007875    0.065401    0.089093    0.814747 v g397/Y (sky130_fd_sc_hd__nand2_1)
                                                         n413 (net)
                      0.065401    0.000086    0.814833 v g399/B (sky130_fd_sc_hd__nand2_1)
     1    0.003199    0.048119    0.076314    0.891147 ^ g399/Y (sky130_fd_sc_hd__nand2_1)
                                                         n415 (net)
                      0.048119    0.000101    0.891247 ^ g400/B (sky130_fd_sc_hd__nand2_1)
     2    0.005216    0.045633    0.064478    0.955725 v g400/Y (sky130_fd_sc_hd__nand2_1)
                                                         n416 (net)
                      0.045633    0.000136    0.955861 v g401/A (sky130_fd_sc_hd__nand2_1)
     3    0.008059    0.087121    0.091462    1.047323 ^ g401/Y (sky130_fd_sc_hd__nand2_1)
                                                         n417 (net)
                      0.087121    0.000117    1.047439 ^ g403/B (sky130_fd_sc_hd__nand2_1)
     1    0.002656    0.033510    0.060530    1.107969 v g403/Y (sky130_fd_sc_hd__nand2_1)
                                                         n419 (net)
                      0.033510    0.000080    1.108049 v g404/B (sky130_fd_sc_hd__nand2_1)
     2    0.007611    0.083274    0.090120    1.198169 ^ g404/Y (sky130_fd_sc_hd__nand2_1)
                                                         n420 (net)
                      0.083275    0.000249    1.198418 ^ g510/B (sky130_fd_sc_hd__nand2_1)
     3    0.007438    0.062691    0.087573    1.285990 v g510/Y (sky130_fd_sc_hd__nand2_1)
                                                         n526 (net)
                      0.062691    0.000101    1.286091 v g511/B (sky130_fd_sc_hd__nand2_1)
     1    0.003260    0.048204    0.075466    1.361557 ^ g511/Y (sky130_fd_sc_hd__nand2_1)
                                                         n527 (net)
                      0.048204    0.000075    1.361632 ^ g513/A (sky130_fd_sc_hd__nand2_1)
     2    0.005374    0.046636    0.061585    1.423217 v g513/Y (sky130_fd_sc_hd__nand2_1)
                                                         n529 (net)
                      0.046636    0.000089    1.423306 v g514/A (sky130_fd_sc_hd__nand2_1)
     3    0.008825    0.093644    0.096932    1.520239 ^ g514/Y (sky130_fd_sc_hd__nand2_1)
                                                         n530 (net)
                      0.093645    0.000239    1.520478 ^ g518/B (sky130_fd_sc_hd__nand2_1)
     2    0.008472    0.070688    0.096681    1.617159 v g518/Y (sky130_fd_sc_hd__nand2_1)
                                                         n534 (net)
                      0.070688    0.000321    1.617481 v g523/B (sky130_fd_sc_hd__nand2_1)
     3    0.008939    0.095073    0.116376    1.733856 ^ g523/Y (sky130_fd_sc_hd__nand2_1)
                                                         n539 (net)
                      0.095073    0.000168    1.734025 ^ g527/B (sky130_fd_sc_hd__nand2_1)
     2    0.006757    0.060429    0.087211    1.821236 v g527/Y (sky130_fd_sc_hd__nand2_1)
                                                         n543 (net)
                      0.060429    0.000204    1.821440 v g532/B (sky130_fd_sc_hd__nand2_1)
     3    0.008433    0.090553    0.108219    1.929659 ^ g532/Y (sky130_fd_sc_hd__nand2_1)
                                                         n548 (net)
                      0.090553    0.000148    1.929807 ^ g536/B (sky130_fd_sc_hd__nand2_1)
     2    0.006617    0.059520    0.085046    2.014853 v g536/Y (sky130_fd_sc_hd__nand2_1)
                                                         n552 (net)
                      0.059520    0.000173    2.015025 v g541/B (sky130_fd_sc_hd__nand2_1)
     3    0.008243    0.088942    0.106507    2.121532 ^ g541/Y (sky130_fd_sc_hd__nand2_1)
                                                         n557 (net)
                      0.088971    0.000216    2.121748 ^ g543/B (sky130_fd_sc_hd__nand2_1)
     1    0.002553    0.034881    0.060301    2.182050 v g543/Y (sky130_fd_sc_hd__nand2_1)
                                                         n559 (net)
                      0.034881    0.000076    2.182125 v g544/B (sky130_fd_sc_hd__nand2_1)
     1    0.011418    0.115833    0.115309    2.297434 ^ g544/Y (sky130_fd_sc_hd__nand2_1)
                                                         p[8] (net)
                      0.115834    0.000312    2.297746 ^ p[8] (out)
                                              2.297746   data arrival time

                      0.000000   10.000000   10.000000   clock __VIRTUAL_CLK__ (rise edge)
                                  0.000000   10.000000   clock network delay (ideal)
                                  0.000000   10.000000   clock reconvergence pessimism
                                  0.000000   10.000000   output external delay
                                             10.000000   data required time
---------------------------------------------------------------------------------------------
                                             10.000000   data required time
                                             -2.297746   data arrival time
---------------------------------------------------------------------------------------------
                                              7.702254   slack (MET)


Startpoint: b[5] (input port clocked by __VIRTUAL_CLK__)
Endpoint: p[7] (output port clocked by __VIRTUAL_CLK__)
Path Group: __VIRTUAL_CLK__
Path Type: max

Fanout         Cap        Slew       Delay        Time   Description
---------------------------------------------------------------------------------------------
                      0.000000    0.000000    0.000000   clock __VIRTUAL_CLK__ (rise edge)
                                  0.000000    0.000000   clock network delay (ideal)
                                  0.000000    0.000000 ^ input external delay
     8    0.033280    0.154987    0.112939    0.112939 ^ b[5] (in)
                                                         b[5] (net)
                      0.155001    0.000000    0.112939 ^ g10/B (sky130_fd_sc_hd__nand2_1)
     1    0.003109    0.048144    0.078035    0.190974 v g10/Y (sky130_fd_sc_hd__nand2_1)
                                                         n26 (net)
                      0.048144    0.000099    0.191073 v g11/A (sky130_fd_sc_hd__inv_1)
     2    0.006126    0.058826    0.072444    0.263518 ^ g11/Y (sky130_fd_sc_hd__inv_1)
                                                         n27 (net)
                      0.058826    0.000108    0.263626 ^ g175/A (sky130_fd_sc_hd__nand2_1)
     3    0.008248    0.066032    0.080897    0.344523 v g175/Y (sky130_fd_sc_hd__nand2_1)
                                                         n191 (net)
                      0.066032    0.000121    0.344643 v g177/B (sky130_fd_sc_hd__nand2_1)
     1    0.002886    0.045887    0.074461    0.419104 ^ g177/Y (sky130_fd_sc_hd__nand2_1)
                                                         n193 (net)
                      0.045887    0.000061    0.419165 ^ g178/B (sky130_fd_sc_hd__nand2_1)
     2    0.005615    0.048198    0.065903    0.485068 v g178/Y (sky130_fd_sc_hd__nand2_1)
                                                         n194 (net)
                      0.048198    0.000142    0.485210 v g179/A (sky130_fd_sc_hd__nand2_1)
     3    0.008036    0.086898    0.092430    0.577640 ^ g179/Y (sky130_fd_sc_hd__nand2_1)
                                                         n195 (net)
                      0.086898    0.000135    0.577775 ^ g181/B (sky130_fd_sc_hd__nand2_1)
     1    0.002593    0.033117    0.060059    0.637834 v g181/Y (sky130_fd_sc_hd__nand2_1)
                                                         n197 (net)
                      0.033117    0.000055    0.637890 v g182/B (sky130_fd_sc_hd__nand2_1)
     2    0.007239    0.080099    0.087517    0.725406 ^ g182/Y (sky130_fd_sc_hd__nand2_1)
                                                         n198 (net)
                      0.080100    0.000248    0.725654 ^ g397/B (sky130_fd_sc_hd__nand2_1)
     3    0.007875    0.065401    0.089093    0.814747 v g397/Y (sky130_fd_sc_hd__nand2_1)
                                                         n413 (net)
                      0.065401    0.000086    0.814833 v g399/B (sky130_fd_sc_hd__nand2_1)
     1    0.003199    0.048119    0.076314    0.891147 ^ g399/Y (sky130_fd_sc_hd__nand2_1)
                                                         n415 (net)
                      0.048119    0.000101    0.891247 ^ g400/B (sky130_fd_sc_hd__nand2_1)
     2    0.005216    0.045633    0.064478    0.955725 v g400/Y (sky130_fd_sc_hd__nand2_1)
                                                         n416 (net)
                      0.045633    0.000136    0.955861 v g401/A (sky130_fd_sc_hd__nand2_1)
     3    0.008059    0.087121    0.091462    1.047323 ^ g401/Y (sky130_fd_sc_hd__nand2_1)
                                                         n417 (net)
                      0.087121    0.000117    1.047439 ^ g403/B (sky130_fd_sc_hd__nand2_1)
     1    0.002656    0.033510    0.060530    1.107969 v g403/Y (sky130_fd_sc_hd__nand2_1)
                                                         n419 (net)
                      0.033510    0.000080    1.108049 v g404/B (sky130_fd_sc_hd__nand2_1)
     2    0.007611    0.083274    0.090120    1.198169 ^ g404/Y (sky130_fd_sc_hd__nand2_1)
                                                         n420 (net)
                      0.083275    0.000249    1.198418 ^ g510/B (sky130_fd_sc_hd__nand2_1)
     3    0.007438    0.062691    0.087573    1.285990 v g510/Y (sky130_fd_sc_hd__nand2_1)
                                                         n526 (net)
                      0.062691    0.000101    1.286091 v g511/B (sky130_fd_sc_hd__nand2_1)
     1    0.003260    0.048204    0.075466    1.361557 ^ g511/Y (sky130_fd_sc_hd__nand2_1)
                                                         n527 (net)
                      0.048204    0.000075    1.361632 ^ g513/A (sky130_fd_sc_hd__nand2_1)
     2    0.005374    0.046636    0.061585    1.423217 v g513/Y (sky130_fd_sc_hd__nand2_1)
                                                         n529 (net)
                      0.046636    0.000089    1.423306 v g514/A (sky130_fd_sc_hd__nand2_1)
     3    0.008825    0.093644    0.096932    1.520239 ^ g514/Y (sky130_fd_sc_hd__nand2_1)
                                                         n530 (net)
                      0.093645    0.000239    1.520478 ^ g518/B (sky130_fd_sc_hd__nand2_1)
     2    0.008472    0.070688    0.096681    1.617159 v g518/Y (sky130_fd_sc_hd__nand2_1)
                                                         n534 (net)
                      0.070688    0.000321    1.617481 v g523/B (sky130_fd_sc_hd__nand2_1)
     3    0.008939    0.095073    0.116376    1.733856 ^ g523/Y (sky130_fd_sc_hd__nand2_1)
                                                         n539 (net)
                      0.095073    0.000168    1.734025 ^ g527/B (sky130_fd_sc_hd__nand2_1)
     2    0.006757    0.060429    0.087211    1.821236 v g527/Y (sky130_fd_sc_hd__nand2_1)
                                                         n543 (net)
                      0.060429    0.000204    1.821440 v g532/B (sky130_fd_sc_hd__nand2_1)
     3    0.008433    0.090553    0.108219    1.929659 ^ g532/Y (sky130_fd_sc_hd__nand2_1)
                                                         n548 (net)
                      0.090553    0.000124    1.929783 ^ g534/B (sky130_fd_sc_hd__nand2_1)
     1    0.002394    0.034317    0.059630    1.989414 v g534/Y (sky130_fd_sc_hd__nand2_1)
                                                         n550 (net)
                      0.034317    0.000049    1.989463 v g535/B (sky130_fd_sc_hd__nand2_1)
     1    0.010973    0.112006    0.112246    2.101708 ^ g535/Y (sky130_fd_sc_hd__nand2_1)
                                                         p[7] (net)
                      0.112006    0.000214    2.101922 ^ p[7] (out)
                                              2.101922   data arrival time

                      0.000000   10.000000   10.000000   clock __VIRTUAL_CLK__ (rise edge)
                                  0.000000   10.000000   clock network delay (ideal)
                                  0.000000   10.000000   clock reconvergence pessimism
                                  0.000000   10.000000   output external delay
                                             10.000000   data required time
---------------------------------------------------------------------------------------------
                                             10.000000   data required time
                                             -2.101922   data arrival time
---------------------------------------------------------------------------------------------
                                              7.898078   slack (MET)


Startpoint: b[5] (input port clocked by __VIRTUAL_CLK__)
Endpoint: p[6] (output port clocked by __VIRTUAL_CLK__)
Path Group: __VIRTUAL_CLK__
Path Type: max

Fanout         Cap        Slew       Delay        Time   Description
---------------------------------------------------------------------------------------------
                      0.000000    0.000000    0.000000   clock __VIRTUAL_CLK__ (rise edge)
                                  0.000000    0.000000   clock network delay (ideal)
                                  0.000000    0.000000 ^ input external delay
     8    0.033280    0.154987    0.112939    0.112939 ^ b[5] (in)
                                                         b[5] (net)
                      0.155001    0.000000    0.112939 ^ g10/B (sky130_fd_sc_hd__nand2_1)
     1    0.003109    0.048144    0.078035    0.190974 v g10/Y (sky130_fd_sc_hd__nand2_1)
                                                         n26 (net)
                      0.048144    0.000099    0.191073 v g11/A (sky130_fd_sc_hd__inv_1)
     2    0.006126    0.058826    0.072444    0.263518 ^ g11/Y (sky130_fd_sc_hd__inv_1)
                                                         n27 (net)
                      0.058826    0.000108    0.263626 ^ g175/A (sky130_fd_sc_hd__nand2_1)
     3    0.008248    0.066032    0.080897    0.344523 v g175/Y (sky130_fd_sc_hd__nand2_1)
                                                         n191 (net)
                      0.066032    0.000121    0.344643 v g177/B (sky130_fd_sc_hd__nand2_1)
     1    0.002886    0.045887    0.074461    0.419104 ^ g177/Y (sky130_fd_sc_hd__nand2_1)
                                                         n193 (net)
                      0.045887    0.000061    0.419165 ^ g178/B (sky130_fd_sc_hd__nand2_1)
     2    0.005615    0.048198    0.065903    0.485068 v g178/Y (sky130_fd_sc_hd__nand2_1)
                                                         n194 (net)
                      0.048198    0.000142    0.485210 v g179/A (sky130_fd_sc_hd__nand2_1)
     3    0.008036    0.086898    0.092430    0.577640 ^ g179/Y (sky130_fd_sc_hd__nand2_1)
                                                         n195 (net)
                      0.086898    0.000135    0.577775 ^ g181/B (sky130_fd_sc_hd__nand2_1)
     1    0.002593    0.033117    0.060059    0.637834 v g181/Y (sky130_fd_sc_hd__nand2_1)
                                                         n197 (net)
                      0.033117    0.000055    0.637890 v g182/B (sky130_fd_sc_hd__nand2_1)
     2    0.007239    0.080099    0.087517    0.725406 ^ g182/Y (sky130_fd_sc_hd__nand2_1)
                                                         n198 (net)
                      0.080100    0.000248    0.725654 ^ g397/B (sky130_fd_sc_hd__nand2_1)
     3    0.007875    0.065401    0.089093    0.814747 v g397/Y (sky130_fd_sc_hd__nand2_1)
                                                         n413 (net)
                      0.065401    0.000086    0.814833 v g399/B (sky130_fd_sc_hd__nand2_1)
     1    0.003199    0.048119    0.076314    0.891147 ^ g399/Y (sky130_fd_sc_hd__nand2_1)
                                                         n415 (net)
                      0.048119    0.000101    0.891247 ^ g400/B (sky130_fd_sc_hd__nand2_1)
     2    0.005216    0.045633    0.064478    0.955725 v g400/Y (sky130_fd_sc_hd__nand2_1)
                                                         n416 (net)
                      0.045633    0.000136    0.955861 v g401/A (sky130_fd_sc_hd__nand2_1)
     3    0.008059    0.087121    0.091462    1.047323 ^ g401/Y (sky130_fd_sc_hd__nand2_1)
                                                         n417 (net)
                      0.087121    0.000117    1.047439 ^ g403/B (sky130_fd_sc_hd__nand2_1)
     1    0.002656    0.033510    0.060530    1.107969 v g403/Y (sky130_fd_sc_hd__nand2_1)
                                                         n419 (net)
                      0.033510    0.000080    1.108049 v g404/B (sky130_fd_sc_hd__nand2_1)
     2    0.007611    0.083274    0.090120    1.198169 ^ g404/Y (sky130_fd_sc_hd__nand2_1)
                                                         n420 (net)
                      0.083275    0.000249    1.198418 ^ g510/B (sky130_fd_sc_hd__nand2_1)
     3    0.007438    0.062691    0.087573    1.285990 v g510/Y (sky130_fd_sc_hd__nand2_1)
                                                         n526 (net)
                      0.062691    0.000101    1.286091 v g511/B (sky130_fd_sc_hd__nand2_1)
     1    0.003260    0.048204    0.075466    1.361557 ^ g511/Y (sky130_fd_sc_hd__nand2_1)
                                                         n527 (net)
                      0.048204    0.000075    1.361632 ^ g513/A (sky130_fd_sc_hd__nand2_1)
     2    0.005374    0.046636    0.061585    1.423217 v g513/Y (sky130_fd_sc_hd__nand2_1)
                                                         n529 (net)
                      0.046636    0.000089    1.423306 v g514/A (sky130_fd_sc_hd__nand2_1)
     3    0.008825    0.093644    0.096932    1.520239 ^ g514/Y (sky130_fd_sc_hd__nand2_1)
                                                         n530 (net)
                      0.093645    0.000239    1.520478 ^ g518/B (sky130_fd_sc_hd__nand2_1)
     2    0.008472    0.070688    0.096681    1.617159 v g518/Y (sky130_fd_sc_hd__nand2_1)
                                                         n534 (net)
                      0.070688    0.000321    1.617481 v g523/B (sky130_fd_sc_hd__nand2_1)
     3    0.008939    0.095073    0.116376    1.733856 ^ g523/Y (sky130_fd_sc_hd__nand2_1)
                                                         n539 (net)
                      0.095073    0.000179    1.734035 ^ g525/B (sky130_fd_sc_hd__nand2_1)
     1    0.002416    0.037095    0.060883    1.794918 v g525/Y (sky130_fd_sc_hd__nand2_1)
                                                         n541 (net)
                      0.037095    0.000049    1.794967 v g526/B (sky130_fd_sc_hd__nand2_1)
     1    0.011368    0.115400    0.116067    1.911034 ^ g526/Y (sky130_fd_sc_hd__nand2_1)
                                                         p[6] (net)
                      0.115400    0.000234    1.911268 ^ p[6] (out)
                                              1.911268   data arrival time

                      0.000000   10.000000   10.000000   clock __VIRTUAL_CLK__ (rise edge)
                                  0.000000   10.000000   clock network delay (ideal)
                                  0.000000   10.000000   clock reconvergence pessimism
                                  0.000000   10.000000   output external delay
                                             10.000000   data required time
---------------------------------------------------------------------------------------------
                                             10.000000   data required time
                                             -1.911268   data arrival time
---------------------------------------------------------------------------------------------
                                              8.088732   slack (MET)


Startpoint: b[5] (input port clocked by __VIRTUAL_CLK__)
Endpoint: p[5] (output port clocked by __VIRTUAL_CLK__)
Path Group: __VIRTUAL_CLK__
Path Type: max

Fanout         Cap        Slew       Delay        Time   Description
---------------------------------------------------------------------------------------------
                      0.000000    0.000000    0.000000   clock __VIRTUAL_CLK__ (rise edge)
                                  0.000000    0.000000   clock network delay (ideal)
                                  0.000000    0.000000 ^ input external delay
     8    0.033280    0.154987    0.112939    0.112939 ^ b[5] (in)
                                                         b[5] (net)
                      0.155001    0.000000    0.112939 ^ g10/B (sky130_fd_sc_hd__nand2_1)
     1    0.003109    0.048144    0.078035    0.190974 v g10/Y (sky130_fd_sc_hd__nand2_1)
                                                         n26 (net)
                      0.048144    0.000099    0.191073 v g11/A (sky130_fd_sc_hd__inv_1)
     2    0.006126    0.058826    0.072444    0.263518 ^ g11/Y (sky130_fd_sc_hd__inv_1)
                                                         n27 (net)
                      0.058826    0.000108    0.263626 ^ g175/A (sky130_fd_sc_hd__nand2_1)
     3    0.008248    0.066032    0.080897    0.344523 v g175/Y (sky130_fd_sc_hd__nand2_1)
                                                         n191 (net)
                      0.066032    0.000121    0.344643 v g177/B (sky130_fd_sc_hd__nand2_1)
     1    0.002886    0.045887    0.074461    0.419104 ^ g177/Y (sky130_fd_sc_hd__nand2_1)
                                                         n193 (net)
                      0.045887    0.000061    0.419165 ^ g178/B (sky130_fd_sc_hd__nand2_1)
     2    0.005615    0.048198    0.065903    0.485068 v g178/Y (sky130_fd_sc_hd__nand2_1)
                                                         n194 (net)
                      0.048198    0.000142    0.485210 v g179/A (sky130_fd_sc_hd__nand2_1)
     3    0.008036    0.086898    0.092430    0.577640 ^ g179/Y (sky130_fd_sc_hd__nand2_1)
                                                         n195 (net)
                      0.086898    0.000135    0.577775 ^ g181/B (sky130_fd_sc_hd__nand2_1)
     1    0.002593    0.033117    0.060059    0.637834 v g181/Y (sky130_fd_sc_hd__nand2_1)
                                                         n197 (net)
                      0.033117    0.000055    0.637890 v g182/B (sky130_fd_sc_hd__nand2_1)
     2    0.007239    0.080099    0.087517    0.725406 ^ g182/Y (sky130_fd_sc_hd__nand2_1)
                                                         n198 (net)
                      0.080100    0.000248    0.725654 ^ g397/B (sky130_fd_sc_hd__nand2_1)
     3    0.007875    0.065401    0.089093    0.814747 v g397/Y (sky130_fd_sc_hd__nand2_1)
                                                         n413 (net)
                      0.065401    0.000086    0.814833 v g399/B (sky130_fd_sc_hd__nand2_1)
     1    0.003199    0.048119    0.076314    0.891147 ^ g399/Y (sky130_fd_sc_hd__nand2_1)
                                                         n415 (net)
                      0.048119    0.000101    0.891247 ^ g400/B (sky130_fd_sc_hd__nand2_1)
     2    0.005216    0.045633    0.064478    0.955725 v g400/Y (sky130_fd_sc_hd__nand2_1)
                                                         n416 (net)
                      0.045633    0.000136    0.955861 v g401/A (sky130_fd_sc_hd__nand2_1)
     3    0.008059    0.087121    0.091462    1.047323 ^ g401/Y (sky130_fd_sc_hd__nand2_1)
                                                         n417 (net)
                      0.087121    0.000117    1.047439 ^ g403/B (sky130_fd_sc_hd__nand2_1)
     1    0.002656    0.033510    0.060530    1.107969 v g403/Y (sky130_fd_sc_hd__nand2_1)
                                                         n419 (net)
                      0.033510    0.000080    1.108049 v g404/B (sky130_fd_sc_hd__nand2_1)
     2    0.007611    0.083274    0.090120    1.198169 ^ g404/Y (sky130_fd_sc_hd__nand2_1)
                                                         n420 (net)
                      0.083275    0.000249    1.198418 ^ g510/B (sky130_fd_sc_hd__nand2_1)
     3    0.007438    0.062691    0.087573    1.285990 v g510/Y (sky130_fd_sc_hd__nand2_1)
                                                         n526 (net)
                      0.062691    0.000101    1.286091 v g511/B (sky130_fd_sc_hd__nand2_1)
     1    0.003260    0.048204    0.075466    1.361557 ^ g511/Y (sky130_fd_sc_hd__nand2_1)
                                                         n527 (net)
                      0.048204    0.000075    1.361632 ^ g513/A (sky130_fd_sc_hd__nand2_1)
     2    0.005374    0.046636    0.061585    1.423217 v g513/Y (sky130_fd_sc_hd__nand2_1)
                                                         n529 (net)
                      0.046636    0.000089    1.423306 v g514/A (sky130_fd_sc_hd__nand2_1)
     3    0.008825    0.093644    0.096932    1.520239 ^ g514/Y (sky130_fd_sc_hd__nand2_1)
                                                         n530 (net)
                      0.093645    0.000232    1.520470 ^ g516/B (sky130_fd_sc_hd__nand2_1)
     1    0.003078    0.036753    0.065046    1.585516 v g516/Y (sky130_fd_sc_hd__nand2_1)
                                                         n532 (net)
                      0.036753    0.000099    1.585615 v g517/B (sky130_fd_sc_hd__nand2_1)
     1    0.011806    0.119167    0.118699    1.704314 ^ g517/Y (sky130_fd_sc_hd__nand2_1)
                                                         p[5] (net)
                      0.119167    0.000261    1.704575 ^ p[5] (out)
                                              1.704575   data arrival time

                      0.000000   10.000000   10.000000   clock __VIRTUAL_CLK__ (rise edge)
                                  0.000000   10.000000   clock network delay (ideal)
                                  0.000000   10.000000   clock reconvergence pessimism
                                  0.000000   10.000000   output external delay
                                             10.000000   data required time
---------------------------------------------------------------------------------------------
                                             10.000000   data required time
                                             -1.704575   data arrival time
---------------------------------------------------------------------------------------------
                                              8.295426   slack (MET)


Startpoint: b[0] (input port clocked by __VIRTUAL_CLK__)
Endpoint: p[4] (output port clocked by __VIRTUAL_CLK__)
Path Group: __VIRTUAL_CLK__
Path Type: max

Fanout         Cap        Slew       Delay        Time   Description
---------------------------------------------------------------------------------------------
                      0.000000    0.000000    0.000000   clock __VIRTUAL_CLK__ (rise edge)
                                  0.000000    0.000000   clock network delay (ideal)
                                  0.000000    0.000000 ^ input external delay
     8    0.037161    0.172225    0.124898    0.124898 ^ b[0] (in)
                                                         b[0] (net)
                      0.172228    0.000000    0.124898 ^ g48/B (sky130_fd_sc_hd__nand2_1)
     1    0.002574    0.050347    0.076002    0.200900 v g48/Y (sky130_fd_sc_hd__nand2_1)
                                                         n64 (net)
                      0.050347    0.000078    0.200979 v g49/A (sky130_fd_sc_hd__inv_1)
     2    0.006907    0.065032    0.078008    0.278987 ^ g49/Y (sky130_fd_sc_hd__inv_1)
                                                         n65 (net)
                      0.065032    0.000199    0.279185 ^ g379/B (sky130_fd_sc_hd__nand2_1)
     3    0.008272    0.066857    0.086524    0.365709 v g379/Y (sky130_fd_sc_hd__nand2_1)
                                                         n395 (net)
                      0.066857    0.000114    0.365823 v g381/B (sky130_fd_sc_hd__nand2_1)
     1    0.002606    0.043944    0.072908    0.438731 ^ g381/Y (sky130_fd_sc_hd__nand2_1)
                                                         n397 (net)
                      0.043944    0.000053    0.438784 ^ g382/B (sky130_fd_sc_hd__nand2_1)
     2    0.004997    0.044143    0.061950    0.500734 v g382/Y (sky130_fd_sc_hd__nand2_1)
                                                         n398 (net)
                      0.044143    0.000087    0.500821 v g383/A (sky130_fd_sc_hd__nand2_1)
     3    0.008441    0.090355    0.093335    0.594156 ^ g383/Y (sky130_fd_sc_hd__nand2_1)
                                                         n399 (net)
                      0.090355    0.000112    0.594267 ^ g385/B (sky130_fd_sc_hd__nand2_1)
     1    0.002431    0.032651    0.059833    0.654100 v g385/Y (sky130_fd_sc_hd__nand2_1)
                                                         n401 (net)
                      0.032651    0.000050    0.654150 v g386/B (sky130_fd_sc_hd__nand2_1)
     2    0.005783    0.067744    0.077881    0.732032 ^ g386/Y (sky130_fd_sc_hd__nand2_1)
                                                         n402 (net)
                      0.067744    0.000090    0.732122 ^ g492/B (sky130_fd_sc_hd__nand2_1)
     3    0.008803    0.071646    0.090300    0.822422 v g492/Y (sky130_fd_sc_hd__nand2_1)
                                                         n508 (net)
                      0.071646    0.000251    0.822673 v g493/B (sky130_fd_sc_hd__nand2_1)
     1    0.003196    0.048963    0.079227    0.901900 ^ g493/Y (sky130_fd_sc_hd__nand2_1)
                                                         n509 (net)
                      0.048964    0.000098    0.901998 ^ g495/A (sky130_fd_sc_hd__nand2_1)
     2    0.005241    0.045808    0.061121    0.963120 v g495/Y (sky130_fd_sc_hd__nand2_1)
                                                         n511 (net)
                      0.045808    0.000095    0.963215 v g496/A (sky130_fd_sc_hd__nand2_1)
     3    0.008591    0.091646    0.095061    1.058276 ^ g496/Y (sky130_fd_sc_hd__nand2_1)
                                                         n512 (net)
                      0.091647    0.000164    1.058440 ^ g500/B (sky130_fd_sc_hd__nand2_1)
     2    0.007395    0.065981    0.089837    1.148277 v g500/Y (sky130_fd_sc_hd__nand2_1)
                                                         n516 (net)
                      0.065981    0.000267    1.148544 v g505/B (sky130_fd_sc_hd__nand2_1)
     3    0.008464    0.091027    0.111049    1.259593 ^ g505/Y (sky130_fd_sc_hd__nand2_1)
                                                         n521 (net)
                      0.091027    0.000117    1.259710 ^ g507/B (sky130_fd_sc_hd__nand2_1)
     1    0.002395    0.035282    0.059751    1.319461 v g507/Y (sky130_fd_sc_hd__nand2_1)
                                                         n523 (net)
                      0.035282    0.000049    1.319510 v g508/B (sky130_fd_sc_hd__nand2_1)
     1    0.010805    0.110554    0.111617    1.431127 ^ g508/Y (sky130_fd_sc_hd__nand2_1)
                                                         p[4] (net)
                      0.110555    0.000205    1.431332 ^ p[4] (out)
                                              1.431332   data arrival time

                      0.000000   10.000000   10.000000   clock __VIRTUAL_CLK__ (rise edge)
                                  0.000000   10.000000   clock network delay (ideal)
                                  0.000000   10.000000   clock reconvergence pessimism
                                  0.000000   10.000000   output external delay
                                             10.000000   data required time
---------------------------------------------------------------------------------------------
                                             10.000000   data required time
                                             -1.431332   data arrival time
---------------------------------------------------------------------------------------------
                                              8.568667   slack (MET)


Startpoint: b[0] (input port clocked by __VIRTUAL_CLK__)
Endpoint: p[3] (output port clocked by __VIRTUAL_CLK__)
Path Group: __VIRTUAL_CLK__
Path Type: max

Fanout         Cap        Slew       Delay        Time   Description
---------------------------------------------------------------------------------------------
                      0.000000    0.000000    0.000000   clock __VIRTUAL_CLK__ (rise edge)
                                  0.000000    0.000000   clock network delay (ideal)
                                  0.000000    0.000000 ^ input external delay
     8    0.037161    0.172225    0.124898    0.124898 ^ b[0] (in)
                                                         b[0] (net)
                      0.172228    0.000000    0.124898 ^ g48/B (sky130_fd_sc_hd__nand2_1)
     1    0.002574    0.050347    0.076002    0.200900 v g48/Y (sky130_fd_sc_hd__nand2_1)
                                                         n64 (net)
                      0.050347    0.000078    0.200979 v g49/A (sky130_fd_sc_hd__inv_1)
     2    0.006907    0.065032    0.078008    0.278987 ^ g49/Y (sky130_fd_sc_hd__inv_1)
                                                         n65 (net)
                      0.065032    0.000199    0.279185 ^ g379/B (sky130_fd_sc_hd__nand2_1)
     3    0.008272    0.066857    0.086524    0.365709 v g379/Y (sky130_fd_sc_hd__nand2_1)
                                                         n395 (net)
                      0.066857    0.000114    0.365823 v g381/B (sky130_fd_sc_hd__nand2_1)
     1    0.002606    0.043944    0.072908    0.438731 ^ g381/Y (sky130_fd_sc_hd__nand2_1)
                                                         n397 (net)
                      0.043944    0.000053    0.438784 ^ g382/B (sky130_fd_sc_hd__nand2_1)
     2    0.004997    0.044143    0.061950    0.500734 v g382/Y (sky130_fd_sc_hd__nand2_1)
                                                         n398 (net)
                      0.044143    0.000087    0.500821 v g383/A (sky130_fd_sc_hd__nand2_1)
     3    0.008441    0.090355    0.093335    0.594156 ^ g383/Y (sky130_fd_sc_hd__nand2_1)
                                                         n399 (net)
                      0.090355    0.000112    0.594267 ^ g385/B (sky130_fd_sc_hd__nand2_1)
     1    0.002431    0.032651    0.059833    0.654100 v g385/Y (sky130_fd_sc_hd__nand2_1)
                                                         n401 (net)
                      0.032651    0.000050    0.654150 v g386/B (sky130_fd_sc_hd__nand2_1)
     2    0.005783    0.067744    0.077881    0.732032 ^ g386/Y (sky130_fd_sc_hd__nand2_1)
                                                         n402 (net)
                      0.067744    0.000090    0.732122 ^ g492/B (sky130_fd_sc_hd__nand2_1)
     3    0.008803    0.071646    0.090300    0.822422 v g492/Y (sky130_fd_sc_hd__nand2_1)
                                                         n508 (net)
                      0.071646    0.000251    0.822673 v g493/B (sky130_fd_sc_hd__nand2_1)
     1    0.003196    0.048963    0.079227    0.901900 ^ g493/Y (sky130_fd_sc_hd__nand2_1)
                                                         n509 (net)
                      0.048964    0.000098    0.901998 ^ g495/A (sky130_fd_sc_hd__nand2_1)
     2    0.005241    0.045808    0.061121    0.963120 v g495/Y (sky130_fd_sc_hd__nand2_1)
                                                         n511 (net)
                      0.045808    0.000095    0.963215 v g496/A (sky130_fd_sc_hd__nand2_1)
     3    0.008591    0.091646    0.095061    1.058276 ^ g496/Y (sky130_fd_sc_hd__nand2_1)
                                                         n512 (net)
                      0.091646    0.000126    1.058402 ^ g497/B (sky130_fd_sc_hd__nand2_1)
     1    0.003400    0.038355    0.066723    1.125125 v g497/Y (sky130_fd_sc_hd__nand2_1)
                                                         n513 (net)
                      0.038355    0.000077    1.125201 v g499/A (sky130_fd_sc_hd__nand2_1)
     1    0.011400    0.115679    0.109988    1.235190 ^ g499/Y (sky130_fd_sc_hd__nand2_1)
                                                         p[3] (net)
                      0.115680    0.000302    1.235492 ^ p[3] (out)
                                              1.235492   data arrival time

                      0.000000   10.000000   10.000000   clock __VIRTUAL_CLK__ (rise edge)
                                  0.000000   10.000000   clock network delay (ideal)
                                  0.000000   10.000000   clock reconvergence pessimism
                                  0.000000   10.000000   output external delay
                                             10.000000   data required time
---------------------------------------------------------------------------------------------
                                             10.000000   data required time
                                             -1.235492   data arrival time
---------------------------------------------------------------------------------------------
                                              8.764508   slack (MET)


Startpoint: b[1] (input port clocked by __VIRTUAL_CLK__)
Endpoint: p[2] (output port clocked by __VIRTUAL_CLK__)
Path Group: __VIRTUAL_CLK__
Path Type: max

Fanout         Cap        Slew       Delay        Time   Description
---------------------------------------------------------------------------------------------
                      0.000000    0.000000    0.000000   clock __VIRTUAL_CLK__ (rise edge)
                                  0.000000    0.000000   clock network delay (ideal)
                                  0.000000    0.000000 ^ input external delay
     8    0.038029    0.175705    0.128376    0.128376 ^ b[1] (in)
                                                         b[1] (net)
                      0.175722    0.000000    0.128376 ^ g18/B (sky130_fd_sc_hd__nand2_1)
     1    0.002445    0.045527    0.075352    0.203728 v g18/Y (sky130_fd_sc_hd__nand2_1)
                                                         n34 (net)
                      0.045527    0.000050    0.203779 v g19/A (sky130_fd_sc_hd__inv_1)
     2    0.005451    0.053455    0.067295    0.271073 ^ g19/Y (sky130_fd_sc_hd__inv_1)
                                                         n35 (net)
                      0.053455    0.000082    0.271155 ^ g374/B (sky130_fd_sc_hd__nand2_1)
     3    0.008092    0.064925    0.081862    0.353017 v g374/Y (sky130_fd_sc_hd__nand2_1)
                                                         n390 (net)
                      0.064925    0.000192    0.353209 v g376/B (sky130_fd_sc_hd__nand2_1)
     1    0.003247    0.048413    0.076421    0.429631 ^ g376/Y (sky130_fd_sc_hd__nand2_1)
                                                         n392 (net)
                      0.048413    0.000101    0.429732 ^ g377/B (sky130_fd_sc_hd__nand2_1)
     2    0.005624    0.048306    0.066781    0.496513 v g377/Y (sky130_fd_sc_hd__nand2_1)
                                                         n393 (net)
                      0.048306    0.000158    0.496671 v g483/B (sky130_fd_sc_hd__nand2_1)
     3    0.007994    0.086548    0.099628    0.596299 ^ g483/Y (sky130_fd_sc_hd__nand2_1)
                                                         n499 (net)
                      0.086576    0.000107    0.596405 ^ g485/B (sky130_fd_sc_hd__nand2_1)
     1    0.002416    0.032427    0.058805    0.655211 v g485/Y (sky130_fd_sc_hd__nand2_1)
                                                         n501 (net)
                      0.032427    0.000049    0.655260 v g486/B (sky130_fd_sc_hd__nand2_1)
     2    0.005064    0.061718    0.073087    0.728347 ^ g486/Y (sky130_fd_sc_hd__nand2_1)
                                                         n502 (net)
                      0.061718    0.000127    0.728474 ^ g487/A (sky130_fd_sc_hd__nand2_1)
     3    0.007276    0.060215    0.076566    0.805040 v g487/Y (sky130_fd_sc_hd__nand2_1)
                                                         n503 (net)
                      0.060215    0.000097    0.805137 v g489/B (sky130_fd_sc_hd__nand2_1)
     1    0.002842    0.044705    0.071454    0.876591 ^ g489/Y (sky130_fd_sc_hd__nand2_1)
                                                         n505 (net)
                      0.044705    0.000087    0.876679 ^ g490/B (sky130_fd_sc_hd__nand2_1)
     1    0.011423    0.087306    0.096750    0.973428 v g490/Y (sky130_fd_sc_hd__nand2_1)
                                                         p[2] (net)
                      0.087307    0.000291    0.973719 v p[2] (out)
                                              0.973719   data arrival time

                      0.000000   10.000000   10.000000   clock __VIRTUAL_CLK__ (rise edge)
                                  0.000000   10.000000   clock network delay (ideal)
                                  0.000000   10.000000   clock reconvergence pessimism
                                  0.000000   10.000000   output external delay
                                             10.000000   data required time
---------------------------------------------------------------------------------------------
                                             10.000000   data required time
                                             -0.973719   data arrival time
---------------------------------------------------------------------------------------------
                                              9.026281   slack (MET)


Startpoint: b[0] (input port clocked by __VIRTUAL_CLK__)
Endpoint: p[1] (output port clocked by __VIRTUAL_CLK__)
Path Group: __VIRTUAL_CLK__
Path Type: max

Fanout         Cap        Slew       Delay        Time   Description
---------------------------------------------------------------------------------------------
                      0.000000    0.000000    0.000000   clock __VIRTUAL_CLK__ (rise edge)
                                  0.000000    0.000000   clock network delay (ideal)
                                  0.000000    0.000000 ^ input external delay
     8    0.037161    0.172225    0.125536    0.125536 ^ b[0] (in)
                                                         b[0] (net)
                      0.172236    0.000000    0.125536 ^ g16/B (sky130_fd_sc_hd__nand2_1)
     1    0.002708    0.047139    0.077206    0.202742 v g16/Y (sky130_fd_sc_hd__nand2_1)
                                                         n32 (net)
                      0.047139    0.000059    0.202800 v g17/A (sky130_fd_sc_hd__inv_1)
     2    0.005864    0.056743    0.070428    0.273229 ^ g17/Y (sky130_fd_sc_hd__inv_1)
                                                         n33 (net)
                      0.056743    0.000159    0.273388 ^ g478/B (sky130_fd_sc_hd__nand2_1)
     3    0.007660    0.062217    0.080578    0.353966 v g478/Y (sky130_fd_sc_hd__nand2_1)
                                                         n494 (net)
                      0.062217    0.000054    0.354020 v g480/B (sky130_fd_sc_hd__nand2_1)
     1    0.002926    0.045628    0.072954    0.426974 ^ g480/Y (sky130_fd_sc_hd__nand2_1)
                                                         n496 (net)
                      0.045628    0.000089    0.427063 ^ g481/B (sky130_fd_sc_hd__nand2_1)
     1    0.011548    0.088195    0.097728    0.524791 v g481/Y (sky130_fd_sc_hd__nand2_1)
                                                         p[1] (net)
                      0.088196    0.000302    0.525093 v p[1] (out)
                                              0.525093   data arrival time

                      0.000000   10.000000   10.000000   clock __VIRTUAL_CLK__ (rise edge)
                                  0.000000   10.000000   clock network delay (ideal)
                                  0.000000   10.000000   clock reconvergence pessimism
                                  0.000000   10.000000   output external delay
                                             10.000000   data required time
---------------------------------------------------------------------------------------------
                                             10.000000   data required time
                                             -0.525093   data arrival time
---------------------------------------------------------------------------------------------
                                              9.474907   slack (MET)


Startpoint: b[0] (input port clocked by __VIRTUAL_CLK__)
Endpoint: p[0] (output port clocked by __VIRTUAL_CLK__)
Path Group: __VIRTUAL_CLK__
Path Type: max

Fanout         Cap        Slew       Delay        Time   Description
---------------------------------------------------------------------------------------------
                      0.000000    0.000000    0.000000   clock __VIRTUAL_CLK__ (rise edge)
                                  0.000000    0.000000   clock network delay (ideal)
                                  0.000000    0.000000 ^ input external delay
     8    0.037161    0.172225    0.125567    0.125567 ^ b[0] (in)
                                                         b[0] (net)
                      0.172237    0.000000    0.125567 ^ g0/B (sky130_fd_sc_hd__nand2_1)
     1    0.002676    0.045455    0.076912    0.202479 v g0/Y (sky130_fd_sc_hd__nand2_1)
                                                         n16 (net)
                      0.045455    0.000082    0.202561 v g1/A (sky130_fd_sc_hd__inv_1)
     1    0.011433    0.101092    0.102828    0.305388 ^ g1/Y (sky130_fd_sc_hd__inv_1)
                                                         p[0] (net)
                      0.101093    0.000289    0.305678 ^ p[0] (out)
                                              0.305678   data arrival time

                      0.000000   10.000000   10.000000   clock __VIRTUAL_CLK__ (rise edge)
                                  0.000000   10.000000   clock network delay (ideal)
                                  0.000000   10.000000   clock reconvergence pessimism
                                  0.000000   10.000000   output external delay
                                             10.000000   data required time
---------------------------------------------------------------------------------------------
                                             10.000000   data required time
                                             -0.305678   data arrival time
---------------------------------------------------------------------------------------------
                                              9.694323   slack (MET)



