
===========================================================================
report_checks -path_delay max (Setup)
============================================================================
======================= nom_tt_025C_1v80 Corner ===================================

Startpoint: xN[3] (input port clocked by __VIRTUAL_CLK__)
Endpoint: zP[14] (output port clocked by __VIRTUAL_CLK__)
Path Group: __VIRTUAL_CLK__
Path Type: max

Fanout         Cap        Slew       Delay        Time   Description
---------------------------------------------------------------------------------------------
                      0.000000    0.000000    0.000000   clock __VIRTUAL_CLK__ (rise edge)
                                  0.000000    0.000000   clock network delay (ideal)
                                  0.000000    0.000000 ^ input external delay
    20    0.115344    0.518546    0.376867    0.376867 ^ xN[3] (in)
                                                         xN[3] (net)
                      0.518613    0.000000    0.376867 ^ g229/A (sky130_fd_sc_hd__and2_1)
     1    0.001930    0.048829    0.204211    0.581078 ^ g229/X (sky130_fd_sc_hd__and2_1)
                                                         n269 (net)
                      0.048829    0.000059    0.581137 ^ g232/B (sky130_fd_sc_hd__or2_1)
     2    0.008919    0.092656    0.135662    0.716799 ^ g232/X (sky130_fd_sc_hd__or2_1)
                                                         n272 (net)
                      0.092656    0.000325    0.717124 ^ g646/B (sky130_fd_sc_hd__xor2_1)
     2    0.008052    0.203712    0.227724    0.944848 ^ g646/X (sky130_fd_sc_hd__xor2_1)
                                                         n686 (net)
                      0.203712    0.000202    0.945051 ^ g649/A1 (sky130_fd_sc_hd__a21o_1)
     2    0.007438    0.075020    0.176656    1.121707 ^ g649/X (sky130_fd_sc_hd__a21o_1)
                                                         n689 (net)
                      0.075020    0.000238    1.121945 ^ g726/B (sky130_fd_sc_hd__xor2_1)
     2    0.007878    0.200590    0.221435    1.343380 ^ g726/X (sky130_fd_sc_hd__xor2_1)
                                                         n766 (net)
                      0.200590    0.000092    1.343472 ^ g729/A1 (sky130_fd_sc_hd__a21o_1)
     2    0.009265    0.089344    0.187710    1.531182 ^ g729/X (sky130_fd_sc_hd__a21o_1)
                                                         n769 (net)
                      0.089344    0.000328    1.531510 ^ g792/B (sky130_fd_sc_hd__xor2_1)
     2    0.007971    0.202273    0.225919    1.757429 ^ g792/X (sky130_fd_sc_hd__xor2_1)
                                                         n832 (net)
                      0.202273    0.000104    1.757533 ^ g794/A (sky130_fd_sc_hd__xor2_1)
     2    0.006919    0.183470    0.227482    1.985015 ^ g794/X (sky130_fd_sc_hd__xor2_1)
                                                         n834 (net)
                      0.183470    0.000126    1.985141 ^ g850/B (sky130_fd_sc_hd__xor2_1)
     2    0.007988    0.202557    0.241451    2.226592 ^ g850/X (sky130_fd_sc_hd__xor2_1)
                                                         n890 (net)
                      0.202557    0.000201    2.226792 ^ g852/A (sky130_fd_sc_hd__xor2_1)
     2    0.012626    0.287043    0.309037    2.535829 ^ g852/X (sky130_fd_sc_hd__xor2_1)
                                                         n892 (net)
                      0.287045    0.000565    2.536394 ^ g1165/B (sky130_fd_sc_hd__xor2_1)
     5    0.023820    0.492536    0.477105    3.013500 ^ g1165/X (sky130_fd_sc_hd__xor2_1)
                                                         n1205 (net)
                      0.492541    0.001381    3.014881 ^ g1212/A (sky130_fd_sc_hd__and2_1)
     4    0.008629    0.100828    0.252899    3.267780 ^ g1212/X (sky130_fd_sc_hd__and2_1)
                                                         n1252 (net)
                      0.100828    0.000111    3.267890 ^ g1261/A (sky130_fd_sc_hd__and2_1)
     4    0.011798    0.125692    0.199862    3.467752 ^ g1261/X (sky130_fd_sc_hd__and2_1)
                                                         n1301 (net)
                      0.125692    0.000500    3.468253 ^ g1316/B (sky130_fd_sc_hd__and2_1)
     3    0.007548    0.087378    0.178939    3.647192 ^ g1316/X (sky130_fd_sc_hd__and2_1)
                                                         n1356 (net)
                      0.087378    0.000182    3.647374 ^ g1347/A (sky130_fd_sc_hd__and2_1)
     3    0.008173    0.092795    0.169868    3.817242 ^ g1347/X (sky130_fd_sc_hd__and2_1)
                                                         n1387 (net)
                      0.092795    0.000066    3.817308 ^ g1353/A1 (sky130_fd_sc_hd__a21o_1)
     1    0.008085    0.081240    0.153773    3.971081 ^ g1353/X (sky130_fd_sc_hd__a21o_1)
                                                         n1393 (net)
                      0.081240    0.000338    3.971418 ^ g1374/B (sky130_fd_sc_hd__xor2_1)
     3    0.020986    0.186678    0.162090    4.133509 v g1374/X (sky130_fd_sc_hd__xor2_1)
                                                         n1414 (net)
                      0.186765    0.001717    4.135226 v g1700/A (sky130_fd_sc_hd__xnor2_1)
     8    0.054767    1.168417    1.022170    5.157395 ^ g1700/Y (sky130_fd_sc_hd__xnor2_1)
                                                         n1740 (net)
                      1.168417    0.001108    5.158503 ^ g1745/A (sky130_fd_sc_hd__and2_1)
     3    0.008201    0.106526    0.300024    5.458528 ^ g1745/X (sky130_fd_sc_hd__and2_1)
                                                         n1785 (net)
                      0.106526    0.000147    5.458674 ^ g1785/B (sky130_fd_sc_hd__and2_1)
     2    0.005558    0.088569    0.159159    5.617834 ^ g1785/X (sky130_fd_sc_hd__and2_1)
                                                         n1825 (net)
                      0.088569    0.000127    5.617961 ^ g1819/A (sky130_fd_sc_hd__and2_1)
     2    0.006252    0.075835    0.156368    5.774329 ^ g1819/X (sky130_fd_sc_hd__and2_1)
                                                         n1859 (net)
                      0.075835    0.000171    5.774500 ^ g1845/A (sky130_fd_sc_hd__and2_1)
     2    0.005052    0.065331    0.143180    5.917680 ^ g1845/X (sky130_fd_sc_hd__and2_1)
                                                         n1885 (net)
                      0.065331    0.000134    5.917813 ^ g1854/A1 (sky130_fd_sc_hd__a21o_1)
    22    0.047358    0.405364    0.384988    6.302802 ^ g1854/X (sky130_fd_sc_hd__a21o_1)
                                                         n1894 (net)
                      0.405372    0.001634    6.304436 ^ g2002/A (sky130_fd_sc_hd__inv_1)
    21    0.043140    0.238875    0.313200    6.617636 v g2002/Y (sky130_fd_sc_hd__inv_1)
                                                         n2042 (net)
                      0.238986    0.002733    6.620369 v g2061/B (sky130_fd_sc_hd__and2_1)
     1    0.012080    0.073392    0.294753    6.915122 v g2061/X (sky130_fd_sc_hd__and2_1)
                                                         zP[14] (net)
                      0.073392    0.000368    6.915490 v zP[14] (out)
                                              6.915490   data arrival time

                      0.000000   10.000000   10.000000   clock __VIRTUAL_CLK__ (rise edge)
                                  0.000000   10.000000   clock network delay (ideal)
                                  0.000000   10.000000   clock reconvergence pessimism
                                  0.000000   10.000000   output external delay
                                             10.000000   data required time
---------------------------------------------------------------------------------------------
                                             10.000000   data required time
                                             -6.915490   data arrival time
---------------------------------------------------------------------------------------------
                                              3.084511   slack (MET)


Startpoint: xN[3] (input port clocked by __VIRTUAL_CLK__)
Endpoint: zP[4] (output port clocked by __VIRTUAL_CLK__)
Path Group: __VIRTUAL_CLK__
Path Type: max

Fanout         Cap        Slew       Delay        Time   Description
---------------------------------------------------------------------------------------------
                      0.000000    0.000000    0.000000   clock __VIRTUAL_CLK__ (rise edge)
                                  0.000000    0.000000   clock network delay (ideal)
                                  0.000000    0.000000 ^ input external delay
    20    0.115344    0.518546    0.376867    0.376867 ^ xN[3] (in)
                                                         xN[3] (net)
                      0.518613    0.000000    0.376867 ^ g229/A (sky130_fd_sc_hd__and2_1)
     1    0.001930    0.048829    0.204211    0.581078 ^ g229/X (sky130_fd_sc_hd__and2_1)
                                                         n269 (net)
                      0.048829    0.000059    0.581137 ^ g232/B (sky130_fd_sc_hd__or2_1)
     2    0.008919    0.092656    0.135662    0.716799 ^ g232/X (sky130_fd_sc_hd__or2_1)
                                                         n272 (net)
                      0.092656    0.000325    0.717124 ^ g646/B (sky130_fd_sc_hd__xor2_1)
     2    0.008052    0.203712    0.227724    0.944848 ^ g646/X (sky130_fd_sc_hd__xor2_1)
                                                         n686 (net)
                      0.203712    0.000202    0.945051 ^ g649/A1 (sky130_fd_sc_hd__a21o_1)
     2    0.007438    0.075020    0.176656    1.121707 ^ g649/X (sky130_fd_sc_hd__a21o_1)
                                                         n689 (net)
                      0.075020    0.000238    1.121945 ^ g726/B (sky130_fd_sc_hd__xor2_1)
     2    0.007878    0.200590    0.221435    1.343380 ^ g726/X (sky130_fd_sc_hd__xor2_1)
                                                         n766 (net)
                      0.200590    0.000092    1.343472 ^ g729/A1 (sky130_fd_sc_hd__a21o_1)
     2    0.009265    0.089344    0.187710    1.531182 ^ g729/X (sky130_fd_sc_hd__a21o_1)
                                                         n769 (net)
                      0.089344    0.000328    1.531510 ^ g792/B (sky130_fd_sc_hd__xor2_1)
     2    0.007971    0.202273    0.225919    1.757429 ^ g792/X (sky130_fd_sc_hd__xor2_1)
                                                         n832 (net)
                      0.202273    0.000104    1.757533 ^ g794/A (sky130_fd_sc_hd__xor2_1)
     2    0.006919    0.183470    0.227482    1.985015 ^ g794/X (sky130_fd_sc_hd__xor2_1)
                                                         n834 (net)
                      0.183470    0.000126    1.985141 ^ g850/B (sky130_fd_sc_hd__xor2_1)
     2    0.007988    0.202557    0.241451    2.226592 ^ g850/X (sky130_fd_sc_hd__xor2_1)
                                                         n890 (net)
                      0.202557    0.000201    2.226792 ^ g852/A (sky130_fd_sc_hd__xor2_1)
     2    0.012626    0.287043    0.309037    2.535829 ^ g852/X (sky130_fd_sc_hd__xor2_1)
                                                         n892 (net)
                      0.287045    0.000565    2.536394 ^ g1165/B (sky130_fd_sc_hd__xor2_1)
     5    0.023820    0.492536    0.477105    3.013500 ^ g1165/X (sky130_fd_sc_hd__xor2_1)
                                                         n1205 (net)
                      0.492541    0.001381    3.014881 ^ g1212/A (sky130_fd_sc_hd__and2_1)
     4    0.008629    0.100828    0.252899    3.267780 ^ g1212/X (sky130_fd_sc_hd__and2_1)
                                                         n1252 (net)
                      0.100828    0.000111    3.267890 ^ g1261/A (sky130_fd_sc_hd__and2_1)
     4    0.011798    0.125692    0.199862    3.467752 ^ g1261/X (sky130_fd_sc_hd__and2_1)
                                                         n1301 (net)
                      0.125692    0.000500    3.468253 ^ g1316/B (sky130_fd_sc_hd__and2_1)
     3    0.007548    0.087378    0.178939    3.647192 ^ g1316/X (sky130_fd_sc_hd__and2_1)
                                                         n1356 (net)
                      0.087378    0.000182    3.647374 ^ g1347/A (sky130_fd_sc_hd__and2_1)
     3    0.008173    0.092795    0.169868    3.817242 ^ g1347/X (sky130_fd_sc_hd__and2_1)
                                                         n1387 (net)
                      0.092795    0.000066    3.817308 ^ g1353/A1 (sky130_fd_sc_hd__a21o_1)
     1    0.008085    0.081240    0.153773    3.971081 ^ g1353/X (sky130_fd_sc_hd__a21o_1)
                                                         n1393 (net)
                      0.081240    0.000338    3.971418 ^ g1374/B (sky130_fd_sc_hd__xor2_1)
     3    0.020986    0.186678    0.162090    4.133509 v g1374/X (sky130_fd_sc_hd__xor2_1)
                                                         n1414 (net)
                      0.186765    0.001717    4.135226 v g1700/A (sky130_fd_sc_hd__xnor2_1)
     8    0.054767    1.168417    1.022170    5.157395 ^ g1700/Y (sky130_fd_sc_hd__xnor2_1)
                                                         n1740 (net)
                      1.168417    0.001108    5.158503 ^ g1745/A (sky130_fd_sc_hd__and2_1)
     3    0.008201    0.106526    0.300024    5.458528 ^ g1745/X (sky130_fd_sc_hd__and2_1)
                                                         n1785 (net)
                      0.106526    0.000147    5.458674 ^ g1785/B (sky130_fd_sc_hd__and2_1)
     2    0.005558    0.088569    0.159159    5.617834 ^ g1785/X (sky130_fd_sc_hd__and2_1)
                                                         n1825 (net)
                      0.088569    0.000127    5.617961 ^ g1819/A (sky130_fd_sc_hd__and2_1)
     2    0.006252    0.075835    0.156368    5.774329 ^ g1819/X (sky130_fd_sc_hd__and2_1)
                                                         n1859 (net)
                      0.075835    0.000171    5.774500 ^ g1845/A (sky130_fd_sc_hd__and2_1)
     2    0.005052    0.065331    0.143180    5.917680 ^ g1845/X (sky130_fd_sc_hd__and2_1)
                                                         n1885 (net)
                      0.065331    0.000134    5.917813 ^ g1854/A1 (sky130_fd_sc_hd__a21o_1)
    22    0.047358    0.405364    0.384988    6.302802 ^ g1854/X (sky130_fd_sc_hd__a21o_1)
                                                         n1894 (net)
                      0.405372    0.001634    6.304436 ^ g2002/A (sky130_fd_sc_hd__inv_1)
    21    0.043140    0.238875    0.313200    6.617636 v g2002/Y (sky130_fd_sc_hd__inv_1)
                                                         n2042 (net)
                      0.238985    0.002687    6.620324 v g2021/B (sky130_fd_sc_hd__and2_1)
     1    0.012056    0.073291    0.294656    6.914979 v g2021/X (sky130_fd_sc_hd__and2_1)
                                                         zP[4] (net)
                      0.073291    0.000359    6.915339 v zP[4] (out)
                                              6.915339   data arrival time

                      0.000000   10.000000   10.000000   clock __VIRTUAL_CLK__ (rise edge)
                                  0.000000   10.000000   clock network delay (ideal)
                                  0.000000   10.000000   clock reconvergence pessimism
                                  0.000000   10.000000   output external delay
                                             10.000000   data required time
---------------------------------------------------------------------------------------------
                                             10.000000   data required time
                                             -6.915339   data arrival time
---------------------------------------------------------------------------------------------
                                              3.084661   slack (MET)


Startpoint: xN[3] (input port clocked by __VIRTUAL_CLK__)
Endpoint: zP[16] (output port clocked by __VIRTUAL_CLK__)
Path Group: __VIRTUAL_CLK__
Path Type: max

Fanout         Cap        Slew       Delay        Time   Description
---------------------------------------------------------------------------------------------
                      0.000000    0.000000    0.000000   clock __VIRTUAL_CLK__ (rise edge)
                                  0.000000    0.000000   clock network delay (ideal)
                                  0.000000    0.000000 ^ input external delay
    20    0.115344    0.518546    0.376867    0.376867 ^ xN[3] (in)
                                                         xN[3] (net)
                      0.518613    0.000000    0.376867 ^ g229/A (sky130_fd_sc_hd__and2_1)
     1    0.001930    0.048829    0.204211    0.581078 ^ g229/X (sky130_fd_sc_hd__and2_1)
                                                         n269 (net)
                      0.048829    0.000059    0.581137 ^ g232/B (sky130_fd_sc_hd__or2_1)
     2    0.008919    0.092656    0.135662    0.716799 ^ g232/X (sky130_fd_sc_hd__or2_1)
                                                         n272 (net)
                      0.092656    0.000325    0.717124 ^ g646/B (sky130_fd_sc_hd__xor2_1)
     2    0.008052    0.203712    0.227724    0.944848 ^ g646/X (sky130_fd_sc_hd__xor2_1)
                                                         n686 (net)
                      0.203712    0.000202    0.945051 ^ g649/A1 (sky130_fd_sc_hd__a21o_1)
     2    0.007438    0.075020    0.176656    1.121707 ^ g649/X (sky130_fd_sc_hd__a21o_1)
                                                         n689 (net)
                      0.075020    0.000238    1.121945 ^ g726/B (sky130_fd_sc_hd__xor2_1)
     2    0.007878    0.200590    0.221435    1.343380 ^ g726/X (sky130_fd_sc_hd__xor2_1)
                                                         n766 (net)
                      0.200590    0.000092    1.343472 ^ g729/A1 (sky130_fd_sc_hd__a21o_1)
     2    0.009265    0.089344    0.187710    1.531182 ^ g729/X (sky130_fd_sc_hd__a21o_1)
                                                         n769 (net)
                      0.089344    0.000328    1.531510 ^ g792/B (sky130_fd_sc_hd__xor2_1)
     2    0.007971    0.202273    0.225919    1.757429 ^ g792/X (sky130_fd_sc_hd__xor2_1)
                                                         n832 (net)
                      0.202273    0.000104    1.757533 ^ g794/A (sky130_fd_sc_hd__xor2_1)
     2    0.006919    0.183470    0.227482    1.985015 ^ g794/X (sky130_fd_sc_hd__xor2_1)
                                                         n834 (net)
                      0.183470    0.000126    1.985141 ^ g850/B (sky130_fd_sc_hd__xor2_1)
     2    0.007988    0.202557    0.241451    2.226592 ^ g850/X (sky130_fd_sc_hd__xor2_1)
                                                         n890 (net)
                      0.202557    0.000201    2.226792 ^ g852/A (sky130_fd_sc_hd__xor2_1)
     2    0.012626    0.287043    0.309037    2.535829 ^ g852/X (sky130_fd_sc_hd__xor2_1)
                                                         n892 (net)
                      0.287045    0.000565    2.536394 ^ g1165/B (sky130_fd_sc_hd__xor2_1)
     5    0.023820    0.492536    0.477105    3.013500 ^ g1165/X (sky130_fd_sc_hd__xor2_1)
                                                         n1205 (net)
                      0.492541    0.001381    3.014881 ^ g1212/A (sky130_fd_sc_hd__and2_1)
     4    0.008629    0.100828    0.252899    3.267780 ^ g1212/X (sky130_fd_sc_hd__and2_1)
                                                         n1252 (net)
                      0.100828    0.000111    3.267890 ^ g1261/A (sky130_fd_sc_hd__and2_1)
     4    0.011798    0.125692    0.199862    3.467752 ^ g1261/X (sky130_fd_sc_hd__and2_1)
                                                         n1301 (net)
                      0.125692    0.000500    3.468253 ^ g1316/B (sky130_fd_sc_hd__and2_1)
     3    0.007548    0.087378    0.178939    3.647192 ^ g1316/X (sky130_fd_sc_hd__and2_1)
                                                         n1356 (net)
                      0.087378    0.000182    3.647374 ^ g1347/A (sky130_fd_sc_hd__and2_1)
     3    0.008173    0.092795    0.169868    3.817242 ^ g1347/X (sky130_fd_sc_hd__and2_1)
                                                         n1387 (net)
                      0.092795    0.000066    3.817308 ^ g1353/A1 (sky130_fd_sc_hd__a21o_1)
     1    0.008085    0.081240    0.153773    3.971081 ^ g1353/X (sky130_fd_sc_hd__a21o_1)
                                                         n1393 (net)
                      0.081240    0.000338    3.971418 ^ g1374/B (sky130_fd_sc_hd__xor2_1)
     3    0.020986    0.186678    0.162090    4.133509 v g1374/X (sky130_fd_sc_hd__xor2_1)
                                                         n1414 (net)
                      0.186765    0.001717    4.135226 v g1700/A (sky130_fd_sc_hd__xnor2_1)
     8    0.054767    1.168417    1.022170    5.157395 ^ g1700/Y (sky130_fd_sc_hd__xnor2_1)
                                                         n1740 (net)
                      1.168417    0.001108    5.158503 ^ g1745/A (sky130_fd_sc_hd__and2_1)
     3    0.008201    0.106526    0.300024    5.458528 ^ g1745/X (sky130_fd_sc_hd__and2_1)
                                                         n1785 (net)
                      0.106526    0.000147    5.458674 ^ g1785/B (sky130_fd_sc_hd__and2_1)
     2    0.005558    0.088569    0.159159    5.617834 ^ g1785/X (sky130_fd_sc_hd__and2_1)
                                                         n1825 (net)
                      0.088569    0.000127    5.617961 ^ g1819/A (sky130_fd_sc_hd__and2_1)
     2    0.006252    0.075835    0.156368    5.774329 ^ g1819/X (sky130_fd_sc_hd__and2_1)
                                                         n1859 (net)
                      0.075835    0.000171    5.774500 ^ g1845/A (sky130_fd_sc_hd__and2_1)
     2    0.005052    0.065331    0.143180    5.917680 ^ g1845/X (sky130_fd_sc_hd__and2_1)
                                                         n1885 (net)
                      0.065331    0.000134    5.917813 ^ g1854/A1 (sky130_fd_sc_hd__a21o_1)
    22    0.047358    0.405364    0.384988    6.302802 ^ g1854/X (sky130_fd_sc_hd__a21o_1)
                                                         n1894 (net)
                      0.405372    0.001634    6.304436 ^ g2002/A (sky130_fd_sc_hd__inv_1)
    21    0.043140    0.238875    0.313200    6.617636 v g2002/Y (sky130_fd_sc_hd__inv_1)
                                                         n2042 (net)
                      0.238994    0.002970    6.620606 v g2069/B (sky130_fd_sc_hd__and2_1)
     1    0.011941    0.072806    0.294224    6.914831 v g2069/X (sky130_fd_sc_hd__and2_1)
                                                         zP[16] (net)
                      0.072806    0.000358    6.915189 v zP[16] (out)
                                              6.915189   data arrival time

                      0.000000   10.000000   10.000000   clock __VIRTUAL_CLK__ (rise edge)
                                  0.000000   10.000000   clock network delay (ideal)
                                  0.000000   10.000000   clock reconvergence pessimism
                                  0.000000   10.000000   output external delay
                                             10.000000   data required time
---------------------------------------------------------------------------------------------
                                             10.000000   data required time
                                             -6.915189   data arrival time
---------------------------------------------------------------------------------------------
                                              3.084811   slack (MET)


Startpoint: xN[3] (input port clocked by __VIRTUAL_CLK__)
Endpoint: zP[6] (output port clocked by __VIRTUAL_CLK__)
Path Group: __VIRTUAL_CLK__
Path Type: max

Fanout         Cap        Slew       Delay        Time   Description
---------------------------------------------------------------------------------------------
                      0.000000    0.000000    0.000000   clock __VIRTUAL_CLK__ (rise edge)
                                  0.000000    0.000000   clock network delay (ideal)
                                  0.000000    0.000000 ^ input external delay
    20    0.115344    0.518546    0.376867    0.376867 ^ xN[3] (in)
                                                         xN[3] (net)
                      0.518613    0.000000    0.376867 ^ g229/A (sky130_fd_sc_hd__and2_1)
     1    0.001930    0.048829    0.204211    0.581078 ^ g229/X (sky130_fd_sc_hd__and2_1)
                                                         n269 (net)
                      0.048829    0.000059    0.581137 ^ g232/B (sky130_fd_sc_hd__or2_1)
     2    0.008919    0.092656    0.135662    0.716799 ^ g232/X (sky130_fd_sc_hd__or2_1)
                                                         n272 (net)
                      0.092656    0.000325    0.717124 ^ g646/B (sky130_fd_sc_hd__xor2_1)
     2    0.008052    0.203712    0.227724    0.944848 ^ g646/X (sky130_fd_sc_hd__xor2_1)
                                                         n686 (net)
                      0.203712    0.000202    0.945051 ^ g649/A1 (sky130_fd_sc_hd__a21o_1)
     2    0.007438    0.075020    0.176656    1.121707 ^ g649/X (sky130_fd_sc_hd__a21o_1)
                                                         n689 (net)
                      0.075020    0.000238    1.121945 ^ g726/B (sky130_fd_sc_hd__xor2_1)
     2    0.007878    0.200590    0.221435    1.343380 ^ g726/X (sky130_fd_sc_hd__xor2_1)
                                                         n766 (net)
                      0.200590    0.000092    1.343472 ^ g729/A1 (sky130_fd_sc_hd__a21o_1)
     2    0.009265    0.089344    0.187710    1.531182 ^ g729/X (sky130_fd_sc_hd__a21o_1)
                                                         n769 (net)
                      0.089344    0.000328    1.531510 ^ g792/B (sky130_fd_sc_hd__xor2_1)
     2    0.007971    0.202273    0.225919    1.757429 ^ g792/X (sky130_fd_sc_hd__xor2_1)
                                                         n832 (net)
                      0.202273    0.000104    1.757533 ^ g794/A (sky130_fd_sc_hd__xor2_1)
     2    0.006919    0.183470    0.227482    1.985015 ^ g794/X (sky130_fd_sc_hd__xor2_1)
                                                         n834 (net)
                      0.183470    0.000126    1.985141 ^ g850/B (sky130_fd_sc_hd__xor2_1)
     2    0.007988    0.202557    0.241451    2.226592 ^ g850/X (sky130_fd_sc_hd__xor2_1)
                                                         n890 (net)
                      0.202557    0.000201    2.226792 ^ g852/A (sky130_fd_sc_hd__xor2_1)
     2    0.012626    0.287043    0.309037    2.535829 ^ g852/X (sky130_fd_sc_hd__xor2_1)
                                                         n892 (net)
                      0.287045    0.000565    2.536394 ^ g1165/B (sky130_fd_sc_hd__xor2_1)
     5    0.023820    0.492536    0.477105    3.013500 ^ g1165/X (sky130_fd_sc_hd__xor2_1)
                                                         n1205 (net)
                      0.492541    0.001381    3.014881 ^ g1212/A (sky130_fd_sc_hd__and2_1)
     4    0.008629    0.100828    0.252899    3.267780 ^ g1212/X (sky130_fd_sc_hd__and2_1)
                                                         n1252 (net)
                      0.100828    0.000111    3.267890 ^ g1261/A (sky130_fd_sc_hd__and2_1)
     4    0.011798    0.125692    0.199862    3.467752 ^ g1261/X (sky130_fd_sc_hd__and2_1)
                                                         n1301 (net)
                      0.125692    0.000500    3.468253 ^ g1316/B (sky130_fd_sc_hd__and2_1)
     3    0.007548    0.087378    0.178939    3.647192 ^ g1316/X (sky130_fd_sc_hd__and2_1)
                                                         n1356 (net)
                      0.087378    0.000182    3.647374 ^ g1347/A (sky130_fd_sc_hd__and2_1)
     3    0.008173    0.092795    0.169868    3.817242 ^ g1347/X (sky130_fd_sc_hd__and2_1)
                                                         n1387 (net)
                      0.092795    0.000066    3.817308 ^ g1353/A1 (sky130_fd_sc_hd__a21o_1)
     1    0.008085    0.081240    0.153773    3.971081 ^ g1353/X (sky130_fd_sc_hd__a21o_1)
                                                         n1393 (net)
                      0.081240    0.000338    3.971418 ^ g1374/B (sky130_fd_sc_hd__xor2_1)
     3    0.020986    0.186678    0.162090    4.133509 v g1374/X (sky130_fd_sc_hd__xor2_1)
                                                         n1414 (net)
                      0.186765    0.001717    4.135226 v g1700/A (sky130_fd_sc_hd__xnor2_1)
     8    0.054767    1.168417    1.022170    5.157395 ^ g1700/Y (sky130_fd_sc_hd__xnor2_1)
                                                         n1740 (net)
                      1.168417    0.001108    5.158503 ^ g1745/A (sky130_fd_sc_hd__and2_1)
     3    0.008201    0.106526    0.300024    5.458528 ^ g1745/X (sky130_fd_sc_hd__and2_1)
                                                         n1785 (net)
                      0.106526    0.000147    5.458674 ^ g1785/B (sky130_fd_sc_hd__and2_1)
     2    0.005558    0.088569    0.159159    5.617834 ^ g1785/X (sky130_fd_sc_hd__and2_1)
                                                         n1825 (net)
                      0.088569    0.000127    5.617961 ^ g1819/A (sky130_fd_sc_hd__and2_1)
     2    0.006252    0.075835    0.156368    5.774329 ^ g1819/X (sky130_fd_sc_hd__and2_1)
                                                         n1859 (net)
                      0.075835    0.000171    5.774500 ^ g1845/A (sky130_fd_sc_hd__and2_1)
     2    0.005052    0.065331    0.143180    5.917680 ^ g1845/X (sky130_fd_sc_hd__and2_1)
                                                         n1885 (net)
                      0.065331    0.000134    5.917813 ^ g1854/A1 (sky130_fd_sc_hd__a21o_1)
    22    0.047358    0.405364    0.384988    6.302802 ^ g1854/X (sky130_fd_sc_hd__a21o_1)
                                                         n1894 (net)
                      0.405372    0.001634    6.304436 ^ g2002/A (sky130_fd_sc_hd__inv_1)
    21    0.043140    0.238875    0.313200    6.617636 v g2002/Y (sky130_fd_sc_hd__inv_1)
                                                         n2042 (net)
                      0.238984    0.002650    6.620287 v g2029/B (sky130_fd_sc_hd__and2_1)
     1    0.011977    0.072960    0.294353    6.914639 v g2029/X (sky130_fd_sc_hd__and2_1)
                                                         zP[6] (net)
                      0.072960    0.000353    6.914992 v zP[6] (out)
                                              6.914992   data arrival time

                      0.000000   10.000000   10.000000   clock __VIRTUAL_CLK__ (rise edge)
                                  0.000000   10.000000   clock network delay (ideal)
                                  0.000000   10.000000   clock reconvergence pessimism
                                  0.000000   10.000000   output external delay
                                             10.000000   data required time
---------------------------------------------------------------------------------------------
                                             10.000000   data required time
                                             -6.914992   data arrival time
---------------------------------------------------------------------------------------------
                                              3.085008   slack (MET)


Startpoint: xN[3] (input port clocked by __VIRTUAL_CLK__)
Endpoint: zP[18] (output port clocked by __VIRTUAL_CLK__)
Path Group: __VIRTUAL_CLK__
Path Type: max

Fanout         Cap        Slew       Delay        Time   Description
---------------------------------------------------------------------------------------------
                      0.000000    0.000000    0.000000   clock __VIRTUAL_CLK__ (rise edge)
                                  0.000000    0.000000   clock network delay (ideal)
                                  0.000000    0.000000 ^ input external delay
    20    0.115344    0.518546    0.376867    0.376867 ^ xN[3] (in)
                                                         xN[3] (net)
                      0.518613    0.000000    0.376867 ^ g229/A (sky130_fd_sc_hd__and2_1)
     1    0.001930    0.048829    0.204211    0.581078 ^ g229/X (sky130_fd_sc_hd__and2_1)
                                                         n269 (net)
                      0.048829    0.000059    0.581137 ^ g232/B (sky130_fd_sc_hd__or2_1)
     2    0.008919    0.092656    0.135662    0.716799 ^ g232/X (sky130_fd_sc_hd__or2_1)
                                                         n272 (net)
                      0.092656    0.000325    0.717124 ^ g646/B (sky130_fd_sc_hd__xor2_1)
     2    0.008052    0.203712    0.227724    0.944848 ^ g646/X (sky130_fd_sc_hd__xor2_1)
                                                         n686 (net)
                      0.203712    0.000202    0.945051 ^ g649/A1 (sky130_fd_sc_hd__a21o_1)
     2    0.007438    0.075020    0.176656    1.121707 ^ g649/X (sky130_fd_sc_hd__a21o_1)
                                                         n689 (net)
                      0.075020    0.000238    1.121945 ^ g726/B (sky130_fd_sc_hd__xor2_1)
     2    0.007878    0.200590    0.221435    1.343380 ^ g726/X (sky130_fd_sc_hd__xor2_1)
                                                         n766 (net)
                      0.200590    0.000092    1.343472 ^ g729/A1 (sky130_fd_sc_hd__a21o_1)
     2    0.009265    0.089344    0.187710    1.531182 ^ g729/X (sky130_fd_sc_hd__a21o_1)
                                                         n769 (net)
                      0.089344    0.000328    1.531510 ^ g792/B (sky130_fd_sc_hd__xor2_1)
     2    0.007971    0.202273    0.225919    1.757429 ^ g792/X (sky130_fd_sc_hd__xor2_1)
                                                         n832 (net)
                      0.202273    0.000104    1.757533 ^ g794/A (sky130_fd_sc_hd__xor2_1)
     2    0.006919    0.183470    0.227482    1.985015 ^ g794/X (sky130_fd_sc_hd__xor2_1)
                                                         n834 (net)
                      0.183470    0.000126    1.985141 ^ g850/B (sky130_fd_sc_hd__xor2_1)
     2    0.007988    0.202557    0.241451    2.226592 ^ g850/X (sky130_fd_sc_hd__xor2_1)
                                                         n890 (net)
                      0.202557    0.000201    2.226792 ^ g852/A (sky130_fd_sc_hd__xor2_1)
     2    0.012626    0.287043    0.309037    2.535829 ^ g852/X (sky130_fd_sc_hd__xor2_1)
                                                         n892 (net)
                      0.287045    0.000565    2.536394 ^ g1165/B (sky130_fd_sc_hd__xor2_1)
     5    0.023820    0.492536    0.477105    3.013500 ^ g1165/X (sky130_fd_sc_hd__xor2_1)
                                                         n1205 (net)
                      0.492541    0.001381    3.014881 ^ g1212/A (sky130_fd_sc_hd__and2_1)
     4    0.008629    0.100828    0.252899    3.267780 ^ g1212/X (sky130_fd_sc_hd__and2_1)
                                                         n1252 (net)
                      0.100828    0.000111    3.267890 ^ g1261/A (sky130_fd_sc_hd__and2_1)
     4    0.011798    0.125692    0.199862    3.467752 ^ g1261/X (sky130_fd_sc_hd__and2_1)
                                                         n1301 (net)
                      0.125692    0.000500    3.468253 ^ g1316/B (sky130_fd_sc_hd__and2_1)
     3    0.007548    0.087378    0.178939    3.647192 ^ g1316/X (sky130_fd_sc_hd__and2_1)
                                                         n1356 (net)
                      0.087378    0.000182    3.647374 ^ g1347/A (sky130_fd_sc_hd__and2_1)
     3    0.008173    0.092795    0.169868    3.817242 ^ g1347/X (sky130_fd_sc_hd__and2_1)
                                                         n1387 (net)
                      0.092795    0.000066    3.817308 ^ g1353/A1 (sky130_fd_sc_hd__a21o_1)
     1    0.008085    0.081240    0.153773    3.971081 ^ g1353/X (sky130_fd_sc_hd__a21o_1)
                                                         n1393 (net)
                      0.081240    0.000338    3.971418 ^ g1374/B (sky130_fd_sc_hd__xor2_1)
     3    0.020986    0.186678    0.162090    4.133509 v g1374/X (sky130_fd_sc_hd__xor2_1)
                                                         n1414 (net)
                      0.186765    0.001717    4.135226 v g1700/A (sky130_fd_sc_hd__xnor2_1)
     8    0.054767    1.168417    1.022170    5.157395 ^ g1700/Y (sky130_fd_sc_hd__xnor2_1)
                                                         n1740 (net)
                      1.168417    0.001108    5.158503 ^ g1745/A (sky130_fd_sc_hd__and2_1)
     3    0.008201    0.106526    0.300024    5.458528 ^ g1745/X (sky130_fd_sc_hd__and2_1)
                                                         n1785 (net)
                      0.106526    0.000147    5.458674 ^ g1785/B (sky130_fd_sc_hd__and2_1)
     2    0.005558    0.088569    0.159159    5.617834 ^ g1785/X (sky130_fd_sc_hd__and2_1)
                                                         n1825 (net)
                      0.088569    0.000127    5.617961 ^ g1819/A (sky130_fd_sc_hd__and2_1)
     2    0.006252    0.075835    0.156368    5.774329 ^ g1819/X (sky130_fd_sc_hd__and2_1)
                                                         n1859 (net)
                      0.075835    0.000171    5.774500 ^ g1845/A (sky130_fd_sc_hd__and2_1)
     2    0.005052    0.065331    0.143180    5.917680 ^ g1845/X (sky130_fd_sc_hd__and2_1)
                                                         n1885 (net)
                      0.065331    0.000134    5.917813 ^ g1854/A1 (sky130_fd_sc_hd__a21o_1)
    22    0.047358    0.405364    0.384988    6.302802 ^ g1854/X (sky130_fd_sc_hd__a21o_1)
                                                         n1894 (net)
                      0.405372    0.001634    6.304436 ^ g2002/A (sky130_fd_sc_hd__inv_1)
    21    0.043140    0.238875    0.313200    6.617636 v g2002/Y (sky130_fd_sc_hd__inv_1)
                                                         n2042 (net)
                      0.238993    0.002957    6.620594 v g2077/B (sky130_fd_sc_hd__and2_1)
     1    0.011858    0.072459    0.293911    6.914504 v g2077/X (sky130_fd_sc_hd__and2_1)
                                                         zP[18] (net)
                      0.072459    0.000347    6.914851 v zP[18] (out)
                                              6.914851   data arrival time

                      0.000000   10.000000   10.000000   clock __VIRTUAL_CLK__ (rise edge)
                                  0.000000   10.000000   clock network delay (ideal)
                                  0.000000   10.000000   clock reconvergence pessimism
                                  0.000000   10.000000   output external delay
                                             10.000000   data required time
---------------------------------------------------------------------------------------------
                                             10.000000   data required time
                                             -6.914851   data arrival time
---------------------------------------------------------------------------------------------
                                              3.085149   slack (MET)


Startpoint: xN[3] (input port clocked by __VIRTUAL_CLK__)
Endpoint: zP[12] (output port clocked by __VIRTUAL_CLK__)
Path Group: __VIRTUAL_CLK__
Path Type: max

Fanout         Cap        Slew       Delay        Time   Description
---------------------------------------------------------------------------------------------
                      0.000000    0.000000    0.000000   clock __VIRTUAL_CLK__ (rise edge)
                                  0.000000    0.000000   clock network delay (ideal)
                                  0.000000    0.000000 ^ input external delay
    20    0.115344    0.518546    0.376867    0.376867 ^ xN[3] (in)
                                                         xN[3] (net)
                      0.518613    0.000000    0.376867 ^ g229/A (sky130_fd_sc_hd__and2_1)
     1    0.001930    0.048829    0.204211    0.581078 ^ g229/X (sky130_fd_sc_hd__and2_1)
                                                         n269 (net)
                      0.048829    0.000059    0.581137 ^ g232/B (sky130_fd_sc_hd__or2_1)
     2    0.008919    0.092656    0.135662    0.716799 ^ g232/X (sky130_fd_sc_hd__or2_1)
                                                         n272 (net)
                      0.092656    0.000325    0.717124 ^ g646/B (sky130_fd_sc_hd__xor2_1)
     2    0.008052    0.203712    0.227724    0.944848 ^ g646/X (sky130_fd_sc_hd__xor2_1)
                                                         n686 (net)
                      0.203712    0.000202    0.945051 ^ g649/A1 (sky130_fd_sc_hd__a21o_1)
     2    0.007438    0.075020    0.176656    1.121707 ^ g649/X (sky130_fd_sc_hd__a21o_1)
                                                         n689 (net)
                      0.075020    0.000238    1.121945 ^ g726/B (sky130_fd_sc_hd__xor2_1)
     2    0.007878    0.200590    0.221435    1.343380 ^ g726/X (sky130_fd_sc_hd__xor2_1)
                                                         n766 (net)
                      0.200590    0.000092    1.343472 ^ g729/A1 (sky130_fd_sc_hd__a21o_1)
     2    0.009265    0.089344    0.187710    1.531182 ^ g729/X (sky130_fd_sc_hd__a21o_1)
                                                         n769 (net)
                      0.089344    0.000328    1.531510 ^ g792/B (sky130_fd_sc_hd__xor2_1)
     2    0.007971    0.202273    0.225919    1.757429 ^ g792/X (sky130_fd_sc_hd__xor2_1)
                                                         n832 (net)
                      0.202273    0.000104    1.757533 ^ g794/A (sky130_fd_sc_hd__xor2_1)
     2    0.006919    0.183470    0.227482    1.985015 ^ g794/X (sky130_fd_sc_hd__xor2_1)
                                                         n834 (net)
                      0.183470    0.000126    1.985141 ^ g850/B (sky130_fd_sc_hd__xor2_1)
     2    0.007988    0.202557    0.241451    2.226592 ^ g850/X (sky130_fd_sc_hd__xor2_1)
                                                         n890 (net)
                      0.202557    0.000201    2.226792 ^ g852/A (sky130_fd_sc_hd__xor2_1)
     2    0.012626    0.287043    0.309037    2.535829 ^ g852/X (sky130_fd_sc_hd__xor2_1)
                                                         n892 (net)
                      0.287045    0.000565    2.536394 ^ g1165/B (sky130_fd_sc_hd__xor2_1)
     5    0.023820    0.492536    0.477105    3.013500 ^ g1165/X (sky130_fd_sc_hd__xor2_1)
                                                         n1205 (net)
                      0.492541    0.001381    3.014881 ^ g1212/A (sky130_fd_sc_hd__and2_1)
     4    0.008629    0.100828    0.252899    3.267780 ^ g1212/X (sky130_fd_sc_hd__and2_1)
                                                         n1252 (net)
                      0.100828    0.000111    3.267890 ^ g1261/A (sky130_fd_sc_hd__and2_1)
     4    0.011798    0.125692    0.199862    3.467752 ^ g1261/X (sky130_fd_sc_hd__and2_1)
                                                         n1301 (net)
                      0.125692    0.000500    3.468253 ^ g1316/B (sky130_fd_sc_hd__and2_1)
     3    0.007548    0.087378    0.178939    3.647192 ^ g1316/X (sky130_fd_sc_hd__and2_1)
                                                         n1356 (net)
                      0.087378    0.000182    3.647374 ^ g1347/A (sky130_fd_sc_hd__and2_1)
     3    0.008173    0.092795    0.169868    3.817242 ^ g1347/X (sky130_fd_sc_hd__and2_1)
                                                         n1387 (net)
                      0.092795    0.000066    3.817308 ^ g1353/A1 (sky130_fd_sc_hd__a21o_1)
     1    0.008085    0.081240    0.153773    3.971081 ^ g1353/X (sky130_fd_sc_hd__a21o_1)
                                                         n1393 (net)
                      0.081240    0.000338    3.971418 ^ g1374/B (sky130_fd_sc_hd__xor2_1)
     3    0.020986    0.186678    0.162090    4.133509 v g1374/X (sky130_fd_sc_hd__xor2_1)
                                                         n1414 (net)
                      0.186765    0.001717    4.135226 v g1700/A (sky130_fd_sc_hd__xnor2_1)
     8    0.054767    1.168417    1.022170    5.157395 ^ g1700/Y (sky130_fd_sc_hd__xnor2_1)
                                                         n1740 (net)
                      1.168417    0.001108    5.158503 ^ g1745/A (sky130_fd_sc_hd__and2_1)
     3    0.008201    0.106526    0.300024    5.458528 ^ g1745/X (sky130_fd_sc_hd__and2_1)
                                                         n1785 (net)
                      0.106526    0.000147    5.458674 ^ g1785/B (sky130_fd_sc_hd__and2_1)
     2    0.005558    0.088569    0.159159    5.617834 ^ g1785/X (sky130_fd_sc_hd__and2_1)
                                                         n1825 (net)
                      0.088569    0.000127    5.617961 ^ g1819/A (sky130_fd_sc_hd__and2_1)
     2    0.006252    0.075835    0.156368    5.774329 ^ g1819/X (sky130_fd_sc_hd__and2_1)
                                                         n1859 (net)
                      0.075835    0.000171    5.774500 ^ g1845/A (sky130_fd_sc_hd__and2_1)
     2    0.005052    0.065331    0.143180    5.917680 ^ g1845/X (sky130_fd_sc_hd__and2_1)
                                                         n1885 (net)
                      0.065331    0.000134    5.917813 ^ g1854/A1 (sky130_fd_sc_hd__a21o_1)
    22    0.047358    0.405364    0.384988    6.302802 ^ g1854/X (sky130_fd_sc_hd__a21o_1)
                                                         n1894 (net)
                      0.405372    0.001634    6.304436 ^ g2002/A (sky130_fd_sc_hd__inv_1)
    21    0.043140    0.238875    0.313200    6.617636 v g2002/Y (sky130_fd_sc_hd__inv_1)
                                                         n2042 (net)
                      0.238994    0.002995    6.620632 v g2053/B (sky130_fd_sc_hd__and2_1)
     1    0.011746    0.071991    0.293481    6.914113 v g2053/X (sky130_fd_sc_hd__and2_1)
                                                         zP[12] (net)
                      0.071991    0.000340    6.914453 v zP[12] (out)
                                              6.914453   data arrival time

                      0.000000   10.000000   10.000000   clock __VIRTUAL_CLK__ (rise edge)
                                  0.000000   10.000000   clock network delay (ideal)
                                  0.000000   10.000000   clock reconvergence pessimism
                                  0.000000   10.000000   output external delay
                                             10.000000   data required time
---------------------------------------------------------------------------------------------
                                             10.000000   data required time
                                             -6.914453   data arrival time
---------------------------------------------------------------------------------------------
                                              3.085548   slack (MET)


Startpoint: xN[3] (input port clocked by __VIRTUAL_CLK__)
Endpoint: zP[20] (output port clocked by __VIRTUAL_CLK__)
Path Group: __VIRTUAL_CLK__
Path Type: max

Fanout         Cap        Slew       Delay        Time   Description
---------------------------------------------------------------------------------------------
                      0.000000    0.000000    0.000000   clock __VIRTUAL_CLK__ (rise edge)
                                  0.000000    0.000000   clock network delay (ideal)
                                  0.000000    0.000000 ^ input external delay
    20    0.115344    0.518546    0.376867    0.376867 ^ xN[3] (in)
                                                         xN[3] (net)
                      0.518613    0.000000    0.376867 ^ g229/A (sky130_fd_sc_hd__and2_1)
     1    0.001930    0.048829    0.204211    0.581078 ^ g229/X (sky130_fd_sc_hd__and2_1)
                                                         n269 (net)
                      0.048829    0.000059    0.581137 ^ g232/B (sky130_fd_sc_hd__or2_1)
     2    0.008919    0.092656    0.135662    0.716799 ^ g232/X (sky130_fd_sc_hd__or2_1)
                                                         n272 (net)
                      0.092656    0.000325    0.717124 ^ g646/B (sky130_fd_sc_hd__xor2_1)
     2    0.008052    0.203712    0.227724    0.944848 ^ g646/X (sky130_fd_sc_hd__xor2_1)
                                                         n686 (net)
                      0.203712    0.000202    0.945051 ^ g649/A1 (sky130_fd_sc_hd__a21o_1)
     2    0.007438    0.075020    0.176656    1.121707 ^ g649/X (sky130_fd_sc_hd__a21o_1)
                                                         n689 (net)
                      0.075020    0.000238    1.121945 ^ g726/B (sky130_fd_sc_hd__xor2_1)
     2    0.007878    0.200590    0.221435    1.343380 ^ g726/X (sky130_fd_sc_hd__xor2_1)
                                                         n766 (net)
                      0.200590    0.000092    1.343472 ^ g729/A1 (sky130_fd_sc_hd__a21o_1)
     2    0.009265    0.089344    0.187710    1.531182 ^ g729/X (sky130_fd_sc_hd__a21o_1)
                                                         n769 (net)
                      0.089344    0.000328    1.531510 ^ g792/B (sky130_fd_sc_hd__xor2_1)
     2    0.007971    0.202273    0.225919    1.757429 ^ g792/X (sky130_fd_sc_hd__xor2_1)
                                                         n832 (net)
                      0.202273    0.000104    1.757533 ^ g794/A (sky130_fd_sc_hd__xor2_1)
     2    0.006919    0.183470    0.227482    1.985015 ^ g794/X (sky130_fd_sc_hd__xor2_1)
                                                         n834 (net)
                      0.183470    0.000126    1.985141 ^ g850/B (sky130_fd_sc_hd__xor2_1)
     2    0.007988    0.202557    0.241451    2.226592 ^ g850/X (sky130_fd_sc_hd__xor2_1)
                                                         n890 (net)
                      0.202557    0.000201    2.226792 ^ g852/A (sky130_fd_sc_hd__xor2_1)
     2    0.012626    0.287043    0.309037    2.535829 ^ g852/X (sky130_fd_sc_hd__xor2_1)
                                                         n892 (net)
                      0.287045    0.000565    2.536394 ^ g1165/B (sky130_fd_sc_hd__xor2_1)
     5    0.023820    0.492536    0.477105    3.013500 ^ g1165/X (sky130_fd_sc_hd__xor2_1)
                                                         n1205 (net)
                      0.492541    0.001381    3.014881 ^ g1212/A (sky130_fd_sc_hd__and2_1)
     4    0.008629    0.100828    0.252899    3.267780 ^ g1212/X (sky130_fd_sc_hd__and2_1)
                                                         n1252 (net)
                      0.100828    0.000111    3.267890 ^ g1261/A (sky130_fd_sc_hd__and2_1)
     4    0.011798    0.125692    0.199862    3.467752 ^ g1261/X (sky130_fd_sc_hd__and2_1)
                                                         n1301 (net)
                      0.125692    0.000500    3.468253 ^ g1316/B (sky130_fd_sc_hd__and2_1)
     3    0.007548    0.087378    0.178939    3.647192 ^ g1316/X (sky130_fd_sc_hd__and2_1)
                                                         n1356 (net)
                      0.087378    0.000182    3.647374 ^ g1347/A (sky130_fd_sc_hd__and2_1)
     3    0.008173    0.092795    0.169868    3.817242 ^ g1347/X (sky130_fd_sc_hd__and2_1)
                                                         n1387 (net)
                      0.092795    0.000066    3.817308 ^ g1353/A1 (sky130_fd_sc_hd__a21o_1)
     1    0.008085    0.081240    0.153773    3.971081 ^ g1353/X (sky130_fd_sc_hd__a21o_1)
                                                         n1393 (net)
                      0.081240    0.000338    3.971418 ^ g1374/B (sky130_fd_sc_hd__xor2_1)
     3    0.020986    0.186678    0.162090    4.133509 v g1374/X (sky130_fd_sc_hd__xor2_1)
                                                         n1414 (net)
                      0.186765    0.001717    4.135226 v g1700/A (sky130_fd_sc_hd__xnor2_1)
     8    0.054767    1.168417    1.022170    5.157395 ^ g1700/Y (sky130_fd_sc_hd__xnor2_1)
                                                         n1740 (net)
                      1.168417    0.001108    5.158503 ^ g1745/A (sky130_fd_sc_hd__and2_1)
     3    0.008201    0.106526    0.300024    5.458528 ^ g1745/X (sky130_fd_sc_hd__and2_1)
                                                         n1785 (net)
                      0.106526    0.000147    5.458674 ^ g1785/B (sky130_fd_sc_hd__and2_1)
     2    0.005558    0.088569    0.159159    5.617834 ^ g1785/X (sky130_fd_sc_hd__and2_1)
                                                         n1825 (net)
                      0.088569    0.000127    5.617961 ^ g1819/A (sky130_fd_sc_hd__and2_1)
     2    0.006252    0.075835    0.156368    5.774329 ^ g1819/X (sky130_fd_sc_hd__and2_1)
                                                         n1859 (net)
                      0.075835    0.000171    5.774500 ^ g1845/A (sky130_fd_sc_hd__and2_1)
     2    0.005052    0.065331    0.143180    5.917680 ^ g1845/X (sky130_fd_sc_hd__and2_1)
                                                         n1885 (net)
                      0.065331    0.000134    5.917813 ^ g1854/A1 (sky130_fd_sc_hd__a21o_1)
    22    0.047358    0.405364    0.384988    6.302802 ^ g1854/X (sky130_fd_sc_hd__a21o_1)
                                                         n1894 (net)
                      0.405372    0.001634    6.304436 ^ g2002/A (sky130_fd_sc_hd__inv_1)
    21    0.043140    0.238875    0.313200    6.617636 v g2002/Y (sky130_fd_sc_hd__inv_1)
                                                         n2042 (net)
                      0.238995    0.003001    6.620637 v g2083/B (sky130_fd_sc_hd__and2_1)
     1    0.011666    0.071656    0.293173    6.913811 v g2083/X (sky130_fd_sc_hd__and2_1)
                                                         zP[20] (net)
                      0.071656    0.000334    6.914144 v zP[20] (out)
                                              6.914144   data arrival time

                      0.000000   10.000000   10.000000   clock __VIRTUAL_CLK__ (rise edge)
                                  0.000000   10.000000   clock network delay (ideal)
                                  0.000000   10.000000   clock reconvergence pessimism
                                  0.000000   10.000000   output external delay
                                             10.000000   data required time
---------------------------------------------------------------------------------------------
                                             10.000000   data required time
                                             -6.914144   data arrival time
---------------------------------------------------------------------------------------------
                                              3.085856   slack (MET)


Startpoint: xN[3] (input port clocked by __VIRTUAL_CLK__)
Endpoint: zP[11] (output port clocked by __VIRTUAL_CLK__)
Path Group: __VIRTUAL_CLK__
Path Type: max

Fanout         Cap        Slew       Delay        Time   Description
---------------------------------------------------------------------------------------------
                      0.000000    0.000000    0.000000   clock __VIRTUAL_CLK__ (rise edge)
                                  0.000000    0.000000   clock network delay (ideal)
                                  0.000000    0.000000 ^ input external delay
    20    0.115344    0.518546    0.376867    0.376867 ^ xN[3] (in)
                                                         xN[3] (net)
                      0.518613    0.000000    0.376867 ^ g229/A (sky130_fd_sc_hd__and2_1)
     1    0.001930    0.048829    0.204211    0.581078 ^ g229/X (sky130_fd_sc_hd__and2_1)
                                                         n269 (net)
                      0.048829    0.000059    0.581137 ^ g232/B (sky130_fd_sc_hd__or2_1)
     2    0.008919    0.092656    0.135662    0.716799 ^ g232/X (sky130_fd_sc_hd__or2_1)
                                                         n272 (net)
                      0.092656    0.000325    0.717124 ^ g646/B (sky130_fd_sc_hd__xor2_1)
     2    0.008052    0.203712    0.227724    0.944848 ^ g646/X (sky130_fd_sc_hd__xor2_1)
                                                         n686 (net)
                      0.203712    0.000202    0.945051 ^ g649/A1 (sky130_fd_sc_hd__a21o_1)
     2    0.007438    0.075020    0.176656    1.121707 ^ g649/X (sky130_fd_sc_hd__a21o_1)
                                                         n689 (net)
                      0.075020    0.000238    1.121945 ^ g726/B (sky130_fd_sc_hd__xor2_1)
     2    0.007878    0.200590    0.221435    1.343380 ^ g726/X (sky130_fd_sc_hd__xor2_1)
                                                         n766 (net)
                      0.200590    0.000092    1.343472 ^ g729/A1 (sky130_fd_sc_hd__a21o_1)
     2    0.009265    0.089344    0.187710    1.531182 ^ g729/X (sky130_fd_sc_hd__a21o_1)
                                                         n769 (net)
                      0.089344    0.000328    1.531510 ^ g792/B (sky130_fd_sc_hd__xor2_1)
     2    0.007971    0.202273    0.225919    1.757429 ^ g792/X (sky130_fd_sc_hd__xor2_1)
                                                         n832 (net)
                      0.202273    0.000104    1.757533 ^ g794/A (sky130_fd_sc_hd__xor2_1)
     2    0.006919    0.183470    0.227482    1.985015 ^ g794/X (sky130_fd_sc_hd__xor2_1)
                                                         n834 (net)
                      0.183470    0.000126    1.985141 ^ g850/B (sky130_fd_sc_hd__xor2_1)
     2    0.007988    0.202557    0.241451    2.226592 ^ g850/X (sky130_fd_sc_hd__xor2_1)
                                                         n890 (net)
                      0.202557    0.000201    2.226792 ^ g852/A (sky130_fd_sc_hd__xor2_1)
     2    0.012626    0.287043    0.309037    2.535829 ^ g852/X (sky130_fd_sc_hd__xor2_1)
                                                         n892 (net)
                      0.287045    0.000565    2.536394 ^ g1165/B (sky130_fd_sc_hd__xor2_1)
     5    0.023820    0.492536    0.477105    3.013500 ^ g1165/X (sky130_fd_sc_hd__xor2_1)
                                                         n1205 (net)
                      0.492541    0.001381    3.014881 ^ g1212/A (sky130_fd_sc_hd__and2_1)
     4    0.008629    0.100828    0.252899    3.267780 ^ g1212/X (sky130_fd_sc_hd__and2_1)
                                                         n1252 (net)
                      0.100828    0.000111    3.267890 ^ g1261/A (sky130_fd_sc_hd__and2_1)
     4    0.011798    0.125692    0.199862    3.467752 ^ g1261/X (sky130_fd_sc_hd__and2_1)
                                                         n1301 (net)
                      0.125692    0.000500    3.468253 ^ g1316/B (sky130_fd_sc_hd__and2_1)
     3    0.007548    0.087378    0.178939    3.647192 ^ g1316/X (sky130_fd_sc_hd__and2_1)
                                                         n1356 (net)
                      0.087378    0.000182    3.647374 ^ g1347/A (sky130_fd_sc_hd__and2_1)
     3    0.008173    0.092795    0.169868    3.817242 ^ g1347/X (sky130_fd_sc_hd__and2_1)
                                                         n1387 (net)
                      0.092795    0.000066    3.817308 ^ g1353/A1 (sky130_fd_sc_hd__a21o_1)
     1    0.008085    0.081240    0.153773    3.971081 ^ g1353/X (sky130_fd_sc_hd__a21o_1)
                                                         n1393 (net)
                      0.081240    0.000338    3.971418 ^ g1374/B (sky130_fd_sc_hd__xor2_1)
     3    0.020986    0.186678    0.162090    4.133509 v g1374/X (sky130_fd_sc_hd__xor2_1)
                                                         n1414 (net)
                      0.186765    0.001717    4.135226 v g1700/A (sky130_fd_sc_hd__xnor2_1)
     8    0.054767    1.168417    1.022170    5.157395 ^ g1700/Y (sky130_fd_sc_hd__xnor2_1)
                                                         n1740 (net)
                      1.168417    0.001108    5.158503 ^ g1745/A (sky130_fd_sc_hd__and2_1)
     3    0.008201    0.106526    0.300024    5.458528 ^ g1745/X (sky130_fd_sc_hd__and2_1)
                                                         n1785 (net)
                      0.106526    0.000147    5.458674 ^ g1785/B (sky130_fd_sc_hd__and2_1)
     2    0.005558    0.088569    0.159159    5.617834 ^ g1785/X (sky130_fd_sc_hd__and2_1)
                                                         n1825 (net)
                      0.088569    0.000127    5.617961 ^ g1819/A (sky130_fd_sc_hd__and2_1)
     2    0.006252    0.075835    0.156368    5.774329 ^ g1819/X (sky130_fd_sc_hd__and2_1)
                                                         n1859 (net)
                      0.075835    0.000171    5.774500 ^ g1845/A (sky130_fd_sc_hd__and2_1)
     2    0.005052    0.065331    0.143180    5.917680 ^ g1845/X (sky130_fd_sc_hd__and2_1)
                                                         n1885 (net)
                      0.065331    0.000134    5.917813 ^ g1854/A1 (sky130_fd_sc_hd__a21o_1)
    22    0.047358    0.405364    0.384988    6.302802 ^ g1854/X (sky130_fd_sc_hd__a21o_1)
                                                         n1894 (net)
                      0.405372    0.001634    6.304436 ^ g2002/A (sky130_fd_sc_hd__inv_1)
    21    0.043140    0.238875    0.313200    6.617636 v g2002/Y (sky130_fd_sc_hd__inv_1)
                                                         n2042 (net)
                      0.238977    0.002427    6.620064 v g2049/B (sky130_fd_sc_hd__and2_1)
     1    0.011787    0.072164    0.293621    6.913685 v g2049/X (sky130_fd_sc_hd__and2_1)
                                                         zP[11] (net)
                      0.072165    0.000357    6.914042 v zP[11] (out)
                                              6.914042   data arrival time

                      0.000000   10.000000   10.000000   clock __VIRTUAL_CLK__ (rise edge)
                                  0.000000   10.000000   clock network delay (ideal)
                                  0.000000   10.000000   clock reconvergence pessimism
                                  0.000000   10.000000   output external delay
                                             10.000000   data required time
---------------------------------------------------------------------------------------------
                                             10.000000   data required time
                                             -6.914042   data arrival time
---------------------------------------------------------------------------------------------
                                              3.085958   slack (MET)


Startpoint: xN[3] (input port clocked by __VIRTUAL_CLK__)
Endpoint: zP[15] (output port clocked by __VIRTUAL_CLK__)
Path Group: __VIRTUAL_CLK__
Path Type: max

Fanout         Cap        Slew       Delay        Time   Description
---------------------------------------------------------------------------------------------
                      0.000000    0.000000    0.000000   clock __VIRTUAL_CLK__ (rise edge)
                                  0.000000    0.000000   clock network delay (ideal)
                                  0.000000    0.000000 ^ input external delay
    20    0.115344    0.518546    0.376867    0.376867 ^ xN[3] (in)
                                                         xN[3] (net)
                      0.518613    0.000000    0.376867 ^ g229/A (sky130_fd_sc_hd__and2_1)
     1    0.001930    0.048829    0.204211    0.581078 ^ g229/X (sky130_fd_sc_hd__and2_1)
                                                         n269 (net)
                      0.048829    0.000059    0.581137 ^ g232/B (sky130_fd_sc_hd__or2_1)
     2    0.008919    0.092656    0.135662    0.716799 ^ g232/X (sky130_fd_sc_hd__or2_1)
                                                         n272 (net)
                      0.092656    0.000325    0.717124 ^ g646/B (sky130_fd_sc_hd__xor2_1)
     2    0.008052    0.203712    0.227724    0.944848 ^ g646/X (sky130_fd_sc_hd__xor2_1)
                                                         n686 (net)
                      0.203712    0.000202    0.945051 ^ g649/A1 (sky130_fd_sc_hd__a21o_1)
     2    0.007438    0.075020    0.176656    1.121707 ^ g649/X (sky130_fd_sc_hd__a21o_1)
                                                         n689 (net)
                      0.075020    0.000238    1.121945 ^ g726/B (sky130_fd_sc_hd__xor2_1)
     2    0.007878    0.200590    0.221435    1.343380 ^ g726/X (sky130_fd_sc_hd__xor2_1)
                                                         n766 (net)
                      0.200590    0.000092    1.343472 ^ g729/A1 (sky130_fd_sc_hd__a21o_1)
     2    0.009265    0.089344    0.187710    1.531182 ^ g729/X (sky130_fd_sc_hd__a21o_1)
                                                         n769 (net)
                      0.089344    0.000328    1.531510 ^ g792/B (sky130_fd_sc_hd__xor2_1)
     2    0.007971    0.202273    0.225919    1.757429 ^ g792/X (sky130_fd_sc_hd__xor2_1)
                                                         n832 (net)
                      0.202273    0.000104    1.757533 ^ g794/A (sky130_fd_sc_hd__xor2_1)
     2    0.006919    0.183470    0.227482    1.985015 ^ g794/X (sky130_fd_sc_hd__xor2_1)
                                                         n834 (net)
                      0.183470    0.000126    1.985141 ^ g850/B (sky130_fd_sc_hd__xor2_1)
     2    0.007988    0.202557    0.241451    2.226592 ^ g850/X (sky130_fd_sc_hd__xor2_1)
                                                         n890 (net)
                      0.202557    0.000201    2.226792 ^ g852/A (sky130_fd_sc_hd__xor2_1)
     2    0.012626    0.287043    0.309037    2.535829 ^ g852/X (sky130_fd_sc_hd__xor2_1)
                                                         n892 (net)
                      0.287045    0.000565    2.536394 ^ g1165/B (sky130_fd_sc_hd__xor2_1)
     5    0.023820    0.492536    0.477105    3.013500 ^ g1165/X (sky130_fd_sc_hd__xor2_1)
                                                         n1205 (net)
                      0.492541    0.001381    3.014881 ^ g1212/A (sky130_fd_sc_hd__and2_1)
     4    0.008629    0.100828    0.252899    3.267780 ^ g1212/X (sky130_fd_sc_hd__and2_1)
                                                         n1252 (net)
                      0.100828    0.000111    3.267890 ^ g1261/A (sky130_fd_sc_hd__and2_1)
     4    0.011798    0.125692    0.199862    3.467752 ^ g1261/X (sky130_fd_sc_hd__and2_1)
                                                         n1301 (net)
                      0.125692    0.000500    3.468253 ^ g1316/B (sky130_fd_sc_hd__and2_1)
     3    0.007548    0.087378    0.178939    3.647192 ^ g1316/X (sky130_fd_sc_hd__and2_1)
                                                         n1356 (net)
                      0.087378    0.000182    3.647374 ^ g1347/A (sky130_fd_sc_hd__and2_1)
     3    0.008173    0.092795    0.169868    3.817242 ^ g1347/X (sky130_fd_sc_hd__and2_1)
                                                         n1387 (net)
                      0.092795    0.000066    3.817308 ^ g1353/A1 (sky130_fd_sc_hd__a21o_1)
     1    0.008085    0.081240    0.153773    3.971081 ^ g1353/X (sky130_fd_sc_hd__a21o_1)
                                                         n1393 (net)
                      0.081240    0.000338    3.971418 ^ g1374/B (sky130_fd_sc_hd__xor2_1)
     3    0.020986    0.186678    0.162090    4.133509 v g1374/X (sky130_fd_sc_hd__xor2_1)
                                                         n1414 (net)
                      0.186765    0.001717    4.135226 v g1700/A (sky130_fd_sc_hd__xnor2_1)
     8    0.054767    1.168417    1.022170    5.157395 ^ g1700/Y (sky130_fd_sc_hd__xnor2_1)
                                                         n1740 (net)
                      1.168417    0.001108    5.158503 ^ g1745/A (sky130_fd_sc_hd__and2_1)
     3    0.008201    0.106526    0.300024    5.458528 ^ g1745/X (sky130_fd_sc_hd__and2_1)
                                                         n1785 (net)
                      0.106526    0.000147    5.458674 ^ g1785/B (sky130_fd_sc_hd__and2_1)
     2    0.005558    0.088569    0.159159    5.617834 ^ g1785/X (sky130_fd_sc_hd__and2_1)
                                                         n1825 (net)
                      0.088569    0.000127    5.617961 ^ g1819/A (sky130_fd_sc_hd__and2_1)
     2    0.006252    0.075835    0.156368    5.774329 ^ g1819/X (sky130_fd_sc_hd__and2_1)
                                                         n1859 (net)
                      0.075835    0.000171    5.774500 ^ g1845/A (sky130_fd_sc_hd__and2_1)
     2    0.005052    0.065331    0.143180    5.917680 ^ g1845/X (sky130_fd_sc_hd__and2_1)
                                                         n1885 (net)
                      0.065331    0.000134    5.917813 ^ g1854/A1 (sky130_fd_sc_hd__a21o_1)
    22    0.047358    0.405364    0.384988    6.302802 ^ g1854/X (sky130_fd_sc_hd__a21o_1)
                                                         n1894 (net)
                      0.405372    0.001634    6.304436 ^ g2002/A (sky130_fd_sc_hd__inv_1)
    21    0.043140    0.238875    0.313200    6.617636 v g2002/Y (sky130_fd_sc_hd__inv_1)
                                                         n2042 (net)
                      0.238982    0.002609    6.620246 v g2065/B (sky130_fd_sc_hd__and2_1)
     1    0.011669    0.071670    0.293175    6.913421 v g2065/X (sky130_fd_sc_hd__and2_1)
                                                         zP[15] (net)
                      0.071671    0.000332    6.913753 v zP[15] (out)
                                              6.913753   data arrival time

                      0.000000   10.000000   10.000000   clock __VIRTUAL_CLK__ (rise edge)
                                  0.000000   10.000000   clock network delay (ideal)
                                  0.000000   10.000000   clock reconvergence pessimism
                                  0.000000   10.000000   output external delay
                                             10.000000   data required time
---------------------------------------------------------------------------------------------
                                             10.000000   data required time
                                             -6.913753   data arrival time
---------------------------------------------------------------------------------------------
                                              3.086248   slack (MET)


Startpoint: xN[3] (input port clocked by __VIRTUAL_CLK__)
Endpoint: zP[10] (output port clocked by __VIRTUAL_CLK__)
Path Group: __VIRTUAL_CLK__
Path Type: max

Fanout         Cap        Slew       Delay        Time   Description
---------------------------------------------------------------------------------------------
                      0.000000    0.000000    0.000000   clock __VIRTUAL_CLK__ (rise edge)
                                  0.000000    0.000000   clock network delay (ideal)
                                  0.000000    0.000000 ^ input external delay
    20    0.115344    0.518546    0.376867    0.376867 ^ xN[3] (in)
                                                         xN[3] (net)
                      0.518613    0.000000    0.376867 ^ g229/A (sky130_fd_sc_hd__and2_1)
     1    0.001930    0.048829    0.204211    0.581078 ^ g229/X (sky130_fd_sc_hd__and2_1)
                                                         n269 (net)
                      0.048829    0.000059    0.581137 ^ g232/B (sky130_fd_sc_hd__or2_1)
     2    0.008919    0.092656    0.135662    0.716799 ^ g232/X (sky130_fd_sc_hd__or2_1)
                                                         n272 (net)
                      0.092656    0.000325    0.717124 ^ g646/B (sky130_fd_sc_hd__xor2_1)
     2    0.008052    0.203712    0.227724    0.944848 ^ g646/X (sky130_fd_sc_hd__xor2_1)
                                                         n686 (net)
                      0.203712    0.000202    0.945051 ^ g649/A1 (sky130_fd_sc_hd__a21o_1)
     2    0.007438    0.075020    0.176656    1.121707 ^ g649/X (sky130_fd_sc_hd__a21o_1)
                                                         n689 (net)
                      0.075020    0.000238    1.121945 ^ g726/B (sky130_fd_sc_hd__xor2_1)
     2    0.007878    0.200590    0.221435    1.343380 ^ g726/X (sky130_fd_sc_hd__xor2_1)
                                                         n766 (net)
                      0.200590    0.000092    1.343472 ^ g729/A1 (sky130_fd_sc_hd__a21o_1)
     2    0.009265    0.089344    0.187710    1.531182 ^ g729/X (sky130_fd_sc_hd__a21o_1)
                                                         n769 (net)
                      0.089344    0.000328    1.531510 ^ g792/B (sky130_fd_sc_hd__xor2_1)
     2    0.007971    0.202273    0.225919    1.757429 ^ g792/X (sky130_fd_sc_hd__xor2_1)
                                                         n832 (net)
                      0.202273    0.000104    1.757533 ^ g794/A (sky130_fd_sc_hd__xor2_1)
     2    0.006919    0.183470    0.227482    1.985015 ^ g794/X (sky130_fd_sc_hd__xor2_1)
                                                         n834 (net)
                      0.183470    0.000126    1.985141 ^ g850/B (sky130_fd_sc_hd__xor2_1)
     2    0.007988    0.202557    0.241451    2.226592 ^ g850/X (sky130_fd_sc_hd__xor2_1)
                                                         n890 (net)
                      0.202557    0.000201    2.226792 ^ g852/A (sky130_fd_sc_hd__xor2_1)
     2    0.012626    0.287043    0.309037    2.535829 ^ g852/X (sky130_fd_sc_hd__xor2_1)
                                                         n892 (net)
                      0.287045    0.000565    2.536394 ^ g1165/B (sky130_fd_sc_hd__xor2_1)
     5    0.023820    0.492536    0.477105    3.013500 ^ g1165/X (sky130_fd_sc_hd__xor2_1)
                                                         n1205 (net)
                      0.492541    0.001381    3.014881 ^ g1212/A (sky130_fd_sc_hd__and2_1)
     4    0.008629    0.100828    0.252899    3.267780 ^ g1212/X (sky130_fd_sc_hd__and2_1)
                                                         n1252 (net)
                      0.100828    0.000111    3.267890 ^ g1261/A (sky130_fd_sc_hd__and2_1)
     4    0.011798    0.125692    0.199862    3.467752 ^ g1261/X (sky130_fd_sc_hd__and2_1)
                                                         n1301 (net)
                      0.125692    0.000500    3.468253 ^ g1316/B (sky130_fd_sc_hd__and2_1)
     3    0.007548    0.087378    0.178939    3.647192 ^ g1316/X (sky130_fd_sc_hd__and2_1)
                                                         n1356 (net)
                      0.087378    0.000182    3.647374 ^ g1347/A (sky130_fd_sc_hd__and2_1)
     3    0.008173    0.092795    0.169868    3.817242 ^ g1347/X (sky130_fd_sc_hd__and2_1)
                                                         n1387 (net)
                      0.092795    0.000066    3.817308 ^ g1353/A1 (sky130_fd_sc_hd__a21o_1)
     1    0.008085    0.081240    0.153773    3.971081 ^ g1353/X (sky130_fd_sc_hd__a21o_1)
                                                         n1393 (net)
                      0.081240    0.000338    3.971418 ^ g1374/B (sky130_fd_sc_hd__xor2_1)
     3    0.020986    0.186678    0.162090    4.133509 v g1374/X (sky130_fd_sc_hd__xor2_1)
                                                         n1414 (net)
                      0.186765    0.001717    4.135226 v g1700/A (sky130_fd_sc_hd__xnor2_1)
     8    0.054767    1.168417    1.022170    5.157395 ^ g1700/Y (sky130_fd_sc_hd__xnor2_1)
                                                         n1740 (net)
                      1.168417    0.001108    5.158503 ^ g1745/A (sky130_fd_sc_hd__and2_1)
     3    0.008201    0.106526    0.300024    5.458528 ^ g1745/X (sky130_fd_sc_hd__and2_1)
                                                         n1785 (net)
                      0.106526    0.000147    5.458674 ^ g1785/B (sky130_fd_sc_hd__and2_1)
     2    0.005558    0.088569    0.159159    5.617834 ^ g1785/X (sky130_fd_sc_hd__and2_1)
                                                         n1825 (net)
                      0.088569    0.000127    5.617961 ^ g1819/A (sky130_fd_sc_hd__and2_1)
     2    0.006252    0.075835    0.156368    5.774329 ^ g1819/X (sky130_fd_sc_hd__and2_1)
                                                         n1859 (net)
                      0.075835    0.000171    5.774500 ^ g1845/A (sky130_fd_sc_hd__and2_1)
     2    0.005052    0.065331    0.143180    5.917680 ^ g1845/X (sky130_fd_sc_hd__and2_1)
                                                         n1885 (net)
                      0.065331    0.000134    5.917813 ^ g1854/A1 (sky130_fd_sc_hd__a21o_1)
    22    0.047358    0.405364    0.384988    6.302802 ^ g1854/X (sky130_fd_sc_hd__a21o_1)
                                                         n1894 (net)
                      0.405372    0.001634    6.304436 ^ g2002/A (sky130_fd_sc_hd__inv_1)
    21    0.043140    0.238875    0.313200    6.617636 v g2002/Y (sky130_fd_sc_hd__inv_1)
                                                         n2042 (net)
                      0.238991    0.002899    6.620536 v g2045/B (sky130_fd_sc_hd__and2_1)
     1    0.011586    0.071322    0.292865    6.913401 v g2045/X (sky130_fd_sc_hd__and2_1)
                                                         zP[10] (net)
                      0.071322    0.000327    6.913728 v zP[10] (out)
                                              6.913728   data arrival time

                      0.000000   10.000000   10.000000   clock __VIRTUAL_CLK__ (rise edge)
                                  0.000000   10.000000   clock network delay (ideal)
                                  0.000000   10.000000   clock reconvergence pessimism
                                  0.000000   10.000000   output external delay
                                             10.000000   data required time
---------------------------------------------------------------------------------------------
                                             10.000000   data required time
                                             -6.913728   data arrival time
---------------------------------------------------------------------------------------------
                                              3.086273   slack (MET)


Startpoint: xN[3] (input port clocked by __VIRTUAL_CLK__)
Endpoint: zP[19] (output port clocked by __VIRTUAL_CLK__)
Path Group: __VIRTUAL_CLK__
Path Type: max

Fanout         Cap        Slew       Delay        Time   Description
---------------------------------------------------------------------------------------------
                      0.000000    0.000000    0.000000   clock __VIRTUAL_CLK__ (rise edge)
                                  0.000000    0.000000   clock network delay (ideal)
                                  0.000000    0.000000 ^ input external delay
    20    0.115344    0.518546    0.376867    0.376867 ^ xN[3] (in)
                                                         xN[3] (net)
                      0.518613    0.000000    0.376867 ^ g229/A (sky130_fd_sc_hd__and2_1)
     1    0.001930    0.048829    0.204211    0.581078 ^ g229/X (sky130_fd_sc_hd__and2_1)
                                                         n269 (net)
                      0.048829    0.000059    0.581137 ^ g232/B (sky130_fd_sc_hd__or2_1)
     2    0.008919    0.092656    0.135662    0.716799 ^ g232/X (sky130_fd_sc_hd__or2_1)
                                                         n272 (net)
                      0.092656    0.000325    0.717124 ^ g646/B (sky130_fd_sc_hd__xor2_1)
     2    0.008052    0.203712    0.227724    0.944848 ^ g646/X (sky130_fd_sc_hd__xor2_1)
                                                         n686 (net)
                      0.203712    0.000202    0.945051 ^ g649/A1 (sky130_fd_sc_hd__a21o_1)
     2    0.007438    0.075020    0.176656    1.121707 ^ g649/X (sky130_fd_sc_hd__a21o_1)
                                                         n689 (net)
                      0.075020    0.000238    1.121945 ^ g726/B (sky130_fd_sc_hd__xor2_1)
     2    0.007878    0.200590    0.221435    1.343380 ^ g726/X (sky130_fd_sc_hd__xor2_1)
                                                         n766 (net)
                      0.200590    0.000092    1.343472 ^ g729/A1 (sky130_fd_sc_hd__a21o_1)
     2    0.009265    0.089344    0.187710    1.531182 ^ g729/X (sky130_fd_sc_hd__a21o_1)
                                                         n769 (net)
                      0.089344    0.000328    1.531510 ^ g792/B (sky130_fd_sc_hd__xor2_1)
     2    0.007971    0.202273    0.225919    1.757429 ^ g792/X (sky130_fd_sc_hd__xor2_1)
                                                         n832 (net)
                      0.202273    0.000104    1.757533 ^ g794/A (sky130_fd_sc_hd__xor2_1)
     2    0.006919    0.183470    0.227482    1.985015 ^ g794/X (sky130_fd_sc_hd__xor2_1)
                                                         n834 (net)
                      0.183470    0.000126    1.985141 ^ g850/B (sky130_fd_sc_hd__xor2_1)
     2    0.007988    0.202557    0.241451    2.226592 ^ g850/X (sky130_fd_sc_hd__xor2_1)
                                                         n890 (net)
                      0.202557    0.000201    2.226792 ^ g852/A (sky130_fd_sc_hd__xor2_1)
     2    0.012626    0.287043    0.309037    2.535829 ^ g852/X (sky130_fd_sc_hd__xor2_1)
                                                         n892 (net)
                      0.287045    0.000565    2.536394 ^ g1165/B (sky130_fd_sc_hd__xor2_1)
     5    0.023820    0.492536    0.477105    3.013500 ^ g1165/X (sky130_fd_sc_hd__xor2_1)
                                                         n1205 (net)
                      0.492541    0.001381    3.014881 ^ g1212/A (sky130_fd_sc_hd__and2_1)
     4    0.008629    0.100828    0.252899    3.267780 ^ g1212/X (sky130_fd_sc_hd__and2_1)
                                                         n1252 (net)
                      0.100828    0.000111    3.267890 ^ g1261/A (sky130_fd_sc_hd__and2_1)
     4    0.011798    0.125692    0.199862    3.467752 ^ g1261/X (sky130_fd_sc_hd__and2_1)
                                                         n1301 (net)
                      0.125692    0.000500    3.468253 ^ g1316/B (sky130_fd_sc_hd__and2_1)
     3    0.007548    0.087378    0.178939    3.647192 ^ g1316/X (sky130_fd_sc_hd__and2_1)
                                                         n1356 (net)
                      0.087378    0.000182    3.647374 ^ g1347/A (sky130_fd_sc_hd__and2_1)
     3    0.008173    0.092795    0.169868    3.817242 ^ g1347/X (sky130_fd_sc_hd__and2_1)
                                                         n1387 (net)
                      0.092795    0.000066    3.817308 ^ g1353/A1 (sky130_fd_sc_hd__a21o_1)
     1    0.008085    0.081240    0.153773    3.971081 ^ g1353/X (sky130_fd_sc_hd__a21o_1)
                                                         n1393 (net)
                      0.081240    0.000338    3.971418 ^ g1374/B (sky130_fd_sc_hd__xor2_1)
     3    0.020986    0.186678    0.162090    4.133509 v g1374/X (sky130_fd_sc_hd__xor2_1)
                                                         n1414 (net)
                      0.186765    0.001717    4.135226 v g1700/A (sky130_fd_sc_hd__xnor2_1)
     8    0.054767    1.168417    1.022170    5.157395 ^ g1700/Y (sky130_fd_sc_hd__xnor2_1)
                                                         n1740 (net)
                      1.168417    0.001108    5.158503 ^ g1745/A (sky130_fd_sc_hd__and2_1)
     3    0.008201    0.106526    0.300024    5.458528 ^ g1745/X (sky130_fd_sc_hd__and2_1)
                                                         n1785 (net)
                      0.106526    0.000147    5.458674 ^ g1785/B (sky130_fd_sc_hd__and2_1)
     2    0.005558    0.088569    0.159159    5.617834 ^ g1785/X (sky130_fd_sc_hd__and2_1)
                                                         n1825 (net)
                      0.088569    0.000127    5.617961 ^ g1819/A (sky130_fd_sc_hd__and2_1)
     2    0.006252    0.075835    0.156368    5.774329 ^ g1819/X (sky130_fd_sc_hd__and2_1)
                                                         n1859 (net)
                      0.075835    0.000171    5.774500 ^ g1845/A (sky130_fd_sc_hd__and2_1)
     2    0.005052    0.065331    0.143180    5.917680 ^ g1845/X (sky130_fd_sc_hd__and2_1)
                                                         n1885 (net)
                      0.065331    0.000134    5.917813 ^ g1854/A1 (sky130_fd_sc_hd__a21o_1)
    22    0.047358    0.405364    0.384988    6.302802 ^ g1854/X (sky130_fd_sc_hd__a21o_1)
                                                         n1894 (net)
                      0.405372    0.001634    6.304436 ^ g2002/A (sky130_fd_sc_hd__inv_1)
    21    0.043140    0.238875    0.313200    6.617636 v g2002/Y (sky130_fd_sc_hd__inv_1)
                                                         n2042 (net)
                      0.238979    0.002478    6.620114 v g2081/B (sky130_fd_sc_hd__and2_1)
     1    0.011609    0.071416    0.292946    6.913060 v g2081/X (sky130_fd_sc_hd__and2_1)
                                                         zP[19] (net)
                      0.071416    0.000328    6.913387 v zP[19] (out)
                                              6.913387   data arrival time

                      0.000000   10.000000   10.000000   clock __VIRTUAL_CLK__ (rise edge)
                                  0.000000   10.000000   clock network delay (ideal)
                                  0.000000   10.000000   clock reconvergence pessimism
                                  0.000000   10.000000   output external delay
                                             10.000000   data required time
---------------------------------------------------------------------------------------------
                                             10.000000   data required time
                                             -6.913387   data arrival time
---------------------------------------------------------------------------------------------
                                              3.086613   slack (MET)


Startpoint: xN[3] (input port clocked by __VIRTUAL_CLK__)
Endpoint: zP[8] (output port clocked by __VIRTUAL_CLK__)
Path Group: __VIRTUAL_CLK__
Path Type: max

Fanout         Cap        Slew       Delay        Time   Description
---------------------------------------------------------------------------------------------
                      0.000000    0.000000    0.000000   clock __VIRTUAL_CLK__ (rise edge)
                                  0.000000    0.000000   clock network delay (ideal)
                                  0.000000    0.000000 ^ input external delay
    20    0.115344    0.518546    0.376867    0.376867 ^ xN[3] (in)
                                                         xN[3] (net)
                      0.518613    0.000000    0.376867 ^ g229/A (sky130_fd_sc_hd__and2_1)
     1    0.001930    0.048829    0.204211    0.581078 ^ g229/X (sky130_fd_sc_hd__and2_1)
                                                         n269 (net)
                      0.048829    0.000059    0.581137 ^ g232/B (sky130_fd_sc_hd__or2_1)
     2    0.008919    0.092656    0.135662    0.716799 ^ g232/X (sky130_fd_sc_hd__or2_1)
                                                         n272 (net)
                      0.092656    0.000325    0.717124 ^ g646/B (sky130_fd_sc_hd__xor2_1)
     2    0.008052    0.203712    0.227724    0.944848 ^ g646/X (sky130_fd_sc_hd__xor2_1)
                                                         n686 (net)
                      0.203712    0.000202    0.945051 ^ g649/A1 (sky130_fd_sc_hd__a21o_1)
     2    0.007438    0.075020    0.176656    1.121707 ^ g649/X (sky130_fd_sc_hd__a21o_1)
                                                         n689 (net)
                      0.075020    0.000238    1.121945 ^ g726/B (sky130_fd_sc_hd__xor2_1)
     2    0.007878    0.200590    0.221435    1.343380 ^ g726/X (sky130_fd_sc_hd__xor2_1)
                                                         n766 (net)
                      0.200590    0.000092    1.343472 ^ g729/A1 (sky130_fd_sc_hd__a21o_1)
     2    0.009265    0.089344    0.187710    1.531182 ^ g729/X (sky130_fd_sc_hd__a21o_1)
                                                         n769 (net)
                      0.089344    0.000328    1.531510 ^ g792/B (sky130_fd_sc_hd__xor2_1)
     2    0.007971    0.202273    0.225919    1.757429 ^ g792/X (sky130_fd_sc_hd__xor2_1)
                                                         n832 (net)
                      0.202273    0.000104    1.757533 ^ g794/A (sky130_fd_sc_hd__xor2_1)
     2    0.006919    0.183470    0.227482    1.985015 ^ g794/X (sky130_fd_sc_hd__xor2_1)
                                                         n834 (net)
                      0.183470    0.000126    1.985141 ^ g850/B (sky130_fd_sc_hd__xor2_1)
     2    0.007988    0.202557    0.241451    2.226592 ^ g850/X (sky130_fd_sc_hd__xor2_1)
                                                         n890 (net)
                      0.202557    0.000201    2.226792 ^ g852/A (sky130_fd_sc_hd__xor2_1)
     2    0.012626    0.287043    0.309037    2.535829 ^ g852/X (sky130_fd_sc_hd__xor2_1)
                                                         n892 (net)
                      0.287045    0.000565    2.536394 ^ g1165/B (sky130_fd_sc_hd__xor2_1)
     5    0.023820    0.492536    0.477105    3.013500 ^ g1165/X (sky130_fd_sc_hd__xor2_1)
                                                         n1205 (net)
                      0.492541    0.001381    3.014881 ^ g1212/A (sky130_fd_sc_hd__and2_1)
     4    0.008629    0.100828    0.252899    3.267780 ^ g1212/X (sky130_fd_sc_hd__and2_1)
                                                         n1252 (net)
                      0.100828    0.000111    3.267890 ^ g1261/A (sky130_fd_sc_hd__and2_1)
     4    0.011798    0.125692    0.199862    3.467752 ^ g1261/X (sky130_fd_sc_hd__and2_1)
                                                         n1301 (net)
                      0.125692    0.000500    3.468253 ^ g1316/B (sky130_fd_sc_hd__and2_1)
     3    0.007548    0.087378    0.178939    3.647192 ^ g1316/X (sky130_fd_sc_hd__and2_1)
                                                         n1356 (net)
                      0.087378    0.000182    3.647374 ^ g1347/A (sky130_fd_sc_hd__and2_1)
     3    0.008173    0.092795    0.169868    3.817242 ^ g1347/X (sky130_fd_sc_hd__and2_1)
                                                         n1387 (net)
                      0.092795    0.000066    3.817308 ^ g1353/A1 (sky130_fd_sc_hd__a21o_1)
     1    0.008085    0.081240    0.153773    3.971081 ^ g1353/X (sky130_fd_sc_hd__a21o_1)
                                                         n1393 (net)
                      0.081240    0.000338    3.971418 ^ g1374/B (sky130_fd_sc_hd__xor2_1)
     3    0.020986    0.186678    0.162090    4.133509 v g1374/X (sky130_fd_sc_hd__xor2_1)
                                                         n1414 (net)
                      0.186765    0.001717    4.135226 v g1700/A (sky130_fd_sc_hd__xnor2_1)
     8    0.054767    1.168417    1.022170    5.157395 ^ g1700/Y (sky130_fd_sc_hd__xnor2_1)
                                                         n1740 (net)
                      1.168417    0.001108    5.158503 ^ g1745/A (sky130_fd_sc_hd__and2_1)
     3    0.008201    0.106526    0.300024    5.458528 ^ g1745/X (sky130_fd_sc_hd__and2_1)
                                                         n1785 (net)
                      0.106526    0.000147    5.458674 ^ g1785/B (sky130_fd_sc_hd__and2_1)
     2    0.005558    0.088569    0.159159    5.617834 ^ g1785/X (sky130_fd_sc_hd__and2_1)
                                                         n1825 (net)
                      0.088569    0.000127    5.617961 ^ g1819/A (sky130_fd_sc_hd__and2_1)
     2    0.006252    0.075835    0.156368    5.774329 ^ g1819/X (sky130_fd_sc_hd__and2_1)
                                                         n1859 (net)
                      0.075835    0.000171    5.774500 ^ g1845/A (sky130_fd_sc_hd__and2_1)
     2    0.005052    0.065331    0.143180    5.917680 ^ g1845/X (sky130_fd_sc_hd__and2_1)
                                                         n1885 (net)
                      0.065331    0.000134    5.917813 ^ g1854/A1 (sky130_fd_sc_hd__a21o_1)
    22    0.047358    0.405364    0.384988    6.302802 ^ g1854/X (sky130_fd_sc_hd__a21o_1)
                                                         n1894 (net)
                      0.405372    0.001634    6.304436 ^ g2002/A (sky130_fd_sc_hd__inv_1)
    21    0.043140    0.238875    0.313200    6.617636 v g2002/Y (sky130_fd_sc_hd__inv_1)
                                                         n2042 (net)
                      0.238991    0.002877    6.620513 v g2037/B (sky130_fd_sc_hd__and2_1)
     1    0.011474    0.070854    0.292433    6.912946 v g2037/X (sky130_fd_sc_hd__and2_1)
                                                         zP[8] (net)
                      0.070854    0.000319    6.913265 v zP[8] (out)
                                              6.913265   data arrival time

                      0.000000   10.000000   10.000000   clock __VIRTUAL_CLK__ (rise edge)
                                  0.000000   10.000000   clock network delay (ideal)
                                  0.000000   10.000000   clock reconvergence pessimism
                                  0.000000   10.000000   output external delay
                                             10.000000   data required time
---------------------------------------------------------------------------------------------
                                             10.000000   data required time
                                             -6.913265   data arrival time
---------------------------------------------------------------------------------------------
                                              3.086735   slack (MET)


Startpoint: xN[3] (input port clocked by __VIRTUAL_CLK__)
Endpoint: zP[0] (output port clocked by __VIRTUAL_CLK__)
Path Group: __VIRTUAL_CLK__
Path Type: max

Fanout         Cap        Slew       Delay        Time   Description
---------------------------------------------------------------------------------------------
                      0.000000    0.000000    0.000000   clock __VIRTUAL_CLK__ (rise edge)
                                  0.000000    0.000000   clock network delay (ideal)
                                  0.000000    0.000000 ^ input external delay
    20    0.115344    0.518546    0.376867    0.376867 ^ xN[3] (in)
                                                         xN[3] (net)
                      0.518613    0.000000    0.376867 ^ g229/A (sky130_fd_sc_hd__and2_1)
     1    0.001930    0.048829    0.204211    0.581078 ^ g229/X (sky130_fd_sc_hd__and2_1)
                                                         n269 (net)
                      0.048829    0.000059    0.581137 ^ g232/B (sky130_fd_sc_hd__or2_1)
     2    0.008919    0.092656    0.135662    0.716799 ^ g232/X (sky130_fd_sc_hd__or2_1)
                                                         n272 (net)
                      0.092656    0.000325    0.717124 ^ g646/B (sky130_fd_sc_hd__xor2_1)
     2    0.008052    0.203712    0.227724    0.944848 ^ g646/X (sky130_fd_sc_hd__xor2_1)
                                                         n686 (net)
                      0.203712    0.000202    0.945051 ^ g649/A1 (sky130_fd_sc_hd__a21o_1)
     2    0.007438    0.075020    0.176656    1.121707 ^ g649/X (sky130_fd_sc_hd__a21o_1)
                                                         n689 (net)
                      0.075020    0.000238    1.121945 ^ g726/B (sky130_fd_sc_hd__xor2_1)
     2    0.007878    0.200590    0.221435    1.343380 ^ g726/X (sky130_fd_sc_hd__xor2_1)
                                                         n766 (net)
                      0.200590    0.000092    1.343472 ^ g729/A1 (sky130_fd_sc_hd__a21o_1)
     2    0.009265    0.089344    0.187710    1.531182 ^ g729/X (sky130_fd_sc_hd__a21o_1)
                                                         n769 (net)
                      0.089344    0.000328    1.531510 ^ g792/B (sky130_fd_sc_hd__xor2_1)
     2    0.007971    0.202273    0.225919    1.757429 ^ g792/X (sky130_fd_sc_hd__xor2_1)
                                                         n832 (net)
                      0.202273    0.000104    1.757533 ^ g794/A (sky130_fd_sc_hd__xor2_1)
     2    0.006919    0.183470    0.227482    1.985015 ^ g794/X (sky130_fd_sc_hd__xor2_1)
                                                         n834 (net)
                      0.183470    0.000126    1.985141 ^ g850/B (sky130_fd_sc_hd__xor2_1)
     2    0.007988    0.202557    0.241451    2.226592 ^ g850/X (sky130_fd_sc_hd__xor2_1)
                                                         n890 (net)
                      0.202557    0.000201    2.226792 ^ g852/A (sky130_fd_sc_hd__xor2_1)
     2    0.012626    0.287043    0.309037    2.535829 ^ g852/X (sky130_fd_sc_hd__xor2_1)
                                                         n892 (net)
                      0.287045    0.000565    2.536394 ^ g1165/B (sky130_fd_sc_hd__xor2_1)
     5    0.023820    0.492536    0.477105    3.013500 ^ g1165/X (sky130_fd_sc_hd__xor2_1)
                                                         n1205 (net)
                      0.492541    0.001381    3.014881 ^ g1212/A (sky130_fd_sc_hd__and2_1)
     4    0.008629    0.100828    0.252899    3.267780 ^ g1212/X (sky130_fd_sc_hd__and2_1)
                                                         n1252 (net)
                      0.100828    0.000111    3.267890 ^ g1261/A (sky130_fd_sc_hd__and2_1)
     4    0.011798    0.125692    0.199862    3.467752 ^ g1261/X (sky130_fd_sc_hd__and2_1)
                                                         n1301 (net)
                      0.125692    0.000500    3.468253 ^ g1316/B (sky130_fd_sc_hd__and2_1)
     3    0.007548    0.087378    0.178939    3.647192 ^ g1316/X (sky130_fd_sc_hd__and2_1)
                                                         n1356 (net)
                      0.087378    0.000182    3.647374 ^ g1347/A (sky130_fd_sc_hd__and2_1)
     3    0.008173    0.092795    0.169868    3.817242 ^ g1347/X (sky130_fd_sc_hd__and2_1)
                                                         n1387 (net)
                      0.092795    0.000066    3.817308 ^ g1353/A1 (sky130_fd_sc_hd__a21o_1)
     1    0.008085    0.081240    0.153773    3.971081 ^ g1353/X (sky130_fd_sc_hd__a21o_1)
                                                         n1393 (net)
                      0.081240    0.000338    3.971418 ^ g1374/B (sky130_fd_sc_hd__xor2_1)
     3    0.020986    0.186678    0.162090    4.133509 v g1374/X (sky130_fd_sc_hd__xor2_1)
                                                         n1414 (net)
                      0.186765    0.001717    4.135226 v g1700/A (sky130_fd_sc_hd__xnor2_1)
     8    0.054767    1.168417    1.022170    5.157395 ^ g1700/Y (sky130_fd_sc_hd__xnor2_1)
                                                         n1740 (net)
                      1.168417    0.001108    5.158503 ^ g1745/A (sky130_fd_sc_hd__and2_1)
     3    0.008201    0.106526    0.300024    5.458528 ^ g1745/X (sky130_fd_sc_hd__and2_1)
                                                         n1785 (net)
                      0.106526    0.000147    5.458674 ^ g1785/B (sky130_fd_sc_hd__and2_1)
     2    0.005558    0.088569    0.159159    5.617834 ^ g1785/X (sky130_fd_sc_hd__and2_1)
                                                         n1825 (net)
                      0.088569    0.000127    5.617961 ^ g1819/A (sky130_fd_sc_hd__and2_1)
     2    0.006252    0.075835    0.156368    5.774329 ^ g1819/X (sky130_fd_sc_hd__and2_1)
                                                         n1859 (net)
                      0.075835    0.000171    5.774500 ^ g1845/A (sky130_fd_sc_hd__and2_1)
     2    0.005052    0.065331    0.143180    5.917680 ^ g1845/X (sky130_fd_sc_hd__and2_1)
                                                         n1885 (net)
                      0.065331    0.000134    5.917813 ^ g1854/A1 (sky130_fd_sc_hd__a21o_1)
    22    0.047358    0.405364    0.384988    6.302802 ^ g1854/X (sky130_fd_sc_hd__a21o_1)
                                                         n1894 (net)
                      0.405372    0.001634    6.304436 ^ g2002/A (sky130_fd_sc_hd__inv_1)
    21    0.043140    0.238875    0.313200    6.617636 v g2002/Y (sky130_fd_sc_hd__inv_1)
                                                         n2042 (net)
                      0.238960    0.001642    6.619278 v g2005/B (sky130_fd_sc_hd__and2_1)
     1    0.011486    0.070898    0.292481    6.911759 v g2005/X (sky130_fd_sc_hd__and2_1)
                                                         zP[0] (net)
                      0.070898    0.000287    6.912046 v zP[0] (out)
                                              6.912046   data arrival time

                      0.000000   10.000000   10.000000   clock __VIRTUAL_CLK__ (rise edge)
                                  0.000000   10.000000   clock network delay (ideal)
                                  0.000000   10.000000   clock reconvergence pessimism
                                  0.000000   10.000000   output external delay
                                             10.000000   data required time
---------------------------------------------------------------------------------------------
                                             10.000000   data required time
                                             -6.912046   data arrival time
---------------------------------------------------------------------------------------------
                                              3.087954   slack (MET)


Startpoint: xN[3] (input port clocked by __VIRTUAL_CLK__)
Endpoint: zP[1] (output port clocked by __VIRTUAL_CLK__)
Path Group: __VIRTUAL_CLK__
Path Type: max

Fanout         Cap        Slew       Delay        Time   Description
---------------------------------------------------------------------------------------------
                      0.000000    0.000000    0.000000   clock __VIRTUAL_CLK__ (rise edge)
                                  0.000000    0.000000   clock network delay (ideal)
                                  0.000000    0.000000 ^ input external delay
    20    0.115344    0.518546    0.376867    0.376867 ^ xN[3] (in)
                                                         xN[3] (net)
                      0.518613    0.000000    0.376867 ^ g229/A (sky130_fd_sc_hd__and2_1)
     1    0.001930    0.048829    0.204211    0.581078 ^ g229/X (sky130_fd_sc_hd__and2_1)
                                                         n269 (net)
                      0.048829    0.000059    0.581137 ^ g232/B (sky130_fd_sc_hd__or2_1)
     2    0.008919    0.092656    0.135662    0.716799 ^ g232/X (sky130_fd_sc_hd__or2_1)
                                                         n272 (net)
                      0.092656    0.000325    0.717124 ^ g646/B (sky130_fd_sc_hd__xor2_1)
     2    0.008052    0.203712    0.227724    0.944848 ^ g646/X (sky130_fd_sc_hd__xor2_1)
                                                         n686 (net)
                      0.203712    0.000202    0.945051 ^ g649/A1 (sky130_fd_sc_hd__a21o_1)
     2    0.007438    0.075020    0.176656    1.121707 ^ g649/X (sky130_fd_sc_hd__a21o_1)
                                                         n689 (net)
                      0.075020    0.000238    1.121945 ^ g726/B (sky130_fd_sc_hd__xor2_1)
     2    0.007878    0.200590    0.221435    1.343380 ^ g726/X (sky130_fd_sc_hd__xor2_1)
                                                         n766 (net)
                      0.200590    0.000092    1.343472 ^ g729/A1 (sky130_fd_sc_hd__a21o_1)
     2    0.009265    0.089344    0.187710    1.531182 ^ g729/X (sky130_fd_sc_hd__a21o_1)
                                                         n769 (net)
                      0.089344    0.000328    1.531510 ^ g792/B (sky130_fd_sc_hd__xor2_1)
     2    0.007971    0.202273    0.225919    1.757429 ^ g792/X (sky130_fd_sc_hd__xor2_1)
                                                         n832 (net)
                      0.202273    0.000104    1.757533 ^ g794/A (sky130_fd_sc_hd__xor2_1)
     2    0.006919    0.183470    0.227482    1.985015 ^ g794/X (sky130_fd_sc_hd__xor2_1)
                                                         n834 (net)
                      0.183470    0.000126    1.985141 ^ g850/B (sky130_fd_sc_hd__xor2_1)
     2    0.007988    0.202557    0.241451    2.226592 ^ g850/X (sky130_fd_sc_hd__xor2_1)
                                                         n890 (net)
                      0.202557    0.000201    2.226792 ^ g852/A (sky130_fd_sc_hd__xor2_1)
     2    0.012626    0.287043    0.309037    2.535829 ^ g852/X (sky130_fd_sc_hd__xor2_1)
                                                         n892 (net)
                      0.287045    0.000565    2.536394 ^ g1165/B (sky130_fd_sc_hd__xor2_1)
     5    0.023820    0.492536    0.477105    3.013500 ^ g1165/X (sky130_fd_sc_hd__xor2_1)
                                                         n1205 (net)
                      0.492541    0.001381    3.014881 ^ g1212/A (sky130_fd_sc_hd__and2_1)
     4    0.008629    0.100828    0.252899    3.267780 ^ g1212/X (sky130_fd_sc_hd__and2_1)
                                                         n1252 (net)
                      0.100828    0.000111    3.267890 ^ g1261/A (sky130_fd_sc_hd__and2_1)
     4    0.011798    0.125692    0.199862    3.467752 ^ g1261/X (sky130_fd_sc_hd__and2_1)
                                                         n1301 (net)
                      0.125692    0.000500    3.468253 ^ g1316/B (sky130_fd_sc_hd__and2_1)
     3    0.007548    0.087378    0.178939    3.647192 ^ g1316/X (sky130_fd_sc_hd__and2_1)
                                                         n1356 (net)
                      0.087378    0.000182    3.647374 ^ g1347/A (sky130_fd_sc_hd__and2_1)
     3    0.008173    0.092795    0.169868    3.817242 ^ g1347/X (sky130_fd_sc_hd__and2_1)
                                                         n1387 (net)
                      0.092795    0.000066    3.817308 ^ g1353/A1 (sky130_fd_sc_hd__a21o_1)
     1    0.008085    0.081240    0.153773    3.971081 ^ g1353/X (sky130_fd_sc_hd__a21o_1)
                                                         n1393 (net)
                      0.081240    0.000338    3.971418 ^ g1374/B (sky130_fd_sc_hd__xor2_1)
     3    0.020986    0.186678    0.162090    4.133509 v g1374/X (sky130_fd_sc_hd__xor2_1)
                                                         n1414 (net)
                      0.186765    0.001717    4.135226 v g1700/A (sky130_fd_sc_hd__xnor2_1)
     8    0.054767    1.168417    1.022170    5.157395 ^ g1700/Y (sky130_fd_sc_hd__xnor2_1)
                                                         n1740 (net)
                      1.168417    0.001108    5.158503 ^ g1745/A (sky130_fd_sc_hd__and2_1)
     3    0.008201    0.106526    0.300024    5.458528 ^ g1745/X (sky130_fd_sc_hd__and2_1)
                                                         n1785 (net)
                      0.106526    0.000147    5.458674 ^ g1785/B (sky130_fd_sc_hd__and2_1)
     2    0.005558    0.088569    0.159159    5.617834 ^ g1785/X (sky130_fd_sc_hd__and2_1)
                                                         n1825 (net)
                      0.088569    0.000127    5.617961 ^ g1819/A (sky130_fd_sc_hd__and2_1)
     2    0.006252    0.075835    0.156368    5.774329 ^ g1819/X (sky130_fd_sc_hd__and2_1)
                                                         n1859 (net)
                      0.075835    0.000171    5.774500 ^ g1845/A (sky130_fd_sc_hd__and2_1)
     2    0.005052    0.065331    0.143180    5.917680 ^ g1845/X (sky130_fd_sc_hd__and2_1)
                                                         n1885 (net)
                      0.065331    0.000134    5.917813 ^ g1854/A1 (sky130_fd_sc_hd__a21o_1)
    22    0.047358    0.405364    0.384988    6.302802 ^ g1854/X (sky130_fd_sc_hd__a21o_1)
                                                         n1894 (net)
                      0.405372    0.001634    6.304436 ^ g2002/A (sky130_fd_sc_hd__inv_1)
    21    0.043140    0.238875    0.313200    6.617636 v g2002/Y (sky130_fd_sc_hd__inv_1)
                                                         n2042 (net)
                      0.238959    0.001569    6.619205 v g2009/B (sky130_fd_sc_hd__and2_1)
     1    0.011506    0.070975    0.292572    6.911777 v g2009/X (sky130_fd_sc_hd__and2_1)
                                                         zP[1] (net)
                      0.070975    0.000259    6.912036 v zP[1] (out)
                                              6.912036   data arrival time

                      0.000000   10.000000   10.000000   clock __VIRTUAL_CLK__ (rise edge)
                                  0.000000   10.000000   clock network delay (ideal)
                                  0.000000   10.000000   clock reconvergence pessimism
                                  0.000000   10.000000   output external delay
                                             10.000000   data required time
---------------------------------------------------------------------------------------------
                                             10.000000   data required time
                                             -6.912036   data arrival time
---------------------------------------------------------------------------------------------
                                              3.087964   slack (MET)


Startpoint: xN[3] (input port clocked by __VIRTUAL_CLK__)
Endpoint: zP[5] (output port clocked by __VIRTUAL_CLK__)
Path Group: __VIRTUAL_CLK__
Path Type: max

Fanout         Cap        Slew       Delay        Time   Description
---------------------------------------------------------------------------------------------
                      0.000000    0.000000    0.000000   clock __VIRTUAL_CLK__ (rise edge)
                                  0.000000    0.000000   clock network delay (ideal)
                                  0.000000    0.000000 ^ input external delay
    20    0.115344    0.518546    0.376867    0.376867 ^ xN[3] (in)
                                                         xN[3] (net)
                      0.518613    0.000000    0.376867 ^ g229/A (sky130_fd_sc_hd__and2_1)
     1    0.001930    0.048829    0.204211    0.581078 ^ g229/X (sky130_fd_sc_hd__and2_1)
                                                         n269 (net)
                      0.048829    0.000059    0.581137 ^ g232/B (sky130_fd_sc_hd__or2_1)
     2    0.008919    0.092656    0.135662    0.716799 ^ g232/X (sky130_fd_sc_hd__or2_1)
                                                         n272 (net)
                      0.092656    0.000325    0.717124 ^ g646/B (sky130_fd_sc_hd__xor2_1)
     2    0.008052    0.203712    0.227724    0.944848 ^ g646/X (sky130_fd_sc_hd__xor2_1)
                                                         n686 (net)
                      0.203712    0.000202    0.945051 ^ g649/A1 (sky130_fd_sc_hd__a21o_1)
     2    0.007438    0.075020    0.176656    1.121707 ^ g649/X (sky130_fd_sc_hd__a21o_1)
                                                         n689 (net)
                      0.075020    0.000238    1.121945 ^ g726/B (sky130_fd_sc_hd__xor2_1)
     2    0.007878    0.200590    0.221435    1.343380 ^ g726/X (sky130_fd_sc_hd__xor2_1)
                                                         n766 (net)
                      0.200590    0.000092    1.343472 ^ g729/A1 (sky130_fd_sc_hd__a21o_1)
     2    0.009265    0.089344    0.187710    1.531182 ^ g729/X (sky130_fd_sc_hd__a21o_1)
                                                         n769 (net)
                      0.089344    0.000328    1.531510 ^ g792/B (sky130_fd_sc_hd__xor2_1)
     2    0.007971    0.202273    0.225919    1.757429 ^ g792/X (sky130_fd_sc_hd__xor2_1)
                                                         n832 (net)
                      0.202273    0.000104    1.757533 ^ g794/A (sky130_fd_sc_hd__xor2_1)
     2    0.006919    0.183470    0.227482    1.985015 ^ g794/X (sky130_fd_sc_hd__xor2_1)
                                                         n834 (net)
                      0.183470    0.000126    1.985141 ^ g850/B (sky130_fd_sc_hd__xor2_1)
     2    0.007988    0.202557    0.241451    2.226592 ^ g850/X (sky130_fd_sc_hd__xor2_1)
                                                         n890 (net)
                      0.202557    0.000201    2.226792 ^ g852/A (sky130_fd_sc_hd__xor2_1)
     2    0.012626    0.287043    0.309037    2.535829 ^ g852/X (sky130_fd_sc_hd__xor2_1)
                                                         n892 (net)
                      0.287045    0.000565    2.536394 ^ g1165/B (sky130_fd_sc_hd__xor2_1)
     5    0.023820    0.492536    0.477105    3.013500 ^ g1165/X (sky130_fd_sc_hd__xor2_1)
                                                         n1205 (net)
                      0.492541    0.001381    3.014881 ^ g1212/A (sky130_fd_sc_hd__and2_1)
     4    0.008629    0.100828    0.252899    3.267780 ^ g1212/X (sky130_fd_sc_hd__and2_1)
                                                         n1252 (net)
                      0.100828    0.000111    3.267890 ^ g1261/A (sky130_fd_sc_hd__and2_1)
     4    0.011798    0.125692    0.199862    3.467752 ^ g1261/X (sky130_fd_sc_hd__and2_1)
                                                         n1301 (net)
                      0.125692    0.000500    3.468253 ^ g1316/B (sky130_fd_sc_hd__and2_1)
     3    0.007548    0.087378    0.178939    3.647192 ^ g1316/X (sky130_fd_sc_hd__and2_1)
                                                         n1356 (net)
                      0.087378    0.000182    3.647374 ^ g1347/A (sky130_fd_sc_hd__and2_1)
     3    0.008173    0.092795    0.169868    3.817242 ^ g1347/X (sky130_fd_sc_hd__and2_1)
                                                         n1387 (net)
                      0.092795    0.000066    3.817308 ^ g1353/A1 (sky130_fd_sc_hd__a21o_1)
     1    0.008085    0.081240    0.153773    3.971081 ^ g1353/X (sky130_fd_sc_hd__a21o_1)
                                                         n1393 (net)
                      0.081240    0.000338    3.971418 ^ g1374/B (sky130_fd_sc_hd__xor2_1)
     3    0.020986    0.186678    0.162090    4.133509 v g1374/X (sky130_fd_sc_hd__xor2_1)
                                                         n1414 (net)
                      0.186765    0.001717    4.135226 v g1700/A (sky130_fd_sc_hd__xnor2_1)
     8    0.054767    1.168417    1.022170    5.157395 ^ g1700/Y (sky130_fd_sc_hd__xnor2_1)
                                                         n1740 (net)
                      1.168417    0.001108    5.158503 ^ g1745/A (sky130_fd_sc_hd__and2_1)
     3    0.008201    0.106526    0.300024    5.458528 ^ g1745/X (sky130_fd_sc_hd__and2_1)
                                                         n1785 (net)
                      0.106526    0.000147    5.458674 ^ g1785/B (sky130_fd_sc_hd__and2_1)
     2    0.005558    0.088569    0.159159    5.617834 ^ g1785/X (sky130_fd_sc_hd__and2_1)
                                                         n1825 (net)
                      0.088569    0.000127    5.617961 ^ g1819/A (sky130_fd_sc_hd__and2_1)
     2    0.006252    0.075835    0.156368    5.774329 ^ g1819/X (sky130_fd_sc_hd__and2_1)
                                                         n1859 (net)
                      0.075835    0.000171    5.774500 ^ g1845/A (sky130_fd_sc_hd__and2_1)
     2    0.005052    0.065331    0.143180    5.917680 ^ g1845/X (sky130_fd_sc_hd__and2_1)
                                                         n1885 (net)
                      0.065331    0.000134    5.917813 ^ g1854/A1 (sky130_fd_sc_hd__a21o_1)
    22    0.047358    0.405364    0.384988    6.302802 ^ g1854/X (sky130_fd_sc_hd__a21o_1)
                                                         n1894 (net)
                      0.405372    0.001634    6.304436 ^ g2002/A (sky130_fd_sc_hd__inv_1)
    21    0.043140    0.238875    0.313200    6.617636 v g2002/Y (sky130_fd_sc_hd__inv_1)
                                                         n2042 (net)
                      0.238875    0.000512    6.618149 v g2025/B (sky130_fd_sc_hd__and2_1)
     1    0.011651    0.071566    0.293114    6.911263 v g2025/X (sky130_fd_sc_hd__and2_1)
                                                         zP[5] (net)
                      0.071566    0.000222    6.911485 v zP[5] (out)
                                              6.911485   data arrival time

                      0.000000   10.000000   10.000000   clock __VIRTUAL_CLK__ (rise edge)
                                  0.000000   10.000000   clock network delay (ideal)
                                  0.000000   10.000000   clock reconvergence pessimism
                                  0.000000   10.000000   output external delay
                                             10.000000   data required time
---------------------------------------------------------------------------------------------
                                             10.000000   data required time
                                             -6.911485   data arrival time
---------------------------------------------------------------------------------------------
                                              3.088515   slack (MET)


Startpoint: xN[3] (input port clocked by __VIRTUAL_CLK__)
Endpoint: zP[7] (output port clocked by __VIRTUAL_CLK__)
Path Group: __VIRTUAL_CLK__
Path Type: max

Fanout         Cap        Slew       Delay        Time   Description
---------------------------------------------------------------------------------------------
                      0.000000    0.000000    0.000000   clock __VIRTUAL_CLK__ (rise edge)
                                  0.000000    0.000000   clock network delay (ideal)
                                  0.000000    0.000000 ^ input external delay
    20    0.115344    0.518546    0.376867    0.376867 ^ xN[3] (in)
                                                         xN[3] (net)
                      0.518613    0.000000    0.376867 ^ g229/A (sky130_fd_sc_hd__and2_1)
     1    0.001930    0.048829    0.204211    0.581078 ^ g229/X (sky130_fd_sc_hd__and2_1)
                                                         n269 (net)
                      0.048829    0.000059    0.581137 ^ g232/B (sky130_fd_sc_hd__or2_1)
     2    0.008919    0.092656    0.135662    0.716799 ^ g232/X (sky130_fd_sc_hd__or2_1)
                                                         n272 (net)
                      0.092656    0.000325    0.717124 ^ g646/B (sky130_fd_sc_hd__xor2_1)
     2    0.008052    0.203712    0.227724    0.944848 ^ g646/X (sky130_fd_sc_hd__xor2_1)
                                                         n686 (net)
                      0.203712    0.000202    0.945051 ^ g649/A1 (sky130_fd_sc_hd__a21o_1)
     2    0.007438    0.075020    0.176656    1.121707 ^ g649/X (sky130_fd_sc_hd__a21o_1)
                                                         n689 (net)
                      0.075020    0.000238    1.121945 ^ g726/B (sky130_fd_sc_hd__xor2_1)
     2    0.007878    0.200590    0.221435    1.343380 ^ g726/X (sky130_fd_sc_hd__xor2_1)
                                                         n766 (net)
                      0.200590    0.000092    1.343472 ^ g729/A1 (sky130_fd_sc_hd__a21o_1)
     2    0.009265    0.089344    0.187710    1.531182 ^ g729/X (sky130_fd_sc_hd__a21o_1)
                                                         n769 (net)
                      0.089344    0.000328    1.531510 ^ g792/B (sky130_fd_sc_hd__xor2_1)
     2    0.007971    0.202273    0.225919    1.757429 ^ g792/X (sky130_fd_sc_hd__xor2_1)
                                                         n832 (net)
                      0.202273    0.000104    1.757533 ^ g794/A (sky130_fd_sc_hd__xor2_1)
     2    0.006919    0.183470    0.227482    1.985015 ^ g794/X (sky130_fd_sc_hd__xor2_1)
                                                         n834 (net)
                      0.183470    0.000126    1.985141 ^ g850/B (sky130_fd_sc_hd__xor2_1)
     2    0.007988    0.202557    0.241451    2.226592 ^ g850/X (sky130_fd_sc_hd__xor2_1)
                                                         n890 (net)
                      0.202557    0.000201    2.226792 ^ g852/A (sky130_fd_sc_hd__xor2_1)
     2    0.012626    0.287043    0.309037    2.535829 ^ g852/X (sky130_fd_sc_hd__xor2_1)
                                                         n892 (net)
                      0.287045    0.000565    2.536394 ^ g1165/B (sky130_fd_sc_hd__xor2_1)
     5    0.023820    0.492536    0.477105    3.013500 ^ g1165/X (sky130_fd_sc_hd__xor2_1)
                                                         n1205 (net)
                      0.492541    0.001381    3.014881 ^ g1212/A (sky130_fd_sc_hd__and2_1)
     4    0.008629    0.100828    0.252899    3.267780 ^ g1212/X (sky130_fd_sc_hd__and2_1)
                                                         n1252 (net)
                      0.100828    0.000111    3.267890 ^ g1261/A (sky130_fd_sc_hd__and2_1)
     4    0.011798    0.125692    0.199862    3.467752 ^ g1261/X (sky130_fd_sc_hd__and2_1)
                                                         n1301 (net)
                      0.125692    0.000500    3.468253 ^ g1316/B (sky130_fd_sc_hd__and2_1)
     3    0.007548    0.087378    0.178939    3.647192 ^ g1316/X (sky130_fd_sc_hd__and2_1)
                                                         n1356 (net)
                      0.087378    0.000182    3.647374 ^ g1347/A (sky130_fd_sc_hd__and2_1)
     3    0.008173    0.092795    0.169868    3.817242 ^ g1347/X (sky130_fd_sc_hd__and2_1)
                                                         n1387 (net)
                      0.092795    0.000066    3.817308 ^ g1353/A1 (sky130_fd_sc_hd__a21o_1)
     1    0.008085    0.081240    0.153773    3.971081 ^ g1353/X (sky130_fd_sc_hd__a21o_1)
                                                         n1393 (net)
                      0.081240    0.000338    3.971418 ^ g1374/B (sky130_fd_sc_hd__xor2_1)
     3    0.020986    0.186678    0.162090    4.133509 v g1374/X (sky130_fd_sc_hd__xor2_1)
                                                         n1414 (net)
                      0.186765    0.001717    4.135226 v g1700/A (sky130_fd_sc_hd__xnor2_1)
     8    0.054767    1.168417    1.022170    5.157395 ^ g1700/Y (sky130_fd_sc_hd__xnor2_1)
                                                         n1740 (net)
                      1.168417    0.001108    5.158503 ^ g1745/A (sky130_fd_sc_hd__and2_1)
     3    0.008201    0.106526    0.300024    5.458528 ^ g1745/X (sky130_fd_sc_hd__and2_1)
                                                         n1785 (net)
                      0.106526    0.000147    5.458674 ^ g1785/B (sky130_fd_sc_hd__and2_1)
     2    0.005558    0.088569    0.159159    5.617834 ^ g1785/X (sky130_fd_sc_hd__and2_1)
                                                         n1825 (net)
                      0.088569    0.000127    5.617961 ^ g1819/A (sky130_fd_sc_hd__and2_1)
     2    0.006252    0.075835    0.156368    5.774329 ^ g1819/X (sky130_fd_sc_hd__and2_1)
                                                         n1859 (net)
                      0.075835    0.000171    5.774500 ^ g1845/A (sky130_fd_sc_hd__and2_1)
     2    0.005052    0.065331    0.143180    5.917680 ^ g1845/X (sky130_fd_sc_hd__and2_1)
                                                         n1885 (net)
                      0.065331    0.000134    5.917813 ^ g1854/A1 (sky130_fd_sc_hd__a21o_1)
    22    0.047358    0.405364    0.384988    6.302802 ^ g1854/X (sky130_fd_sc_hd__a21o_1)
                                                         n1894 (net)
                      0.405372    0.001634    6.304436 ^ g2002/A (sky130_fd_sc_hd__inv_1)
    21    0.043140    0.238875    0.313200    6.617636 v g2002/Y (sky130_fd_sc_hd__inv_1)
                                                         n2042 (net)
                      0.238879    0.001470    6.619107 v g2033/B (sky130_fd_sc_hd__and2_1)
     1    0.011277    0.070018    0.291665    6.910772 v g2033/X (sky130_fd_sc_hd__and2_1)
                                                         zP[7] (net)
                      0.070018    0.000218    6.910991 v zP[7] (out)
                                              6.910991   data arrival time

                      0.000000   10.000000   10.000000   clock __VIRTUAL_CLK__ (rise edge)
                                  0.000000   10.000000   clock network delay (ideal)
                                  0.000000   10.000000   clock reconvergence pessimism
                                  0.000000   10.000000   output external delay
                                             10.000000   data required time
---------------------------------------------------------------------------------------------
                                             10.000000   data required time
                                             -6.910991   data arrival time
---------------------------------------------------------------------------------------------
                                              3.089010   slack (MET)


Startpoint: xN[3] (input port clocked by __VIRTUAL_CLK__)
Endpoint: zP[13] (output port clocked by __VIRTUAL_CLK__)
Path Group: __VIRTUAL_CLK__
Path Type: max

Fanout         Cap        Slew       Delay        Time   Description
---------------------------------------------------------------------------------------------
                      0.000000    0.000000    0.000000   clock __VIRTUAL_CLK__ (rise edge)
                                  0.000000    0.000000   clock network delay (ideal)
                                  0.000000    0.000000 ^ input external delay
    20    0.115344    0.518546    0.376867    0.376867 ^ xN[3] (in)
                                                         xN[3] (net)
                      0.518613    0.000000    0.376867 ^ g229/A (sky130_fd_sc_hd__and2_1)
     1    0.001930    0.048829    0.204211    0.581078 ^ g229/X (sky130_fd_sc_hd__and2_1)
                                                         n269 (net)
                      0.048829    0.000059    0.581137 ^ g232/B (sky130_fd_sc_hd__or2_1)
     2    0.008919    0.092656    0.135662    0.716799 ^ g232/X (sky130_fd_sc_hd__or2_1)
                                                         n272 (net)
                      0.092656    0.000325    0.717124 ^ g646/B (sky130_fd_sc_hd__xor2_1)
     2    0.008052    0.203712    0.227724    0.944848 ^ g646/X (sky130_fd_sc_hd__xor2_1)
                                                         n686 (net)
                      0.203712    0.000202    0.945051 ^ g649/A1 (sky130_fd_sc_hd__a21o_1)
     2    0.007438    0.075020    0.176656    1.121707 ^ g649/X (sky130_fd_sc_hd__a21o_1)
                                                         n689 (net)
                      0.075020    0.000238    1.121945 ^ g726/B (sky130_fd_sc_hd__xor2_1)
     2    0.007878    0.200590    0.221435    1.343380 ^ g726/X (sky130_fd_sc_hd__xor2_1)
                                                         n766 (net)
                      0.200590    0.000092    1.343472 ^ g729/A1 (sky130_fd_sc_hd__a21o_1)
     2    0.009265    0.089344    0.187710    1.531182 ^ g729/X (sky130_fd_sc_hd__a21o_1)
                                                         n769 (net)
                      0.089344    0.000328    1.531510 ^ g792/B (sky130_fd_sc_hd__xor2_1)
     2    0.007971    0.202273    0.225919    1.757429 ^ g792/X (sky130_fd_sc_hd__xor2_1)
                                                         n832 (net)
                      0.202273    0.000104    1.757533 ^ g794/A (sky130_fd_sc_hd__xor2_1)
     2    0.006919    0.183470    0.227482    1.985015 ^ g794/X (sky130_fd_sc_hd__xor2_1)
                                                         n834 (net)
                      0.183470    0.000126    1.985141 ^ g850/B (sky130_fd_sc_hd__xor2_1)
     2    0.007988    0.202557    0.241451    2.226592 ^ g850/X (sky130_fd_sc_hd__xor2_1)
                                                         n890 (net)
                      0.202557    0.000201    2.226792 ^ g852/A (sky130_fd_sc_hd__xor2_1)
     2    0.012626    0.287043    0.309037    2.535829 ^ g852/X (sky130_fd_sc_hd__xor2_1)
                                                         n892 (net)
                      0.287045    0.000565    2.536394 ^ g1165/B (sky130_fd_sc_hd__xor2_1)
     5    0.023820    0.492536    0.477105    3.013500 ^ g1165/X (sky130_fd_sc_hd__xor2_1)
                                                         n1205 (net)
                      0.492541    0.001381    3.014881 ^ g1212/A (sky130_fd_sc_hd__and2_1)
     4    0.008629    0.100828    0.252899    3.267780 ^ g1212/X (sky130_fd_sc_hd__and2_1)
                                                         n1252 (net)
                      0.100828    0.000111    3.267890 ^ g1261/A (sky130_fd_sc_hd__and2_1)
     4    0.011798    0.125692    0.199862    3.467752 ^ g1261/X (sky130_fd_sc_hd__and2_1)
                                                         n1301 (net)
                      0.125692    0.000500    3.468253 ^ g1316/B (sky130_fd_sc_hd__and2_1)
     3    0.007548    0.087378    0.178939    3.647192 ^ g1316/X (sky130_fd_sc_hd__and2_1)
                                                         n1356 (net)
                      0.087378    0.000182    3.647374 ^ g1347/A (sky130_fd_sc_hd__and2_1)
     3    0.008173    0.092795    0.169868    3.817242 ^ g1347/X (sky130_fd_sc_hd__and2_1)
                                                         n1387 (net)
                      0.092795    0.000066    3.817308 ^ g1353/A1 (sky130_fd_sc_hd__a21o_1)
     1    0.008085    0.081240    0.153773    3.971081 ^ g1353/X (sky130_fd_sc_hd__a21o_1)
                                                         n1393 (net)
                      0.081240    0.000338    3.971418 ^ g1374/B (sky130_fd_sc_hd__xor2_1)
     3    0.020986    0.186678    0.162090    4.133509 v g1374/X (sky130_fd_sc_hd__xor2_1)
                                                         n1414 (net)
                      0.186765    0.001717    4.135226 v g1700/A (sky130_fd_sc_hd__xnor2_1)
     8    0.054767    1.168417    1.022170    5.157395 ^ g1700/Y (sky130_fd_sc_hd__xnor2_1)
                                                         n1740 (net)
                      1.168417    0.001108    5.158503 ^ g1745/A (sky130_fd_sc_hd__and2_1)
     3    0.008201    0.106526    0.300024    5.458528 ^ g1745/X (sky130_fd_sc_hd__and2_1)
                                                         n1785 (net)
                      0.106526    0.000147    5.458674 ^ g1785/B (sky130_fd_sc_hd__and2_1)
     2    0.005558    0.088569    0.159159    5.617834 ^ g1785/X (sky130_fd_sc_hd__and2_1)
                                                         n1825 (net)
                      0.088569    0.000127    5.617961 ^ g1819/A (sky130_fd_sc_hd__and2_1)
     2    0.006252    0.075835    0.156368    5.774329 ^ g1819/X (sky130_fd_sc_hd__and2_1)
                                                         n1859 (net)
                      0.075835    0.000171    5.774500 ^ g1845/A (sky130_fd_sc_hd__and2_1)
     2    0.005052    0.065331    0.143180    5.917680 ^ g1845/X (sky130_fd_sc_hd__and2_1)
                                                         n1885 (net)
                      0.065331    0.000134    5.917813 ^ g1854/A1 (sky130_fd_sc_hd__a21o_1)
    22    0.047358    0.405364    0.384988    6.302802 ^ g1854/X (sky130_fd_sc_hd__a21o_1)
                                                         n1894 (net)
                      0.405372    0.001634    6.304436 ^ g2002/A (sky130_fd_sc_hd__inv_1)
    21    0.043140    0.238875    0.313200    6.617636 v g2002/Y (sky130_fd_sc_hd__inv_1)
                                                         n2042 (net)
                      0.238875    0.000505    6.618141 v g2057/B (sky130_fd_sc_hd__and2_1)
     1    0.011383    0.070467    0.292045    6.910186 v g2057/X (sky130_fd_sc_hd__and2_1)
                                                         zP[13] (net)
                      0.070467    0.000274    6.910460 v zP[13] (out)
                                              6.910460   data arrival time

                      0.000000   10.000000   10.000000   clock __VIRTUAL_CLK__ (rise edge)
                                  0.000000   10.000000   clock network delay (ideal)
                                  0.000000   10.000000   clock reconvergence pessimism
                                  0.000000   10.000000   output external delay
                                             10.000000   data required time
---------------------------------------------------------------------------------------------
                                             10.000000   data required time
                                             -6.910460   data arrival time
---------------------------------------------------------------------------------------------
                                              3.089541   slack (MET)


Startpoint: xN[3] (input port clocked by __VIRTUAL_CLK__)
Endpoint: zP[3] (output port clocked by __VIRTUAL_CLK__)
Path Group: __VIRTUAL_CLK__
Path Type: max

Fanout         Cap        Slew       Delay        Time   Description
---------------------------------------------------------------------------------------------
                      0.000000    0.000000    0.000000   clock __VIRTUAL_CLK__ (rise edge)
                                  0.000000    0.000000   clock network delay (ideal)
                                  0.000000    0.000000 ^ input external delay
    20    0.115344    0.518546    0.376867    0.376867 ^ xN[3] (in)
                                                         xN[3] (net)
                      0.518613    0.000000    0.376867 ^ g229/A (sky130_fd_sc_hd__and2_1)
     1    0.001930    0.048829    0.204211    0.581078 ^ g229/X (sky130_fd_sc_hd__and2_1)
                                                         n269 (net)
                      0.048829    0.000059    0.581137 ^ g232/B (sky130_fd_sc_hd__or2_1)
     2    0.008919    0.092656    0.135662    0.716799 ^ g232/X (sky130_fd_sc_hd__or2_1)
                                                         n272 (net)
                      0.092656    0.000325    0.717124 ^ g646/B (sky130_fd_sc_hd__xor2_1)
     2    0.008052    0.203712    0.227724    0.944848 ^ g646/X (sky130_fd_sc_hd__xor2_1)
                                                         n686 (net)
                      0.203712    0.000202    0.945051 ^ g649/A1 (sky130_fd_sc_hd__a21o_1)
     2    0.007438    0.075020    0.176656    1.121707 ^ g649/X (sky130_fd_sc_hd__a21o_1)
                                                         n689 (net)
                      0.075020    0.000238    1.121945 ^ g726/B (sky130_fd_sc_hd__xor2_1)
     2    0.007878    0.200590    0.221435    1.343380 ^ g726/X (sky130_fd_sc_hd__xor2_1)
                                                         n766 (net)
                      0.200590    0.000092    1.343472 ^ g729/A1 (sky130_fd_sc_hd__a21o_1)
     2    0.009265    0.089344    0.187710    1.531182 ^ g729/X (sky130_fd_sc_hd__a21o_1)
                                                         n769 (net)
                      0.089344    0.000328    1.531510 ^ g792/B (sky130_fd_sc_hd__xor2_1)
     2    0.007971    0.202273    0.225919    1.757429 ^ g792/X (sky130_fd_sc_hd__xor2_1)
                                                         n832 (net)
                      0.202273    0.000104    1.757533 ^ g794/A (sky130_fd_sc_hd__xor2_1)
     2    0.006919    0.183470    0.227482    1.985015 ^ g794/X (sky130_fd_sc_hd__xor2_1)
                                                         n834 (net)
                      0.183470    0.000126    1.985141 ^ g850/B (sky130_fd_sc_hd__xor2_1)
     2    0.007988    0.202557    0.241451    2.226592 ^ g850/X (sky130_fd_sc_hd__xor2_1)
                                                         n890 (net)
                      0.202557    0.000201    2.226792 ^ g852/A (sky130_fd_sc_hd__xor2_1)
     2    0.012626    0.287043    0.309037    2.535829 ^ g852/X (sky130_fd_sc_hd__xor2_1)
                                                         n892 (net)
                      0.287045    0.000565    2.536394 ^ g1165/B (sky130_fd_sc_hd__xor2_1)
     5    0.023820    0.492536    0.477105    3.013500 ^ g1165/X (sky130_fd_sc_hd__xor2_1)
                                                         n1205 (net)
                      0.492541    0.001381    3.014881 ^ g1212/A (sky130_fd_sc_hd__and2_1)
     4    0.008629    0.100828    0.252899    3.267780 ^ g1212/X (sky130_fd_sc_hd__and2_1)
                                                         n1252 (net)
                      0.100828    0.000111    3.267890 ^ g1261/A (sky130_fd_sc_hd__and2_1)
     4    0.011798    0.125692    0.199862    3.467752 ^ g1261/X (sky130_fd_sc_hd__and2_1)
                                                         n1301 (net)
                      0.125692    0.000500    3.468253 ^ g1316/B (sky130_fd_sc_hd__and2_1)
     3    0.007548    0.087378    0.178939    3.647192 ^ g1316/X (sky130_fd_sc_hd__and2_1)
                                                         n1356 (net)
                      0.087378    0.000182    3.647374 ^ g1347/A (sky130_fd_sc_hd__and2_1)
     3    0.008173    0.092795    0.169868    3.817242 ^ g1347/X (sky130_fd_sc_hd__and2_1)
                                                         n1387 (net)
                      0.092795    0.000066    3.817308 ^ g1353/A1 (sky130_fd_sc_hd__a21o_1)
     1    0.008085    0.081240    0.153773    3.971081 ^ g1353/X (sky130_fd_sc_hd__a21o_1)
                                                         n1393 (net)
                      0.081240    0.000338    3.971418 ^ g1374/B (sky130_fd_sc_hd__xor2_1)
     3    0.020986    0.186678    0.162090    4.133509 v g1374/X (sky130_fd_sc_hd__xor2_1)
                                                         n1414 (net)
                      0.186765    0.001717    4.135226 v g1700/A (sky130_fd_sc_hd__xnor2_1)
     8    0.054767    1.168417    1.022170    5.157395 ^ g1700/Y (sky130_fd_sc_hd__xnor2_1)
                                                         n1740 (net)
                      1.168417    0.001108    5.158503 ^ g1745/A (sky130_fd_sc_hd__and2_1)
     3    0.008201    0.106526    0.300024    5.458528 ^ g1745/X (sky130_fd_sc_hd__and2_1)
                                                         n1785 (net)
                      0.106526    0.000147    5.458674 ^ g1785/B (sky130_fd_sc_hd__and2_1)
     2    0.005558    0.088569    0.159159    5.617834 ^ g1785/X (sky130_fd_sc_hd__and2_1)
                                                         n1825 (net)
                      0.088569    0.000127    5.617961 ^ g1819/A (sky130_fd_sc_hd__and2_1)
     2    0.006252    0.075835    0.156368    5.774329 ^ g1819/X (sky130_fd_sc_hd__and2_1)
                                                         n1859 (net)
                      0.075835    0.000171    5.774500 ^ g1845/A (sky130_fd_sc_hd__and2_1)
     2    0.005052    0.065331    0.143180    5.917680 ^ g1845/X (sky130_fd_sc_hd__and2_1)
                                                         n1885 (net)
                      0.065331    0.000134    5.917813 ^ g1854/A1 (sky130_fd_sc_hd__a21o_1)
    22    0.047358    0.405364    0.384988    6.302802 ^ g1854/X (sky130_fd_sc_hd__a21o_1)
                                                         n1894 (net)
                      0.405372    0.001634    6.304436 ^ g2002/A (sky130_fd_sc_hd__inv_1)
    21    0.043140    0.238875    0.313200    6.617636 v g2002/Y (sky130_fd_sc_hd__inv_1)
                                                         n2042 (net)
                      0.238962    0.001730    6.619366 v g2017/B (sky130_fd_sc_hd__and2_1)
     1    0.010995    0.068847    0.290616    6.909983 v g2017/X (sky130_fd_sc_hd__and2_1)
                                                         zP[3] (net)
                      0.068847    0.000211    6.910193 v zP[3] (out)
                                              6.910193   data arrival time

                      0.000000   10.000000   10.000000   clock __VIRTUAL_CLK__ (rise edge)
                                  0.000000   10.000000   clock network delay (ideal)
                                  0.000000   10.000000   clock reconvergence pessimism
                                  0.000000   10.000000   output external delay
                                             10.000000   data required time
---------------------------------------------------------------------------------------------
                                             10.000000   data required time
                                             -6.910193   data arrival time
---------------------------------------------------------------------------------------------
                                              3.089807   slack (MET)


Startpoint: xN[3] (input port clocked by __VIRTUAL_CLK__)
Endpoint: zP[17] (output port clocked by __VIRTUAL_CLK__)
Path Group: __VIRTUAL_CLK__
Path Type: max

Fanout         Cap        Slew       Delay        Time   Description
---------------------------------------------------------------------------------------------
                      0.000000    0.000000    0.000000   clock __VIRTUAL_CLK__ (rise edge)
                                  0.000000    0.000000   clock network delay (ideal)
                                  0.000000    0.000000 ^ input external delay
    20    0.115344    0.518546    0.376867    0.376867 ^ xN[3] (in)
                                                         xN[3] (net)
                      0.518613    0.000000    0.376867 ^ g229/A (sky130_fd_sc_hd__and2_1)
     1    0.001930    0.048829    0.204211    0.581078 ^ g229/X (sky130_fd_sc_hd__and2_1)
                                                         n269 (net)
                      0.048829    0.000059    0.581137 ^ g232/B (sky130_fd_sc_hd__or2_1)
     2    0.008919    0.092656    0.135662    0.716799 ^ g232/X (sky130_fd_sc_hd__or2_1)
                                                         n272 (net)
                      0.092656    0.000325    0.717124 ^ g646/B (sky130_fd_sc_hd__xor2_1)
     2    0.008052    0.203712    0.227724    0.944848 ^ g646/X (sky130_fd_sc_hd__xor2_1)
                                                         n686 (net)
                      0.203712    0.000202    0.945051 ^ g649/A1 (sky130_fd_sc_hd__a21o_1)
     2    0.007438    0.075020    0.176656    1.121707 ^ g649/X (sky130_fd_sc_hd__a21o_1)
                                                         n689 (net)
                      0.075020    0.000238    1.121945 ^ g726/B (sky130_fd_sc_hd__xor2_1)
     2    0.007878    0.200590    0.221435    1.343380 ^ g726/X (sky130_fd_sc_hd__xor2_1)
                                                         n766 (net)
                      0.200590    0.000092    1.343472 ^ g729/A1 (sky130_fd_sc_hd__a21o_1)
     2    0.009265    0.089344    0.187710    1.531182 ^ g729/X (sky130_fd_sc_hd__a21o_1)
                                                         n769 (net)
                      0.089344    0.000328    1.531510 ^ g792/B (sky130_fd_sc_hd__xor2_1)
     2    0.007971    0.202273    0.225919    1.757429 ^ g792/X (sky130_fd_sc_hd__xor2_1)
                                                         n832 (net)
                      0.202273    0.000104    1.757533 ^ g794/A (sky130_fd_sc_hd__xor2_1)
     2    0.006919    0.183470    0.227482    1.985015 ^ g794/X (sky130_fd_sc_hd__xor2_1)
                                                         n834 (net)
                      0.183470    0.000126    1.985141 ^ g850/B (sky130_fd_sc_hd__xor2_1)
     2    0.007988    0.202557    0.241451    2.226592 ^ g850/X (sky130_fd_sc_hd__xor2_1)
                                                         n890 (net)
                      0.202557    0.000201    2.226792 ^ g852/A (sky130_fd_sc_hd__xor2_1)
     2    0.012626    0.287043    0.309037    2.535829 ^ g852/X (sky130_fd_sc_hd__xor2_1)
                                                         n892 (net)
                      0.287045    0.000565    2.536394 ^ g1165/B (sky130_fd_sc_hd__xor2_1)
     5    0.023820    0.492536    0.477105    3.013500 ^ g1165/X (sky130_fd_sc_hd__xor2_1)
                                                         n1205 (net)
                      0.492541    0.001381    3.014881 ^ g1212/A (sky130_fd_sc_hd__and2_1)
     4    0.008629    0.100828    0.252899    3.267780 ^ g1212/X (sky130_fd_sc_hd__and2_1)
                                                         n1252 (net)
                      0.100828    0.000111    3.267890 ^ g1261/A (sky130_fd_sc_hd__and2_1)
     4    0.011798    0.125692    0.199862    3.467752 ^ g1261/X (sky130_fd_sc_hd__and2_1)
                                                         n1301 (net)
                      0.125692    0.000500    3.468253 ^ g1316/B (sky130_fd_sc_hd__and2_1)
     3    0.007548    0.087378    0.178939    3.647192 ^ g1316/X (sky130_fd_sc_hd__and2_1)
                                                         n1356 (net)
                      0.087378    0.000182    3.647374 ^ g1347/A (sky130_fd_sc_hd__and2_1)
     3    0.008173    0.092795    0.169868    3.817242 ^ g1347/X (sky130_fd_sc_hd__and2_1)
                                                         n1387 (net)
                      0.092795    0.000066    3.817308 ^ g1353/A1 (sky130_fd_sc_hd__a21o_1)
     1    0.008085    0.081240    0.153773    3.971081 ^ g1353/X (sky130_fd_sc_hd__a21o_1)
                                                         n1393 (net)
                      0.081240    0.000338    3.971418 ^ g1374/B (sky130_fd_sc_hd__xor2_1)
     3    0.020986    0.186678    0.162090    4.133509 v g1374/X (sky130_fd_sc_hd__xor2_1)
                                                         n1414 (net)
                      0.186765    0.001717    4.135226 v g1700/A (sky130_fd_sc_hd__xnor2_1)
     8    0.054767    1.168417    1.022170    5.157395 ^ g1700/Y (sky130_fd_sc_hd__xnor2_1)
                                                         n1740 (net)
                      1.168417    0.001108    5.158503 ^ g1745/A (sky130_fd_sc_hd__and2_1)
     3    0.008201    0.106526    0.300024    5.458528 ^ g1745/X (sky130_fd_sc_hd__and2_1)
                                                         n1785 (net)
                      0.106526    0.000147    5.458674 ^ g1785/B (sky130_fd_sc_hd__and2_1)
     2    0.005558    0.088569    0.159159    5.617834 ^ g1785/X (sky130_fd_sc_hd__and2_1)
                                                         n1825 (net)
                      0.088569    0.000127    5.617961 ^ g1819/A (sky130_fd_sc_hd__and2_1)
     2    0.006252    0.075835    0.156368    5.774329 ^ g1819/X (sky130_fd_sc_hd__and2_1)
                                                         n1859 (net)
                      0.075835    0.000171    5.774500 ^ g1845/A (sky130_fd_sc_hd__and2_1)
     2    0.005052    0.065331    0.143180    5.917680 ^ g1845/X (sky130_fd_sc_hd__and2_1)
                                                         n1885 (net)
                      0.065331    0.000134    5.917813 ^ g1854/A1 (sky130_fd_sc_hd__a21o_1)
    22    0.047358    0.405364    0.384988    6.302802 ^ g1854/X (sky130_fd_sc_hd__a21o_1)
                                                         n1894 (net)
                      0.405372    0.001634    6.304436 ^ g2002/A (sky130_fd_sc_hd__inv_1)
    21    0.043140    0.238875    0.313200    6.617636 v g2002/Y (sky130_fd_sc_hd__inv_1)
                                                         n2042 (net)
                      0.238875    0.000905    6.618541 v g2073/B (sky130_fd_sc_hd__and2_1)
     1    0.011160    0.069542    0.291184    6.909725 v g2073/X (sky130_fd_sc_hd__and2_1)
                                                         zP[17] (net)
                      0.069542    0.000270    6.909994 v zP[17] (out)
                                              6.909994   data arrival time

                      0.000000   10.000000   10.000000   clock __VIRTUAL_CLK__ (rise edge)
                                  0.000000   10.000000   clock network delay (ideal)
                                  0.000000   10.000000   clock reconvergence pessimism
                                  0.000000   10.000000   output external delay
                                             10.000000   data required time
---------------------------------------------------------------------------------------------
                                             10.000000   data required time
                                             -6.909994   data arrival time
---------------------------------------------------------------------------------------------
                                              3.090006   slack (MET)


Startpoint: xN[3] (input port clocked by __VIRTUAL_CLK__)
Endpoint: zP[2] (output port clocked by __VIRTUAL_CLK__)
Path Group: __VIRTUAL_CLK__
Path Type: max

Fanout         Cap        Slew       Delay        Time   Description
---------------------------------------------------------------------------------------------
                      0.000000    0.000000    0.000000   clock __VIRTUAL_CLK__ (rise edge)
                                  0.000000    0.000000   clock network delay (ideal)
                                  0.000000    0.000000 ^ input external delay
    20    0.115344    0.518546    0.376867    0.376867 ^ xN[3] (in)
                                                         xN[3] (net)
                      0.518613    0.000000    0.376867 ^ g229/A (sky130_fd_sc_hd__and2_1)
     1    0.001930    0.048829    0.204211    0.581078 ^ g229/X (sky130_fd_sc_hd__and2_1)
                                                         n269 (net)
                      0.048829    0.000059    0.581137 ^ g232/B (sky130_fd_sc_hd__or2_1)
     2    0.008919    0.092656    0.135662    0.716799 ^ g232/X (sky130_fd_sc_hd__or2_1)
                                                         n272 (net)
                      0.092656    0.000325    0.717124 ^ g646/B (sky130_fd_sc_hd__xor2_1)
     2    0.008052    0.203712    0.227724    0.944848 ^ g646/X (sky130_fd_sc_hd__xor2_1)
                                                         n686 (net)
                      0.203712    0.000202    0.945051 ^ g649/A1 (sky130_fd_sc_hd__a21o_1)
     2    0.007438    0.075020    0.176656    1.121707 ^ g649/X (sky130_fd_sc_hd__a21o_1)
                                                         n689 (net)
                      0.075020    0.000238    1.121945 ^ g726/B (sky130_fd_sc_hd__xor2_1)
     2    0.007878    0.200590    0.221435    1.343380 ^ g726/X (sky130_fd_sc_hd__xor2_1)
                                                         n766 (net)
                      0.200590    0.000092    1.343472 ^ g729/A1 (sky130_fd_sc_hd__a21o_1)
     2    0.009265    0.089344    0.187710    1.531182 ^ g729/X (sky130_fd_sc_hd__a21o_1)
                                                         n769 (net)
                      0.089344    0.000328    1.531510 ^ g792/B (sky130_fd_sc_hd__xor2_1)
     2    0.007971    0.202273    0.225919    1.757429 ^ g792/X (sky130_fd_sc_hd__xor2_1)
                                                         n832 (net)
                      0.202273    0.000104    1.757533 ^ g794/A (sky130_fd_sc_hd__xor2_1)
     2    0.006919    0.183470    0.227482    1.985015 ^ g794/X (sky130_fd_sc_hd__xor2_1)
                                                         n834 (net)
                      0.183470    0.000126    1.985141 ^ g850/B (sky130_fd_sc_hd__xor2_1)
     2    0.007988    0.202557    0.241451    2.226592 ^ g850/X (sky130_fd_sc_hd__xor2_1)
                                                         n890 (net)
                      0.202557    0.000201    2.226792 ^ g852/A (sky130_fd_sc_hd__xor2_1)
     2    0.012626    0.287043    0.309037    2.535829 ^ g852/X (sky130_fd_sc_hd__xor2_1)
                                                         n892 (net)
                      0.287045    0.000565    2.536394 ^ g1165/B (sky130_fd_sc_hd__xor2_1)
     5    0.023820    0.492536    0.477105    3.013500 ^ g1165/X (sky130_fd_sc_hd__xor2_1)
                                                         n1205 (net)
                      0.492541    0.001381    3.014881 ^ g1212/A (sky130_fd_sc_hd__and2_1)
     4    0.008629    0.100828    0.252899    3.267780 ^ g1212/X (sky130_fd_sc_hd__and2_1)
                                                         n1252 (net)
                      0.100828    0.000111    3.267890 ^ g1261/A (sky130_fd_sc_hd__and2_1)
     4    0.011798    0.125692    0.199862    3.467752 ^ g1261/X (sky130_fd_sc_hd__and2_1)
                                                         n1301 (net)
                      0.125692    0.000500    3.468253 ^ g1316/B (sky130_fd_sc_hd__and2_1)
     3    0.007548    0.087378    0.178939    3.647192 ^ g1316/X (sky130_fd_sc_hd__and2_1)
                                                         n1356 (net)
                      0.087378    0.000182    3.647374 ^ g1347/A (sky130_fd_sc_hd__and2_1)
     3    0.008173    0.092795    0.169868    3.817242 ^ g1347/X (sky130_fd_sc_hd__and2_1)
                                                         n1387 (net)
                      0.092795    0.000066    3.817308 ^ g1353/A1 (sky130_fd_sc_hd__a21o_1)
     1    0.008085    0.081240    0.153773    3.971081 ^ g1353/X (sky130_fd_sc_hd__a21o_1)
                                                         n1393 (net)
                      0.081240    0.000338    3.971418 ^ g1374/B (sky130_fd_sc_hd__xor2_1)
     3    0.020986    0.186678    0.162090    4.133509 v g1374/X (sky130_fd_sc_hd__xor2_1)
                                                         n1414 (net)
                      0.186765    0.001717    4.135226 v g1700/A (sky130_fd_sc_hd__xnor2_1)
     8    0.054767    1.168417    1.022170    5.157395 ^ g1700/Y (sky130_fd_sc_hd__xnor2_1)
                                                         n1740 (net)
                      1.168417    0.001108    5.158503 ^ g1745/A (sky130_fd_sc_hd__and2_1)
     3    0.008201    0.106526    0.300024    5.458528 ^ g1745/X (sky130_fd_sc_hd__and2_1)
                                                         n1785 (net)
                      0.106526    0.000147    5.458674 ^ g1785/B (sky130_fd_sc_hd__and2_1)
     2    0.005558    0.088569    0.159159    5.617834 ^ g1785/X (sky130_fd_sc_hd__and2_1)
                                                         n1825 (net)
                      0.088569    0.000127    5.617961 ^ g1819/A (sky130_fd_sc_hd__and2_1)
     2    0.006252    0.075835    0.156368    5.774329 ^ g1819/X (sky130_fd_sc_hd__and2_1)
                                                         n1859 (net)
                      0.075835    0.000171    5.774500 ^ g1845/A (sky130_fd_sc_hd__and2_1)
     2    0.005052    0.065331    0.143180    5.917680 ^ g1845/X (sky130_fd_sc_hd__and2_1)
                                                         n1885 (net)
                      0.065331    0.000134    5.917813 ^ g1854/A1 (sky130_fd_sc_hd__a21o_1)
    22    0.047358    0.405364    0.384988    6.302802 ^ g1854/X (sky130_fd_sc_hd__a21o_1)
                                                         n1894 (net)
                      0.405372    0.001634    6.304436 ^ g2002/A (sky130_fd_sc_hd__inv_1)
    21    0.043140    0.238875    0.313200    6.617636 v g2002/Y (sky130_fd_sc_hd__inv_1)
                                                         n2042 (net)
                      0.238963    0.001790    6.619426 v g2013/B (sky130_fd_sc_hd__and2_1)
     1    0.010901    0.068457    0.290251    6.909678 v g2013/X (sky130_fd_sc_hd__and2_1)
                                                         zP[2] (net)
                      0.068457    0.000208    6.909886 v zP[2] (out)
                                              6.909886   data arrival time

                      0.000000   10.000000   10.000000   clock __VIRTUAL_CLK__ (rise edge)
                                  0.000000   10.000000   clock network delay (ideal)
                                  0.000000   10.000000   clock reconvergence pessimism
                                  0.000000   10.000000   output external delay
                                             10.000000   data required time
---------------------------------------------------------------------------------------------
                                             10.000000   data required time
                                             -6.909886   data arrival time
---------------------------------------------------------------------------------------------
                                              3.090114   slack (MET)


Startpoint: xN[3] (input port clocked by __VIRTUAL_CLK__)
Endpoint: zP[9] (output port clocked by __VIRTUAL_CLK__)
Path Group: __VIRTUAL_CLK__
Path Type: max

Fanout         Cap        Slew       Delay        Time   Description
---------------------------------------------------------------------------------------------
                      0.000000    0.000000    0.000000   clock __VIRTUAL_CLK__ (rise edge)
                                  0.000000    0.000000   clock network delay (ideal)
                                  0.000000    0.000000 ^ input external delay
    20    0.115344    0.518546    0.376867    0.376867 ^ xN[3] (in)
                                                         xN[3] (net)
                      0.518613    0.000000    0.376867 ^ g229/A (sky130_fd_sc_hd__and2_1)
     1    0.001930    0.048829    0.204211    0.581078 ^ g229/X (sky130_fd_sc_hd__and2_1)
                                                         n269 (net)
                      0.048829    0.000059    0.581137 ^ g232/B (sky130_fd_sc_hd__or2_1)
     2    0.008919    0.092656    0.135662    0.716799 ^ g232/X (sky130_fd_sc_hd__or2_1)
                                                         n272 (net)
                      0.092656    0.000325    0.717124 ^ g646/B (sky130_fd_sc_hd__xor2_1)
     2    0.008052    0.203712    0.227724    0.944848 ^ g646/X (sky130_fd_sc_hd__xor2_1)
                                                         n686 (net)
                      0.203712    0.000202    0.945051 ^ g649/A1 (sky130_fd_sc_hd__a21o_1)
     2    0.007438    0.075020    0.176656    1.121707 ^ g649/X (sky130_fd_sc_hd__a21o_1)
                                                         n689 (net)
                      0.075020    0.000238    1.121945 ^ g726/B (sky130_fd_sc_hd__xor2_1)
     2    0.007878    0.200590    0.221435    1.343380 ^ g726/X (sky130_fd_sc_hd__xor2_1)
                                                         n766 (net)
                      0.200590    0.000092    1.343472 ^ g729/A1 (sky130_fd_sc_hd__a21o_1)
     2    0.009265    0.089344    0.187710    1.531182 ^ g729/X (sky130_fd_sc_hd__a21o_1)
                                                         n769 (net)
                      0.089344    0.000328    1.531510 ^ g792/B (sky130_fd_sc_hd__xor2_1)
     2    0.007971    0.202273    0.225919    1.757429 ^ g792/X (sky130_fd_sc_hd__xor2_1)
                                                         n832 (net)
                      0.202273    0.000104    1.757533 ^ g794/A (sky130_fd_sc_hd__xor2_1)
     2    0.006919    0.183470    0.227482    1.985015 ^ g794/X (sky130_fd_sc_hd__xor2_1)
                                                         n834 (net)
                      0.183470    0.000126    1.985141 ^ g850/B (sky130_fd_sc_hd__xor2_1)
     2    0.007988    0.202557    0.241451    2.226592 ^ g850/X (sky130_fd_sc_hd__xor2_1)
                                                         n890 (net)
                      0.202557    0.000201    2.226792 ^ g852/A (sky130_fd_sc_hd__xor2_1)
     2    0.012626    0.287043    0.309037    2.535829 ^ g852/X (sky130_fd_sc_hd__xor2_1)
                                                         n892 (net)
                      0.287045    0.000565    2.536394 ^ g1165/B (sky130_fd_sc_hd__xor2_1)
     5    0.023820    0.492536    0.477105    3.013500 ^ g1165/X (sky130_fd_sc_hd__xor2_1)
                                                         n1205 (net)
                      0.492541    0.001381    3.014881 ^ g1212/A (sky130_fd_sc_hd__and2_1)
     4    0.008629    0.100828    0.252899    3.267780 ^ g1212/X (sky130_fd_sc_hd__and2_1)
                                                         n1252 (net)
                      0.100828    0.000111    3.267890 ^ g1261/A (sky130_fd_sc_hd__and2_1)
     4    0.011798    0.125692    0.199862    3.467752 ^ g1261/X (sky130_fd_sc_hd__and2_1)
                                                         n1301 (net)
                      0.125692    0.000500    3.468253 ^ g1316/B (sky130_fd_sc_hd__and2_1)
     3    0.007548    0.087378    0.178939    3.647192 ^ g1316/X (sky130_fd_sc_hd__and2_1)
                                                         n1356 (net)
                      0.087378    0.000182    3.647374 ^ g1347/A (sky130_fd_sc_hd__and2_1)
     3    0.008173    0.092795    0.169868    3.817242 ^ g1347/X (sky130_fd_sc_hd__and2_1)
                                                         n1387 (net)
                      0.092795    0.000066    3.817308 ^ g1353/A1 (sky130_fd_sc_hd__a21o_1)
     1    0.008085    0.081240    0.153773    3.971081 ^ g1353/X (sky130_fd_sc_hd__a21o_1)
                                                         n1393 (net)
                      0.081240    0.000338    3.971418 ^ g1374/B (sky130_fd_sc_hd__xor2_1)
     3    0.020986    0.186678    0.162090    4.133509 v g1374/X (sky130_fd_sc_hd__xor2_1)
                                                         n1414 (net)
                      0.186765    0.001717    4.135226 v g1700/A (sky130_fd_sc_hd__xnor2_1)
     8    0.054767    1.168417    1.022170    5.157395 ^ g1700/Y (sky130_fd_sc_hd__xnor2_1)
                                                         n1740 (net)
                      1.168417    0.001108    5.158503 ^ g1745/A (sky130_fd_sc_hd__and2_1)
     3    0.008201    0.106526    0.300024    5.458528 ^ g1745/X (sky130_fd_sc_hd__and2_1)
                                                         n1785 (net)
                      0.106526    0.000147    5.458674 ^ g1785/B (sky130_fd_sc_hd__and2_1)
     2    0.005558    0.088569    0.159159    5.617834 ^ g1785/X (sky130_fd_sc_hd__and2_1)
                                                         n1825 (net)
                      0.088569    0.000127    5.617961 ^ g1819/A (sky130_fd_sc_hd__and2_1)
     2    0.006252    0.075835    0.156368    5.774329 ^ g1819/X (sky130_fd_sc_hd__and2_1)
                                                         n1859 (net)
                      0.075835    0.000171    5.774500 ^ g1845/A (sky130_fd_sc_hd__and2_1)
     2    0.005052    0.065331    0.143180    5.917680 ^ g1845/X (sky130_fd_sc_hd__and2_1)
                                                         n1885 (net)
                      0.065331    0.000134    5.917813 ^ g1854/A1 (sky130_fd_sc_hd__a21o_1)
    22    0.047358    0.405364    0.384988    6.302802 ^ g1854/X (sky130_fd_sc_hd__a21o_1)
                                                         n1894 (net)
                      0.405372    0.001634    6.304436 ^ g2002/A (sky130_fd_sc_hd__inv_1)
    21    0.043140    0.238875    0.313200    6.617636 v g2002/Y (sky130_fd_sc_hd__inv_1)
                                                         n2042 (net)
                      0.238877    0.001291    6.618927 v g2041/B (sky130_fd_sc_hd__and2_1)
     1    0.011012    0.068918    0.290635    6.909562 v g2041/X (sky130_fd_sc_hd__and2_1)
                                                         zP[9] (net)
                      0.068918    0.000222    6.909784 v zP[9] (out)
                                              6.909784   data arrival time

                      0.000000   10.000000   10.000000   clock __VIRTUAL_CLK__ (rise edge)
                                  0.000000   10.000000   clock network delay (ideal)
                                  0.000000   10.000000   clock reconvergence pessimism
                                  0.000000   10.000000   output external delay
                                             10.000000   data required time
---------------------------------------------------------------------------------------------
                                             10.000000   data required time
                                             -6.909784   data arrival time
---------------------------------------------------------------------------------------------
                                              3.090217   slack (MET)


Startpoint: xN[3] (input port clocked by __VIRTUAL_CLK__)
Endpoint: zN[2] (output port clocked by __VIRTUAL_CLK__)
Path Group: __VIRTUAL_CLK__
Path Type: max

Fanout         Cap        Slew       Delay        Time   Description
---------------------------------------------------------------------------------------------
                      0.000000    0.000000    0.000000   clock __VIRTUAL_CLK__ (rise edge)
                                  0.000000    0.000000   clock network delay (ideal)
                                  0.000000    0.000000 ^ input external delay
    20    0.115344    0.518546    0.376867    0.376867 ^ xN[3] (in)
                                                         xN[3] (net)
                      0.518613    0.000000    0.376867 ^ g229/A (sky130_fd_sc_hd__and2_1)
     1    0.001930    0.048829    0.204211    0.581078 ^ g229/X (sky130_fd_sc_hd__and2_1)
                                                         n269 (net)
                      0.048829    0.000059    0.581137 ^ g232/B (sky130_fd_sc_hd__or2_1)
     2    0.008919    0.092656    0.135662    0.716799 ^ g232/X (sky130_fd_sc_hd__or2_1)
                                                         n272 (net)
                      0.092656    0.000325    0.717124 ^ g646/B (sky130_fd_sc_hd__xor2_1)
     2    0.008052    0.203712    0.227724    0.944848 ^ g646/X (sky130_fd_sc_hd__xor2_1)
                                                         n686 (net)
                      0.203712    0.000202    0.945051 ^ g649/A1 (sky130_fd_sc_hd__a21o_1)
     2    0.007438    0.075020    0.176656    1.121707 ^ g649/X (sky130_fd_sc_hd__a21o_1)
                                                         n689 (net)
                      0.075020    0.000238    1.121945 ^ g726/B (sky130_fd_sc_hd__xor2_1)
     2    0.007878    0.200590    0.221435    1.343380 ^ g726/X (sky130_fd_sc_hd__xor2_1)
                                                         n766 (net)
                      0.200590    0.000092    1.343472 ^ g729/A1 (sky130_fd_sc_hd__a21o_1)
     2    0.009265    0.089344    0.187710    1.531182 ^ g729/X (sky130_fd_sc_hd__a21o_1)
                                                         n769 (net)
                      0.089344    0.000328    1.531510 ^ g792/B (sky130_fd_sc_hd__xor2_1)
     2    0.007971    0.202273    0.225919    1.757429 ^ g792/X (sky130_fd_sc_hd__xor2_1)
                                                         n832 (net)
                      0.202273    0.000104    1.757533 ^ g794/A (sky130_fd_sc_hd__xor2_1)
     2    0.006919    0.183470    0.227482    1.985015 ^ g794/X (sky130_fd_sc_hd__xor2_1)
                                                         n834 (net)
                      0.183470    0.000126    1.985141 ^ g850/B (sky130_fd_sc_hd__xor2_1)
     2    0.007988    0.202557    0.241451    2.226592 ^ g850/X (sky130_fd_sc_hd__xor2_1)
                                                         n890 (net)
                      0.202557    0.000201    2.226792 ^ g852/A (sky130_fd_sc_hd__xor2_1)
     2    0.012626    0.287043    0.309037    2.535829 ^ g852/X (sky130_fd_sc_hd__xor2_1)
                                                         n892 (net)
                      0.287045    0.000565    2.536394 ^ g1165/B (sky130_fd_sc_hd__xor2_1)
     5    0.023820    0.492536    0.477105    3.013500 ^ g1165/X (sky130_fd_sc_hd__xor2_1)
                                                         n1205 (net)
                      0.492541    0.001381    3.014881 ^ g1212/A (sky130_fd_sc_hd__and2_1)
     4    0.008629    0.100828    0.252899    3.267780 ^ g1212/X (sky130_fd_sc_hd__and2_1)
                                                         n1252 (net)
                      0.100828    0.000111    3.267890 ^ g1261/A (sky130_fd_sc_hd__and2_1)
     4    0.011798    0.125692    0.199862    3.467752 ^ g1261/X (sky130_fd_sc_hd__and2_1)
                                                         n1301 (net)
                      0.125692    0.000500    3.468253 ^ g1316/B (sky130_fd_sc_hd__and2_1)
     3    0.007548    0.087378    0.178939    3.647192 ^ g1316/X (sky130_fd_sc_hd__and2_1)
                                                         n1356 (net)
                      0.087378    0.000182    3.647374 ^ g1347/A (sky130_fd_sc_hd__and2_1)
     3    0.008173    0.092795    0.169868    3.817242 ^ g1347/X (sky130_fd_sc_hd__and2_1)
                                                         n1387 (net)
                      0.092795    0.000066    3.817308 ^ g1353/A1 (sky130_fd_sc_hd__a21o_1)
     1    0.008085    0.081240    0.153773    3.971081 ^ g1353/X (sky130_fd_sc_hd__a21o_1)
                                                         n1393 (net)
                      0.081240    0.000338    3.971418 ^ g1374/B (sky130_fd_sc_hd__xor2_1)
     3    0.020986    0.186678    0.162090    4.133509 v g1374/X (sky130_fd_sc_hd__xor2_1)
                                                         n1414 (net)
                      0.186765    0.001717    4.135226 v g1700/A (sky130_fd_sc_hd__xnor2_1)
     8    0.054767    1.168417    1.022170    5.157395 ^ g1700/Y (sky130_fd_sc_hd__xnor2_1)
                                                         n1740 (net)
                      1.168417    0.001108    5.158503 ^ g1745/A (sky130_fd_sc_hd__and2_1)
     3    0.008201    0.106526    0.300024    5.458528 ^ g1745/X (sky130_fd_sc_hd__and2_1)
                                                         n1785 (net)
                      0.106526    0.000147    5.458674 ^ g1785/B (sky130_fd_sc_hd__and2_1)
     2    0.005558    0.088569    0.159159    5.617834 ^ g1785/X (sky130_fd_sc_hd__and2_1)
                                                         n1825 (net)
                      0.088569    0.000127    5.617961 ^ g1819/A (sky130_fd_sc_hd__and2_1)
     2    0.006252    0.075835    0.156368    5.774329 ^ g1819/X (sky130_fd_sc_hd__and2_1)
                                                         n1859 (net)
                      0.075835    0.000171    5.774500 ^ g1845/A (sky130_fd_sc_hd__and2_1)
     2    0.005052    0.065331    0.143180    5.917680 ^ g1845/X (sky130_fd_sc_hd__and2_1)
                                                         n1885 (net)
                      0.065331    0.000134    5.917813 ^ g1854/A1 (sky130_fd_sc_hd__a21o_1)
    22    0.047358    0.405364    0.384988    6.302802 ^ g1854/X (sky130_fd_sc_hd__a21o_1)
                                                         n1894 (net)
                      0.405403    0.003507    6.306309 ^ g2014/B (sky130_fd_sc_hd__and2_1)
     1    0.012030    0.129798    0.262012    6.568321 ^ g2014/X (sky130_fd_sc_hd__and2_1)
                                                         zN[2] (net)
                      0.129798    0.000278    6.568599 ^ zN[2] (out)
                                              6.568599   data arrival time

                      0.000000   10.000000   10.000000   clock __VIRTUAL_CLK__ (rise edge)
                                  0.000000   10.000000   clock network delay (ideal)
                                  0.000000   10.000000   clock reconvergence pessimism
                                  0.000000   10.000000   output external delay
                                             10.000000   data required time
---------------------------------------------------------------------------------------------
                                             10.000000   data required time
                                             -6.568599   data arrival time
---------------------------------------------------------------------------------------------
                                              3.431401   slack (MET)


Startpoint: xN[3] (input port clocked by __VIRTUAL_CLK__)
Endpoint: zN[17] (output port clocked by __VIRTUAL_CLK__)
Path Group: __VIRTUAL_CLK__
Path Type: max

Fanout         Cap        Slew       Delay        Time   Description
---------------------------------------------------------------------------------------------
                      0.000000    0.000000    0.000000   clock __VIRTUAL_CLK__ (rise edge)
                                  0.000000    0.000000   clock network delay (ideal)
                                  0.000000    0.000000 ^ input external delay
    20    0.115344    0.518546    0.376867    0.376867 ^ xN[3] (in)
                                                         xN[3] (net)
                      0.518613    0.000000    0.376867 ^ g229/A (sky130_fd_sc_hd__and2_1)
     1    0.001930    0.048829    0.204211    0.581078 ^ g229/X (sky130_fd_sc_hd__and2_1)
                                                         n269 (net)
                      0.048829    0.000059    0.581137 ^ g232/B (sky130_fd_sc_hd__or2_1)
     2    0.008919    0.092656    0.135662    0.716799 ^ g232/X (sky130_fd_sc_hd__or2_1)
                                                         n272 (net)
                      0.092656    0.000325    0.717124 ^ g646/B (sky130_fd_sc_hd__xor2_1)
     2    0.008052    0.203712    0.227724    0.944848 ^ g646/X (sky130_fd_sc_hd__xor2_1)
                                                         n686 (net)
                      0.203712    0.000202    0.945051 ^ g649/A1 (sky130_fd_sc_hd__a21o_1)
     2    0.007438    0.075020    0.176656    1.121707 ^ g649/X (sky130_fd_sc_hd__a21o_1)
                                                         n689 (net)
                      0.075020    0.000238    1.121945 ^ g726/B (sky130_fd_sc_hd__xor2_1)
     2    0.007878    0.200590    0.221435    1.343380 ^ g726/X (sky130_fd_sc_hd__xor2_1)
                                                         n766 (net)
                      0.200590    0.000092    1.343472 ^ g729/A1 (sky130_fd_sc_hd__a21o_1)
     2    0.009265    0.089344    0.187710    1.531182 ^ g729/X (sky130_fd_sc_hd__a21o_1)
                                                         n769 (net)
                      0.089344    0.000328    1.531510 ^ g792/B (sky130_fd_sc_hd__xor2_1)
     2    0.007971    0.202273    0.225919    1.757429 ^ g792/X (sky130_fd_sc_hd__xor2_1)
                                                         n832 (net)
                      0.202273    0.000104    1.757533 ^ g794/A (sky130_fd_sc_hd__xor2_1)
     2    0.006919    0.183470    0.227482    1.985015 ^ g794/X (sky130_fd_sc_hd__xor2_1)
                                                         n834 (net)
                      0.183470    0.000126    1.985141 ^ g850/B (sky130_fd_sc_hd__xor2_1)
     2    0.007988    0.202557    0.241451    2.226592 ^ g850/X (sky130_fd_sc_hd__xor2_1)
                                                         n890 (net)
                      0.202557    0.000201    2.226792 ^ g852/A (sky130_fd_sc_hd__xor2_1)
     2    0.012626    0.287043    0.309037    2.535829 ^ g852/X (sky130_fd_sc_hd__xor2_1)
                                                         n892 (net)
                      0.287045    0.000565    2.536394 ^ g1165/B (sky130_fd_sc_hd__xor2_1)
     5    0.023820    0.492536    0.477105    3.013500 ^ g1165/X (sky130_fd_sc_hd__xor2_1)
                                                         n1205 (net)
                      0.492541    0.001381    3.014881 ^ g1212/A (sky130_fd_sc_hd__and2_1)
     4    0.008629    0.100828    0.252899    3.267780 ^ g1212/X (sky130_fd_sc_hd__and2_1)
                                                         n1252 (net)
                      0.100828    0.000111    3.267890 ^ g1261/A (sky130_fd_sc_hd__and2_1)
     4    0.011798    0.125692    0.199862    3.467752 ^ g1261/X (sky130_fd_sc_hd__and2_1)
                                                         n1301 (net)
                      0.125692    0.000500    3.468253 ^ g1316/B (sky130_fd_sc_hd__and2_1)
     3    0.007548    0.087378    0.178939    3.647192 ^ g1316/X (sky130_fd_sc_hd__and2_1)
                                                         n1356 (net)
                      0.087378    0.000182    3.647374 ^ g1347/A (sky130_fd_sc_hd__and2_1)
     3    0.008173    0.092795    0.169868    3.817242 ^ g1347/X (sky130_fd_sc_hd__and2_1)
                                                         n1387 (net)
                      0.092795    0.000066    3.817308 ^ g1353/A1 (sky130_fd_sc_hd__a21o_1)
     1    0.008085    0.081240    0.153773    3.971081 ^ g1353/X (sky130_fd_sc_hd__a21o_1)
                                                         n1393 (net)
                      0.081240    0.000338    3.971418 ^ g1374/B (sky130_fd_sc_hd__xor2_1)
     3    0.020986    0.186678    0.162090    4.133509 v g1374/X (sky130_fd_sc_hd__xor2_1)
                                                         n1414 (net)
                      0.186765    0.001717    4.135226 v g1700/A (sky130_fd_sc_hd__xnor2_1)
     8    0.054767    1.168417    1.022170    5.157395 ^ g1700/Y (sky130_fd_sc_hd__xnor2_1)
                                                         n1740 (net)
                      1.168417    0.001108    5.158503 ^ g1745/A (sky130_fd_sc_hd__and2_1)
     3    0.008201    0.106526    0.300024    5.458528 ^ g1745/X (sky130_fd_sc_hd__and2_1)
                                                         n1785 (net)
                      0.106526    0.000147    5.458674 ^ g1785/B (sky130_fd_sc_hd__and2_1)
     2    0.005558    0.088569    0.159159    5.617834 ^ g1785/X (sky130_fd_sc_hd__and2_1)
                                                         n1825 (net)
                      0.088569    0.000127    5.617961 ^ g1819/A (sky130_fd_sc_hd__and2_1)
     2    0.006252    0.075835    0.156368    5.774329 ^ g1819/X (sky130_fd_sc_hd__and2_1)
                                                         n1859 (net)
                      0.075835    0.000171    5.774500 ^ g1845/A (sky130_fd_sc_hd__and2_1)
     2    0.005052    0.065331    0.143180    5.917680 ^ g1845/X (sky130_fd_sc_hd__and2_1)
                                                         n1885 (net)
                      0.065331    0.000134    5.917813 ^ g1854/A1 (sky130_fd_sc_hd__a21o_1)
    22    0.047358    0.405364    0.384988    6.302802 ^ g1854/X (sky130_fd_sc_hd__a21o_1)
                                                         n1894 (net)
                      0.405403    0.003482    6.306283 ^ g2074/B (sky130_fd_sc_hd__and2_1)
     1    0.011873    0.128365    0.260930    6.567214 ^ g2074/X (sky130_fd_sc_hd__and2_1)
                                                         zN[17] (net)
                      0.128365    0.000248    6.567462 ^ zN[17] (out)
                                              6.567462   data arrival time

                      0.000000   10.000000   10.000000   clock __VIRTUAL_CLK__ (rise edge)
                                  0.000000   10.000000   clock network delay (ideal)
                                  0.000000   10.000000   clock reconvergence pessimism
                                  0.000000   10.000000   output external delay
                                             10.000000   data required time
---------------------------------------------------------------------------------------------
                                             10.000000   data required time
                                             -6.567462   data arrival time
---------------------------------------------------------------------------------------------
                                              3.432538   slack (MET)


Startpoint: xN[3] (input port clocked by __VIRTUAL_CLK__)
Endpoint: zN[1] (output port clocked by __VIRTUAL_CLK__)
Path Group: __VIRTUAL_CLK__
Path Type: max

Fanout         Cap        Slew       Delay        Time   Description
---------------------------------------------------------------------------------------------
                      0.000000    0.000000    0.000000   clock __VIRTUAL_CLK__ (rise edge)
                                  0.000000    0.000000   clock network delay (ideal)
                                  0.000000    0.000000 ^ input external delay
    20    0.115344    0.518546    0.376867    0.376867 ^ xN[3] (in)
                                                         xN[3] (net)
                      0.518613    0.000000    0.376867 ^ g229/A (sky130_fd_sc_hd__and2_1)
     1    0.001930    0.048829    0.204211    0.581078 ^ g229/X (sky130_fd_sc_hd__and2_1)
                                                         n269 (net)
                      0.048829    0.000059    0.581137 ^ g232/B (sky130_fd_sc_hd__or2_1)
     2    0.008919    0.092656    0.135662    0.716799 ^ g232/X (sky130_fd_sc_hd__or2_1)
                                                         n272 (net)
                      0.092656    0.000325    0.717124 ^ g646/B (sky130_fd_sc_hd__xor2_1)
     2    0.008052    0.203712    0.227724    0.944848 ^ g646/X (sky130_fd_sc_hd__xor2_1)
                                                         n686 (net)
                      0.203712    0.000202    0.945051 ^ g649/A1 (sky130_fd_sc_hd__a21o_1)
     2    0.007438    0.075020    0.176656    1.121707 ^ g649/X (sky130_fd_sc_hd__a21o_1)
                                                         n689 (net)
                      0.075020    0.000238    1.121945 ^ g726/B (sky130_fd_sc_hd__xor2_1)
     2    0.007878    0.200590    0.221435    1.343380 ^ g726/X (sky130_fd_sc_hd__xor2_1)
                                                         n766 (net)
                      0.200590    0.000092    1.343472 ^ g729/A1 (sky130_fd_sc_hd__a21o_1)
     2    0.009265    0.089344    0.187710    1.531182 ^ g729/X (sky130_fd_sc_hd__a21o_1)
                                                         n769 (net)
                      0.089344    0.000328    1.531510 ^ g792/B (sky130_fd_sc_hd__xor2_1)
     2    0.007971    0.202273    0.225919    1.757429 ^ g792/X (sky130_fd_sc_hd__xor2_1)
                                                         n832 (net)
                      0.202273    0.000104    1.757533 ^ g794/A (sky130_fd_sc_hd__xor2_1)
     2    0.006919    0.183470    0.227482    1.985015 ^ g794/X (sky130_fd_sc_hd__xor2_1)
                                                         n834 (net)
                      0.183470    0.000126    1.985141 ^ g850/B (sky130_fd_sc_hd__xor2_1)
     2    0.007988    0.202557    0.241451    2.226592 ^ g850/X (sky130_fd_sc_hd__xor2_1)
                                                         n890 (net)
                      0.202557    0.000201    2.226792 ^ g852/A (sky130_fd_sc_hd__xor2_1)
     2    0.012626    0.287043    0.309037    2.535829 ^ g852/X (sky130_fd_sc_hd__xor2_1)
                                                         n892 (net)
                      0.287045    0.000565    2.536394 ^ g1165/B (sky130_fd_sc_hd__xor2_1)
     5    0.023820    0.492536    0.477105    3.013500 ^ g1165/X (sky130_fd_sc_hd__xor2_1)
                                                         n1205 (net)
                      0.492541    0.001381    3.014881 ^ g1212/A (sky130_fd_sc_hd__and2_1)
     4    0.008629    0.100828    0.252899    3.267780 ^ g1212/X (sky130_fd_sc_hd__and2_1)
                                                         n1252 (net)
                      0.100828    0.000111    3.267890 ^ g1261/A (sky130_fd_sc_hd__and2_1)
     4    0.011798    0.125692    0.199862    3.467752 ^ g1261/X (sky130_fd_sc_hd__and2_1)
                                                         n1301 (net)
                      0.125692    0.000500    3.468253 ^ g1316/B (sky130_fd_sc_hd__and2_1)
     3    0.007548    0.087378    0.178939    3.647192 ^ g1316/X (sky130_fd_sc_hd__and2_1)
                                                         n1356 (net)
                      0.087378    0.000182    3.647374 ^ g1347/A (sky130_fd_sc_hd__and2_1)
     3    0.008173    0.092795    0.169868    3.817242 ^ g1347/X (sky130_fd_sc_hd__and2_1)
                                                         n1387 (net)
                      0.092795    0.000066    3.817308 ^ g1353/A1 (sky130_fd_sc_hd__a21o_1)
     1    0.008085    0.081240    0.153773    3.971081 ^ g1353/X (sky130_fd_sc_hd__a21o_1)
                                                         n1393 (net)
                      0.081240    0.000338    3.971418 ^ g1374/B (sky130_fd_sc_hd__xor2_1)
     3    0.020986    0.186678    0.162090    4.133509 v g1374/X (sky130_fd_sc_hd__xor2_1)
                                                         n1414 (net)
                      0.186765    0.001717    4.135226 v g1700/A (sky130_fd_sc_hd__xnor2_1)
     8    0.054767    1.168417    1.022170    5.157395 ^ g1700/Y (sky130_fd_sc_hd__xnor2_1)
                                                         n1740 (net)
                      1.168417    0.001108    5.158503 ^ g1745/A (sky130_fd_sc_hd__and2_1)
     3    0.008201    0.106526    0.300024    5.458528 ^ g1745/X (sky130_fd_sc_hd__and2_1)
                                                         n1785 (net)
                      0.106526    0.000147    5.458674 ^ g1785/B (sky130_fd_sc_hd__and2_1)
     2    0.005558    0.088569    0.159159    5.617834 ^ g1785/X (sky130_fd_sc_hd__and2_1)
                                                         n1825 (net)
                      0.088569    0.000127    5.617961 ^ g1819/A (sky130_fd_sc_hd__and2_1)
     2    0.006252    0.075835    0.156368    5.774329 ^ g1819/X (sky130_fd_sc_hd__and2_1)
                                                         n1859 (net)
                      0.075835    0.000171    5.774500 ^ g1845/A (sky130_fd_sc_hd__and2_1)
     2    0.005052    0.065331    0.143180    5.917680 ^ g1845/X (sky130_fd_sc_hd__and2_1)
                                                         n1885 (net)
                      0.065331    0.000134    5.917813 ^ g1854/A1 (sky130_fd_sc_hd__a21o_1)
    22    0.047358    0.405364    0.384988    6.302802 ^ g1854/X (sky130_fd_sc_hd__a21o_1)
                                                         n1894 (net)
                      0.405402    0.003474    6.306276 ^ g2010/B (sky130_fd_sc_hd__and2_1)
     1    0.011547    0.125411    0.258630    6.564906 ^ g2010/X (sky130_fd_sc_hd__and2_1)
                                                         zN[1] (net)
                      0.125411    0.000304    6.565210 ^ zN[1] (out)
                                              6.565210   data arrival time

                      0.000000   10.000000   10.000000   clock __VIRTUAL_CLK__ (rise edge)
                                  0.000000   10.000000   clock network delay (ideal)
                                  0.000000   10.000000   clock reconvergence pessimism
                                  0.000000   10.000000   output external delay
                                             10.000000   data required time
---------------------------------------------------------------------------------------------
                                             10.000000   data required time
                                             -6.565210   data arrival time
---------------------------------------------------------------------------------------------
                                              3.434790   slack (MET)


Startpoint: xN[3] (input port clocked by __VIRTUAL_CLK__)
Endpoint: zN[7] (output port clocked by __VIRTUAL_CLK__)
Path Group: __VIRTUAL_CLK__
Path Type: max

Fanout         Cap        Slew       Delay        Time   Description
---------------------------------------------------------------------------------------------
                      0.000000    0.000000    0.000000   clock __VIRTUAL_CLK__ (rise edge)
                                  0.000000    0.000000   clock network delay (ideal)
                                  0.000000    0.000000 ^ input external delay
    20    0.115344    0.518546    0.376867    0.376867 ^ xN[3] (in)
                                                         xN[3] (net)
                      0.518613    0.000000    0.376867 ^ g229/A (sky130_fd_sc_hd__and2_1)
     1    0.001930    0.048829    0.204211    0.581078 ^ g229/X (sky130_fd_sc_hd__and2_1)
                                                         n269 (net)
                      0.048829    0.000059    0.581137 ^ g232/B (sky130_fd_sc_hd__or2_1)
     2    0.008919    0.092656    0.135662    0.716799 ^ g232/X (sky130_fd_sc_hd__or2_1)
                                                         n272 (net)
                      0.092656    0.000325    0.717124 ^ g646/B (sky130_fd_sc_hd__xor2_1)
     2    0.008052    0.203712    0.227724    0.944848 ^ g646/X (sky130_fd_sc_hd__xor2_1)
                                                         n686 (net)
                      0.203712    0.000202    0.945051 ^ g649/A1 (sky130_fd_sc_hd__a21o_1)
     2    0.007438    0.075020    0.176656    1.121707 ^ g649/X (sky130_fd_sc_hd__a21o_1)
                                                         n689 (net)
                      0.075020    0.000238    1.121945 ^ g726/B (sky130_fd_sc_hd__xor2_1)
     2    0.007878    0.200590    0.221435    1.343380 ^ g726/X (sky130_fd_sc_hd__xor2_1)
                                                         n766 (net)
                      0.200590    0.000092    1.343472 ^ g729/A1 (sky130_fd_sc_hd__a21o_1)
     2    0.009265    0.089344    0.187710    1.531182 ^ g729/X (sky130_fd_sc_hd__a21o_1)
                                                         n769 (net)
                      0.089344    0.000328    1.531510 ^ g792/B (sky130_fd_sc_hd__xor2_1)
     2    0.007971    0.202273    0.225919    1.757429 ^ g792/X (sky130_fd_sc_hd__xor2_1)
                                                         n832 (net)
                      0.202273    0.000104    1.757533 ^ g794/A (sky130_fd_sc_hd__xor2_1)
     2    0.006919    0.183470    0.227482    1.985015 ^ g794/X (sky130_fd_sc_hd__xor2_1)
                                                         n834 (net)
                      0.183470    0.000126    1.985141 ^ g850/B (sky130_fd_sc_hd__xor2_1)
     2    0.007988    0.202557    0.241451    2.226592 ^ g850/X (sky130_fd_sc_hd__xor2_1)
                                                         n890 (net)
                      0.202557    0.000201    2.226792 ^ g852/A (sky130_fd_sc_hd__xor2_1)
     2    0.012626    0.287043    0.309037    2.535829 ^ g852/X (sky130_fd_sc_hd__xor2_1)
                                                         n892 (net)
                      0.287045    0.000565    2.536394 ^ g1165/B (sky130_fd_sc_hd__xor2_1)
     5    0.023820    0.492536    0.477105    3.013500 ^ g1165/X (sky130_fd_sc_hd__xor2_1)
                                                         n1205 (net)
                      0.492541    0.001381    3.014881 ^ g1212/A (sky130_fd_sc_hd__and2_1)
     4    0.008629    0.100828    0.252899    3.267780 ^ g1212/X (sky130_fd_sc_hd__and2_1)
                                                         n1252 (net)
                      0.100828    0.000111    3.267890 ^ g1261/A (sky130_fd_sc_hd__and2_1)
     4    0.011798    0.125692    0.199862    3.467752 ^ g1261/X (sky130_fd_sc_hd__and2_1)
                                                         n1301 (net)
                      0.125692    0.000500    3.468253 ^ g1316/B (sky130_fd_sc_hd__and2_1)
     3    0.007548    0.087378    0.178939    3.647192 ^ g1316/X (sky130_fd_sc_hd__and2_1)
                                                         n1356 (net)
                      0.087378    0.000182    3.647374 ^ g1347/A (sky130_fd_sc_hd__and2_1)
     3    0.008173    0.092795    0.169868    3.817242 ^ g1347/X (sky130_fd_sc_hd__and2_1)
                                                         n1387 (net)
                      0.092795    0.000066    3.817308 ^ g1353/A1 (sky130_fd_sc_hd__a21o_1)
     1    0.008085    0.081240    0.153773    3.971081 ^ g1353/X (sky130_fd_sc_hd__a21o_1)
                                                         n1393 (net)
                      0.081240    0.000338    3.971418 ^ g1374/B (sky130_fd_sc_hd__xor2_1)
     3    0.020986    0.186678    0.162090    4.133509 v g1374/X (sky130_fd_sc_hd__xor2_1)
                                                         n1414 (net)
                      0.186765    0.001717    4.135226 v g1700/A (sky130_fd_sc_hd__xnor2_1)
     8    0.054767    1.168417    1.022170    5.157395 ^ g1700/Y (sky130_fd_sc_hd__xnor2_1)
                                                         n1740 (net)
                      1.168417    0.001108    5.158503 ^ g1745/A (sky130_fd_sc_hd__and2_1)
     3    0.008201    0.106526    0.300024    5.458528 ^ g1745/X (sky130_fd_sc_hd__and2_1)
                                                         n1785 (net)
                      0.106526    0.000147    5.458674 ^ g1785/B (sky130_fd_sc_hd__and2_1)
     2    0.005558    0.088569    0.159159    5.617834 ^ g1785/X (sky130_fd_sc_hd__and2_1)
                                                         n1825 (net)
                      0.088569    0.000127    5.617961 ^ g1819/A (sky130_fd_sc_hd__and2_1)
     2    0.006252    0.075835    0.156368    5.774329 ^ g1819/X (sky130_fd_sc_hd__and2_1)
                                                         n1859 (net)
                      0.075835    0.000171    5.774500 ^ g1845/A (sky130_fd_sc_hd__and2_1)
     2    0.005052    0.065331    0.143180    5.917680 ^ g1845/X (sky130_fd_sc_hd__and2_1)
                                                         n1885 (net)
                      0.065331    0.000134    5.917813 ^ g1854/A1 (sky130_fd_sc_hd__a21o_1)
    22    0.047358    0.405364    0.384988    6.302802 ^ g1854/X (sky130_fd_sc_hd__a21o_1)
                                                         n1894 (net)
                      0.405394    0.003073    6.305875 ^ g2034/B (sky130_fd_sc_hd__and2_1)
     1    0.011598    0.125871    0.259019    6.564894 ^ g2034/X (sky130_fd_sc_hd__and2_1)
                                                         zN[7] (net)
                      0.125871    0.000240    6.565135 ^ zN[7] (out)
                                              6.565135   data arrival time

                      0.000000   10.000000   10.000000   clock __VIRTUAL_CLK__ (rise edge)
                                  0.000000   10.000000   clock network delay (ideal)
                                  0.000000   10.000000   clock reconvergence pessimism
                                  0.000000   10.000000   output external delay
                                             10.000000   data required time
---------------------------------------------------------------------------------------------
                                             10.000000   data required time
                                             -6.565135   data arrival time
---------------------------------------------------------------------------------------------
                                              3.434866   slack (MET)


Startpoint: xN[3] (input port clocked by __VIRTUAL_CLK__)
Endpoint: zN[11] (output port clocked by __VIRTUAL_CLK__)
Path Group: __VIRTUAL_CLK__
Path Type: max

Fanout         Cap        Slew       Delay        Time   Description
---------------------------------------------------------------------------------------------
                      0.000000    0.000000    0.000000   clock __VIRTUAL_CLK__ (rise edge)
                                  0.000000    0.000000   clock network delay (ideal)
                                  0.000000    0.000000 ^ input external delay
    20    0.115344    0.518546    0.376867    0.376867 ^ xN[3] (in)
                                                         xN[3] (net)
                      0.518613    0.000000    0.376867 ^ g229/A (sky130_fd_sc_hd__and2_1)
     1    0.001930    0.048829    0.204211    0.581078 ^ g229/X (sky130_fd_sc_hd__and2_1)
                                                         n269 (net)
                      0.048829    0.000059    0.581137 ^ g232/B (sky130_fd_sc_hd__or2_1)
     2    0.008919    0.092656    0.135662    0.716799 ^ g232/X (sky130_fd_sc_hd__or2_1)
                                                         n272 (net)
                      0.092656    0.000325    0.717124 ^ g646/B (sky130_fd_sc_hd__xor2_1)
     2    0.008052    0.203712    0.227724    0.944848 ^ g646/X (sky130_fd_sc_hd__xor2_1)
                                                         n686 (net)
                      0.203712    0.000202    0.945051 ^ g649/A1 (sky130_fd_sc_hd__a21o_1)
     2    0.007438    0.075020    0.176656    1.121707 ^ g649/X (sky130_fd_sc_hd__a21o_1)
                                                         n689 (net)
                      0.075020    0.000238    1.121945 ^ g726/B (sky130_fd_sc_hd__xor2_1)
     2    0.007878    0.200590    0.221435    1.343380 ^ g726/X (sky130_fd_sc_hd__xor2_1)
                                                         n766 (net)
                      0.200590    0.000092    1.343472 ^ g729/A1 (sky130_fd_sc_hd__a21o_1)
     2    0.009265    0.089344    0.187710    1.531182 ^ g729/X (sky130_fd_sc_hd__a21o_1)
                                                         n769 (net)
                      0.089344    0.000328    1.531510 ^ g792/B (sky130_fd_sc_hd__xor2_1)
     2    0.007971    0.202273    0.225919    1.757429 ^ g792/X (sky130_fd_sc_hd__xor2_1)
                                                         n832 (net)
                      0.202273    0.000104    1.757533 ^ g794/A (sky130_fd_sc_hd__xor2_1)
     2    0.006919    0.183470    0.227482    1.985015 ^ g794/X (sky130_fd_sc_hd__xor2_1)
                                                         n834 (net)
                      0.183470    0.000126    1.985141 ^ g850/B (sky130_fd_sc_hd__xor2_1)
     2    0.007988    0.202557    0.241451    2.226592 ^ g850/X (sky130_fd_sc_hd__xor2_1)
                                                         n890 (net)
                      0.202557    0.000201    2.226792 ^ g852/A (sky130_fd_sc_hd__xor2_1)
     2    0.012626    0.287043    0.309037    2.535829 ^ g852/X (sky130_fd_sc_hd__xor2_1)
                                                         n892 (net)
                      0.287045    0.000565    2.536394 ^ g1165/B (sky130_fd_sc_hd__xor2_1)
     5    0.023820    0.492536    0.477105    3.013500 ^ g1165/X (sky130_fd_sc_hd__xor2_1)
                                                         n1205 (net)
                      0.492541    0.001381    3.014881 ^ g1212/A (sky130_fd_sc_hd__and2_1)
     4    0.008629    0.100828    0.252899    3.267780 ^ g1212/X (sky130_fd_sc_hd__and2_1)
                                                         n1252 (net)
                      0.100828    0.000111    3.267890 ^ g1261/A (sky130_fd_sc_hd__and2_1)
     4    0.011798    0.125692    0.199862    3.467752 ^ g1261/X (sky130_fd_sc_hd__and2_1)
                                                         n1301 (net)
                      0.125692    0.000500    3.468253 ^ g1316/B (sky130_fd_sc_hd__and2_1)
     3    0.007548    0.087378    0.178939    3.647192 ^ g1316/X (sky130_fd_sc_hd__and2_1)
                                                         n1356 (net)
                      0.087378    0.000182    3.647374 ^ g1347/A (sky130_fd_sc_hd__and2_1)
     3    0.008173    0.092795    0.169868    3.817242 ^ g1347/X (sky130_fd_sc_hd__and2_1)
                                                         n1387 (net)
                      0.092795    0.000066    3.817308 ^ g1353/A1 (sky130_fd_sc_hd__a21o_1)
     1    0.008085    0.081240    0.153773    3.971081 ^ g1353/X (sky130_fd_sc_hd__a21o_1)
                                                         n1393 (net)
                      0.081240    0.000338    3.971418 ^ g1374/B (sky130_fd_sc_hd__xor2_1)
     3    0.020986    0.186678    0.162090    4.133509 v g1374/X (sky130_fd_sc_hd__xor2_1)
                                                         n1414 (net)
                      0.186765    0.001717    4.135226 v g1700/A (sky130_fd_sc_hd__xnor2_1)
     8    0.054767    1.168417    1.022170    5.157395 ^ g1700/Y (sky130_fd_sc_hd__xnor2_1)
                                                         n1740 (net)
                      1.168417    0.001108    5.158503 ^ g1745/A (sky130_fd_sc_hd__and2_1)
     3    0.008201    0.106526    0.300024    5.458528 ^ g1745/X (sky130_fd_sc_hd__and2_1)
                                                         n1785 (net)
                      0.106526    0.000147    5.458674 ^ g1785/B (sky130_fd_sc_hd__and2_1)
     2    0.005558    0.088569    0.159159    5.617834 ^ g1785/X (sky130_fd_sc_hd__and2_1)
                                                         n1825 (net)
                      0.088569    0.000127    5.617961 ^ g1819/A (sky130_fd_sc_hd__and2_1)
     2    0.006252    0.075835    0.156368    5.774329 ^ g1819/X (sky130_fd_sc_hd__and2_1)
                                                         n1859 (net)
                      0.075835    0.000171    5.774500 ^ g1845/A (sky130_fd_sc_hd__and2_1)
     2    0.005052    0.065331    0.143180    5.917680 ^ g1845/X (sky130_fd_sc_hd__and2_1)
                                                         n1885 (net)
                      0.065331    0.000134    5.917813 ^ g1854/A1 (sky130_fd_sc_hd__a21o_1)
    22    0.047358    0.405364    0.384988    6.302802 ^ g1854/X (sky130_fd_sc_hd__a21o_1)
                                                         n1894 (net)
                      0.405394    0.003081    6.305882 ^ g2050/B (sky130_fd_sc_hd__and2_1)
     1    0.011511    0.125083    0.258425    6.564308 ^ g2050/X (sky130_fd_sc_hd__and2_1)
                                                         zN[11] (net)
                      0.125083    0.000226    6.564534 ^ zN[11] (out)
                                              6.564534   data arrival time

                      0.000000   10.000000   10.000000   clock __VIRTUAL_CLK__ (rise edge)
                                  0.000000   10.000000   clock network delay (ideal)
                                  0.000000   10.000000   clock reconvergence pessimism
                                  0.000000   10.000000   output external delay
                                             10.000000   data required time
---------------------------------------------------------------------------------------------
                                             10.000000   data required time
                                             -6.564534   data arrival time
---------------------------------------------------------------------------------------------
                                              3.435466   slack (MET)


Startpoint: xN[3] (input port clocked by __VIRTUAL_CLK__)
Endpoint: zN[4] (output port clocked by __VIRTUAL_CLK__)
Path Group: __VIRTUAL_CLK__
Path Type: max

Fanout         Cap        Slew       Delay        Time   Description
---------------------------------------------------------------------------------------------
                      0.000000    0.000000    0.000000   clock __VIRTUAL_CLK__ (rise edge)
                                  0.000000    0.000000   clock network delay (ideal)
                                  0.000000    0.000000 ^ input external delay
    20    0.115344    0.518546    0.376867    0.376867 ^ xN[3] (in)
                                                         xN[3] (net)
                      0.518613    0.000000    0.376867 ^ g229/A (sky130_fd_sc_hd__and2_1)
     1    0.001930    0.048829    0.204211    0.581078 ^ g229/X (sky130_fd_sc_hd__and2_1)
                                                         n269 (net)
                      0.048829    0.000059    0.581137 ^ g232/B (sky130_fd_sc_hd__or2_1)
     2    0.008919    0.092656    0.135662    0.716799 ^ g232/X (sky130_fd_sc_hd__or2_1)
                                                         n272 (net)
                      0.092656    0.000325    0.717124 ^ g646/B (sky130_fd_sc_hd__xor2_1)
     2    0.008052    0.203712    0.227724    0.944848 ^ g646/X (sky130_fd_sc_hd__xor2_1)
                                                         n686 (net)
                      0.203712    0.000202    0.945051 ^ g649/A1 (sky130_fd_sc_hd__a21o_1)
     2    0.007438    0.075020    0.176656    1.121707 ^ g649/X (sky130_fd_sc_hd__a21o_1)
                                                         n689 (net)
                      0.075020    0.000238    1.121945 ^ g726/B (sky130_fd_sc_hd__xor2_1)
     2    0.007878    0.200590    0.221435    1.343380 ^ g726/X (sky130_fd_sc_hd__xor2_1)
                                                         n766 (net)
                      0.200590    0.000092    1.343472 ^ g729/A1 (sky130_fd_sc_hd__a21o_1)
     2    0.009265    0.089344    0.187710    1.531182 ^ g729/X (sky130_fd_sc_hd__a21o_1)
                                                         n769 (net)
                      0.089344    0.000328    1.531510 ^ g792/B (sky130_fd_sc_hd__xor2_1)
     2    0.007971    0.202273    0.225919    1.757429 ^ g792/X (sky130_fd_sc_hd__xor2_1)
                                                         n832 (net)
                      0.202273    0.000104    1.757533 ^ g794/A (sky130_fd_sc_hd__xor2_1)
     2    0.006919    0.183470    0.227482    1.985015 ^ g794/X (sky130_fd_sc_hd__xor2_1)
                                                         n834 (net)
                      0.183470    0.000126    1.985141 ^ g850/B (sky130_fd_sc_hd__xor2_1)
     2    0.007988    0.202557    0.241451    2.226592 ^ g850/X (sky130_fd_sc_hd__xor2_1)
                                                         n890 (net)
                      0.202557    0.000201    2.226792 ^ g852/A (sky130_fd_sc_hd__xor2_1)
     2    0.012626    0.287043    0.309037    2.535829 ^ g852/X (sky130_fd_sc_hd__xor2_1)
                                                         n892 (net)
                      0.287045    0.000565    2.536394 ^ g1165/B (sky130_fd_sc_hd__xor2_1)
     5    0.023820    0.492536    0.477105    3.013500 ^ g1165/X (sky130_fd_sc_hd__xor2_1)
                                                         n1205 (net)
                      0.492541    0.001381    3.014881 ^ g1212/A (sky130_fd_sc_hd__and2_1)
     4    0.008629    0.100828    0.252899    3.267780 ^ g1212/X (sky130_fd_sc_hd__and2_1)
                                                         n1252 (net)
                      0.100828    0.000111    3.267890 ^ g1261/A (sky130_fd_sc_hd__and2_1)
     4    0.011798    0.125692    0.199862    3.467752 ^ g1261/X (sky130_fd_sc_hd__and2_1)
                                                         n1301 (net)
                      0.125692    0.000500    3.468253 ^ g1316/B (sky130_fd_sc_hd__and2_1)
     3    0.007548    0.087378    0.178939    3.647192 ^ g1316/X (sky130_fd_sc_hd__and2_1)
                                                         n1356 (net)
                      0.087378    0.000182    3.647374 ^ g1347/A (sky130_fd_sc_hd__and2_1)
     3    0.008173    0.092795    0.169868    3.817242 ^ g1347/X (sky130_fd_sc_hd__and2_1)
                                                         n1387 (net)
                      0.092795    0.000066    3.817308 ^ g1353/A1 (sky130_fd_sc_hd__a21o_1)
     1    0.008085    0.081240    0.153773    3.971081 ^ g1353/X (sky130_fd_sc_hd__a21o_1)
                                                         n1393 (net)
                      0.081240    0.000338    3.971418 ^ g1374/B (sky130_fd_sc_hd__xor2_1)
     3    0.020986    0.186678    0.162090    4.133509 v g1374/X (sky130_fd_sc_hd__xor2_1)
                                                         n1414 (net)
                      0.186765    0.001717    4.135226 v g1700/A (sky130_fd_sc_hd__xnor2_1)
     8    0.054767    1.168417    1.022170    5.157395 ^ g1700/Y (sky130_fd_sc_hd__xnor2_1)
                                                         n1740 (net)
                      1.168417    0.001108    5.158503 ^ g1745/A (sky130_fd_sc_hd__and2_1)
     3    0.008201    0.106526    0.300024    5.458528 ^ g1745/X (sky130_fd_sc_hd__and2_1)
                                                         n1785 (net)
                      0.106526    0.000147    5.458674 ^ g1785/B (sky130_fd_sc_hd__and2_1)
     2    0.005558    0.088569    0.159159    5.617834 ^ g1785/X (sky130_fd_sc_hd__and2_1)
                                                         n1825 (net)
                      0.088569    0.000127    5.617961 ^ g1819/A (sky130_fd_sc_hd__and2_1)
     2    0.006252    0.075835    0.156368    5.774329 ^ g1819/X (sky130_fd_sc_hd__and2_1)
                                                         n1859 (net)
                      0.075835    0.000171    5.774500 ^ g1845/A (sky130_fd_sc_hd__and2_1)
     2    0.005052    0.065331    0.143180    5.917680 ^ g1845/X (sky130_fd_sc_hd__and2_1)
                                                         n1885 (net)
                      0.065331    0.000134    5.917813 ^ g1854/A1 (sky130_fd_sc_hd__a21o_1)
    22    0.047358    0.405364    0.384988    6.302802 ^ g1854/X (sky130_fd_sc_hd__a21o_1)
                                                         n1894 (net)
                      0.405378    0.002125    6.304927 ^ g2022/B (sky130_fd_sc_hd__and2_1)
     1    0.011608    0.125962    0.259103    6.564030 ^ g2022/X (sky130_fd_sc_hd__and2_1)
                                                         zN[4] (net)
                      0.125962    0.000225    6.564254 ^ zN[4] (out)
                                              6.564254   data arrival time

                      0.000000   10.000000   10.000000   clock __VIRTUAL_CLK__ (rise edge)
                                  0.000000   10.000000   clock network delay (ideal)
                                  0.000000   10.000000   clock reconvergence pessimism
                                  0.000000   10.000000   output external delay
                                             10.000000   data required time
---------------------------------------------------------------------------------------------
                                             10.000000   data required time
                                             -6.564254   data arrival time
---------------------------------------------------------------------------------------------
                                              3.435746   slack (MET)


Startpoint: xN[3] (input port clocked by __VIRTUAL_CLK__)
Endpoint: zN[0] (output port clocked by __VIRTUAL_CLK__)
Path Group: __VIRTUAL_CLK__
Path Type: max

Fanout         Cap        Slew       Delay        Time   Description
---------------------------------------------------------------------------------------------
                      0.000000    0.000000    0.000000   clock __VIRTUAL_CLK__ (rise edge)
                                  0.000000    0.000000   clock network delay (ideal)
                                  0.000000    0.000000 ^ input external delay
    20    0.115344    0.518546    0.376867    0.376867 ^ xN[3] (in)
                                                         xN[3] (net)
                      0.518613    0.000000    0.376867 ^ g229/A (sky130_fd_sc_hd__and2_1)
     1    0.001930    0.048829    0.204211    0.581078 ^ g229/X (sky130_fd_sc_hd__and2_1)
                                                         n269 (net)
                      0.048829    0.000059    0.581137 ^ g232/B (sky130_fd_sc_hd__or2_1)
     2    0.008919    0.092656    0.135662    0.716799 ^ g232/X (sky130_fd_sc_hd__or2_1)
                                                         n272 (net)
                      0.092656    0.000325    0.717124 ^ g646/B (sky130_fd_sc_hd__xor2_1)
     2    0.008052    0.203712    0.227724    0.944848 ^ g646/X (sky130_fd_sc_hd__xor2_1)
                                                         n686 (net)
                      0.203712    0.000202    0.945051 ^ g649/A1 (sky130_fd_sc_hd__a21o_1)
     2    0.007438    0.075020    0.176656    1.121707 ^ g649/X (sky130_fd_sc_hd__a21o_1)
                                                         n689 (net)
                      0.075020    0.000238    1.121945 ^ g726/B (sky130_fd_sc_hd__xor2_1)
     2    0.007878    0.200590    0.221435    1.343380 ^ g726/X (sky130_fd_sc_hd__xor2_1)
                                                         n766 (net)
                      0.200590    0.000092    1.343472 ^ g729/A1 (sky130_fd_sc_hd__a21o_1)
     2    0.009265    0.089344    0.187710    1.531182 ^ g729/X (sky130_fd_sc_hd__a21o_1)
                                                         n769 (net)
                      0.089344    0.000328    1.531510 ^ g792/B (sky130_fd_sc_hd__xor2_1)
     2    0.007971    0.202273    0.225919    1.757429 ^ g792/X (sky130_fd_sc_hd__xor2_1)
                                                         n832 (net)
                      0.202273    0.000104    1.757533 ^ g794/A (sky130_fd_sc_hd__xor2_1)
     2    0.006919    0.183470    0.227482    1.985015 ^ g794/X (sky130_fd_sc_hd__xor2_1)
                                                         n834 (net)
                      0.183470    0.000126    1.985141 ^ g850/B (sky130_fd_sc_hd__xor2_1)
     2    0.007988    0.202557    0.241451    2.226592 ^ g850/X (sky130_fd_sc_hd__xor2_1)
                                                         n890 (net)
                      0.202557    0.000201    2.226792 ^ g852/A (sky130_fd_sc_hd__xor2_1)
     2    0.012626    0.287043    0.309037    2.535829 ^ g852/X (sky130_fd_sc_hd__xor2_1)
                                                         n892 (net)
                      0.287045    0.000565    2.536394 ^ g1165/B (sky130_fd_sc_hd__xor2_1)
     5    0.023820    0.492536    0.477105    3.013500 ^ g1165/X (sky130_fd_sc_hd__xor2_1)
                                                         n1205 (net)
                      0.492541    0.001381    3.014881 ^ g1212/A (sky130_fd_sc_hd__and2_1)
     4    0.008629    0.100828    0.252899    3.267780 ^ g1212/X (sky130_fd_sc_hd__and2_1)
                                                         n1252 (net)
                      0.100828    0.000111    3.267890 ^ g1261/A (sky130_fd_sc_hd__and2_1)
     4    0.011798    0.125692    0.199862    3.467752 ^ g1261/X (sky130_fd_sc_hd__and2_1)
                                                         n1301 (net)
                      0.125692    0.000500    3.468253 ^ g1316/B (sky130_fd_sc_hd__and2_1)
     3    0.007548    0.087378    0.178939    3.647192 ^ g1316/X (sky130_fd_sc_hd__and2_1)
                                                         n1356 (net)
                      0.087378    0.000182    3.647374 ^ g1347/A (sky130_fd_sc_hd__and2_1)
     3    0.008173    0.092795    0.169868    3.817242 ^ g1347/X (sky130_fd_sc_hd__and2_1)
                                                         n1387 (net)
                      0.092795    0.000066    3.817308 ^ g1353/A1 (sky130_fd_sc_hd__a21o_1)
     1    0.008085    0.081240    0.153773    3.971081 ^ g1353/X (sky130_fd_sc_hd__a21o_1)
                                                         n1393 (net)
                      0.081240    0.000338    3.971418 ^ g1374/B (sky130_fd_sc_hd__xor2_1)
     3    0.020986    0.186678    0.162090    4.133509 v g1374/X (sky130_fd_sc_hd__xor2_1)
                                                         n1414 (net)
                      0.186765    0.001717    4.135226 v g1700/A (sky130_fd_sc_hd__xnor2_1)
     8    0.054767    1.168417    1.022170    5.157395 ^ g1700/Y (sky130_fd_sc_hd__xnor2_1)
                                                         n1740 (net)
                      1.168417    0.001108    5.158503 ^ g1745/A (sky130_fd_sc_hd__and2_1)
     3    0.008201    0.106526    0.300024    5.458528 ^ g1745/X (sky130_fd_sc_hd__and2_1)
                                                         n1785 (net)
                      0.106526    0.000147    5.458674 ^ g1785/B (sky130_fd_sc_hd__and2_1)
     2    0.005558    0.088569    0.159159    5.617834 ^ g1785/X (sky130_fd_sc_hd__and2_1)
                                                         n1825 (net)
                      0.088569    0.000127    5.617961 ^ g1819/A (sky130_fd_sc_hd__and2_1)
     2    0.006252    0.075835    0.156368    5.774329 ^ g1819/X (sky130_fd_sc_hd__and2_1)
                                                         n1859 (net)
                      0.075835    0.000171    5.774500 ^ g1845/A (sky130_fd_sc_hd__and2_1)
     2    0.005052    0.065331    0.143180    5.917680 ^ g1845/X (sky130_fd_sc_hd__and2_1)
                                                         n1885 (net)
                      0.065331    0.000134    5.917813 ^ g1854/A1 (sky130_fd_sc_hd__a21o_1)
    22    0.047358    0.405364    0.384988    6.302802 ^ g1854/X (sky130_fd_sc_hd__a21o_1)
                                                         n1894 (net)
                      0.405403    0.003513    6.306315 ^ g2006/B (sky130_fd_sc_hd__and2_1)
     1    0.011369    0.123791    0.257441    6.563756 ^ g2006/X (sky130_fd_sc_hd__and2_1)
                                                         zN[0] (net)
                      0.123791    0.000220    6.563976 ^ zN[0] (out)
                                              6.563976   data arrival time

                      0.000000   10.000000   10.000000   clock __VIRTUAL_CLK__ (rise edge)
                                  0.000000   10.000000   clock network delay (ideal)
                                  0.000000   10.000000   clock reconvergence pessimism
                                  0.000000   10.000000   output external delay
                                             10.000000   data required time
---------------------------------------------------------------------------------------------
                                             10.000000   data required time
                                             -6.563976   data arrival time
---------------------------------------------------------------------------------------------
                                              3.436024   slack (MET)


Startpoint: xN[3] (input port clocked by __VIRTUAL_CLK__)
Endpoint: zN[10] (output port clocked by __VIRTUAL_CLK__)
Path Group: __VIRTUAL_CLK__
Path Type: max

Fanout         Cap        Slew       Delay        Time   Description
---------------------------------------------------------------------------------------------
                      0.000000    0.000000    0.000000   clock __VIRTUAL_CLK__ (rise edge)
                                  0.000000    0.000000   clock network delay (ideal)
                                  0.000000    0.000000 ^ input external delay
    20    0.115344    0.518546    0.376867    0.376867 ^ xN[3] (in)
                                                         xN[3] (net)
                      0.518613    0.000000    0.376867 ^ g229/A (sky130_fd_sc_hd__and2_1)
     1    0.001930    0.048829    0.204211    0.581078 ^ g229/X (sky130_fd_sc_hd__and2_1)
                                                         n269 (net)
                      0.048829    0.000059    0.581137 ^ g232/B (sky130_fd_sc_hd__or2_1)
     2    0.008919    0.092656    0.135662    0.716799 ^ g232/X (sky130_fd_sc_hd__or2_1)
                                                         n272 (net)
                      0.092656    0.000325    0.717124 ^ g646/B (sky130_fd_sc_hd__xor2_1)
     2    0.008052    0.203712    0.227724    0.944848 ^ g646/X (sky130_fd_sc_hd__xor2_1)
                                                         n686 (net)
                      0.203712    0.000202    0.945051 ^ g649/A1 (sky130_fd_sc_hd__a21o_1)
     2    0.007438    0.075020    0.176656    1.121707 ^ g649/X (sky130_fd_sc_hd__a21o_1)
                                                         n689 (net)
                      0.075020    0.000238    1.121945 ^ g726/B (sky130_fd_sc_hd__xor2_1)
     2    0.007878    0.200590    0.221435    1.343380 ^ g726/X (sky130_fd_sc_hd__xor2_1)
                                                         n766 (net)
                      0.200590    0.000092    1.343472 ^ g729/A1 (sky130_fd_sc_hd__a21o_1)
     2    0.009265    0.089344    0.187710    1.531182 ^ g729/X (sky130_fd_sc_hd__a21o_1)
                                                         n769 (net)
                      0.089344    0.000328    1.531510 ^ g792/B (sky130_fd_sc_hd__xor2_1)
     2    0.007971    0.202273    0.225919    1.757429 ^ g792/X (sky130_fd_sc_hd__xor2_1)
                                                         n832 (net)
                      0.202273    0.000104    1.757533 ^ g794/A (sky130_fd_sc_hd__xor2_1)
     2    0.006919    0.183470    0.227482    1.985015 ^ g794/X (sky130_fd_sc_hd__xor2_1)
                                                         n834 (net)
                      0.183470    0.000126    1.985141 ^ g850/B (sky130_fd_sc_hd__xor2_1)
     2    0.007988    0.202557    0.241451    2.226592 ^ g850/X (sky130_fd_sc_hd__xor2_1)
                                                         n890 (net)
                      0.202557    0.000201    2.226792 ^ g852/A (sky130_fd_sc_hd__xor2_1)
     2    0.012626    0.287043    0.309037    2.535829 ^ g852/X (sky130_fd_sc_hd__xor2_1)
                                                         n892 (net)
                      0.287045    0.000565    2.536394 ^ g1165/B (sky130_fd_sc_hd__xor2_1)
     5    0.023820    0.492536    0.477105    3.013500 ^ g1165/X (sky130_fd_sc_hd__xor2_1)
                                                         n1205 (net)
                      0.492541    0.001381    3.014881 ^ g1212/A (sky130_fd_sc_hd__and2_1)
     4    0.008629    0.100828    0.252899    3.267780 ^ g1212/X (sky130_fd_sc_hd__and2_1)
                                                         n1252 (net)
                      0.100828    0.000111    3.267890 ^ g1261/A (sky130_fd_sc_hd__and2_1)
     4    0.011798    0.125692    0.199862    3.467752 ^ g1261/X (sky130_fd_sc_hd__and2_1)
                                                         n1301 (net)
                      0.125692    0.000500    3.468253 ^ g1316/B (sky130_fd_sc_hd__and2_1)
     3    0.007548    0.087378    0.178939    3.647192 ^ g1316/X (sky130_fd_sc_hd__and2_1)
                                                         n1356 (net)
                      0.087378    0.000182    3.647374 ^ g1347/A (sky130_fd_sc_hd__and2_1)
     3    0.008173    0.092795    0.169868    3.817242 ^ g1347/X (sky130_fd_sc_hd__and2_1)
                                                         n1387 (net)
                      0.092795    0.000066    3.817308 ^ g1353/A1 (sky130_fd_sc_hd__a21o_1)
     1    0.008085    0.081240    0.153773    3.971081 ^ g1353/X (sky130_fd_sc_hd__a21o_1)
                                                         n1393 (net)
                      0.081240    0.000338    3.971418 ^ g1374/B (sky130_fd_sc_hd__xor2_1)
     3    0.020986    0.186678    0.162090    4.133509 v g1374/X (sky130_fd_sc_hd__xor2_1)
                                                         n1414 (net)
                      0.186765    0.001717    4.135226 v g1700/A (sky130_fd_sc_hd__xnor2_1)
     8    0.054767    1.168417    1.022170    5.157395 ^ g1700/Y (sky130_fd_sc_hd__xnor2_1)
                                                         n1740 (net)
                      1.168417    0.001108    5.158503 ^ g1745/A (sky130_fd_sc_hd__and2_1)
     3    0.008201    0.106526    0.300024    5.458528 ^ g1745/X (sky130_fd_sc_hd__and2_1)
                                                         n1785 (net)
                      0.106526    0.000147    5.458674 ^ g1785/B (sky130_fd_sc_hd__and2_1)
     2    0.005558    0.088569    0.159159    5.617834 ^ g1785/X (sky130_fd_sc_hd__and2_1)
                                                         n1825 (net)
                      0.088569    0.000127    5.617961 ^ g1819/A (sky130_fd_sc_hd__and2_1)
     2    0.006252    0.075835    0.156368    5.774329 ^ g1819/X (sky130_fd_sc_hd__and2_1)
                                                         n1859 (net)
                      0.075835    0.000171    5.774500 ^ g1845/A (sky130_fd_sc_hd__and2_1)
     2    0.005052    0.065331    0.143180    5.917680 ^ g1845/X (sky130_fd_sc_hd__and2_1)
                                                         n1885 (net)
                      0.065331    0.000134    5.917813 ^ g1854/A1 (sky130_fd_sc_hd__a21o_1)
    22    0.047358    0.405364    0.384988    6.302802 ^ g1854/X (sky130_fd_sc_hd__a21o_1)
                                                         n1894 (net)
                      0.405402    0.003457    6.306259 ^ g2046/B (sky130_fd_sc_hd__and2_1)
     1    0.011365    0.123752    0.257411    6.563669 ^ g2046/X (sky130_fd_sc_hd__and2_1)
                                                         zN[10] (net)
                      0.123752    0.000220    6.563890 ^ zN[10] (out)
                                              6.563890   data arrival time

                      0.000000   10.000000   10.000000   clock __VIRTUAL_CLK__ (rise edge)
                                  0.000000   10.000000   clock network delay (ideal)
                                  0.000000   10.000000   clock reconvergence pessimism
                                  0.000000   10.000000   output external delay
                                             10.000000   data required time
---------------------------------------------------------------------------------------------
                                             10.000000   data required time
                                             -6.563890   data arrival time
---------------------------------------------------------------------------------------------
                                              3.436110   slack (MET)


Startpoint: xN[3] (input port clocked by __VIRTUAL_CLK__)
Endpoint: zN[5] (output port clocked by __VIRTUAL_CLK__)
Path Group: __VIRTUAL_CLK__
Path Type: max

Fanout         Cap        Slew       Delay        Time   Description
---------------------------------------------------------------------------------------------
                      0.000000    0.000000    0.000000   clock __VIRTUAL_CLK__ (rise edge)
                                  0.000000    0.000000   clock network delay (ideal)
                                  0.000000    0.000000 ^ input external delay
    20    0.115344    0.518546    0.376867    0.376867 ^ xN[3] (in)
                                                         xN[3] (net)
                      0.518613    0.000000    0.376867 ^ g229/A (sky130_fd_sc_hd__and2_1)
     1    0.001930    0.048829    0.204211    0.581078 ^ g229/X (sky130_fd_sc_hd__and2_1)
                                                         n269 (net)
                      0.048829    0.000059    0.581137 ^ g232/B (sky130_fd_sc_hd__or2_1)
     2    0.008919    0.092656    0.135662    0.716799 ^ g232/X (sky130_fd_sc_hd__or2_1)
                                                         n272 (net)
                      0.092656    0.000325    0.717124 ^ g646/B (sky130_fd_sc_hd__xor2_1)
     2    0.008052    0.203712    0.227724    0.944848 ^ g646/X (sky130_fd_sc_hd__xor2_1)
                                                         n686 (net)
                      0.203712    0.000202    0.945051 ^ g649/A1 (sky130_fd_sc_hd__a21o_1)
     2    0.007438    0.075020    0.176656    1.121707 ^ g649/X (sky130_fd_sc_hd__a21o_1)
                                                         n689 (net)
                      0.075020    0.000238    1.121945 ^ g726/B (sky130_fd_sc_hd__xor2_1)
     2    0.007878    0.200590    0.221435    1.343380 ^ g726/X (sky130_fd_sc_hd__xor2_1)
                                                         n766 (net)
                      0.200590    0.000092    1.343472 ^ g729/A1 (sky130_fd_sc_hd__a21o_1)
     2    0.009265    0.089344    0.187710    1.531182 ^ g729/X (sky130_fd_sc_hd__a21o_1)
                                                         n769 (net)
                      0.089344    0.000328    1.531510 ^ g792/B (sky130_fd_sc_hd__xor2_1)
     2    0.007971    0.202273    0.225919    1.757429 ^ g792/X (sky130_fd_sc_hd__xor2_1)
                                                         n832 (net)
                      0.202273    0.000104    1.757533 ^ g794/A (sky130_fd_sc_hd__xor2_1)
     2    0.006919    0.183470    0.227482    1.985015 ^ g794/X (sky130_fd_sc_hd__xor2_1)
                                                         n834 (net)
                      0.183470    0.000126    1.985141 ^ g850/B (sky130_fd_sc_hd__xor2_1)
     2    0.007988    0.202557    0.241451    2.226592 ^ g850/X (sky130_fd_sc_hd__xor2_1)
                                                         n890 (net)
                      0.202557    0.000201    2.226792 ^ g852/A (sky130_fd_sc_hd__xor2_1)
     2    0.012626    0.287043    0.309037    2.535829 ^ g852/X (sky130_fd_sc_hd__xor2_1)
                                                         n892 (net)
                      0.287045    0.000565    2.536394 ^ g1165/B (sky130_fd_sc_hd__xor2_1)
     5    0.023820    0.492536    0.477105    3.013500 ^ g1165/X (sky130_fd_sc_hd__xor2_1)
                                                         n1205 (net)
                      0.492541    0.001381    3.014881 ^ g1212/A (sky130_fd_sc_hd__and2_1)
     4    0.008629    0.100828    0.252899    3.267780 ^ g1212/X (sky130_fd_sc_hd__and2_1)
                                                         n1252 (net)
                      0.100828    0.000111    3.267890 ^ g1261/A (sky130_fd_sc_hd__and2_1)
     4    0.011798    0.125692    0.199862    3.467752 ^ g1261/X (sky130_fd_sc_hd__and2_1)
                                                         n1301 (net)
                      0.125692    0.000500    3.468253 ^ g1316/B (sky130_fd_sc_hd__and2_1)
     3    0.007548    0.087378    0.178939    3.647192 ^ g1316/X (sky130_fd_sc_hd__and2_1)
                                                         n1356 (net)
                      0.087378    0.000182    3.647374 ^ g1347/A (sky130_fd_sc_hd__and2_1)
     3    0.008173    0.092795    0.169868    3.817242 ^ g1347/X (sky130_fd_sc_hd__and2_1)
                                                         n1387 (net)
                      0.092795    0.000066    3.817308 ^ g1353/A1 (sky130_fd_sc_hd__a21o_1)
     1    0.008085    0.081240    0.153773    3.971081 ^ g1353/X (sky130_fd_sc_hd__a21o_1)
                                                         n1393 (net)
                      0.081240    0.000338    3.971418 ^ g1374/B (sky130_fd_sc_hd__xor2_1)
     3    0.020986    0.186678    0.162090    4.133509 v g1374/X (sky130_fd_sc_hd__xor2_1)
                                                         n1414 (net)
                      0.186765    0.001717    4.135226 v g1700/A (sky130_fd_sc_hd__xnor2_1)
     8    0.054767    1.168417    1.022170    5.157395 ^ g1700/Y (sky130_fd_sc_hd__xnor2_1)
                                                         n1740 (net)
                      1.168417    0.001108    5.158503 ^ g1745/A (sky130_fd_sc_hd__and2_1)
     3    0.008201    0.106526    0.300024    5.458528 ^ g1745/X (sky130_fd_sc_hd__and2_1)
                                                         n1785 (net)
                      0.106526    0.000147    5.458674 ^ g1785/B (sky130_fd_sc_hd__and2_1)
     2    0.005558    0.088569    0.159159    5.617834 ^ g1785/X (sky130_fd_sc_hd__and2_1)
                                                         n1825 (net)
                      0.088569    0.000127    5.617961 ^ g1819/A (sky130_fd_sc_hd__and2_1)
     2    0.006252    0.075835    0.156368    5.774329 ^ g1819/X (sky130_fd_sc_hd__and2_1)
                                                         n1859 (net)
                      0.075835    0.000171    5.774500 ^ g1845/A (sky130_fd_sc_hd__and2_1)
     2    0.005052    0.065331    0.143180    5.917680 ^ g1845/X (sky130_fd_sc_hd__and2_1)
                                                         n1885 (net)
                      0.065331    0.000134    5.917813 ^ g1854/A1 (sky130_fd_sc_hd__a21o_1)
    22    0.047358    0.405364    0.384988    6.302802 ^ g1854/X (sky130_fd_sc_hd__a21o_1)
                                                         n1894 (net)
                      0.405402    0.003448    6.306251 ^ g2026/B (sky130_fd_sc_hd__and2_1)
     1    0.011325    0.123401    0.257097    6.563348 ^ g2026/X (sky130_fd_sc_hd__and2_1)
                                                         zN[5] (net)
                      0.123401    0.000286    6.563634 ^ zN[5] (out)
                                              6.563634   data arrival time

                      0.000000   10.000000   10.000000   clock __VIRTUAL_CLK__ (rise edge)
                                  0.000000   10.000000   clock network delay (ideal)
                                  0.000000   10.000000   clock reconvergence pessimism
                                  0.000000   10.000000   output external delay
                                             10.000000   data required time
---------------------------------------------------------------------------------------------
                                             10.000000   data required time
                                             -6.563634   data arrival time
---------------------------------------------------------------------------------------------
                                              3.436366   slack (MET)


Startpoint: xN[3] (input port clocked by __VIRTUAL_CLK__)
Endpoint: zN[16] (output port clocked by __VIRTUAL_CLK__)
Path Group: __VIRTUAL_CLK__
Path Type: max

Fanout         Cap        Slew       Delay        Time   Description
---------------------------------------------------------------------------------------------
                      0.000000    0.000000    0.000000   clock __VIRTUAL_CLK__ (rise edge)
                                  0.000000    0.000000   clock network delay (ideal)
                                  0.000000    0.000000 ^ input external delay
    20    0.115344    0.518546    0.376867    0.376867 ^ xN[3] (in)
                                                         xN[3] (net)
                      0.518613    0.000000    0.376867 ^ g229/A (sky130_fd_sc_hd__and2_1)
     1    0.001930    0.048829    0.204211    0.581078 ^ g229/X (sky130_fd_sc_hd__and2_1)
                                                         n269 (net)
                      0.048829    0.000059    0.581137 ^ g232/B (sky130_fd_sc_hd__or2_1)
     2    0.008919    0.092656    0.135662    0.716799 ^ g232/X (sky130_fd_sc_hd__or2_1)
                                                         n272 (net)
                      0.092656    0.000325    0.717124 ^ g646/B (sky130_fd_sc_hd__xor2_1)
     2    0.008052    0.203712    0.227724    0.944848 ^ g646/X (sky130_fd_sc_hd__xor2_1)
                                                         n686 (net)
                      0.203712    0.000202    0.945051 ^ g649/A1 (sky130_fd_sc_hd__a21o_1)
     2    0.007438    0.075020    0.176656    1.121707 ^ g649/X (sky130_fd_sc_hd__a21o_1)
                                                         n689 (net)
                      0.075020    0.000238    1.121945 ^ g726/B (sky130_fd_sc_hd__xor2_1)
     2    0.007878    0.200590    0.221435    1.343380 ^ g726/X (sky130_fd_sc_hd__xor2_1)
                                                         n766 (net)
                      0.200590    0.000092    1.343472 ^ g729/A1 (sky130_fd_sc_hd__a21o_1)
     2    0.009265    0.089344    0.187710    1.531182 ^ g729/X (sky130_fd_sc_hd__a21o_1)
                                                         n769 (net)
                      0.089344    0.000328    1.531510 ^ g792/B (sky130_fd_sc_hd__xor2_1)
     2    0.007971    0.202273    0.225919    1.757429 ^ g792/X (sky130_fd_sc_hd__xor2_1)
                                                         n832 (net)
                      0.202273    0.000104    1.757533 ^ g794/A (sky130_fd_sc_hd__xor2_1)
     2    0.006919    0.183470    0.227482    1.985015 ^ g794/X (sky130_fd_sc_hd__xor2_1)
                                                         n834 (net)
                      0.183470    0.000126    1.985141 ^ g850/B (sky130_fd_sc_hd__xor2_1)
     2    0.007988    0.202557    0.241451    2.226592 ^ g850/X (sky130_fd_sc_hd__xor2_1)
                                                         n890 (net)
                      0.202557    0.000201    2.226792 ^ g852/A (sky130_fd_sc_hd__xor2_1)
     2    0.012626    0.287043    0.309037    2.535829 ^ g852/X (sky130_fd_sc_hd__xor2_1)
                                                         n892 (net)
                      0.287045    0.000565    2.536394 ^ g1165/B (sky130_fd_sc_hd__xor2_1)
     5    0.023820    0.492536    0.477105    3.013500 ^ g1165/X (sky130_fd_sc_hd__xor2_1)
                                                         n1205 (net)
                      0.492541    0.001381    3.014881 ^ g1212/A (sky130_fd_sc_hd__and2_1)
     4    0.008629    0.100828    0.252899    3.267780 ^ g1212/X (sky130_fd_sc_hd__and2_1)
                                                         n1252 (net)
                      0.100828    0.000111    3.267890 ^ g1261/A (sky130_fd_sc_hd__and2_1)
     4    0.011798    0.125692    0.199862    3.467752 ^ g1261/X (sky130_fd_sc_hd__and2_1)
                                                         n1301 (net)
                      0.125692    0.000500    3.468253 ^ g1316/B (sky130_fd_sc_hd__and2_1)
     3    0.007548    0.087378    0.178939    3.647192 ^ g1316/X (sky130_fd_sc_hd__and2_1)
                                                         n1356 (net)
                      0.087378    0.000182    3.647374 ^ g1347/A (sky130_fd_sc_hd__and2_1)
     3    0.008173    0.092795    0.169868    3.817242 ^ g1347/X (sky130_fd_sc_hd__and2_1)
                                                         n1387 (net)
                      0.092795    0.000066    3.817308 ^ g1353/A1 (sky130_fd_sc_hd__a21o_1)
     1    0.008085    0.081240    0.153773    3.971081 ^ g1353/X (sky130_fd_sc_hd__a21o_1)
                                                         n1393 (net)
                      0.081240    0.000338    3.971418 ^ g1374/B (sky130_fd_sc_hd__xor2_1)
     3    0.020986    0.186678    0.162090    4.133509 v g1374/X (sky130_fd_sc_hd__xor2_1)
                                                         n1414 (net)
                      0.186765    0.001717    4.135226 v g1700/A (sky130_fd_sc_hd__xnor2_1)
     8    0.054767    1.168417    1.022170    5.157395 ^ g1700/Y (sky130_fd_sc_hd__xnor2_1)
                                                         n1740 (net)
                      1.168417    0.001108    5.158503 ^ g1745/A (sky130_fd_sc_hd__and2_1)
     3    0.008201    0.106526    0.300024    5.458528 ^ g1745/X (sky130_fd_sc_hd__and2_1)
                                                         n1785 (net)
                      0.106526    0.000147    5.458674 ^ g1785/B (sky130_fd_sc_hd__and2_1)
     2    0.005558    0.088569    0.159159    5.617834 ^ g1785/X (sky130_fd_sc_hd__and2_1)
                                                         n1825 (net)
                      0.088569    0.000127    5.617961 ^ g1819/A (sky130_fd_sc_hd__and2_1)
     2    0.006252    0.075835    0.156368    5.774329 ^ g1819/X (sky130_fd_sc_hd__and2_1)
                                                         n1859 (net)
                      0.075835    0.000171    5.774500 ^ g1845/A (sky130_fd_sc_hd__and2_1)
     2    0.005052    0.065331    0.143180    5.917680 ^ g1845/X (sky130_fd_sc_hd__and2_1)
                                                         n1885 (net)
                      0.065331    0.000134    5.917813 ^ g1854/A1 (sky130_fd_sc_hd__a21o_1)
    22    0.047358    0.405364    0.384988    6.302802 ^ g1854/X (sky130_fd_sc_hd__a21o_1)
                                                         n1894 (net)
                      0.405382    0.002387    6.305190 ^ g2070/B (sky130_fd_sc_hd__and2_1)
     1    0.011402    0.124095    0.257626    6.562815 ^ g2070/X (sky130_fd_sc_hd__and2_1)
                                                         zN[16] (net)
                      0.124095    0.000290    6.563106 ^ zN[16] (out)
                                              6.563106   data arrival time

                      0.000000   10.000000   10.000000   clock __VIRTUAL_CLK__ (rise edge)
                                  0.000000   10.000000   clock network delay (ideal)
                                  0.000000   10.000000   clock reconvergence pessimism
                                  0.000000   10.000000   output external delay
                                             10.000000   data required time
---------------------------------------------------------------------------------------------
                                             10.000000   data required time
                                             -6.563106   data arrival time
---------------------------------------------------------------------------------------------
                                              3.436895   slack (MET)


Startpoint: xN[3] (input port clocked by __VIRTUAL_CLK__)
Endpoint: zN[3] (output port clocked by __VIRTUAL_CLK__)
Path Group: __VIRTUAL_CLK__
Path Type: max

Fanout         Cap        Slew       Delay        Time   Description
---------------------------------------------------------------------------------------------
                      0.000000    0.000000    0.000000   clock __VIRTUAL_CLK__ (rise edge)
                                  0.000000    0.000000   clock network delay (ideal)
                                  0.000000    0.000000 ^ input external delay
    20    0.115344    0.518546    0.376867    0.376867 ^ xN[3] (in)
                                                         xN[3] (net)
                      0.518613    0.000000    0.376867 ^ g229/A (sky130_fd_sc_hd__and2_1)
     1    0.001930    0.048829    0.204211    0.581078 ^ g229/X (sky130_fd_sc_hd__and2_1)
                                                         n269 (net)
                      0.048829    0.000059    0.581137 ^ g232/B (sky130_fd_sc_hd__or2_1)
     2    0.008919    0.092656    0.135662    0.716799 ^ g232/X (sky130_fd_sc_hd__or2_1)
                                                         n272 (net)
                      0.092656    0.000325    0.717124 ^ g646/B (sky130_fd_sc_hd__xor2_1)
     2    0.008052    0.203712    0.227724    0.944848 ^ g646/X (sky130_fd_sc_hd__xor2_1)
                                                         n686 (net)
                      0.203712    0.000202    0.945051 ^ g649/A1 (sky130_fd_sc_hd__a21o_1)
     2    0.007438    0.075020    0.176656    1.121707 ^ g649/X (sky130_fd_sc_hd__a21o_1)
                                                         n689 (net)
                      0.075020    0.000238    1.121945 ^ g726/B (sky130_fd_sc_hd__xor2_1)
     2    0.007878    0.200590    0.221435    1.343380 ^ g726/X (sky130_fd_sc_hd__xor2_1)
                                                         n766 (net)
                      0.200590    0.000092    1.343472 ^ g729/A1 (sky130_fd_sc_hd__a21o_1)
     2    0.009265    0.089344    0.187710    1.531182 ^ g729/X (sky130_fd_sc_hd__a21o_1)
                                                         n769 (net)
                      0.089344    0.000328    1.531510 ^ g792/B (sky130_fd_sc_hd__xor2_1)
     2    0.007971    0.202273    0.225919    1.757429 ^ g792/X (sky130_fd_sc_hd__xor2_1)
                                                         n832 (net)
                      0.202273    0.000104    1.757533 ^ g794/A (sky130_fd_sc_hd__xor2_1)
     2    0.006919    0.183470    0.227482    1.985015 ^ g794/X (sky130_fd_sc_hd__xor2_1)
                                                         n834 (net)
                      0.183470    0.000126    1.985141 ^ g850/B (sky130_fd_sc_hd__xor2_1)
     2    0.007988    0.202557    0.241451    2.226592 ^ g850/X (sky130_fd_sc_hd__xor2_1)
                                                         n890 (net)
                      0.202557    0.000201    2.226792 ^ g852/A (sky130_fd_sc_hd__xor2_1)
     2    0.012626    0.287043    0.309037    2.535829 ^ g852/X (sky130_fd_sc_hd__xor2_1)
                                                         n892 (net)
                      0.287045    0.000565    2.536394 ^ g1165/B (sky130_fd_sc_hd__xor2_1)
     5    0.023820    0.492536    0.477105    3.013500 ^ g1165/X (sky130_fd_sc_hd__xor2_1)
                                                         n1205 (net)
                      0.492541    0.001381    3.014881 ^ g1212/A (sky130_fd_sc_hd__and2_1)
     4    0.008629    0.100828    0.252899    3.267780 ^ g1212/X (sky130_fd_sc_hd__and2_1)
                                                         n1252 (net)
                      0.100828    0.000111    3.267890 ^ g1261/A (sky130_fd_sc_hd__and2_1)
     4    0.011798    0.125692    0.199862    3.467752 ^ g1261/X (sky130_fd_sc_hd__and2_1)
                                                         n1301 (net)
                      0.125692    0.000500    3.468253 ^ g1316/B (sky130_fd_sc_hd__and2_1)
     3    0.007548    0.087378    0.178939    3.647192 ^ g1316/X (sky130_fd_sc_hd__and2_1)
                                                         n1356 (net)
                      0.087378    0.000182    3.647374 ^ g1347/A (sky130_fd_sc_hd__and2_1)
     3    0.008173    0.092795    0.169868    3.817242 ^ g1347/X (sky130_fd_sc_hd__and2_1)
                                                         n1387 (net)
                      0.092795    0.000066    3.817308 ^ g1353/A1 (sky130_fd_sc_hd__a21o_1)
     1    0.008085    0.081240    0.153773    3.971081 ^ g1353/X (sky130_fd_sc_hd__a21o_1)
                                                         n1393 (net)
                      0.081240    0.000338    3.971418 ^ g1374/B (sky130_fd_sc_hd__xor2_1)
     3    0.020986    0.186678    0.162090    4.133509 v g1374/X (sky130_fd_sc_hd__xor2_1)
                                                         n1414 (net)
                      0.186765    0.001717    4.135226 v g1700/A (sky130_fd_sc_hd__xnor2_1)
     8    0.054767    1.168417    1.022170    5.157395 ^ g1700/Y (sky130_fd_sc_hd__xnor2_1)
                                                         n1740 (net)
                      1.168417    0.001108    5.158503 ^ g1745/A (sky130_fd_sc_hd__and2_1)
     3    0.008201    0.106526    0.300024    5.458528 ^ g1745/X (sky130_fd_sc_hd__and2_1)
                                                         n1785 (net)
                      0.106526    0.000147    5.458674 ^ g1785/B (sky130_fd_sc_hd__and2_1)
     2    0.005558    0.088569    0.159159    5.617834 ^ g1785/X (sky130_fd_sc_hd__and2_1)
                                                         n1825 (net)
                      0.088569    0.000127    5.617961 ^ g1819/A (sky130_fd_sc_hd__and2_1)
     2    0.006252    0.075835    0.156368    5.774329 ^ g1819/X (sky130_fd_sc_hd__and2_1)
                                                         n1859 (net)
                      0.075835    0.000171    5.774500 ^ g1845/A (sky130_fd_sc_hd__and2_1)
     2    0.005052    0.065331    0.143180    5.917680 ^ g1845/X (sky130_fd_sc_hd__and2_1)
                                                         n1885 (net)
                      0.065331    0.000134    5.917813 ^ g1854/A1 (sky130_fd_sc_hd__a21o_1)
    22    0.047358    0.405364    0.384988    6.302802 ^ g1854/X (sky130_fd_sc_hd__a21o_1)
                                                         n1894 (net)
                      0.405402    0.003452    6.306254 ^ g2018/B (sky130_fd_sc_hd__and2_1)
     1    0.011240    0.122621    0.256541    6.562795 ^ g2018/X (sky130_fd_sc_hd__and2_1)
                                                         zN[3] (net)
                      0.122621    0.000218    6.563013 ^ zN[3] (out)
                                              6.563013   data arrival time

                      0.000000   10.000000   10.000000   clock __VIRTUAL_CLK__ (rise edge)
                                  0.000000   10.000000   clock network delay (ideal)
                                  0.000000   10.000000   clock reconvergence pessimism
                                  0.000000   10.000000   output external delay
                                             10.000000   data required time
---------------------------------------------------------------------------------------------
                                             10.000000   data required time
                                             -6.563013   data arrival time
---------------------------------------------------------------------------------------------
                                              3.436987   slack (MET)


Startpoint: xN[3] (input port clocked by __VIRTUAL_CLK__)
Endpoint: zN[9] (output port clocked by __VIRTUAL_CLK__)
Path Group: __VIRTUAL_CLK__
Path Type: max

Fanout         Cap        Slew       Delay        Time   Description
---------------------------------------------------------------------------------------------
                      0.000000    0.000000    0.000000   clock __VIRTUAL_CLK__ (rise edge)
                                  0.000000    0.000000   clock network delay (ideal)
                                  0.000000    0.000000 ^ input external delay
    20    0.115344    0.518546    0.376867    0.376867 ^ xN[3] (in)
                                                         xN[3] (net)
                      0.518613    0.000000    0.376867 ^ g229/A (sky130_fd_sc_hd__and2_1)
     1    0.001930    0.048829    0.204211    0.581078 ^ g229/X (sky130_fd_sc_hd__and2_1)
                                                         n269 (net)
                      0.048829    0.000059    0.581137 ^ g232/B (sky130_fd_sc_hd__or2_1)
     2    0.008919    0.092656    0.135662    0.716799 ^ g232/X (sky130_fd_sc_hd__or2_1)
                                                         n272 (net)
                      0.092656    0.000325    0.717124 ^ g646/B (sky130_fd_sc_hd__xor2_1)
     2    0.008052    0.203712    0.227724    0.944848 ^ g646/X (sky130_fd_sc_hd__xor2_1)
                                                         n686 (net)
                      0.203712    0.000202    0.945051 ^ g649/A1 (sky130_fd_sc_hd__a21o_1)
     2    0.007438    0.075020    0.176656    1.121707 ^ g649/X (sky130_fd_sc_hd__a21o_1)
                                                         n689 (net)
                      0.075020    0.000238    1.121945 ^ g726/B (sky130_fd_sc_hd__xor2_1)
     2    0.007878    0.200590    0.221435    1.343380 ^ g726/X (sky130_fd_sc_hd__xor2_1)
                                                         n766 (net)
                      0.200590    0.000092    1.343472 ^ g729/A1 (sky130_fd_sc_hd__a21o_1)
     2    0.009265    0.089344    0.187710    1.531182 ^ g729/X (sky130_fd_sc_hd__a21o_1)
                                                         n769 (net)
                      0.089344    0.000328    1.531510 ^ g792/B (sky130_fd_sc_hd__xor2_1)
     2    0.007971    0.202273    0.225919    1.757429 ^ g792/X (sky130_fd_sc_hd__xor2_1)
                                                         n832 (net)
                      0.202273    0.000104    1.757533 ^ g794/A (sky130_fd_sc_hd__xor2_1)
     2    0.006919    0.183470    0.227482    1.985015 ^ g794/X (sky130_fd_sc_hd__xor2_1)
                                                         n834 (net)
                      0.183470    0.000126    1.985141 ^ g850/B (sky130_fd_sc_hd__xor2_1)
     2    0.007988    0.202557    0.241451    2.226592 ^ g850/X (sky130_fd_sc_hd__xor2_1)
                                                         n890 (net)
                      0.202557    0.000201    2.226792 ^ g852/A (sky130_fd_sc_hd__xor2_1)
     2    0.012626    0.287043    0.309037    2.535829 ^ g852/X (sky130_fd_sc_hd__xor2_1)
                                                         n892 (net)
                      0.287045    0.000565    2.536394 ^ g1165/B (sky130_fd_sc_hd__xor2_1)
     5    0.023820    0.492536    0.477105    3.013500 ^ g1165/X (sky130_fd_sc_hd__xor2_1)
                                                         n1205 (net)
                      0.492541    0.001381    3.014881 ^ g1212/A (sky130_fd_sc_hd__and2_1)
     4    0.008629    0.100828    0.252899    3.267780 ^ g1212/X (sky130_fd_sc_hd__and2_1)
                                                         n1252 (net)
                      0.100828    0.000111    3.267890 ^ g1261/A (sky130_fd_sc_hd__and2_1)
     4    0.011798    0.125692    0.199862    3.467752 ^ g1261/X (sky130_fd_sc_hd__and2_1)
                                                         n1301 (net)
                      0.125692    0.000500    3.468253 ^ g1316/B (sky130_fd_sc_hd__and2_1)
     3    0.007548    0.087378    0.178939    3.647192 ^ g1316/X (sky130_fd_sc_hd__and2_1)
                                                         n1356 (net)
                      0.087378    0.000182    3.647374 ^ g1347/A (sky130_fd_sc_hd__and2_1)
     3    0.008173    0.092795    0.169868    3.817242 ^ g1347/X (sky130_fd_sc_hd__and2_1)
                                                         n1387 (net)
                      0.092795    0.000066    3.817308 ^ g1353/A1 (sky130_fd_sc_hd__a21o_1)
     1    0.008085    0.081240    0.153773    3.971081 ^ g1353/X (sky130_fd_sc_hd__a21o_1)
                                                         n1393 (net)
                      0.081240    0.000338    3.971418 ^ g1374/B (sky130_fd_sc_hd__xor2_1)
     3    0.020986    0.186678    0.162090    4.133509 v g1374/X (sky130_fd_sc_hd__xor2_1)
                                                         n1414 (net)
                      0.186765    0.001717    4.135226 v g1700/A (sky130_fd_sc_hd__xnor2_1)
     8    0.054767    1.168417    1.022170    5.157395 ^ g1700/Y (sky130_fd_sc_hd__xnor2_1)
                                                         n1740 (net)
                      1.168417    0.001108    5.158503 ^ g1745/A (sky130_fd_sc_hd__and2_1)
     3    0.008201    0.106526    0.300024    5.458528 ^ g1745/X (sky130_fd_sc_hd__and2_1)
                                                         n1785 (net)
                      0.106526    0.000147    5.458674 ^ g1785/B (sky130_fd_sc_hd__and2_1)
     2    0.005558    0.088569    0.159159    5.617834 ^ g1785/X (sky130_fd_sc_hd__and2_1)
                                                         n1825 (net)
                      0.088569    0.000127    5.617961 ^ g1819/A (sky130_fd_sc_hd__and2_1)
     2    0.006252    0.075835    0.156368    5.774329 ^ g1819/X (sky130_fd_sc_hd__and2_1)
                                                         n1859 (net)
                      0.075835    0.000171    5.774500 ^ g1845/A (sky130_fd_sc_hd__and2_1)
     2    0.005052    0.065331    0.143180    5.917680 ^ g1845/X (sky130_fd_sc_hd__and2_1)
                                                         n1885 (net)
                      0.065331    0.000134    5.917813 ^ g1854/A1 (sky130_fd_sc_hd__a21o_1)
    22    0.047358    0.405364    0.384988    6.302802 ^ g1854/X (sky130_fd_sc_hd__a21o_1)
                                                         n1894 (net)
                      0.405403    0.003487    6.306289 ^ g2042/B (sky130_fd_sc_hd__and2_1)
     1    0.011227    0.122507    0.256451    6.562740 ^ g2042/X (sky130_fd_sc_hd__and2_1)
                                                         zN[9] (net)
                      0.122507    0.000219    6.562960 ^ zN[9] (out)
                                              6.562960   data arrival time

                      0.000000   10.000000   10.000000   clock __VIRTUAL_CLK__ (rise edge)
                                  0.000000   10.000000   clock network delay (ideal)
                                  0.000000   10.000000   clock reconvergence pessimism
                                  0.000000   10.000000   output external delay
                                             10.000000   data required time
---------------------------------------------------------------------------------------------
                                             10.000000   data required time
                                             -6.562960   data arrival time
---------------------------------------------------------------------------------------------
                                              3.437041   slack (MET)


Startpoint: xN[3] (input port clocked by __VIRTUAL_CLK__)
Endpoint: zN[14] (output port clocked by __VIRTUAL_CLK__)
Path Group: __VIRTUAL_CLK__
Path Type: max

Fanout         Cap        Slew       Delay        Time   Description
---------------------------------------------------------------------------------------------
                      0.000000    0.000000    0.000000   clock __VIRTUAL_CLK__ (rise edge)
                                  0.000000    0.000000   clock network delay (ideal)
                                  0.000000    0.000000 ^ input external delay
    20    0.115344    0.518546    0.376867    0.376867 ^ xN[3] (in)
                                                         xN[3] (net)
                      0.518613    0.000000    0.376867 ^ g229/A (sky130_fd_sc_hd__and2_1)
     1    0.001930    0.048829    0.204211    0.581078 ^ g229/X (sky130_fd_sc_hd__and2_1)
                                                         n269 (net)
                      0.048829    0.000059    0.581137 ^ g232/B (sky130_fd_sc_hd__or2_1)
     2    0.008919    0.092656    0.135662    0.716799 ^ g232/X (sky130_fd_sc_hd__or2_1)
                                                         n272 (net)
                      0.092656    0.000325    0.717124 ^ g646/B (sky130_fd_sc_hd__xor2_1)
     2    0.008052    0.203712    0.227724    0.944848 ^ g646/X (sky130_fd_sc_hd__xor2_1)
                                                         n686 (net)
                      0.203712    0.000202    0.945051 ^ g649/A1 (sky130_fd_sc_hd__a21o_1)
     2    0.007438    0.075020    0.176656    1.121707 ^ g649/X (sky130_fd_sc_hd__a21o_1)
                                                         n689 (net)
                      0.075020    0.000238    1.121945 ^ g726/B (sky130_fd_sc_hd__xor2_1)
     2    0.007878    0.200590    0.221435    1.343380 ^ g726/X (sky130_fd_sc_hd__xor2_1)
                                                         n766 (net)
                      0.200590    0.000092    1.343472 ^ g729/A1 (sky130_fd_sc_hd__a21o_1)
     2    0.009265    0.089344    0.187710    1.531182 ^ g729/X (sky130_fd_sc_hd__a21o_1)
                                                         n769 (net)
                      0.089344    0.000328    1.531510 ^ g792/B (sky130_fd_sc_hd__xor2_1)
     2    0.007971    0.202273    0.225919    1.757429 ^ g792/X (sky130_fd_sc_hd__xor2_1)
                                                         n832 (net)
                      0.202273    0.000104    1.757533 ^ g794/A (sky130_fd_sc_hd__xor2_1)
     2    0.006919    0.183470    0.227482    1.985015 ^ g794/X (sky130_fd_sc_hd__xor2_1)
                                                         n834 (net)
                      0.183470    0.000126    1.985141 ^ g850/B (sky130_fd_sc_hd__xor2_1)
     2    0.007988    0.202557    0.241451    2.226592 ^ g850/X (sky130_fd_sc_hd__xor2_1)
                                                         n890 (net)
                      0.202557    0.000201    2.226792 ^ g852/A (sky130_fd_sc_hd__xor2_1)
     2    0.012626    0.287043    0.309037    2.535829 ^ g852/X (sky130_fd_sc_hd__xor2_1)
                                                         n892 (net)
                      0.287045    0.000565    2.536394 ^ g1165/B (sky130_fd_sc_hd__xor2_1)
     5    0.023820    0.492536    0.477105    3.013500 ^ g1165/X (sky130_fd_sc_hd__xor2_1)
                                                         n1205 (net)
                      0.492541    0.001381    3.014881 ^ g1212/A (sky130_fd_sc_hd__and2_1)
     4    0.008629    0.100828    0.252899    3.267780 ^ g1212/X (sky130_fd_sc_hd__and2_1)
                                                         n1252 (net)
                      0.100828    0.000111    3.267890 ^ g1261/A (sky130_fd_sc_hd__and2_1)
     4    0.011798    0.125692    0.199862    3.467752 ^ g1261/X (sky130_fd_sc_hd__and2_1)
                                                         n1301 (net)
                      0.125692    0.000500    3.468253 ^ g1316/B (sky130_fd_sc_hd__and2_1)
     3    0.007548    0.087378    0.178939    3.647192 ^ g1316/X (sky130_fd_sc_hd__and2_1)
                                                         n1356 (net)
                      0.087378    0.000182    3.647374 ^ g1347/A (sky130_fd_sc_hd__and2_1)
     3    0.008173    0.092795    0.169868    3.817242 ^ g1347/X (sky130_fd_sc_hd__and2_1)
                                                         n1387 (net)
                      0.092795    0.000066    3.817308 ^ g1353/A1 (sky130_fd_sc_hd__a21o_1)
     1    0.008085    0.081240    0.153773    3.971081 ^ g1353/X (sky130_fd_sc_hd__a21o_1)
                                                         n1393 (net)
                      0.081240    0.000338    3.971418 ^ g1374/B (sky130_fd_sc_hd__xor2_1)
     3    0.020986    0.186678    0.162090    4.133509 v g1374/X (sky130_fd_sc_hd__xor2_1)
                                                         n1414 (net)
                      0.186765    0.001717    4.135226 v g1700/A (sky130_fd_sc_hd__xnor2_1)
     8    0.054767    1.168417    1.022170    5.157395 ^ g1700/Y (sky130_fd_sc_hd__xnor2_1)
                                                         n1740 (net)
                      1.168417    0.001108    5.158503 ^ g1745/A (sky130_fd_sc_hd__and2_1)
     3    0.008201    0.106526    0.300024    5.458528 ^ g1745/X (sky130_fd_sc_hd__and2_1)
                                                         n1785 (net)
                      0.106526    0.000147    5.458674 ^ g1785/B (sky130_fd_sc_hd__and2_1)
     2    0.005558    0.088569    0.159159    5.617834 ^ g1785/X (sky130_fd_sc_hd__and2_1)
                                                         n1825 (net)
                      0.088569    0.000127    5.617961 ^ g1819/A (sky130_fd_sc_hd__and2_1)
     2    0.006252    0.075835    0.156368    5.774329 ^ g1819/X (sky130_fd_sc_hd__and2_1)
                                                         n1859 (net)
                      0.075835    0.000171    5.774500 ^ g1845/A (sky130_fd_sc_hd__and2_1)
     2    0.005052    0.065331    0.143180    5.917680 ^ g1845/X (sky130_fd_sc_hd__and2_1)
                                                         n1885 (net)
                      0.065331    0.000134    5.917813 ^ g1854/A1 (sky130_fd_sc_hd__a21o_1)
    22    0.047358    0.405364    0.384988    6.302802 ^ g1854/X (sky130_fd_sc_hd__a21o_1)
                                                         n1894 (net)
                      0.405396    0.003192    6.305994 ^ g2062/B (sky130_fd_sc_hd__and2_1)
     1    0.011258    0.122788    0.256665    6.562659 ^ g2062/X (sky130_fd_sc_hd__and2_1)
                                                         zN[14] (net)
                      0.122788    0.000224    6.562883 ^ zN[14] (out)
                                              6.562883   data arrival time

                      0.000000   10.000000   10.000000   clock __VIRTUAL_CLK__ (rise edge)
                                  0.000000   10.000000   clock network delay (ideal)
                                  0.000000   10.000000   clock reconvergence pessimism
                                  0.000000   10.000000   output external delay
                                             10.000000   data required time
---------------------------------------------------------------------------------------------
                                             10.000000   data required time
                                             -6.562883   data arrival time
---------------------------------------------------------------------------------------------
                                              3.437117   slack (MET)


Startpoint: xN[3] (input port clocked by __VIRTUAL_CLK__)
Endpoint: zN[18] (output port clocked by __VIRTUAL_CLK__)
Path Group: __VIRTUAL_CLK__
Path Type: max

Fanout         Cap        Slew       Delay        Time   Description
---------------------------------------------------------------------------------------------
                      0.000000    0.000000    0.000000   clock __VIRTUAL_CLK__ (rise edge)
                                  0.000000    0.000000   clock network delay (ideal)
                                  0.000000    0.000000 ^ input external delay
    20    0.115344    0.518546    0.376867    0.376867 ^ xN[3] (in)
                                                         xN[3] (net)
                      0.518613    0.000000    0.376867 ^ g229/A (sky130_fd_sc_hd__and2_1)
     1    0.001930    0.048829    0.204211    0.581078 ^ g229/X (sky130_fd_sc_hd__and2_1)
                                                         n269 (net)
                      0.048829    0.000059    0.581137 ^ g232/B (sky130_fd_sc_hd__or2_1)
     2    0.008919    0.092656    0.135662    0.716799 ^ g232/X (sky130_fd_sc_hd__or2_1)
                                                         n272 (net)
                      0.092656    0.000325    0.717124 ^ g646/B (sky130_fd_sc_hd__xor2_1)
     2    0.008052    0.203712    0.227724    0.944848 ^ g646/X (sky130_fd_sc_hd__xor2_1)
                                                         n686 (net)
                      0.203712    0.000202    0.945051 ^ g649/A1 (sky130_fd_sc_hd__a21o_1)
     2    0.007438    0.075020    0.176656    1.121707 ^ g649/X (sky130_fd_sc_hd__a21o_1)
                                                         n689 (net)
                      0.075020    0.000238    1.121945 ^ g726/B (sky130_fd_sc_hd__xor2_1)
     2    0.007878    0.200590    0.221435    1.343380 ^ g726/X (sky130_fd_sc_hd__xor2_1)
                                                         n766 (net)
                      0.200590    0.000092    1.343472 ^ g729/A1 (sky130_fd_sc_hd__a21o_1)
     2    0.009265    0.089344    0.187710    1.531182 ^ g729/X (sky130_fd_sc_hd__a21o_1)
                                                         n769 (net)
                      0.089344    0.000328    1.531510 ^ g792/B (sky130_fd_sc_hd__xor2_1)
     2    0.007971    0.202273    0.225919    1.757429 ^ g792/X (sky130_fd_sc_hd__xor2_1)
                                                         n832 (net)
                      0.202273    0.000104    1.757533 ^ g794/A (sky130_fd_sc_hd__xor2_1)
     2    0.006919    0.183470    0.227482    1.985015 ^ g794/X (sky130_fd_sc_hd__xor2_1)
                                                         n834 (net)
                      0.183470    0.000126    1.985141 ^ g850/B (sky130_fd_sc_hd__xor2_1)
     2    0.007988    0.202557    0.241451    2.226592 ^ g850/X (sky130_fd_sc_hd__xor2_1)
                                                         n890 (net)
                      0.202557    0.000201    2.226792 ^ g852/A (sky130_fd_sc_hd__xor2_1)
     2    0.012626    0.287043    0.309037    2.535829 ^ g852/X (sky130_fd_sc_hd__xor2_1)
                                                         n892 (net)
                      0.287045    0.000565    2.536394 ^ g1165/B (sky130_fd_sc_hd__xor2_1)
     5    0.023820    0.492536    0.477105    3.013500 ^ g1165/X (sky130_fd_sc_hd__xor2_1)
                                                         n1205 (net)
                      0.492541    0.001381    3.014881 ^ g1212/A (sky130_fd_sc_hd__and2_1)
     4    0.008629    0.100828    0.252899    3.267780 ^ g1212/X (sky130_fd_sc_hd__and2_1)
                                                         n1252 (net)
                      0.100828    0.000111    3.267890 ^ g1261/A (sky130_fd_sc_hd__and2_1)
     4    0.011798    0.125692    0.199862    3.467752 ^ g1261/X (sky130_fd_sc_hd__and2_1)
                                                         n1301 (net)
                      0.125692    0.000500    3.468253 ^ g1316/B (sky130_fd_sc_hd__and2_1)
     3    0.007548    0.087378    0.178939    3.647192 ^ g1316/X (sky130_fd_sc_hd__and2_1)
                                                         n1356 (net)
                      0.087378    0.000182    3.647374 ^ g1347/A (sky130_fd_sc_hd__and2_1)
     3    0.008173    0.092795    0.169868    3.817242 ^ g1347/X (sky130_fd_sc_hd__and2_1)
                                                         n1387 (net)
                      0.092795    0.000066    3.817308 ^ g1353/A1 (sky130_fd_sc_hd__a21o_1)
     1    0.008085    0.081240    0.153773    3.971081 ^ g1353/X (sky130_fd_sc_hd__a21o_1)
                                                         n1393 (net)
                      0.081240    0.000338    3.971418 ^ g1374/B (sky130_fd_sc_hd__xor2_1)
     3    0.020986    0.186678    0.162090    4.133509 v g1374/X (sky130_fd_sc_hd__xor2_1)
                                                         n1414 (net)
                      0.186765    0.001717    4.135226 v g1700/A (sky130_fd_sc_hd__xnor2_1)
     8    0.054767    1.168417    1.022170    5.157395 ^ g1700/Y (sky130_fd_sc_hd__xnor2_1)
                                                         n1740 (net)
                      1.168417    0.001108    5.158503 ^ g1745/A (sky130_fd_sc_hd__and2_1)
     3    0.008201    0.106526    0.300024    5.458528 ^ g1745/X (sky130_fd_sc_hd__and2_1)
                                                         n1785 (net)
                      0.106526    0.000147    5.458674 ^ g1785/B (sky130_fd_sc_hd__and2_1)
     2    0.005558    0.088569    0.159159    5.617834 ^ g1785/X (sky130_fd_sc_hd__and2_1)
                                                         n1825 (net)
                      0.088569    0.000127    5.617961 ^ g1819/A (sky130_fd_sc_hd__and2_1)
     2    0.006252    0.075835    0.156368    5.774329 ^ g1819/X (sky130_fd_sc_hd__and2_1)
                                                         n1859 (net)
                      0.075835    0.000171    5.774500 ^ g1845/A (sky130_fd_sc_hd__and2_1)
     2    0.005052    0.065331    0.143180    5.917680 ^ g1845/X (sky130_fd_sc_hd__and2_1)
                                                         n1885 (net)
                      0.065331    0.000134    5.917813 ^ g1854/A1 (sky130_fd_sc_hd__a21o_1)
    22    0.047358    0.405364    0.384988    6.302802 ^ g1854/X (sky130_fd_sc_hd__a21o_1)
                                                         n1894 (net)
                      0.405399    0.003316    6.306118 ^ g2078/B (sky130_fd_sc_hd__and2_1)
     1    0.011234    0.122562    0.256498    6.562616 ^ g2078/X (sky130_fd_sc_hd__and2_1)
                                                         zN[18] (net)
                      0.122562    0.000218    6.562834 ^ zN[18] (out)
                                              6.562834   data arrival time

                      0.000000   10.000000   10.000000   clock __VIRTUAL_CLK__ (rise edge)
                                  0.000000   10.000000   clock network delay (ideal)
                                  0.000000   10.000000   clock reconvergence pessimism
                                  0.000000   10.000000   output external delay
                                             10.000000   data required time
---------------------------------------------------------------------------------------------
                                             10.000000   data required time
                                             -6.562834   data arrival time
---------------------------------------------------------------------------------------------
                                              3.437166   slack (MET)


Startpoint: xN[3] (input port clocked by __VIRTUAL_CLK__)
Endpoint: zN[12] (output port clocked by __VIRTUAL_CLK__)
Path Group: __VIRTUAL_CLK__
Path Type: max

Fanout         Cap        Slew       Delay        Time   Description
---------------------------------------------------------------------------------------------
                      0.000000    0.000000    0.000000   clock __VIRTUAL_CLK__ (rise edge)
                                  0.000000    0.000000   clock network delay (ideal)
                                  0.000000    0.000000 ^ input external delay
    20    0.115344    0.518546    0.376867    0.376867 ^ xN[3] (in)
                                                         xN[3] (net)
                      0.518613    0.000000    0.376867 ^ g229/A (sky130_fd_sc_hd__and2_1)
     1    0.001930    0.048829    0.204211    0.581078 ^ g229/X (sky130_fd_sc_hd__and2_1)
                                                         n269 (net)
                      0.048829    0.000059    0.581137 ^ g232/B (sky130_fd_sc_hd__or2_1)
     2    0.008919    0.092656    0.135662    0.716799 ^ g232/X (sky130_fd_sc_hd__or2_1)
                                                         n272 (net)
                      0.092656    0.000325    0.717124 ^ g646/B (sky130_fd_sc_hd__xor2_1)
     2    0.008052    0.203712    0.227724    0.944848 ^ g646/X (sky130_fd_sc_hd__xor2_1)
                                                         n686 (net)
                      0.203712    0.000202    0.945051 ^ g649/A1 (sky130_fd_sc_hd__a21o_1)
     2    0.007438    0.075020    0.176656    1.121707 ^ g649/X (sky130_fd_sc_hd__a21o_1)
                                                         n689 (net)
                      0.075020    0.000238    1.121945 ^ g726/B (sky130_fd_sc_hd__xor2_1)
     2    0.007878    0.200590    0.221435    1.343380 ^ g726/X (sky130_fd_sc_hd__xor2_1)
                                                         n766 (net)
                      0.200590    0.000092    1.343472 ^ g729/A1 (sky130_fd_sc_hd__a21o_1)
     2    0.009265    0.089344    0.187710    1.531182 ^ g729/X (sky130_fd_sc_hd__a21o_1)
                                                         n769 (net)
                      0.089344    0.000328    1.531510 ^ g792/B (sky130_fd_sc_hd__xor2_1)
     2    0.007971    0.202273    0.225919    1.757429 ^ g792/X (sky130_fd_sc_hd__xor2_1)
                                                         n832 (net)
                      0.202273    0.000104    1.757533 ^ g794/A (sky130_fd_sc_hd__xor2_1)
     2    0.006919    0.183470    0.227482    1.985015 ^ g794/X (sky130_fd_sc_hd__xor2_1)
                                                         n834 (net)
                      0.183470    0.000126    1.985141 ^ g850/B (sky130_fd_sc_hd__xor2_1)
     2    0.007988    0.202557    0.241451    2.226592 ^ g850/X (sky130_fd_sc_hd__xor2_1)
                                                         n890 (net)
                      0.202557    0.000201    2.226792 ^ g852/A (sky130_fd_sc_hd__xor2_1)
     2    0.012626    0.287043    0.309037    2.535829 ^ g852/X (sky130_fd_sc_hd__xor2_1)
                                                         n892 (net)
                      0.287045    0.000565    2.536394 ^ g1165/B (sky130_fd_sc_hd__xor2_1)
     5    0.023820    0.492536    0.477105    3.013500 ^ g1165/X (sky130_fd_sc_hd__xor2_1)
                                                         n1205 (net)
                      0.492541    0.001381    3.014881 ^ g1212/A (sky130_fd_sc_hd__and2_1)
     4    0.008629    0.100828    0.252899    3.267780 ^ g1212/X (sky130_fd_sc_hd__and2_1)
                                                         n1252 (net)
                      0.100828    0.000111    3.267890 ^ g1261/A (sky130_fd_sc_hd__and2_1)
     4    0.011798    0.125692    0.199862    3.467752 ^ g1261/X (sky130_fd_sc_hd__and2_1)
                                                         n1301 (net)
                      0.125692    0.000500    3.468253 ^ g1316/B (sky130_fd_sc_hd__and2_1)
     3    0.007548    0.087378    0.178939    3.647192 ^ g1316/X (sky130_fd_sc_hd__and2_1)
                                                         n1356 (net)
                      0.087378    0.000182    3.647374 ^ g1347/A (sky130_fd_sc_hd__and2_1)
     3    0.008173    0.092795    0.169868    3.817242 ^ g1347/X (sky130_fd_sc_hd__and2_1)
                                                         n1387 (net)
                      0.092795    0.000066    3.817308 ^ g1353/A1 (sky130_fd_sc_hd__a21o_1)
     1    0.008085    0.081240    0.153773    3.971081 ^ g1353/X (sky130_fd_sc_hd__a21o_1)
                                                         n1393 (net)
                      0.081240    0.000338    3.971418 ^ g1374/B (sky130_fd_sc_hd__xor2_1)
     3    0.020986    0.186678    0.162090    4.133509 v g1374/X (sky130_fd_sc_hd__xor2_1)
                                                         n1414 (net)
                      0.186765    0.001717    4.135226 v g1700/A (sky130_fd_sc_hd__xnor2_1)
     8    0.054767    1.168417    1.022170    5.157395 ^ g1700/Y (sky130_fd_sc_hd__xnor2_1)
                                                         n1740 (net)
                      1.168417    0.001108    5.158503 ^ g1745/A (sky130_fd_sc_hd__and2_1)
     3    0.008201    0.106526    0.300024    5.458528 ^ g1745/X (sky130_fd_sc_hd__and2_1)
                                                         n1785 (net)
                      0.106526    0.000147    5.458674 ^ g1785/B (sky130_fd_sc_hd__and2_1)
     2    0.005558    0.088569    0.159159    5.617834 ^ g1785/X (sky130_fd_sc_hd__and2_1)
                                                         n1825 (net)
                      0.088569    0.000127    5.617961 ^ g1819/A (sky130_fd_sc_hd__and2_1)
     2    0.006252    0.075835    0.156368    5.774329 ^ g1819/X (sky130_fd_sc_hd__and2_1)
                                                         n1859 (net)
                      0.075835    0.000171    5.774500 ^ g1845/A (sky130_fd_sc_hd__and2_1)
     2    0.005052    0.065331    0.143180    5.917680 ^ g1845/X (sky130_fd_sc_hd__and2_1)
                                                         n1885 (net)
                      0.065331    0.000134    5.917813 ^ g1854/A1 (sky130_fd_sc_hd__a21o_1)
    22    0.047358    0.405364    0.384988    6.302802 ^ g1854/X (sky130_fd_sc_hd__a21o_1)
                                                         n1894 (net)
                      0.405378    0.002117    6.304919 ^ g2054/B (sky130_fd_sc_hd__and2_1)
     1    0.011395    0.124025    0.257603    6.562522 ^ g2054/X (sky130_fd_sc_hd__and2_1)
                                                         zN[12] (net)
                      0.124025    0.000235    6.562757 ^ zN[12] (out)
                                              6.562757   data arrival time

                      0.000000   10.000000   10.000000   clock __VIRTUAL_CLK__ (rise edge)
                                  0.000000   10.000000   clock network delay (ideal)
                                  0.000000   10.000000   clock reconvergence pessimism
                                  0.000000   10.000000   output external delay
                                             10.000000   data required time
---------------------------------------------------------------------------------------------
                                             10.000000   data required time
                                             -6.562757   data arrival time
---------------------------------------------------------------------------------------------
                                              3.437243   slack (MET)


Startpoint: xN[3] (input port clocked by __VIRTUAL_CLK__)
Endpoint: zN[19] (output port clocked by __VIRTUAL_CLK__)
Path Group: __VIRTUAL_CLK__
Path Type: max

Fanout         Cap        Slew       Delay        Time   Description
---------------------------------------------------------------------------------------------
                      0.000000    0.000000    0.000000   clock __VIRTUAL_CLK__ (rise edge)
                                  0.000000    0.000000   clock network delay (ideal)
                                  0.000000    0.000000 ^ input external delay
    20    0.115344    0.518546    0.376867    0.376867 ^ xN[3] (in)
                                                         xN[3] (net)
                      0.518613    0.000000    0.376867 ^ g229/A (sky130_fd_sc_hd__and2_1)
     1    0.001930    0.048829    0.204211    0.581078 ^ g229/X (sky130_fd_sc_hd__and2_1)
                                                         n269 (net)
                      0.048829    0.000059    0.581137 ^ g232/B (sky130_fd_sc_hd__or2_1)
     2    0.008919    0.092656    0.135662    0.716799 ^ g232/X (sky130_fd_sc_hd__or2_1)
                                                         n272 (net)
                      0.092656    0.000325    0.717124 ^ g646/B (sky130_fd_sc_hd__xor2_1)
     2    0.008052    0.203712    0.227724    0.944848 ^ g646/X (sky130_fd_sc_hd__xor2_1)
                                                         n686 (net)
                      0.203712    0.000202    0.945051 ^ g649/A1 (sky130_fd_sc_hd__a21o_1)
     2    0.007438    0.075020    0.176656    1.121707 ^ g649/X (sky130_fd_sc_hd__a21o_1)
                                                         n689 (net)
                      0.075020    0.000238    1.121945 ^ g726/B (sky130_fd_sc_hd__xor2_1)
     2    0.007878    0.200590    0.221435    1.343380 ^ g726/X (sky130_fd_sc_hd__xor2_1)
                                                         n766 (net)
                      0.200590    0.000092    1.343472 ^ g729/A1 (sky130_fd_sc_hd__a21o_1)
     2    0.009265    0.089344    0.187710    1.531182 ^ g729/X (sky130_fd_sc_hd__a21o_1)
                                                         n769 (net)
                      0.089344    0.000328    1.531510 ^ g792/B (sky130_fd_sc_hd__xor2_1)
     2    0.007971    0.202273    0.225919    1.757429 ^ g792/X (sky130_fd_sc_hd__xor2_1)
                                                         n832 (net)
                      0.202273    0.000104    1.757533 ^ g794/A (sky130_fd_sc_hd__xor2_1)
     2    0.006919    0.183470    0.227482    1.985015 ^ g794/X (sky130_fd_sc_hd__xor2_1)
                                                         n834 (net)
                      0.183470    0.000126    1.985141 ^ g850/B (sky130_fd_sc_hd__xor2_1)
     2    0.007988    0.202557    0.241451    2.226592 ^ g850/X (sky130_fd_sc_hd__xor2_1)
                                                         n890 (net)
                      0.202557    0.000201    2.226792 ^ g852/A (sky130_fd_sc_hd__xor2_1)
     2    0.012626    0.287043    0.309037    2.535829 ^ g852/X (sky130_fd_sc_hd__xor2_1)
                                                         n892 (net)
                      0.287045    0.000565    2.536394 ^ g1165/B (sky130_fd_sc_hd__xor2_1)
     5    0.023820    0.492536    0.477105    3.013500 ^ g1165/X (sky130_fd_sc_hd__xor2_1)
                                                         n1205 (net)
                      0.492541    0.001381    3.014881 ^ g1212/A (sky130_fd_sc_hd__and2_1)
     4    0.008629    0.100828    0.252899    3.267780 ^ g1212/X (sky130_fd_sc_hd__and2_1)
                                                         n1252 (net)
                      0.100828    0.000111    3.267890 ^ g1261/A (sky130_fd_sc_hd__and2_1)
     4    0.011798    0.125692    0.199862    3.467752 ^ g1261/X (sky130_fd_sc_hd__and2_1)
                                                         n1301 (net)
                      0.125692    0.000500    3.468253 ^ g1316/B (sky130_fd_sc_hd__and2_1)
     3    0.007548    0.087378    0.178939    3.647192 ^ g1316/X (sky130_fd_sc_hd__and2_1)
                                                         n1356 (net)
                      0.087378    0.000182    3.647374 ^ g1347/A (sky130_fd_sc_hd__and2_1)
     3    0.008173    0.092795    0.169868    3.817242 ^ g1347/X (sky130_fd_sc_hd__and2_1)
                                                         n1387 (net)
                      0.092795    0.000066    3.817308 ^ g1353/A1 (sky130_fd_sc_hd__a21o_1)
     1    0.008085    0.081240    0.153773    3.971081 ^ g1353/X (sky130_fd_sc_hd__a21o_1)
                                                         n1393 (net)
                      0.081240    0.000338    3.971418 ^ g1374/B (sky130_fd_sc_hd__xor2_1)
     3    0.020986    0.186678    0.162090    4.133509 v g1374/X (sky130_fd_sc_hd__xor2_1)
                                                         n1414 (net)
                      0.186765    0.001717    4.135226 v g1700/A (sky130_fd_sc_hd__xnor2_1)
     8    0.054767    1.168417    1.022170    5.157395 ^ g1700/Y (sky130_fd_sc_hd__xnor2_1)
                                                         n1740 (net)
                      1.168417    0.001108    5.158503 ^ g1745/A (sky130_fd_sc_hd__and2_1)
     3    0.008201    0.106526    0.300024    5.458528 ^ g1745/X (sky130_fd_sc_hd__and2_1)
                                                         n1785 (net)
                      0.106526    0.000147    5.458674 ^ g1785/B (sky130_fd_sc_hd__and2_1)
     2    0.005558    0.088569    0.159159    5.617834 ^ g1785/X (sky130_fd_sc_hd__and2_1)
                                                         n1825 (net)
                      0.088569    0.000127    5.617961 ^ g1819/A (sky130_fd_sc_hd__and2_1)
     2    0.006252    0.075835    0.156368    5.774329 ^ g1819/X (sky130_fd_sc_hd__and2_1)
                                                         n1859 (net)
                      0.075835    0.000171    5.774500 ^ g1845/A (sky130_fd_sc_hd__and2_1)
     2    0.005052    0.065331    0.143180    5.917680 ^ g1845/X (sky130_fd_sc_hd__and2_1)
                                                         n1885 (net)
                      0.065331    0.000134    5.917813 ^ g1854/A1 (sky130_fd_sc_hd__a21o_1)
    22    0.047358    0.405364    0.384988    6.302802 ^ g1854/X (sky130_fd_sc_hd__a21o_1)
                                                         n1894 (net)
                      0.405395    0.003138    6.305940 ^ g2082/B (sky130_fd_sc_hd__and2_1)
     1    0.011196    0.122221    0.256231    6.562171 ^ g2082/X (sky130_fd_sc_hd__and2_1)
                                                         zN[19] (net)
                      0.122221    0.000218    6.562389 ^ zN[19] (out)
                                              6.562389   data arrival time

                      0.000000   10.000000   10.000000   clock __VIRTUAL_CLK__ (rise edge)
                                  0.000000   10.000000   clock network delay (ideal)
                                  0.000000   10.000000   clock reconvergence pessimism
                                  0.000000   10.000000   output external delay
                                             10.000000   data required time
---------------------------------------------------------------------------------------------
                                             10.000000   data required time
                                             -6.562389   data arrival time
---------------------------------------------------------------------------------------------
                                              3.437611   slack (MET)


Startpoint: xN[3] (input port clocked by __VIRTUAL_CLK__)
Endpoint: zN[6] (output port clocked by __VIRTUAL_CLK__)
Path Group: __VIRTUAL_CLK__
Path Type: max

Fanout         Cap        Slew       Delay        Time   Description
---------------------------------------------------------------------------------------------
                      0.000000    0.000000    0.000000   clock __VIRTUAL_CLK__ (rise edge)
                                  0.000000    0.000000   clock network delay (ideal)
                                  0.000000    0.000000 ^ input external delay
    20    0.115344    0.518546    0.376867    0.376867 ^ xN[3] (in)
                                                         xN[3] (net)
                      0.518613    0.000000    0.376867 ^ g229/A (sky130_fd_sc_hd__and2_1)
     1    0.001930    0.048829    0.204211    0.581078 ^ g229/X (sky130_fd_sc_hd__and2_1)
                                                         n269 (net)
                      0.048829    0.000059    0.581137 ^ g232/B (sky130_fd_sc_hd__or2_1)
     2    0.008919    0.092656    0.135662    0.716799 ^ g232/X (sky130_fd_sc_hd__or2_1)
                                                         n272 (net)
                      0.092656    0.000325    0.717124 ^ g646/B (sky130_fd_sc_hd__xor2_1)
     2    0.008052    0.203712    0.227724    0.944848 ^ g646/X (sky130_fd_sc_hd__xor2_1)
                                                         n686 (net)
                      0.203712    0.000202    0.945051 ^ g649/A1 (sky130_fd_sc_hd__a21o_1)
     2    0.007438    0.075020    0.176656    1.121707 ^ g649/X (sky130_fd_sc_hd__a21o_1)
                                                         n689 (net)
                      0.075020    0.000238    1.121945 ^ g726/B (sky130_fd_sc_hd__xor2_1)
     2    0.007878    0.200590    0.221435    1.343380 ^ g726/X (sky130_fd_sc_hd__xor2_1)
                                                         n766 (net)
                      0.200590    0.000092    1.343472 ^ g729/A1 (sky130_fd_sc_hd__a21o_1)
     2    0.009265    0.089344    0.187710    1.531182 ^ g729/X (sky130_fd_sc_hd__a21o_1)
                                                         n769 (net)
                      0.089344    0.000328    1.531510 ^ g792/B (sky130_fd_sc_hd__xor2_1)
     2    0.007971    0.202273    0.225919    1.757429 ^ g792/X (sky130_fd_sc_hd__xor2_1)
                                                         n832 (net)
                      0.202273    0.000104    1.757533 ^ g794/A (sky130_fd_sc_hd__xor2_1)
     2    0.006919    0.183470    0.227482    1.985015 ^ g794/X (sky130_fd_sc_hd__xor2_1)
                                                         n834 (net)
                      0.183470    0.000126    1.985141 ^ g850/B (sky130_fd_sc_hd__xor2_1)
     2    0.007988    0.202557    0.241451    2.226592 ^ g850/X (sky130_fd_sc_hd__xor2_1)
                                                         n890 (net)
                      0.202557    0.000201    2.226792 ^ g852/A (sky130_fd_sc_hd__xor2_1)
     2    0.012626    0.287043    0.309037    2.535829 ^ g852/X (sky130_fd_sc_hd__xor2_1)
                                                         n892 (net)
                      0.287045    0.000565    2.536394 ^ g1165/B (sky130_fd_sc_hd__xor2_1)
     5    0.023820    0.492536    0.477105    3.013500 ^ g1165/X (sky130_fd_sc_hd__xor2_1)
                                                         n1205 (net)
                      0.492541    0.001381    3.014881 ^ g1212/A (sky130_fd_sc_hd__and2_1)
     4    0.008629    0.100828    0.252899    3.267780 ^ g1212/X (sky130_fd_sc_hd__and2_1)
                                                         n1252 (net)
                      0.100828    0.000111    3.267890 ^ g1261/A (sky130_fd_sc_hd__and2_1)
     4    0.011798    0.125692    0.199862    3.467752 ^ g1261/X (sky130_fd_sc_hd__and2_1)
                                                         n1301 (net)
                      0.125692    0.000500    3.468253 ^ g1316/B (sky130_fd_sc_hd__and2_1)
     3    0.007548    0.087378    0.178939    3.647192 ^ g1316/X (sky130_fd_sc_hd__and2_1)
                                                         n1356 (net)
                      0.087378    0.000182    3.647374 ^ g1347/A (sky130_fd_sc_hd__and2_1)
     3    0.008173    0.092795    0.169868    3.817242 ^ g1347/X (sky130_fd_sc_hd__and2_1)
                                                         n1387 (net)
                      0.092795    0.000066    3.817308 ^ g1353/A1 (sky130_fd_sc_hd__a21o_1)
     1    0.008085    0.081240    0.153773    3.971081 ^ g1353/X (sky130_fd_sc_hd__a21o_1)
                                                         n1393 (net)
                      0.081240    0.000338    3.971418 ^ g1374/B (sky130_fd_sc_hd__xor2_1)
     3    0.020986    0.186678    0.162090    4.133509 v g1374/X (sky130_fd_sc_hd__xor2_1)
                                                         n1414 (net)
                      0.186765    0.001717    4.135226 v g1700/A (sky130_fd_sc_hd__xnor2_1)
     8    0.054767    1.168417    1.022170    5.157395 ^ g1700/Y (sky130_fd_sc_hd__xnor2_1)
                                                         n1740 (net)
                      1.168417    0.001108    5.158503 ^ g1745/A (sky130_fd_sc_hd__and2_1)
     3    0.008201    0.106526    0.300024    5.458528 ^ g1745/X (sky130_fd_sc_hd__and2_1)
                                                         n1785 (net)
                      0.106526    0.000147    5.458674 ^ g1785/B (sky130_fd_sc_hd__and2_1)
     2    0.005558    0.088569    0.159159    5.617834 ^ g1785/X (sky130_fd_sc_hd__and2_1)
                                                         n1825 (net)
                      0.088569    0.000127    5.617961 ^ g1819/A (sky130_fd_sc_hd__and2_1)
     2    0.006252    0.075835    0.156368    5.774329 ^ g1819/X (sky130_fd_sc_hd__and2_1)
                                                         n1859 (net)
                      0.075835    0.000171    5.774500 ^ g1845/A (sky130_fd_sc_hd__and2_1)
     2    0.005052    0.065331    0.143180    5.917680 ^ g1845/X (sky130_fd_sc_hd__and2_1)
                                                         n1885 (net)
                      0.065331    0.000134    5.917813 ^ g1854/A1 (sky130_fd_sc_hd__a21o_1)
    22    0.047358    0.405364    0.384988    6.302802 ^ g1854/X (sky130_fd_sc_hd__a21o_1)
                                                         n1894 (net)
                      0.405399    0.003310    6.306112 ^ g2030/B (sky130_fd_sc_hd__and2_1)
     1    0.011165    0.121939    0.256008    6.562120 ^ g2030/X (sky130_fd_sc_hd__and2_1)
                                                         zN[6] (net)
                      0.121939    0.000234    6.562355 ^ zN[6] (out)
                                              6.562355   data arrival time

                      0.000000   10.000000   10.000000   clock __VIRTUAL_CLK__ (rise edge)
                                  0.000000   10.000000   clock network delay (ideal)
                                  0.000000   10.000000   clock reconvergence pessimism
                                  0.000000   10.000000   output external delay
                                             10.000000   data required time
---------------------------------------------------------------------------------------------
                                             10.000000   data required time
                                             -6.562355   data arrival time
---------------------------------------------------------------------------------------------
                                              3.437646   slack (MET)


Startpoint: xN[3] (input port clocked by __VIRTUAL_CLK__)
Endpoint: zN[15] (output port clocked by __VIRTUAL_CLK__)
Path Group: __VIRTUAL_CLK__
Path Type: max

Fanout         Cap        Slew       Delay        Time   Description
---------------------------------------------------------------------------------------------
                      0.000000    0.000000    0.000000   clock __VIRTUAL_CLK__ (rise edge)
                                  0.000000    0.000000   clock network delay (ideal)
                                  0.000000    0.000000 ^ input external delay
    20    0.115344    0.518546    0.376867    0.376867 ^ xN[3] (in)
                                                         xN[3] (net)
                      0.518613    0.000000    0.376867 ^ g229/A (sky130_fd_sc_hd__and2_1)
     1    0.001930    0.048829    0.204211    0.581078 ^ g229/X (sky130_fd_sc_hd__and2_1)
                                                         n269 (net)
                      0.048829    0.000059    0.581137 ^ g232/B (sky130_fd_sc_hd__or2_1)
     2    0.008919    0.092656    0.135662    0.716799 ^ g232/X (sky130_fd_sc_hd__or2_1)
                                                         n272 (net)
                      0.092656    0.000325    0.717124 ^ g646/B (sky130_fd_sc_hd__xor2_1)
     2    0.008052    0.203712    0.227724    0.944848 ^ g646/X (sky130_fd_sc_hd__xor2_1)
                                                         n686 (net)
                      0.203712    0.000202    0.945051 ^ g649/A1 (sky130_fd_sc_hd__a21o_1)
     2    0.007438    0.075020    0.176656    1.121707 ^ g649/X (sky130_fd_sc_hd__a21o_1)
                                                         n689 (net)
                      0.075020    0.000238    1.121945 ^ g726/B (sky130_fd_sc_hd__xor2_1)
     2    0.007878    0.200590    0.221435    1.343380 ^ g726/X (sky130_fd_sc_hd__xor2_1)
                                                         n766 (net)
                      0.200590    0.000092    1.343472 ^ g729/A1 (sky130_fd_sc_hd__a21o_1)
     2    0.009265    0.089344    0.187710    1.531182 ^ g729/X (sky130_fd_sc_hd__a21o_1)
                                                         n769 (net)
                      0.089344    0.000328    1.531510 ^ g792/B (sky130_fd_sc_hd__xor2_1)
     2    0.007971    0.202273    0.225919    1.757429 ^ g792/X (sky130_fd_sc_hd__xor2_1)
                                                         n832 (net)
                      0.202273    0.000104    1.757533 ^ g794/A (sky130_fd_sc_hd__xor2_1)
     2    0.006919    0.183470    0.227482    1.985015 ^ g794/X (sky130_fd_sc_hd__xor2_1)
                                                         n834 (net)
                      0.183470    0.000126    1.985141 ^ g850/B (sky130_fd_sc_hd__xor2_1)
     2    0.007988    0.202557    0.241451    2.226592 ^ g850/X (sky130_fd_sc_hd__xor2_1)
                                                         n890 (net)
                      0.202557    0.000201    2.226792 ^ g852/A (sky130_fd_sc_hd__xor2_1)
     2    0.012626    0.287043    0.309037    2.535829 ^ g852/X (sky130_fd_sc_hd__xor2_1)
                                                         n892 (net)
                      0.287045    0.000565    2.536394 ^ g1165/B (sky130_fd_sc_hd__xor2_1)
     5    0.023820    0.492536    0.477105    3.013500 ^ g1165/X (sky130_fd_sc_hd__xor2_1)
                                                         n1205 (net)
                      0.492541    0.001381    3.014881 ^ g1212/A (sky130_fd_sc_hd__and2_1)
     4    0.008629    0.100828    0.252899    3.267780 ^ g1212/X (sky130_fd_sc_hd__and2_1)
                                                         n1252 (net)
                      0.100828    0.000111    3.267890 ^ g1261/A (sky130_fd_sc_hd__and2_1)
     4    0.011798    0.125692    0.199862    3.467752 ^ g1261/X (sky130_fd_sc_hd__and2_1)
                                                         n1301 (net)
                      0.125692    0.000500    3.468253 ^ g1316/B (sky130_fd_sc_hd__and2_1)
     3    0.007548    0.087378    0.178939    3.647192 ^ g1316/X (sky130_fd_sc_hd__and2_1)
                                                         n1356 (net)
                      0.087378    0.000182    3.647374 ^ g1347/A (sky130_fd_sc_hd__and2_1)
     3    0.008173    0.092795    0.169868    3.817242 ^ g1347/X (sky130_fd_sc_hd__and2_1)
                                                         n1387 (net)
                      0.092795    0.000066    3.817308 ^ g1353/A1 (sky130_fd_sc_hd__a21o_1)
     1    0.008085    0.081240    0.153773    3.971081 ^ g1353/X (sky130_fd_sc_hd__a21o_1)
                                                         n1393 (net)
                      0.081240    0.000338    3.971418 ^ g1374/B (sky130_fd_sc_hd__xor2_1)
     3    0.020986    0.186678    0.162090    4.133509 v g1374/X (sky130_fd_sc_hd__xor2_1)
                                                         n1414 (net)
                      0.186765    0.001717    4.135226 v g1700/A (sky130_fd_sc_hd__xnor2_1)
     8    0.054767    1.168417    1.022170    5.157395 ^ g1700/Y (sky130_fd_sc_hd__xnor2_1)
                                                         n1740 (net)
                      1.168417    0.001108    5.158503 ^ g1745/A (sky130_fd_sc_hd__and2_1)
     3    0.008201    0.106526    0.300024    5.458528 ^ g1745/X (sky130_fd_sc_hd__and2_1)
                                                         n1785 (net)
                      0.106526    0.000147    5.458674 ^ g1785/B (sky130_fd_sc_hd__and2_1)
     2    0.005558    0.088569    0.159159    5.617834 ^ g1785/X (sky130_fd_sc_hd__and2_1)
                                                         n1825 (net)
                      0.088569    0.000127    5.617961 ^ g1819/A (sky130_fd_sc_hd__and2_1)
     2    0.006252    0.075835    0.156368    5.774329 ^ g1819/X (sky130_fd_sc_hd__and2_1)
                                                         n1859 (net)
                      0.075835    0.000171    5.774500 ^ g1845/A (sky130_fd_sc_hd__and2_1)
     2    0.005052    0.065331    0.143180    5.917680 ^ g1845/X (sky130_fd_sc_hd__and2_1)
                                                         n1885 (net)
                      0.065331    0.000134    5.917813 ^ g1854/A1 (sky130_fd_sc_hd__a21o_1)
    22    0.047358    0.405364    0.384988    6.302802 ^ g1854/X (sky130_fd_sc_hd__a21o_1)
                                                         n1894 (net)
                      0.405392    0.002996    6.305798 ^ g2066/B (sky130_fd_sc_hd__and2_1)
     1    0.011196    0.122221    0.256231    6.562029 ^ g2066/X (sky130_fd_sc_hd__and2_1)
                                                         zN[15] (net)
                      0.122221    0.000218    6.562247 ^ zN[15] (out)
                                              6.562247   data arrival time

                      0.000000   10.000000   10.000000   clock __VIRTUAL_CLK__ (rise edge)
                                  0.000000   10.000000   clock network delay (ideal)
                                  0.000000   10.000000   clock reconvergence pessimism
                                  0.000000   10.000000   output external delay
                                             10.000000   data required time
---------------------------------------------------------------------------------------------
                                             10.000000   data required time
                                             -6.562247   data arrival time
---------------------------------------------------------------------------------------------
                                              3.437753   slack (MET)


Startpoint: xN[3] (input port clocked by __VIRTUAL_CLK__)
Endpoint: zN[13] (output port clocked by __VIRTUAL_CLK__)
Path Group: __VIRTUAL_CLK__
Path Type: max

Fanout         Cap        Slew       Delay        Time   Description
---------------------------------------------------------------------------------------------
                      0.000000    0.000000    0.000000   clock __VIRTUAL_CLK__ (rise edge)
                                  0.000000    0.000000   clock network delay (ideal)
                                  0.000000    0.000000 ^ input external delay
    20    0.115344    0.518546    0.376867    0.376867 ^ xN[3] (in)
                                                         xN[3] (net)
                      0.518613    0.000000    0.376867 ^ g229/A (sky130_fd_sc_hd__and2_1)
     1    0.001930    0.048829    0.204211    0.581078 ^ g229/X (sky130_fd_sc_hd__and2_1)
                                                         n269 (net)
                      0.048829    0.000059    0.581137 ^ g232/B (sky130_fd_sc_hd__or2_1)
     2    0.008919    0.092656    0.135662    0.716799 ^ g232/X (sky130_fd_sc_hd__or2_1)
                                                         n272 (net)
                      0.092656    0.000325    0.717124 ^ g646/B (sky130_fd_sc_hd__xor2_1)
     2    0.008052    0.203712    0.227724    0.944848 ^ g646/X (sky130_fd_sc_hd__xor2_1)
                                                         n686 (net)
                      0.203712    0.000202    0.945051 ^ g649/A1 (sky130_fd_sc_hd__a21o_1)
     2    0.007438    0.075020    0.176656    1.121707 ^ g649/X (sky130_fd_sc_hd__a21o_1)
                                                         n689 (net)
                      0.075020    0.000238    1.121945 ^ g726/B (sky130_fd_sc_hd__xor2_1)
     2    0.007878    0.200590    0.221435    1.343380 ^ g726/X (sky130_fd_sc_hd__xor2_1)
                                                         n766 (net)
                      0.200590    0.000092    1.343472 ^ g729/A1 (sky130_fd_sc_hd__a21o_1)
     2    0.009265    0.089344    0.187710    1.531182 ^ g729/X (sky130_fd_sc_hd__a21o_1)
                                                         n769 (net)
                      0.089344    0.000328    1.531510 ^ g792/B (sky130_fd_sc_hd__xor2_1)
     2    0.007971    0.202273    0.225919    1.757429 ^ g792/X (sky130_fd_sc_hd__xor2_1)
                                                         n832 (net)
                      0.202273    0.000104    1.757533 ^ g794/A (sky130_fd_sc_hd__xor2_1)
     2    0.006919    0.183470    0.227482    1.985015 ^ g794/X (sky130_fd_sc_hd__xor2_1)
                                                         n834 (net)
                      0.183470    0.000126    1.985141 ^ g850/B (sky130_fd_sc_hd__xor2_1)
     2    0.007988    0.202557    0.241451    2.226592 ^ g850/X (sky130_fd_sc_hd__xor2_1)
                                                         n890 (net)
                      0.202557    0.000201    2.226792 ^ g852/A (sky130_fd_sc_hd__xor2_1)
     2    0.012626    0.287043    0.309037    2.535829 ^ g852/X (sky130_fd_sc_hd__xor2_1)
                                                         n892 (net)
                      0.287045    0.000565    2.536394 ^ g1165/B (sky130_fd_sc_hd__xor2_1)
     5    0.023820    0.492536    0.477105    3.013500 ^ g1165/X (sky130_fd_sc_hd__xor2_1)
                                                         n1205 (net)
                      0.492541    0.001381    3.014881 ^ g1212/A (sky130_fd_sc_hd__and2_1)
     4    0.008629    0.100828    0.252899    3.267780 ^ g1212/X (sky130_fd_sc_hd__and2_1)
                                                         n1252 (net)
                      0.100828    0.000111    3.267890 ^ g1261/A (sky130_fd_sc_hd__and2_1)
     4    0.011798    0.125692    0.199862    3.467752 ^ g1261/X (sky130_fd_sc_hd__and2_1)
                                                         n1301 (net)
                      0.125692    0.000500    3.468253 ^ g1316/B (sky130_fd_sc_hd__and2_1)
     3    0.007548    0.087378    0.178939    3.647192 ^ g1316/X (sky130_fd_sc_hd__and2_1)
                                                         n1356 (net)
                      0.087378    0.000182    3.647374 ^ g1347/A (sky130_fd_sc_hd__and2_1)
     3    0.008173    0.092795    0.169868    3.817242 ^ g1347/X (sky130_fd_sc_hd__and2_1)
                                                         n1387 (net)
                      0.092795    0.000066    3.817308 ^ g1353/A1 (sky130_fd_sc_hd__a21o_1)
     1    0.008085    0.081240    0.153773    3.971081 ^ g1353/X (sky130_fd_sc_hd__a21o_1)
                                                         n1393 (net)
                      0.081240    0.000338    3.971418 ^ g1374/B (sky130_fd_sc_hd__xor2_1)
     3    0.020986    0.186678    0.162090    4.133509 v g1374/X (sky130_fd_sc_hd__xor2_1)
                                                         n1414 (net)
                      0.186765    0.001717    4.135226 v g1700/A (sky130_fd_sc_hd__xnor2_1)
     8    0.054767    1.168417    1.022170    5.157395 ^ g1700/Y (sky130_fd_sc_hd__xnor2_1)
                                                         n1740 (net)
                      1.168417    0.001108    5.158503 ^ g1745/A (sky130_fd_sc_hd__and2_1)
     3    0.008201    0.106526    0.300024    5.458528 ^ g1745/X (sky130_fd_sc_hd__and2_1)
                                                         n1785 (net)
                      0.106526    0.000147    5.458674 ^ g1785/B (sky130_fd_sc_hd__and2_1)
     2    0.005558    0.088569    0.159159    5.617834 ^ g1785/X (sky130_fd_sc_hd__and2_1)
                                                         n1825 (net)
                      0.088569    0.000127    5.617961 ^ g1819/A (sky130_fd_sc_hd__and2_1)
     2    0.006252    0.075835    0.156368    5.774329 ^ g1819/X (sky130_fd_sc_hd__and2_1)
                                                         n1859 (net)
                      0.075835    0.000171    5.774500 ^ g1845/A (sky130_fd_sc_hd__and2_1)
     2    0.005052    0.065331    0.143180    5.917680 ^ g1845/X (sky130_fd_sc_hd__and2_1)
                                                         n1885 (net)
                      0.065331    0.000134    5.917813 ^ g1854/A1 (sky130_fd_sc_hd__a21o_1)
    22    0.047358    0.405364    0.384988    6.302802 ^ g1854/X (sky130_fd_sc_hd__a21o_1)
                                                         n1894 (net)
                      0.405400    0.003352    6.306154 ^ g2058/B (sky130_fd_sc_hd__and2_1)
     1    0.011088    0.121241    0.255476    6.561631 ^ g2058/X (sky130_fd_sc_hd__and2_1)
                                                         zN[13] (net)
                      0.121241    0.000226    6.561857 ^ zN[13] (out)
                                              6.561857   data arrival time

                      0.000000   10.000000   10.000000   clock __VIRTUAL_CLK__ (rise edge)
                                  0.000000   10.000000   clock network delay (ideal)
                                  0.000000   10.000000   clock reconvergence pessimism
                                  0.000000   10.000000   output external delay
                                             10.000000   data required time
---------------------------------------------------------------------------------------------
                                             10.000000   data required time
                                             -6.561857   data arrival time
---------------------------------------------------------------------------------------------
                                              3.438143   slack (MET)


Startpoint: xN[3] (input port clocked by __VIRTUAL_CLK__)
Endpoint: zN[20] (output port clocked by __VIRTUAL_CLK__)
Path Group: __VIRTUAL_CLK__
Path Type: max

Fanout         Cap        Slew       Delay        Time   Description
---------------------------------------------------------------------------------------------
                      0.000000    0.000000    0.000000   clock __VIRTUAL_CLK__ (rise edge)
                                  0.000000    0.000000   clock network delay (ideal)
                                  0.000000    0.000000 ^ input external delay
    20    0.115344    0.518546    0.376867    0.376867 ^ xN[3] (in)
                                                         xN[3] (net)
                      0.518613    0.000000    0.376867 ^ g229/A (sky130_fd_sc_hd__and2_1)
     1    0.001930    0.048829    0.204211    0.581078 ^ g229/X (sky130_fd_sc_hd__and2_1)
                                                         n269 (net)
                      0.048829    0.000059    0.581137 ^ g232/B (sky130_fd_sc_hd__or2_1)
     2    0.008919    0.092656    0.135662    0.716799 ^ g232/X (sky130_fd_sc_hd__or2_1)
                                                         n272 (net)
                      0.092656    0.000325    0.717124 ^ g646/B (sky130_fd_sc_hd__xor2_1)
     2    0.008052    0.203712    0.227724    0.944848 ^ g646/X (sky130_fd_sc_hd__xor2_1)
                                                         n686 (net)
                      0.203712    0.000202    0.945051 ^ g649/A1 (sky130_fd_sc_hd__a21o_1)
     2    0.007438    0.075020    0.176656    1.121707 ^ g649/X (sky130_fd_sc_hd__a21o_1)
                                                         n689 (net)
                      0.075020    0.000238    1.121945 ^ g726/B (sky130_fd_sc_hd__xor2_1)
     2    0.007878    0.200590    0.221435    1.343380 ^ g726/X (sky130_fd_sc_hd__xor2_1)
                                                         n766 (net)
                      0.200590    0.000092    1.343472 ^ g729/A1 (sky130_fd_sc_hd__a21o_1)
     2    0.009265    0.089344    0.187710    1.531182 ^ g729/X (sky130_fd_sc_hd__a21o_1)
                                                         n769 (net)
                      0.089344    0.000328    1.531510 ^ g792/B (sky130_fd_sc_hd__xor2_1)
     2    0.007971    0.202273    0.225919    1.757429 ^ g792/X (sky130_fd_sc_hd__xor2_1)
                                                         n832 (net)
                      0.202273    0.000104    1.757533 ^ g794/A (sky130_fd_sc_hd__xor2_1)
     2    0.006919    0.183470    0.227482    1.985015 ^ g794/X (sky130_fd_sc_hd__xor2_1)
                                                         n834 (net)
                      0.183470    0.000126    1.985141 ^ g850/B (sky130_fd_sc_hd__xor2_1)
     2    0.007988    0.202557    0.241451    2.226592 ^ g850/X (sky130_fd_sc_hd__xor2_1)
                                                         n890 (net)
                      0.202557    0.000201    2.226792 ^ g852/A (sky130_fd_sc_hd__xor2_1)
     2    0.012626    0.287043    0.309037    2.535829 ^ g852/X (sky130_fd_sc_hd__xor2_1)
                                                         n892 (net)
                      0.287045    0.000565    2.536394 ^ g1165/B (sky130_fd_sc_hd__xor2_1)
     5    0.023820    0.492536    0.477105    3.013500 ^ g1165/X (sky130_fd_sc_hd__xor2_1)
                                                         n1205 (net)
                      0.492541    0.001381    3.014881 ^ g1212/A (sky130_fd_sc_hd__and2_1)
     4    0.008629    0.100828    0.252899    3.267780 ^ g1212/X (sky130_fd_sc_hd__and2_1)
                                                         n1252 (net)
                      0.100828    0.000111    3.267890 ^ g1261/A (sky130_fd_sc_hd__and2_1)
     4    0.011798    0.125692    0.199862    3.467752 ^ g1261/X (sky130_fd_sc_hd__and2_1)
                                                         n1301 (net)
                      0.125692    0.000500    3.468253 ^ g1316/B (sky130_fd_sc_hd__and2_1)
     3    0.007548    0.087378    0.178939    3.647192 ^ g1316/X (sky130_fd_sc_hd__and2_1)
                                                         n1356 (net)
                      0.087378    0.000182    3.647374 ^ g1347/A (sky130_fd_sc_hd__and2_1)
     3    0.008173    0.092795    0.169868    3.817242 ^ g1347/X (sky130_fd_sc_hd__and2_1)
                                                         n1387 (net)
                      0.092795    0.000066    3.817308 ^ g1353/A1 (sky130_fd_sc_hd__a21o_1)
     1    0.008085    0.081240    0.153773    3.971081 ^ g1353/X (sky130_fd_sc_hd__a21o_1)
                                                         n1393 (net)
                      0.081240    0.000338    3.971418 ^ g1374/B (sky130_fd_sc_hd__xor2_1)
     3    0.020986    0.186678    0.162090    4.133509 v g1374/X (sky130_fd_sc_hd__xor2_1)
                                                         n1414 (net)
                      0.186765    0.001717    4.135226 v g1700/A (sky130_fd_sc_hd__xnor2_1)
     8    0.054767    1.168417    1.022170    5.157395 ^ g1700/Y (sky130_fd_sc_hd__xnor2_1)
                                                         n1740 (net)
                      1.168417    0.001108    5.158503 ^ g1745/A (sky130_fd_sc_hd__and2_1)
     3    0.008201    0.106526    0.300024    5.458528 ^ g1745/X (sky130_fd_sc_hd__and2_1)
                                                         n1785 (net)
                      0.106526    0.000147    5.458674 ^ g1785/B (sky130_fd_sc_hd__and2_1)
     2    0.005558    0.088569    0.159159    5.617834 ^ g1785/X (sky130_fd_sc_hd__and2_1)
                                                         n1825 (net)
                      0.088569    0.000127    5.617961 ^ g1819/A (sky130_fd_sc_hd__and2_1)
     2    0.006252    0.075835    0.156368    5.774329 ^ g1819/X (sky130_fd_sc_hd__and2_1)
                                                         n1859 (net)
                      0.075835    0.000171    5.774500 ^ g1845/A (sky130_fd_sc_hd__and2_1)
     2    0.005052    0.065331    0.143180    5.917680 ^ g1845/X (sky130_fd_sc_hd__and2_1)
                                                         n1885 (net)
                      0.065331    0.000134    5.917813 ^ g1854/A1 (sky130_fd_sc_hd__a21o_1)
    22    0.047358    0.405364    0.384988    6.302802 ^ g1854/X (sky130_fd_sc_hd__a21o_1)
                                                         n1894 (net)
                      0.405384    0.002493    6.305295 ^ g2084/B (sky130_fd_sc_hd__and2_1)
     1    0.011069    0.121074    0.255352    6.560647 ^ g2084/X (sky130_fd_sc_hd__and2_1)
                                                         zN[20] (net)
                      0.121074    0.000214    6.560862 ^ zN[20] (out)
                                              6.560862   data arrival time

                      0.000000   10.000000   10.000000   clock __VIRTUAL_CLK__ (rise edge)
                                  0.000000   10.000000   clock network delay (ideal)
                                  0.000000   10.000000   clock reconvergence pessimism
                                  0.000000   10.000000   output external delay
                                             10.000000   data required time
---------------------------------------------------------------------------------------------
                                             10.000000   data required time
                                             -6.560862   data arrival time
---------------------------------------------------------------------------------------------
                                              3.439138   slack (MET)


Startpoint: xN[3] (input port clocked by __VIRTUAL_CLK__)
Endpoint: zN[8] (output port clocked by __VIRTUAL_CLK__)
Path Group: __VIRTUAL_CLK__
Path Type: max

Fanout         Cap        Slew       Delay        Time   Description
---------------------------------------------------------------------------------------------
                      0.000000    0.000000    0.000000   clock __VIRTUAL_CLK__ (rise edge)
                                  0.000000    0.000000   clock network delay (ideal)
                                  0.000000    0.000000 ^ input external delay
    20    0.115344    0.518546    0.376867    0.376867 ^ xN[3] (in)
                                                         xN[3] (net)
                      0.518613    0.000000    0.376867 ^ g229/A (sky130_fd_sc_hd__and2_1)
     1    0.001930    0.048829    0.204211    0.581078 ^ g229/X (sky130_fd_sc_hd__and2_1)
                                                         n269 (net)
                      0.048829    0.000059    0.581137 ^ g232/B (sky130_fd_sc_hd__or2_1)
     2    0.008919    0.092656    0.135662    0.716799 ^ g232/X (sky130_fd_sc_hd__or2_1)
                                                         n272 (net)
                      0.092656    0.000325    0.717124 ^ g646/B (sky130_fd_sc_hd__xor2_1)
     2    0.008052    0.203712    0.227724    0.944848 ^ g646/X (sky130_fd_sc_hd__xor2_1)
                                                         n686 (net)
                      0.203712    0.000202    0.945051 ^ g649/A1 (sky130_fd_sc_hd__a21o_1)
     2    0.007438    0.075020    0.176656    1.121707 ^ g649/X (sky130_fd_sc_hd__a21o_1)
                                                         n689 (net)
                      0.075020    0.000238    1.121945 ^ g726/B (sky130_fd_sc_hd__xor2_1)
     2    0.007878    0.200590    0.221435    1.343380 ^ g726/X (sky130_fd_sc_hd__xor2_1)
                                                         n766 (net)
                      0.200590    0.000092    1.343472 ^ g729/A1 (sky130_fd_sc_hd__a21o_1)
     2    0.009265    0.089344    0.187710    1.531182 ^ g729/X (sky130_fd_sc_hd__a21o_1)
                                                         n769 (net)
                      0.089344    0.000328    1.531510 ^ g792/B (sky130_fd_sc_hd__xor2_1)
     2    0.007971    0.202273    0.225919    1.757429 ^ g792/X (sky130_fd_sc_hd__xor2_1)
                                                         n832 (net)
                      0.202273    0.000104    1.757533 ^ g794/A (sky130_fd_sc_hd__xor2_1)
     2    0.006919    0.183470    0.227482    1.985015 ^ g794/X (sky130_fd_sc_hd__xor2_1)
                                                         n834 (net)
                      0.183470    0.000126    1.985141 ^ g850/B (sky130_fd_sc_hd__xor2_1)
     2    0.007988    0.202557    0.241451    2.226592 ^ g850/X (sky130_fd_sc_hd__xor2_1)
                                                         n890 (net)
                      0.202557    0.000201    2.226792 ^ g852/A (sky130_fd_sc_hd__xor2_1)
     2    0.012626    0.287043    0.309037    2.535829 ^ g852/X (sky130_fd_sc_hd__xor2_1)
                                                         n892 (net)
                      0.287045    0.000565    2.536394 ^ g1165/B (sky130_fd_sc_hd__xor2_1)
     5    0.023820    0.492536    0.477105    3.013500 ^ g1165/X (sky130_fd_sc_hd__xor2_1)
                                                         n1205 (net)
                      0.492541    0.001381    3.014881 ^ g1212/A (sky130_fd_sc_hd__and2_1)
     4    0.008629    0.100828    0.252899    3.267780 ^ g1212/X (sky130_fd_sc_hd__and2_1)
                                                         n1252 (net)
                      0.100828    0.000111    3.267890 ^ g1261/A (sky130_fd_sc_hd__and2_1)
     4    0.011798    0.125692    0.199862    3.467752 ^ g1261/X (sky130_fd_sc_hd__and2_1)
                                                         n1301 (net)
                      0.125692    0.000500    3.468253 ^ g1316/B (sky130_fd_sc_hd__and2_1)
     3    0.007548    0.087378    0.178939    3.647192 ^ g1316/X (sky130_fd_sc_hd__and2_1)
                                                         n1356 (net)
                      0.087378    0.000182    3.647374 ^ g1347/A (sky130_fd_sc_hd__and2_1)
     3    0.008173    0.092795    0.169868    3.817242 ^ g1347/X (sky130_fd_sc_hd__and2_1)
                                                         n1387 (net)
                      0.092795    0.000066    3.817308 ^ g1353/A1 (sky130_fd_sc_hd__a21o_1)
     1    0.008085    0.081240    0.153773    3.971081 ^ g1353/X (sky130_fd_sc_hd__a21o_1)
                                                         n1393 (net)
                      0.081240    0.000338    3.971418 ^ g1374/B (sky130_fd_sc_hd__xor2_1)
     3    0.020986    0.186678    0.162090    4.133509 v g1374/X (sky130_fd_sc_hd__xor2_1)
                                                         n1414 (net)
                      0.186765    0.001717    4.135226 v g1700/A (sky130_fd_sc_hd__xnor2_1)
     8    0.054767    1.168417    1.022170    5.157395 ^ g1700/Y (sky130_fd_sc_hd__xnor2_1)
                                                         n1740 (net)
                      1.168417    0.001108    5.158503 ^ g1745/A (sky130_fd_sc_hd__and2_1)
     3    0.008201    0.106526    0.300024    5.458528 ^ g1745/X (sky130_fd_sc_hd__and2_1)
                                                         n1785 (net)
                      0.106526    0.000147    5.458674 ^ g1785/B (sky130_fd_sc_hd__and2_1)
     2    0.005558    0.088569    0.159159    5.617834 ^ g1785/X (sky130_fd_sc_hd__and2_1)
                                                         n1825 (net)
                      0.088569    0.000127    5.617961 ^ g1819/A (sky130_fd_sc_hd__and2_1)
     2    0.006252    0.075835    0.156368    5.774329 ^ g1819/X (sky130_fd_sc_hd__and2_1)
                                                         n1859 (net)
                      0.075835    0.000171    5.774500 ^ g1845/A (sky130_fd_sc_hd__and2_1)
     2    0.005052    0.065331    0.143180    5.917680 ^ g1845/X (sky130_fd_sc_hd__and2_1)
                                                         n1885 (net)
                      0.065331    0.000134    5.917813 ^ g1854/A1 (sky130_fd_sc_hd__a21o_1)
    22    0.047358    0.405364    0.384988    6.302802 ^ g1854/X (sky130_fd_sc_hd__a21o_1)
                                                         n1894 (net)
                      0.405391    0.002905    6.305707 ^ g2038/B (sky130_fd_sc_hd__and2_1)
     1    0.010937    0.119876    0.254436    6.560143 ^ g2038/X (sky130_fd_sc_hd__and2_1)
                                                         zN[8] (net)
                      0.119876    0.000211    6.560354 ^ zN[8] (out)
                                              6.560354   data arrival time

                      0.000000   10.000000   10.000000   clock __VIRTUAL_CLK__ (rise edge)
                                  0.000000   10.000000   clock network delay (ideal)
                                  0.000000   10.000000   clock reconvergence pessimism
                                  0.000000   10.000000   output external delay
                                             10.000000   data required time
---------------------------------------------------------------------------------------------
                                             10.000000   data required time
                                             -6.560354   data arrival time
---------------------------------------------------------------------------------------------
                                              3.439646   slack (MET)



