
===========================================================================
report_checks -path_delay max (Setup)
============================================================================
======================= nom_tt_025C_1v80 Corner ===================================

Startpoint: yN[2] (input port clocked by __VIRTUAL_CLK__)
Endpoint: zP[19] (output port clocked by __VIRTUAL_CLK__)
Path Group: __VIRTUAL_CLK__
Path Type: max

Fanout         Cap        Slew       Delay        Time   Description
---------------------------------------------------------------------------------------------
                      0.000000    0.000000    0.000000   clock __VIRTUAL_CLK__ (rise edge)
                                  0.000000    0.000000   clock network delay (ideal)
                                  0.000000    0.000000 v input external delay
    20    0.096011    0.211382    0.161137    0.161137 v yN[2] (in)
                                                         yN[2] (net)
                      0.211442    0.000000    0.161137 v g14/B (sky130_fd_sc_hd__and2_1)
     1    0.002060    0.032420    0.234118    0.395255 v g14/X (sky130_fd_sc_hd__and2_1)
                                                         n54 (net)
                      0.032420    0.000059    0.395314 v g17/A (sky130_fd_sc_hd__or2_1)
     2    0.006593    0.065168    0.250838    0.646152 v g17/X (sky130_fd_sc_hd__or2_1)
                                                         n57 (net)
                      0.065168    0.000181    0.646333 v g1078/A (sky130_fd_sc_hd__xor2_1)
     2    0.008088    0.204353    0.232790    0.879123 ^ g1078/X (sky130_fd_sc_hd__xor2_1)
                                                         n1118 (net)
                      0.204353    0.000283    0.879406 ^ g1160/B (sky130_fd_sc_hd__xor2_1)
     2    0.008168    0.205800    0.246712    1.126118 ^ g1160/X (sky130_fd_sc_hd__xor2_1)
                                                         n1200 (net)
                      0.205800    0.000174    1.126292 ^ g1163/A1 (sky130_fd_sc_hd__a21o_1)
     2    0.005407    0.058890    0.164065    1.290357 ^ g1163/X (sky130_fd_sc_hd__a21o_1)
                                                         n1203 (net)
                      0.058890    0.000157    1.290514 ^ g1168/A (sky130_fd_sc_hd__inv_1)
     1    0.001889    0.020606    0.036026    1.326540 v g1168/Y (sky130_fd_sc_hd__inv_1)
                                                         n1208 (net)
                      0.020606    0.000057    1.326597 v g1169/B (sky130_fd_sc_hd__and2_1)
     2    0.008557    0.058672    0.174654    1.501252 v g1169/X (sky130_fd_sc_hd__and2_1)
                                                         n1209 (net)
                      0.058672    0.000259    1.501510 v g1175/A2 (sky130_fd_sc_hd__a21o_1)
     2    0.004881    0.041847    0.196347    1.697857 v g1175/X (sky130_fd_sc_hd__a21o_1)
                                                         n1215 (net)
                      0.041847    0.000117    1.697973 v g1185/A (sky130_fd_sc_hd__and2_1)
     2    0.009699    0.063174    0.169450    1.867424 v g1185/X (sky130_fd_sc_hd__and2_1)
                                                         n1225 (net)
                      0.063174    0.000346    1.867770 v g1191/A2 (sky130_fd_sc_hd__a21o_1)
     2    0.004532    0.040407    0.196501    2.064271 v g1191/X (sky130_fd_sc_hd__a21o_1)
                                                         n1231 (net)
                      0.040407    0.000124    2.064395 v g1202/A (sky130_fd_sc_hd__inv_1)
     1    0.002447    0.030805    0.046866    2.111261 ^ g1202/Y (sky130_fd_sc_hd__inv_1)
                                                         n1242 (net)
                      0.030805    0.000073    2.111335 ^ g1203/B (sky130_fd_sc_hd__and2_1)
     2    0.010335    0.112167    0.170020    2.281355 ^ g1203/X (sky130_fd_sc_hd__and2_1)
                                                         n1243 (net)
                      0.112167    0.000290    2.281645 ^ g1211/A2 (sky130_fd_sc_hd__a21o_1)
     2    0.011321    0.106221    0.183894    2.465539 ^ g1211/X (sky130_fd_sc_hd__a21o_1)
                                                         n1251 (net)
                      0.106222    0.000545    2.466084 ^ g1216/A (sky130_fd_sc_hd__inv_1)
     1    0.002013    0.029650    0.046124    2.512208 v g1216/Y (sky130_fd_sc_hd__inv_1)
                                                         n1256 (net)
                      0.029650    0.000059    2.512267 v g1217/B (sky130_fd_sc_hd__and2_1)
     2    0.007303    0.053823    0.172718    2.684984 v g1217/X (sky130_fd_sc_hd__and2_1)
                                                         n1257 (net)
                      0.053823    0.000155    2.685140 v g1223/A2 (sky130_fd_sc_hd__a21o_1)
     2    0.006550    0.049086    0.202531    2.887671 v g1223/X (sky130_fd_sc_hd__a21o_1)
                                                         n1263 (net)
                      0.049086    0.000189    2.887860 v g1234/A (sky130_fd_sc_hd__inv_1)
     1    0.001978    0.028667    0.047867    2.935727 ^ g1234/Y (sky130_fd_sc_hd__inv_1)
                                                         n1274 (net)
                      0.028667    0.000057    2.935784 ^ g1235/B (sky130_fd_sc_hd__and2_1)
     2    0.008845    0.098539    0.159036    3.094820 ^ g1235/X (sky130_fd_sc_hd__and2_1)
                                                         n1275 (net)
                      0.098539    0.000310    3.095130 ^ g1243/A2 (sky130_fd_sc_hd__a21o_1)
     2    0.004598    0.052473    0.136967    3.232096 ^ g1243/X (sky130_fd_sc_hd__a21o_1)
                                                         n1283 (net)
                      0.052473    0.000113    3.232210 ^ g1248/A (sky130_fd_sc_hd__inv_1)
     1    0.001755    0.019083    0.034035    3.266245 v g1248/Y (sky130_fd_sc_hd__inv_1)
                                                         n1288 (net)
                      0.019083    0.000052    3.266296 v g1249/B (sky130_fd_sc_hd__and2_1)
     2    0.008212    0.057526    0.172414    3.438711 v g1249/X (sky130_fd_sc_hd__and2_1)
                                                         n1289 (net)
                      0.057526    0.000226    3.438936 v g1255/A2 (sky130_fd_sc_hd__a21o_1)
     2    0.007360    0.052794    0.207990    3.646926 v g1255/X (sky130_fd_sc_hd__a21o_1)
                                                         n1295 (net)
                      0.052795    0.000316    3.647242 v g1266/A (sky130_fd_sc_hd__inv_1)
     1    0.002235    0.030661    0.051115    3.698357 ^ g1266/Y (sky130_fd_sc_hd__inv_1)
                                                         n1306 (net)
                      0.030661    0.000049    3.698406 ^ g1267/B (sky130_fd_sc_hd__and2_1)
     2    0.008639    0.096764    0.158216    3.856622 ^ g1267/X (sky130_fd_sc_hd__and2_1)
                                                         n1307 (net)
                      0.096764    0.000213    3.856835 ^ g1275/A2 (sky130_fd_sc_hd__a21o_1)
     2    0.007755    0.077516    0.156693    4.013528 ^ g1275/X (sky130_fd_sc_hd__a21o_1)
                                                         n1315 (net)
                      0.077516    0.000268    4.013796 ^ g1280/A (sky130_fd_sc_hd__inv_1)
     1    0.001831    0.023809    0.039339    4.053134 v g1280/Y (sky130_fd_sc_hd__inv_1)
                                                         n1320 (net)
                      0.023809    0.000038    4.053173 v g1281/B (sky130_fd_sc_hd__and2_1)
     2    0.008384    0.058083    0.175113    4.228285 v g1281/X (sky130_fd_sc_hd__and2_1)
                                                         n1321 (net)
                      0.058083    0.000249    4.228534 v g1287/A2 (sky130_fd_sc_hd__a21o_1)
     2    0.005618    0.044985    0.199716    4.428250 v g1287/X (sky130_fd_sc_hd__a21o_1)
                                                         n1327 (net)
                      0.044985    0.000183    4.428433 v g1297/A (sky130_fd_sc_hd__and2_1)
     2    0.007416    0.054303    0.160831    4.589264 v g1297/X (sky130_fd_sc_hd__and2_1)
                                                         n1337 (net)
                      0.054303    0.000157    4.589421 v g1303/A2 (sky130_fd_sc_hd__a21o_1)
     2    0.006311    0.048021    0.201560    4.790981 v g1303/X (sky130_fd_sc_hd__a21o_1)
                                                         n1343 (net)
                      0.048021    0.000199    4.791180 v g1314/A (sky130_fd_sc_hd__inv_1)
     1    0.002387    0.031128    0.049901    4.841082 ^ g1314/Y (sky130_fd_sc_hd__inv_1)
                                                         n1354 (net)
                      0.031128    0.000075    4.841156 ^ g1315/B (sky130_fd_sc_hd__and2_1)
     2    0.010024    0.109307    0.167937    5.009094 ^ g1315/X (sky130_fd_sc_hd__and2_1)
                                                         n1355 (net)
                      0.109307    0.000374    5.009468 ^ g1323/A2 (sky130_fd_sc_hd__a21o_1)
     2    0.004790    0.054038    0.141565    5.151032 ^ g1323/X (sky130_fd_sc_hd__a21o_1)
                                                         n1363 (net)
                      0.054038    0.000124    5.151156 ^ g1328/A (sky130_fd_sc_hd__inv_1)
     1    0.001712    0.019258    0.034216    5.185372 v g1328/Y (sky130_fd_sc_hd__inv_1)
                                                         n1368 (net)
                      0.019258    0.000035    5.185407 v g1329/B (sky130_fd_sc_hd__and2_1)
     2    0.008391    0.058101    0.173370    5.358777 v g1329/X (sky130_fd_sc_hd__and2_1)
                                                         n1369 (net)
                      0.058101    0.000216    5.358994 v g1335/A2 (sky130_fd_sc_hd__a21o_1)
     2    0.005704    0.045345    0.200171    5.559164 v g1335/X (sky130_fd_sc_hd__a21o_1)
                                                         n1375 (net)
                      0.045345    0.000128    5.559292 v g1346/A (sky130_fd_sc_hd__inv_1)
     1    0.002345    0.030603    0.048449    5.607741 ^ g1346/Y (sky130_fd_sc_hd__inv_1)
                                                         n1386 (net)
                      0.030603    0.000068    5.607809 ^ g1347/B (sky130_fd_sc_hd__and2_1)
     2    0.009574    0.105155    0.164731    5.772540 ^ g1347/X (sky130_fd_sc_hd__and2_1)
                                                         n1387 (net)
                      0.105155    0.000263    5.772803 ^ g1355/A2 (sky130_fd_sc_hd__a21o_1)
     2    0.007437    0.074964    0.157262    5.930065 ^ g1355/X (sky130_fd_sc_hd__a21o_1)
                                                         n1395 (net)
                      0.074964    0.000263    5.930327 ^ g1360/A (sky130_fd_sc_hd__inv_1)
     1    0.001758    0.023130    0.038434    5.968761 v g1360/Y (sky130_fd_sc_hd__inv_1)
                                                         n1400 (net)
                      0.023130    0.000036    5.968798 v g1361/B (sky130_fd_sc_hd__and2_1)
     2    0.009780    0.063489    0.180684    6.149482 v g1361/X (sky130_fd_sc_hd__and2_1)
                                                         n1401 (net)
                      0.063489    0.000261    6.149743 v g1367/A2 (sky130_fd_sc_hd__a21o_1)
     2    0.004976    0.042225    0.198843    6.348586 v g1367/X (sky130_fd_sc_hd__a21o_1)
                                                         n1407 (net)
                      0.042225    0.000050    6.348636 v g1378/A (sky130_fd_sc_hd__inv_1)
     1    0.002513    0.031408    0.048086    6.396721 ^ g1378/Y (sky130_fd_sc_hd__inv_1)
                                                         n1418 (net)
                      0.031408    0.000079    6.396800 ^ g1379/B (sky130_fd_sc_hd__and2_1)
     2    0.018449    0.187367    0.225772    6.622571 ^ g1379/X (sky130_fd_sc_hd__and2_1)
                                                         n1419 (net)
                      0.187437    0.001224    6.623796 ^ g1387/A2 (sky130_fd_sc_hd__a21o_1)
     2    0.007774    0.077643    0.179806    6.803602 ^ g1387/X (sky130_fd_sc_hd__a21o_1)
                                                         n1427 (net)
                      0.077643    0.000333    6.803936 ^ g1392/A (sky130_fd_sc_hd__inv_1)
     1    0.002263    0.025185    0.041843    6.845778 v g1392/Y (sky130_fd_sc_hd__inv_1)
                                                         n1432 (net)
                      0.025185    0.000069    6.845848 v g1393/B (sky130_fd_sc_hd__and2_1)
     2    0.007952    0.056662    0.173732    7.019579 v g1393/X (sky130_fd_sc_hd__and2_1)
                                                         n1433 (net)
                      0.056662    0.000192    7.019771 v g1399/A2 (sky130_fd_sc_hd__a21o_1)
     2    0.007083    0.051513    0.206308    7.226079 v g1399/X (sky130_fd_sc_hd__a21o_1)
                                                         n1439 (net)
                      0.051513    0.000241    7.226320 v g1409/A (sky130_fd_sc_hd__and2_1)
     2    0.007078    0.052793    0.162113    7.388433 v g1409/X (sky130_fd_sc_hd__and2_1)
                                                         n1449 (net)
                      0.052793    0.000139    7.388573 v g1415/A2 (sky130_fd_sc_hd__a21o_1)
     2    0.005835    0.045920    0.198581    7.587154 v g1415/X (sky130_fd_sc_hd__a21o_1)
                                                         n1455 (net)
                      0.045920    0.000196    7.587350 v g1426/A (sky130_fd_sc_hd__inv_1)
     1    0.001933    0.028016    0.046176    7.633526 ^ g1426/Y (sky130_fd_sc_hd__inv_1)
                                                         n1466 (net)
                      0.028016    0.000040    7.633566 ^ g1427/B (sky130_fd_sc_hd__and2_1)
     2    0.004760    0.062678    0.129614    7.763180 ^ g1427/X (sky130_fd_sc_hd__and2_1)
                                                         n1467 (net)
                      0.062678    0.000083    7.763263 ^ g1428/A (sky130_fd_sc_hd__inv_1)
     1    0.002174    0.022103    0.038249    7.801512 v g1428/Y (sky130_fd_sc_hd__inv_1)
                                                         n1468 (net)
                      0.022103    0.000065    7.801577 v g1429/B (sky130_fd_sc_hd__and2_1)
     1    0.011503    0.070618    0.186907    7.988483 v g1429/X (sky130_fd_sc_hd__and2_1)
                                                         zP[19] (net)
                      0.070618    0.000306    7.988789 v zP[19] (out)
                                              7.988789   data arrival time

                      0.000000   10.000000   10.000000   clock __VIRTUAL_CLK__ (rise edge)
                                  0.000000   10.000000   clock network delay (ideal)
                                  0.000000   10.000000   clock reconvergence pessimism
                                  0.000000   10.000000   output external delay
                                             10.000000   data required time
---------------------------------------------------------------------------------------------
                                             10.000000   data required time
                                             -7.988789   data arrival time
---------------------------------------------------------------------------------------------
                                              2.011212   slack (MET)


Startpoint: yN[2] (input port clocked by __VIRTUAL_CLK__)
Endpoint: zN[19] (output port clocked by __VIRTUAL_CLK__)
Path Group: __VIRTUAL_CLK__
Path Type: max

Fanout         Cap        Slew       Delay        Time   Description
---------------------------------------------------------------------------------------------
                      0.000000    0.000000    0.000000   clock __VIRTUAL_CLK__ (rise edge)
                                  0.000000    0.000000   clock network delay (ideal)
                                  0.000000    0.000000 v input external delay
    20    0.096011    0.211382    0.161137    0.161137 v yN[2] (in)
                                                         yN[2] (net)
                      0.211442    0.000000    0.161137 v g14/B (sky130_fd_sc_hd__and2_1)
     1    0.002060    0.032420    0.234118    0.395255 v g14/X (sky130_fd_sc_hd__and2_1)
                                                         n54 (net)
                      0.032420    0.000059    0.395314 v g17/A (sky130_fd_sc_hd__or2_1)
     2    0.006593    0.065168    0.250838    0.646152 v g17/X (sky130_fd_sc_hd__or2_1)
                                                         n57 (net)
                      0.065168    0.000181    0.646333 v g1078/A (sky130_fd_sc_hd__xor2_1)
     2    0.008088    0.204353    0.232790    0.879123 ^ g1078/X (sky130_fd_sc_hd__xor2_1)
                                                         n1118 (net)
                      0.204353    0.000283    0.879406 ^ g1160/B (sky130_fd_sc_hd__xor2_1)
     2    0.008168    0.205800    0.246712    1.126118 ^ g1160/X (sky130_fd_sc_hd__xor2_1)
                                                         n1200 (net)
                      0.205800    0.000174    1.126292 ^ g1163/A1 (sky130_fd_sc_hd__a21o_1)
     2    0.005407    0.058890    0.164065    1.290357 ^ g1163/X (sky130_fd_sc_hd__a21o_1)
                                                         n1203 (net)
                      0.058890    0.000157    1.290514 ^ g1168/A (sky130_fd_sc_hd__inv_1)
     1    0.001889    0.020606    0.036026    1.326540 v g1168/Y (sky130_fd_sc_hd__inv_1)
                                                         n1208 (net)
                      0.020606    0.000057    1.326597 v g1169/B (sky130_fd_sc_hd__and2_1)
     2    0.008557    0.058672    0.174654    1.501252 v g1169/X (sky130_fd_sc_hd__and2_1)
                                                         n1209 (net)
                      0.058672    0.000259    1.501510 v g1175/A2 (sky130_fd_sc_hd__a21o_1)
     2    0.004881    0.041847    0.196347    1.697857 v g1175/X (sky130_fd_sc_hd__a21o_1)
                                                         n1215 (net)
                      0.041847    0.000117    1.697973 v g1185/A (sky130_fd_sc_hd__and2_1)
     2    0.009699    0.063174    0.169450    1.867424 v g1185/X (sky130_fd_sc_hd__and2_1)
                                                         n1225 (net)
                      0.063174    0.000346    1.867770 v g1191/A2 (sky130_fd_sc_hd__a21o_1)
     2    0.004532    0.040407    0.196501    2.064271 v g1191/X (sky130_fd_sc_hd__a21o_1)
                                                         n1231 (net)
                      0.040407    0.000124    2.064395 v g1202/A (sky130_fd_sc_hd__inv_1)
     1    0.002447    0.030805    0.046866    2.111261 ^ g1202/Y (sky130_fd_sc_hd__inv_1)
                                                         n1242 (net)
                      0.030805    0.000073    2.111335 ^ g1203/B (sky130_fd_sc_hd__and2_1)
     2    0.010335    0.112167    0.170020    2.281355 ^ g1203/X (sky130_fd_sc_hd__and2_1)
                                                         n1243 (net)
                      0.112167    0.000290    2.281645 ^ g1211/A2 (sky130_fd_sc_hd__a21o_1)
     2    0.011321    0.106221    0.183894    2.465539 ^ g1211/X (sky130_fd_sc_hd__a21o_1)
                                                         n1251 (net)
                      0.106222    0.000545    2.466084 ^ g1216/A (sky130_fd_sc_hd__inv_1)
     1    0.002013    0.029650    0.046124    2.512208 v g1216/Y (sky130_fd_sc_hd__inv_1)
                                                         n1256 (net)
                      0.029650    0.000059    2.512267 v g1217/B (sky130_fd_sc_hd__and2_1)
     2    0.007303    0.053823    0.172718    2.684984 v g1217/X (sky130_fd_sc_hd__and2_1)
                                                         n1257 (net)
                      0.053823    0.000155    2.685140 v g1223/A2 (sky130_fd_sc_hd__a21o_1)
     2    0.006550    0.049086    0.202531    2.887671 v g1223/X (sky130_fd_sc_hd__a21o_1)
                                                         n1263 (net)
                      0.049086    0.000189    2.887860 v g1234/A (sky130_fd_sc_hd__inv_1)
     1    0.001978    0.028667    0.047867    2.935727 ^ g1234/Y (sky130_fd_sc_hd__inv_1)
                                                         n1274 (net)
                      0.028667    0.000057    2.935784 ^ g1235/B (sky130_fd_sc_hd__and2_1)
     2    0.008845    0.098539    0.159036    3.094820 ^ g1235/X (sky130_fd_sc_hd__and2_1)
                                                         n1275 (net)
                      0.098539    0.000310    3.095130 ^ g1243/A2 (sky130_fd_sc_hd__a21o_1)
     2    0.004598    0.052473    0.136967    3.232096 ^ g1243/X (sky130_fd_sc_hd__a21o_1)
                                                         n1283 (net)
                      0.052473    0.000113    3.232210 ^ g1248/A (sky130_fd_sc_hd__inv_1)
     1    0.001755    0.019083    0.034035    3.266245 v g1248/Y (sky130_fd_sc_hd__inv_1)
                                                         n1288 (net)
                      0.019083    0.000052    3.266296 v g1249/B (sky130_fd_sc_hd__and2_1)
     2    0.008212    0.057526    0.172414    3.438711 v g1249/X (sky130_fd_sc_hd__and2_1)
                                                         n1289 (net)
                      0.057526    0.000226    3.438936 v g1255/A2 (sky130_fd_sc_hd__a21o_1)
     2    0.007360    0.052794    0.207990    3.646926 v g1255/X (sky130_fd_sc_hd__a21o_1)
                                                         n1295 (net)
                      0.052795    0.000316    3.647242 v g1266/A (sky130_fd_sc_hd__inv_1)
     1    0.002235    0.030661    0.051115    3.698357 ^ g1266/Y (sky130_fd_sc_hd__inv_1)
                                                         n1306 (net)
                      0.030661    0.000049    3.698406 ^ g1267/B (sky130_fd_sc_hd__and2_1)
     2    0.008639    0.096764    0.158216    3.856622 ^ g1267/X (sky130_fd_sc_hd__and2_1)
                                                         n1307 (net)
                      0.096764    0.000213    3.856835 ^ g1275/A2 (sky130_fd_sc_hd__a21o_1)
     2    0.007755    0.077516    0.156693    4.013528 ^ g1275/X (sky130_fd_sc_hd__a21o_1)
                                                         n1315 (net)
                      0.077516    0.000268    4.013796 ^ g1280/A (sky130_fd_sc_hd__inv_1)
     1    0.001831    0.023809    0.039339    4.053134 v g1280/Y (sky130_fd_sc_hd__inv_1)
                                                         n1320 (net)
                      0.023809    0.000038    4.053173 v g1281/B (sky130_fd_sc_hd__and2_1)
     2    0.008384    0.058083    0.175113    4.228285 v g1281/X (sky130_fd_sc_hd__and2_1)
                                                         n1321 (net)
                      0.058083    0.000249    4.228534 v g1287/A2 (sky130_fd_sc_hd__a21o_1)
     2    0.005618    0.044985    0.199716    4.428250 v g1287/X (sky130_fd_sc_hd__a21o_1)
                                                         n1327 (net)
                      0.044985    0.000183    4.428433 v g1297/A (sky130_fd_sc_hd__and2_1)
     2    0.007416    0.054303    0.160831    4.589264 v g1297/X (sky130_fd_sc_hd__and2_1)
                                                         n1337 (net)
                      0.054303    0.000157    4.589421 v g1303/A2 (sky130_fd_sc_hd__a21o_1)
     2    0.006311    0.048021    0.201560    4.790981 v g1303/X (sky130_fd_sc_hd__a21o_1)
                                                         n1343 (net)
                      0.048021    0.000199    4.791180 v g1314/A (sky130_fd_sc_hd__inv_1)
     1    0.002387    0.031128    0.049901    4.841082 ^ g1314/Y (sky130_fd_sc_hd__inv_1)
                                                         n1354 (net)
                      0.031128    0.000075    4.841156 ^ g1315/B (sky130_fd_sc_hd__and2_1)
     2    0.010024    0.109307    0.167937    5.009094 ^ g1315/X (sky130_fd_sc_hd__and2_1)
                                                         n1355 (net)
                      0.109307    0.000374    5.009468 ^ g1323/A2 (sky130_fd_sc_hd__a21o_1)
     2    0.004790    0.054038    0.141565    5.151032 ^ g1323/X (sky130_fd_sc_hd__a21o_1)
                                                         n1363 (net)
                      0.054038    0.000124    5.151156 ^ g1328/A (sky130_fd_sc_hd__inv_1)
     1    0.001712    0.019258    0.034216    5.185372 v g1328/Y (sky130_fd_sc_hd__inv_1)
                                                         n1368 (net)
                      0.019258    0.000035    5.185407 v g1329/B (sky130_fd_sc_hd__and2_1)
     2    0.008391    0.058101    0.173370    5.358777 v g1329/X (sky130_fd_sc_hd__and2_1)
                                                         n1369 (net)
                      0.058101    0.000216    5.358994 v g1335/A2 (sky130_fd_sc_hd__a21o_1)
     2    0.005704    0.045345    0.200171    5.559164 v g1335/X (sky130_fd_sc_hd__a21o_1)
                                                         n1375 (net)
                      0.045345    0.000128    5.559292 v g1346/A (sky130_fd_sc_hd__inv_1)
     1    0.002345    0.030603    0.048449    5.607741 ^ g1346/Y (sky130_fd_sc_hd__inv_1)
                                                         n1386 (net)
                      0.030603    0.000068    5.607809 ^ g1347/B (sky130_fd_sc_hd__and2_1)
     2    0.009574    0.105155    0.164731    5.772540 ^ g1347/X (sky130_fd_sc_hd__and2_1)
                                                         n1387 (net)
                      0.105155    0.000263    5.772803 ^ g1355/A2 (sky130_fd_sc_hd__a21o_1)
     2    0.007437    0.074964    0.157262    5.930065 ^ g1355/X (sky130_fd_sc_hd__a21o_1)
                                                         n1395 (net)
                      0.074964    0.000263    5.930327 ^ g1360/A (sky130_fd_sc_hd__inv_1)
     1    0.001758    0.023130    0.038434    5.968761 v g1360/Y (sky130_fd_sc_hd__inv_1)
                                                         n1400 (net)
                      0.023130    0.000036    5.968798 v g1361/B (sky130_fd_sc_hd__and2_1)
     2    0.009780    0.063489    0.180684    6.149482 v g1361/X (sky130_fd_sc_hd__and2_1)
                                                         n1401 (net)
                      0.063489    0.000261    6.149743 v g1367/A2 (sky130_fd_sc_hd__a21o_1)
     2    0.004976    0.042225    0.198843    6.348586 v g1367/X (sky130_fd_sc_hd__a21o_1)
                                                         n1407 (net)
                      0.042225    0.000050    6.348636 v g1378/A (sky130_fd_sc_hd__inv_1)
     1    0.002513    0.031408    0.048086    6.396721 ^ g1378/Y (sky130_fd_sc_hd__inv_1)
                                                         n1418 (net)
                      0.031408    0.000079    6.396800 ^ g1379/B (sky130_fd_sc_hd__and2_1)
     2    0.018449    0.187367    0.225772    6.622571 ^ g1379/X (sky130_fd_sc_hd__and2_1)
                                                         n1419 (net)
                      0.187437    0.001224    6.623796 ^ g1387/A2 (sky130_fd_sc_hd__a21o_1)
     2    0.007774    0.077643    0.179806    6.803602 ^ g1387/X (sky130_fd_sc_hd__a21o_1)
                                                         n1427 (net)
                      0.077643    0.000333    6.803936 ^ g1392/A (sky130_fd_sc_hd__inv_1)
     1    0.002263    0.025185    0.041843    6.845778 v g1392/Y (sky130_fd_sc_hd__inv_1)
                                                         n1432 (net)
                      0.025185    0.000069    6.845848 v g1393/B (sky130_fd_sc_hd__and2_1)
     2    0.007952    0.056662    0.173732    7.019579 v g1393/X (sky130_fd_sc_hd__and2_1)
                                                         n1433 (net)
                      0.056662    0.000192    7.019771 v g1399/A2 (sky130_fd_sc_hd__a21o_1)
     2    0.007083    0.051513    0.206308    7.226079 v g1399/X (sky130_fd_sc_hd__a21o_1)
                                                         n1439 (net)
                      0.051513    0.000250    7.226330 v g1410/A (sky130_fd_sc_hd__inv_1)
     1    0.001975    0.028932    0.048942    7.275272 ^ g1410/Y (sky130_fd_sc_hd__inv_1)
                                                         n1450 (net)
                      0.028932    0.000058    7.275330 ^ g1411/B (sky130_fd_sc_hd__and2_1)
     2    0.007964    0.090976    0.152829    7.428159 ^ g1411/X (sky130_fd_sc_hd__and2_1)
                                                         n1451 (net)
                      0.090976    0.000216    7.428375 ^ g1419/A2 (sky130_fd_sc_hd__a21o_1)
     2    0.005088    0.056341    0.137757    7.566132 ^ g1419/X (sky130_fd_sc_hd__a21o_1)
                                                         n1459 (net)
                      0.056341    0.000125    7.566257 ^ g1424/A (sky130_fd_sc_hd__inv_1)
     1    0.002262    0.021184    0.037387    7.603644 v g1424/Y (sky130_fd_sc_hd__inv_1)
                                                         n1464 (net)
                      0.021184    0.000067    7.603711 v g1425/B (sky130_fd_sc_hd__and2_1)
     2    0.004789    0.043011    0.157074    7.760785 v g1425/X (sky130_fd_sc_hd__and2_1)
                                                         n1465 (net)
                      0.043011    0.000125    7.760911 v g1430/A (sky130_fd_sc_hd__inv_1)
     1    0.001815    0.026897    0.044138    7.805048 ^ g1430/Y (sky130_fd_sc_hd__inv_1)
                                                         n1470 (net)
                      0.026897    0.000037    7.805086 ^ g1431/B (sky130_fd_sc_hd__and2_1)
     1    0.011484    0.122758    0.176732    7.981818 ^ g1431/X (sky130_fd_sc_hd__and2_1)
                                                         zN[19] (net)
                      0.122758    0.000259    7.982078 ^ zN[19] (out)
                                              7.982078   data arrival time

                      0.000000   10.000000   10.000000   clock __VIRTUAL_CLK__ (rise edge)
                                  0.000000   10.000000   clock network delay (ideal)
                                  0.000000   10.000000   clock reconvergence pessimism
                                  0.000000   10.000000   output external delay
                                             10.000000   data required time
---------------------------------------------------------------------------------------------
                                             10.000000   data required time
                                             -7.982078   data arrival time
---------------------------------------------------------------------------------------------
                                              2.017923   slack (MET)


Startpoint: yN[2] (input port clocked by __VIRTUAL_CLK__)
Endpoint: zP[18] (output port clocked by __VIRTUAL_CLK__)
Path Group: __VIRTUAL_CLK__
Path Type: max

Fanout         Cap        Slew       Delay        Time   Description
---------------------------------------------------------------------------------------------
                      0.000000    0.000000    0.000000   clock __VIRTUAL_CLK__ (rise edge)
                                  0.000000    0.000000   clock network delay (ideal)
                                  0.000000    0.000000 v input external delay
    20    0.096011    0.211382    0.161137    0.161137 v yN[2] (in)
                                                         yN[2] (net)
                      0.211442    0.000000    0.161137 v g14/B (sky130_fd_sc_hd__and2_1)
     1    0.002060    0.032420    0.234118    0.395255 v g14/X (sky130_fd_sc_hd__and2_1)
                                                         n54 (net)
                      0.032420    0.000059    0.395314 v g17/A (sky130_fd_sc_hd__or2_1)
     2    0.006593    0.065168    0.250838    0.646152 v g17/X (sky130_fd_sc_hd__or2_1)
                                                         n57 (net)
                      0.065168    0.000181    0.646333 v g1078/A (sky130_fd_sc_hd__xor2_1)
     2    0.008088    0.204353    0.232790    0.879123 ^ g1078/X (sky130_fd_sc_hd__xor2_1)
                                                         n1118 (net)
                      0.204353    0.000283    0.879406 ^ g1160/B (sky130_fd_sc_hd__xor2_1)
     2    0.008168    0.205800    0.246712    1.126118 ^ g1160/X (sky130_fd_sc_hd__xor2_1)
                                                         n1200 (net)
                      0.205800    0.000174    1.126292 ^ g1163/A1 (sky130_fd_sc_hd__a21o_1)
     2    0.005407    0.058890    0.164065    1.290357 ^ g1163/X (sky130_fd_sc_hd__a21o_1)
                                                         n1203 (net)
                      0.058890    0.000157    1.290514 ^ g1168/A (sky130_fd_sc_hd__inv_1)
     1    0.001889    0.020606    0.036026    1.326540 v g1168/Y (sky130_fd_sc_hd__inv_1)
                                                         n1208 (net)
                      0.020606    0.000057    1.326597 v g1169/B (sky130_fd_sc_hd__and2_1)
     2    0.008557    0.058672    0.174654    1.501252 v g1169/X (sky130_fd_sc_hd__and2_1)
                                                         n1209 (net)
                      0.058672    0.000259    1.501510 v g1175/A2 (sky130_fd_sc_hd__a21o_1)
     2    0.004881    0.041847    0.196347    1.697857 v g1175/X (sky130_fd_sc_hd__a21o_1)
                                                         n1215 (net)
                      0.041847    0.000117    1.697973 v g1185/A (sky130_fd_sc_hd__and2_1)
     2    0.009699    0.063174    0.169450    1.867424 v g1185/X (sky130_fd_sc_hd__and2_1)
                                                         n1225 (net)
                      0.063174    0.000346    1.867770 v g1191/A2 (sky130_fd_sc_hd__a21o_1)
     2    0.004532    0.040407    0.196501    2.064271 v g1191/X (sky130_fd_sc_hd__a21o_1)
                                                         n1231 (net)
                      0.040407    0.000124    2.064395 v g1202/A (sky130_fd_sc_hd__inv_1)
     1    0.002447    0.030805    0.046866    2.111261 ^ g1202/Y (sky130_fd_sc_hd__inv_1)
                                                         n1242 (net)
                      0.030805    0.000073    2.111335 ^ g1203/B (sky130_fd_sc_hd__and2_1)
     2    0.010335    0.112167    0.170020    2.281355 ^ g1203/X (sky130_fd_sc_hd__and2_1)
                                                         n1243 (net)
                      0.112167    0.000290    2.281645 ^ g1211/A2 (sky130_fd_sc_hd__a21o_1)
     2    0.011321    0.106221    0.183894    2.465539 ^ g1211/X (sky130_fd_sc_hd__a21o_1)
                                                         n1251 (net)
                      0.106222    0.000545    2.466084 ^ g1216/A (sky130_fd_sc_hd__inv_1)
     1    0.002013    0.029650    0.046124    2.512208 v g1216/Y (sky130_fd_sc_hd__inv_1)
                                                         n1256 (net)
                      0.029650    0.000059    2.512267 v g1217/B (sky130_fd_sc_hd__and2_1)
     2    0.007303    0.053823    0.172718    2.684984 v g1217/X (sky130_fd_sc_hd__and2_1)
                                                         n1257 (net)
                      0.053823    0.000155    2.685140 v g1223/A2 (sky130_fd_sc_hd__a21o_1)
     2    0.006550    0.049086    0.202531    2.887671 v g1223/X (sky130_fd_sc_hd__a21o_1)
                                                         n1263 (net)
                      0.049086    0.000189    2.887860 v g1234/A (sky130_fd_sc_hd__inv_1)
     1    0.001978    0.028667    0.047867    2.935727 ^ g1234/Y (sky130_fd_sc_hd__inv_1)
                                                         n1274 (net)
                      0.028667    0.000057    2.935784 ^ g1235/B (sky130_fd_sc_hd__and2_1)
     2    0.008845    0.098539    0.159036    3.094820 ^ g1235/X (sky130_fd_sc_hd__and2_1)
                                                         n1275 (net)
                      0.098539    0.000310    3.095130 ^ g1243/A2 (sky130_fd_sc_hd__a21o_1)
     2    0.004598    0.052473    0.136967    3.232096 ^ g1243/X (sky130_fd_sc_hd__a21o_1)
                                                         n1283 (net)
                      0.052473    0.000113    3.232210 ^ g1248/A (sky130_fd_sc_hd__inv_1)
     1    0.001755    0.019083    0.034035    3.266245 v g1248/Y (sky130_fd_sc_hd__inv_1)
                                                         n1288 (net)
                      0.019083    0.000052    3.266296 v g1249/B (sky130_fd_sc_hd__and2_1)
     2    0.008212    0.057526    0.172414    3.438711 v g1249/X (sky130_fd_sc_hd__and2_1)
                                                         n1289 (net)
                      0.057526    0.000226    3.438936 v g1255/A2 (sky130_fd_sc_hd__a21o_1)
     2    0.007360    0.052794    0.207990    3.646926 v g1255/X (sky130_fd_sc_hd__a21o_1)
                                                         n1295 (net)
                      0.052795    0.000316    3.647242 v g1266/A (sky130_fd_sc_hd__inv_1)
     1    0.002235    0.030661    0.051115    3.698357 ^ g1266/Y (sky130_fd_sc_hd__inv_1)
                                                         n1306 (net)
                      0.030661    0.000049    3.698406 ^ g1267/B (sky130_fd_sc_hd__and2_1)
     2    0.008639    0.096764    0.158216    3.856622 ^ g1267/X (sky130_fd_sc_hd__and2_1)
                                                         n1307 (net)
                      0.096764    0.000213    3.856835 ^ g1275/A2 (sky130_fd_sc_hd__a21o_1)
     2    0.007755    0.077516    0.156693    4.013528 ^ g1275/X (sky130_fd_sc_hd__a21o_1)
                                                         n1315 (net)
                      0.077516    0.000268    4.013796 ^ g1280/A (sky130_fd_sc_hd__inv_1)
     1    0.001831    0.023809    0.039339    4.053134 v g1280/Y (sky130_fd_sc_hd__inv_1)
                                                         n1320 (net)
                      0.023809    0.000038    4.053173 v g1281/B (sky130_fd_sc_hd__and2_1)
     2    0.008384    0.058083    0.175113    4.228285 v g1281/X (sky130_fd_sc_hd__and2_1)
                                                         n1321 (net)
                      0.058083    0.000249    4.228534 v g1287/A2 (sky130_fd_sc_hd__a21o_1)
     2    0.005618    0.044985    0.199716    4.428250 v g1287/X (sky130_fd_sc_hd__a21o_1)
                                                         n1327 (net)
                      0.044985    0.000183    4.428433 v g1297/A (sky130_fd_sc_hd__and2_1)
     2    0.007416    0.054303    0.160831    4.589264 v g1297/X (sky130_fd_sc_hd__and2_1)
                                                         n1337 (net)
                      0.054303    0.000157    4.589421 v g1303/A2 (sky130_fd_sc_hd__a21o_1)
     2    0.006311    0.048021    0.201560    4.790981 v g1303/X (sky130_fd_sc_hd__a21o_1)
                                                         n1343 (net)
                      0.048021    0.000199    4.791180 v g1314/A (sky130_fd_sc_hd__inv_1)
     1    0.002387    0.031128    0.049901    4.841082 ^ g1314/Y (sky130_fd_sc_hd__inv_1)
                                                         n1354 (net)
                      0.031128    0.000075    4.841156 ^ g1315/B (sky130_fd_sc_hd__and2_1)
     2    0.010024    0.109307    0.167937    5.009094 ^ g1315/X (sky130_fd_sc_hd__and2_1)
                                                         n1355 (net)
                      0.109307    0.000374    5.009468 ^ g1323/A2 (sky130_fd_sc_hd__a21o_1)
     2    0.004790    0.054038    0.141565    5.151032 ^ g1323/X (sky130_fd_sc_hd__a21o_1)
                                                         n1363 (net)
                      0.054038    0.000124    5.151156 ^ g1328/A (sky130_fd_sc_hd__inv_1)
     1    0.001712    0.019258    0.034216    5.185372 v g1328/Y (sky130_fd_sc_hd__inv_1)
                                                         n1368 (net)
                      0.019258    0.000035    5.185407 v g1329/B (sky130_fd_sc_hd__and2_1)
     2    0.008391    0.058101    0.173370    5.358777 v g1329/X (sky130_fd_sc_hd__and2_1)
                                                         n1369 (net)
                      0.058101    0.000216    5.358994 v g1335/A2 (sky130_fd_sc_hd__a21o_1)
     2    0.005704    0.045345    0.200171    5.559164 v g1335/X (sky130_fd_sc_hd__a21o_1)
                                                         n1375 (net)
                      0.045345    0.000128    5.559292 v g1346/A (sky130_fd_sc_hd__inv_1)
     1    0.002345    0.030603    0.048449    5.607741 ^ g1346/Y (sky130_fd_sc_hd__inv_1)
                                                         n1386 (net)
                      0.030603    0.000068    5.607809 ^ g1347/B (sky130_fd_sc_hd__and2_1)
     2    0.009574    0.105155    0.164731    5.772540 ^ g1347/X (sky130_fd_sc_hd__and2_1)
                                                         n1387 (net)
                      0.105155    0.000263    5.772803 ^ g1355/A2 (sky130_fd_sc_hd__a21o_1)
     2    0.007437    0.074964    0.157262    5.930065 ^ g1355/X (sky130_fd_sc_hd__a21o_1)
                                                         n1395 (net)
                      0.074964    0.000263    5.930327 ^ g1360/A (sky130_fd_sc_hd__inv_1)
     1    0.001758    0.023130    0.038434    5.968761 v g1360/Y (sky130_fd_sc_hd__inv_1)
                                                         n1400 (net)
                      0.023130    0.000036    5.968798 v g1361/B (sky130_fd_sc_hd__and2_1)
     2    0.009780    0.063489    0.180684    6.149482 v g1361/X (sky130_fd_sc_hd__and2_1)
                                                         n1401 (net)
                      0.063489    0.000261    6.149743 v g1367/A2 (sky130_fd_sc_hd__a21o_1)
     2    0.004976    0.042225    0.198843    6.348586 v g1367/X (sky130_fd_sc_hd__a21o_1)
                                                         n1407 (net)
                      0.042225    0.000050    6.348636 v g1378/A (sky130_fd_sc_hd__inv_1)
     1    0.002513    0.031408    0.048086    6.396721 ^ g1378/Y (sky130_fd_sc_hd__inv_1)
                                                         n1418 (net)
                      0.031408    0.000079    6.396800 ^ g1379/B (sky130_fd_sc_hd__and2_1)
     2    0.018449    0.187367    0.225772    6.622571 ^ g1379/X (sky130_fd_sc_hd__and2_1)
                                                         n1419 (net)
                      0.187437    0.001224    6.623796 ^ g1387/A2 (sky130_fd_sc_hd__a21o_1)
     2    0.007774    0.077643    0.179806    6.803602 ^ g1387/X (sky130_fd_sc_hd__a21o_1)
                                                         n1427 (net)
                      0.077643    0.000333    6.803936 ^ g1392/A (sky130_fd_sc_hd__inv_1)
     1    0.002263    0.025185    0.041843    6.845778 v g1392/Y (sky130_fd_sc_hd__inv_1)
                                                         n1432 (net)
                      0.025185    0.000069    6.845848 v g1393/B (sky130_fd_sc_hd__and2_1)
     2    0.007952    0.056662    0.173732    7.019579 v g1393/X (sky130_fd_sc_hd__and2_1)
                                                         n1433 (net)
                      0.056662    0.000192    7.019771 v g1399/A2 (sky130_fd_sc_hd__a21o_1)
     2    0.007083    0.051513    0.206308    7.226079 v g1399/X (sky130_fd_sc_hd__a21o_1)
                                                         n1439 (net)
                      0.051513    0.000250    7.226330 v g1410/A (sky130_fd_sc_hd__inv_1)
     1    0.001975    0.028932    0.048942    7.275272 ^ g1410/Y (sky130_fd_sc_hd__inv_1)
                                                         n1450 (net)
                      0.028932    0.000058    7.275330 ^ g1411/B (sky130_fd_sc_hd__and2_1)
     2    0.007964    0.090976    0.152829    7.428159 ^ g1411/X (sky130_fd_sc_hd__and2_1)
                                                         n1451 (net)
                      0.090976    0.000229    7.428388 ^ g1418/B (sky130_fd_sc_hd__xor2_1)
     2    0.005588    0.159943    0.192618    7.621006 ^ g1418/X (sky130_fd_sc_hd__xor2_1)
                                                         n1458 (net)
                      0.159943    0.000162    7.621167 ^ g1420/A (sky130_fd_sc_hd__inv_1)
     1    0.001763    0.036701    0.051148    7.672316 v g1420/Y (sky130_fd_sc_hd__inv_1)
                                                         n1460 (net)
                      0.036701    0.000051    7.672366 v g1421/B (sky130_fd_sc_hd__and2_1)
     1    0.011276    0.069665    0.192763    7.865129 v g1421/X (sky130_fd_sc_hd__and2_1)
                                                         zP[18] (net)
                      0.069665    0.000238    7.865367 v zP[18] (out)
                                              7.865367   data arrival time

                      0.000000   10.000000   10.000000   clock __VIRTUAL_CLK__ (rise edge)
                                  0.000000   10.000000   clock network delay (ideal)
                                  0.000000   10.000000   clock reconvergence pessimism
                                  0.000000   10.000000   output external delay
                                             10.000000   data required time
---------------------------------------------------------------------------------------------
                                             10.000000   data required time
                                             -7.865367   data arrival time
---------------------------------------------------------------------------------------------
                                              2.134633   slack (MET)


Startpoint: yN[2] (input port clocked by __VIRTUAL_CLK__)
Endpoint: zN[18] (output port clocked by __VIRTUAL_CLK__)
Path Group: __VIRTUAL_CLK__
Path Type: max

Fanout         Cap        Slew       Delay        Time   Description
---------------------------------------------------------------------------------------------
                      0.000000    0.000000    0.000000   clock __VIRTUAL_CLK__ (rise edge)
                                  0.000000    0.000000   clock network delay (ideal)
                                  0.000000    0.000000 v input external delay
    20    0.096011    0.211382    0.161137    0.161137 v yN[2] (in)
                                                         yN[2] (net)
                      0.211442    0.000000    0.161137 v g14/B (sky130_fd_sc_hd__and2_1)
     1    0.002060    0.032420    0.234118    0.395255 v g14/X (sky130_fd_sc_hd__and2_1)
                                                         n54 (net)
                      0.032420    0.000059    0.395314 v g17/A (sky130_fd_sc_hd__or2_1)
     2    0.006593    0.065168    0.250838    0.646152 v g17/X (sky130_fd_sc_hd__or2_1)
                                                         n57 (net)
                      0.065168    0.000181    0.646333 v g1078/A (sky130_fd_sc_hd__xor2_1)
     2    0.008088    0.204353    0.232790    0.879123 ^ g1078/X (sky130_fd_sc_hd__xor2_1)
                                                         n1118 (net)
                      0.204353    0.000283    0.879406 ^ g1160/B (sky130_fd_sc_hd__xor2_1)
     2    0.008168    0.205800    0.246712    1.126118 ^ g1160/X (sky130_fd_sc_hd__xor2_1)
                                                         n1200 (net)
                      0.205800    0.000174    1.126292 ^ g1163/A1 (sky130_fd_sc_hd__a21o_1)
     2    0.005407    0.058890    0.164065    1.290357 ^ g1163/X (sky130_fd_sc_hd__a21o_1)
                                                         n1203 (net)
                      0.058890    0.000157    1.290514 ^ g1168/A (sky130_fd_sc_hd__inv_1)
     1    0.001889    0.020606    0.036026    1.326540 v g1168/Y (sky130_fd_sc_hd__inv_1)
                                                         n1208 (net)
                      0.020606    0.000057    1.326597 v g1169/B (sky130_fd_sc_hd__and2_1)
     2    0.008557    0.058672    0.174654    1.501252 v g1169/X (sky130_fd_sc_hd__and2_1)
                                                         n1209 (net)
                      0.058672    0.000259    1.501510 v g1175/A2 (sky130_fd_sc_hd__a21o_1)
     2    0.004881    0.041847    0.196347    1.697857 v g1175/X (sky130_fd_sc_hd__a21o_1)
                                                         n1215 (net)
                      0.041847    0.000117    1.697973 v g1185/A (sky130_fd_sc_hd__and2_1)
     2    0.009699    0.063174    0.169450    1.867424 v g1185/X (sky130_fd_sc_hd__and2_1)
                                                         n1225 (net)
                      0.063174    0.000346    1.867770 v g1191/A2 (sky130_fd_sc_hd__a21o_1)
     2    0.004532    0.040407    0.196501    2.064271 v g1191/X (sky130_fd_sc_hd__a21o_1)
                                                         n1231 (net)
                      0.040407    0.000124    2.064395 v g1202/A (sky130_fd_sc_hd__inv_1)
     1    0.002447    0.030805    0.046866    2.111261 ^ g1202/Y (sky130_fd_sc_hd__inv_1)
                                                         n1242 (net)
                      0.030805    0.000073    2.111335 ^ g1203/B (sky130_fd_sc_hd__and2_1)
     2    0.010335    0.112167    0.170020    2.281355 ^ g1203/X (sky130_fd_sc_hd__and2_1)
                                                         n1243 (net)
                      0.112167    0.000290    2.281645 ^ g1211/A2 (sky130_fd_sc_hd__a21o_1)
     2    0.011321    0.106221    0.183894    2.465539 ^ g1211/X (sky130_fd_sc_hd__a21o_1)
                                                         n1251 (net)
                      0.106222    0.000545    2.466084 ^ g1216/A (sky130_fd_sc_hd__inv_1)
     1    0.002013    0.029650    0.046124    2.512208 v g1216/Y (sky130_fd_sc_hd__inv_1)
                                                         n1256 (net)
                      0.029650    0.000059    2.512267 v g1217/B (sky130_fd_sc_hd__and2_1)
     2    0.007303    0.053823    0.172718    2.684984 v g1217/X (sky130_fd_sc_hd__and2_1)
                                                         n1257 (net)
                      0.053823    0.000155    2.685140 v g1223/A2 (sky130_fd_sc_hd__a21o_1)
     2    0.006550    0.049086    0.202531    2.887671 v g1223/X (sky130_fd_sc_hd__a21o_1)
                                                         n1263 (net)
                      0.049086    0.000189    2.887860 v g1234/A (sky130_fd_sc_hd__inv_1)
     1    0.001978    0.028667    0.047867    2.935727 ^ g1234/Y (sky130_fd_sc_hd__inv_1)
                                                         n1274 (net)
                      0.028667    0.000057    2.935784 ^ g1235/B (sky130_fd_sc_hd__and2_1)
     2    0.008845    0.098539    0.159036    3.094820 ^ g1235/X (sky130_fd_sc_hd__and2_1)
                                                         n1275 (net)
                      0.098539    0.000310    3.095130 ^ g1243/A2 (sky130_fd_sc_hd__a21o_1)
     2    0.004598    0.052473    0.136967    3.232096 ^ g1243/X (sky130_fd_sc_hd__a21o_1)
                                                         n1283 (net)
                      0.052473    0.000113    3.232210 ^ g1248/A (sky130_fd_sc_hd__inv_1)
     1    0.001755    0.019083    0.034035    3.266245 v g1248/Y (sky130_fd_sc_hd__inv_1)
                                                         n1288 (net)
                      0.019083    0.000052    3.266296 v g1249/B (sky130_fd_sc_hd__and2_1)
     2    0.008212    0.057526    0.172414    3.438711 v g1249/X (sky130_fd_sc_hd__and2_1)
                                                         n1289 (net)
                      0.057526    0.000226    3.438936 v g1255/A2 (sky130_fd_sc_hd__a21o_1)
     2    0.007360    0.052794    0.207990    3.646926 v g1255/X (sky130_fd_sc_hd__a21o_1)
                                                         n1295 (net)
                      0.052795    0.000316    3.647242 v g1266/A (sky130_fd_sc_hd__inv_1)
     1    0.002235    0.030661    0.051115    3.698357 ^ g1266/Y (sky130_fd_sc_hd__inv_1)
                                                         n1306 (net)
                      0.030661    0.000049    3.698406 ^ g1267/B (sky130_fd_sc_hd__and2_1)
     2    0.008639    0.096764    0.158216    3.856622 ^ g1267/X (sky130_fd_sc_hd__and2_1)
                                                         n1307 (net)
                      0.096764    0.000213    3.856835 ^ g1275/A2 (sky130_fd_sc_hd__a21o_1)
     2    0.007755    0.077516    0.156693    4.013528 ^ g1275/X (sky130_fd_sc_hd__a21o_1)
                                                         n1315 (net)
                      0.077516    0.000268    4.013796 ^ g1280/A (sky130_fd_sc_hd__inv_1)
     1    0.001831    0.023809    0.039339    4.053134 v g1280/Y (sky130_fd_sc_hd__inv_1)
                                                         n1320 (net)
                      0.023809    0.000038    4.053173 v g1281/B (sky130_fd_sc_hd__and2_1)
     2    0.008384    0.058083    0.175113    4.228285 v g1281/X (sky130_fd_sc_hd__and2_1)
                                                         n1321 (net)
                      0.058083    0.000249    4.228534 v g1287/A2 (sky130_fd_sc_hd__a21o_1)
     2    0.005618    0.044985    0.199716    4.428250 v g1287/X (sky130_fd_sc_hd__a21o_1)
                                                         n1327 (net)
                      0.044985    0.000183    4.428433 v g1297/A (sky130_fd_sc_hd__and2_1)
     2    0.007416    0.054303    0.160831    4.589264 v g1297/X (sky130_fd_sc_hd__and2_1)
                                                         n1337 (net)
                      0.054303    0.000157    4.589421 v g1303/A2 (sky130_fd_sc_hd__a21o_1)
     2    0.006311    0.048021    0.201560    4.790981 v g1303/X (sky130_fd_sc_hd__a21o_1)
                                                         n1343 (net)
                      0.048021    0.000199    4.791180 v g1314/A (sky130_fd_sc_hd__inv_1)
     1    0.002387    0.031128    0.049901    4.841082 ^ g1314/Y (sky130_fd_sc_hd__inv_1)
                                                         n1354 (net)
                      0.031128    0.000075    4.841156 ^ g1315/B (sky130_fd_sc_hd__and2_1)
     2    0.010024    0.109307    0.167937    5.009094 ^ g1315/X (sky130_fd_sc_hd__and2_1)
                                                         n1355 (net)
                      0.109307    0.000374    5.009468 ^ g1323/A2 (sky130_fd_sc_hd__a21o_1)
     2    0.004790    0.054038    0.141565    5.151032 ^ g1323/X (sky130_fd_sc_hd__a21o_1)
                                                         n1363 (net)
                      0.054038    0.000124    5.151156 ^ g1328/A (sky130_fd_sc_hd__inv_1)
     1    0.001712    0.019258    0.034216    5.185372 v g1328/Y (sky130_fd_sc_hd__inv_1)
                                                         n1368 (net)
                      0.019258    0.000035    5.185407 v g1329/B (sky130_fd_sc_hd__and2_1)
     2    0.008391    0.058101    0.173370    5.358777 v g1329/X (sky130_fd_sc_hd__and2_1)
                                                         n1369 (net)
                      0.058101    0.000216    5.358994 v g1335/A2 (sky130_fd_sc_hd__a21o_1)
     2    0.005704    0.045345    0.200171    5.559164 v g1335/X (sky130_fd_sc_hd__a21o_1)
                                                         n1375 (net)
                      0.045345    0.000128    5.559292 v g1346/A (sky130_fd_sc_hd__inv_1)
     1    0.002345    0.030603    0.048449    5.607741 ^ g1346/Y (sky130_fd_sc_hd__inv_1)
                                                         n1386 (net)
                      0.030603    0.000068    5.607809 ^ g1347/B (sky130_fd_sc_hd__and2_1)
     2    0.009574    0.105155    0.164731    5.772540 ^ g1347/X (sky130_fd_sc_hd__and2_1)
                                                         n1387 (net)
                      0.105155    0.000263    5.772803 ^ g1355/A2 (sky130_fd_sc_hd__a21o_1)
     2    0.007437    0.074964    0.157262    5.930065 ^ g1355/X (sky130_fd_sc_hd__a21o_1)
                                                         n1395 (net)
                      0.074964    0.000263    5.930327 ^ g1360/A (sky130_fd_sc_hd__inv_1)
     1    0.001758    0.023130    0.038434    5.968761 v g1360/Y (sky130_fd_sc_hd__inv_1)
                                                         n1400 (net)
                      0.023130    0.000036    5.968798 v g1361/B (sky130_fd_sc_hd__and2_1)
     2    0.009780    0.063489    0.180684    6.149482 v g1361/X (sky130_fd_sc_hd__and2_1)
                                                         n1401 (net)
                      0.063489    0.000261    6.149743 v g1367/A2 (sky130_fd_sc_hd__a21o_1)
     2    0.004976    0.042225    0.198843    6.348586 v g1367/X (sky130_fd_sc_hd__a21o_1)
                                                         n1407 (net)
                      0.042225    0.000050    6.348636 v g1378/A (sky130_fd_sc_hd__inv_1)
     1    0.002513    0.031408    0.048086    6.396721 ^ g1378/Y (sky130_fd_sc_hd__inv_1)
                                                         n1418 (net)
                      0.031408    0.000079    6.396800 ^ g1379/B (sky130_fd_sc_hd__and2_1)
     2    0.018449    0.187367    0.225772    6.622571 ^ g1379/X (sky130_fd_sc_hd__and2_1)
                                                         n1419 (net)
                      0.187437    0.001224    6.623796 ^ g1387/A2 (sky130_fd_sc_hd__a21o_1)
     2    0.007774    0.077643    0.179806    6.803602 ^ g1387/X (sky130_fd_sc_hd__a21o_1)
                                                         n1427 (net)
                      0.077643    0.000333    6.803936 ^ g1392/A (sky130_fd_sc_hd__inv_1)
     1    0.002263    0.025185    0.041843    6.845778 v g1392/Y (sky130_fd_sc_hd__inv_1)
                                                         n1432 (net)
                      0.025185    0.000069    6.845848 v g1393/B (sky130_fd_sc_hd__and2_1)
     2    0.007952    0.056662    0.173732    7.019579 v g1393/X (sky130_fd_sc_hd__and2_1)
                                                         n1433 (net)
                      0.056662    0.000192    7.019771 v g1399/A2 (sky130_fd_sc_hd__a21o_1)
     2    0.007083    0.051513    0.206308    7.226079 v g1399/X (sky130_fd_sc_hd__a21o_1)
                                                         n1439 (net)
                      0.051513    0.000250    7.226330 v g1410/A (sky130_fd_sc_hd__inv_1)
     1    0.001975    0.028932    0.048942    7.275272 ^ g1410/Y (sky130_fd_sc_hd__inv_1)
                                                         n1450 (net)
                      0.028932    0.000058    7.275330 ^ g1411/B (sky130_fd_sc_hd__and2_1)
     2    0.007964    0.090976    0.152829    7.428159 ^ g1411/X (sky130_fd_sc_hd__and2_1)
                                                         n1451 (net)
                      0.090976    0.000229    7.428388 ^ g1418/B (sky130_fd_sc_hd__xor2_1)
     2    0.005588    0.159943    0.192618    7.621006 ^ g1418/X (sky130_fd_sc_hd__xor2_1)
                                                         n1458 (net)
                      0.159943    0.000107    7.621113 ^ g1423/A (sky130_fd_sc_hd__and2_1)
     1    0.011374    0.122116    0.213990    7.835103 ^ g1423/X (sky130_fd_sc_hd__and2_1)
                                                         zN[18] (net)
                      0.122116    0.000253    7.835356 ^ zN[18] (out)
                                              7.835356   data arrival time

                      0.000000   10.000000   10.000000   clock __VIRTUAL_CLK__ (rise edge)
                                  0.000000   10.000000   clock network delay (ideal)
                                  0.000000   10.000000   clock reconvergence pessimism
                                  0.000000   10.000000   output external delay
                                             10.000000   data required time
---------------------------------------------------------------------------------------------
                                             10.000000   data required time
                                             -7.835356   data arrival time
---------------------------------------------------------------------------------------------
                                              2.164644   slack (MET)


Startpoint: yN[2] (input port clocked by __VIRTUAL_CLK__)
Endpoint: zN[17] (output port clocked by __VIRTUAL_CLK__)
Path Group: __VIRTUAL_CLK__
Path Type: max

Fanout         Cap        Slew       Delay        Time   Description
---------------------------------------------------------------------------------------------
                      0.000000    0.000000    0.000000   clock __VIRTUAL_CLK__ (rise edge)
                                  0.000000    0.000000   clock network delay (ideal)
                                  0.000000    0.000000 v input external delay
    20    0.096011    0.211382    0.161137    0.161137 v yN[2] (in)
                                                         yN[2] (net)
                      0.211442    0.000000    0.161137 v g14/B (sky130_fd_sc_hd__and2_1)
     1    0.002060    0.032420    0.234118    0.395255 v g14/X (sky130_fd_sc_hd__and2_1)
                                                         n54 (net)
                      0.032420    0.000059    0.395314 v g17/A (sky130_fd_sc_hd__or2_1)
     2    0.006593    0.065168    0.250838    0.646152 v g17/X (sky130_fd_sc_hd__or2_1)
                                                         n57 (net)
                      0.065168    0.000181    0.646333 v g1078/A (sky130_fd_sc_hd__xor2_1)
     2    0.008088    0.204353    0.232790    0.879123 ^ g1078/X (sky130_fd_sc_hd__xor2_1)
                                                         n1118 (net)
                      0.204353    0.000283    0.879406 ^ g1160/B (sky130_fd_sc_hd__xor2_1)
     2    0.008168    0.205800    0.246712    1.126118 ^ g1160/X (sky130_fd_sc_hd__xor2_1)
                                                         n1200 (net)
                      0.205800    0.000174    1.126292 ^ g1163/A1 (sky130_fd_sc_hd__a21o_1)
     2    0.005407    0.058890    0.164065    1.290357 ^ g1163/X (sky130_fd_sc_hd__a21o_1)
                                                         n1203 (net)
                      0.058890    0.000157    1.290514 ^ g1168/A (sky130_fd_sc_hd__inv_1)
     1    0.001889    0.020606    0.036026    1.326540 v g1168/Y (sky130_fd_sc_hd__inv_1)
                                                         n1208 (net)
                      0.020606    0.000057    1.326597 v g1169/B (sky130_fd_sc_hd__and2_1)
     2    0.008557    0.058672    0.174654    1.501252 v g1169/X (sky130_fd_sc_hd__and2_1)
                                                         n1209 (net)
                      0.058672    0.000259    1.501510 v g1175/A2 (sky130_fd_sc_hd__a21o_1)
     2    0.004881    0.041847    0.196347    1.697857 v g1175/X (sky130_fd_sc_hd__a21o_1)
                                                         n1215 (net)
                      0.041847    0.000117    1.697973 v g1185/A (sky130_fd_sc_hd__and2_1)
     2    0.009699    0.063174    0.169450    1.867424 v g1185/X (sky130_fd_sc_hd__and2_1)
                                                         n1225 (net)
                      0.063174    0.000346    1.867770 v g1191/A2 (sky130_fd_sc_hd__a21o_1)
     2    0.004532    0.040407    0.196501    2.064271 v g1191/X (sky130_fd_sc_hd__a21o_1)
                                                         n1231 (net)
                      0.040407    0.000124    2.064395 v g1202/A (sky130_fd_sc_hd__inv_1)
     1    0.002447    0.030805    0.046866    2.111261 ^ g1202/Y (sky130_fd_sc_hd__inv_1)
                                                         n1242 (net)
                      0.030805    0.000073    2.111335 ^ g1203/B (sky130_fd_sc_hd__and2_1)
     2    0.010335    0.112167    0.170020    2.281355 ^ g1203/X (sky130_fd_sc_hd__and2_1)
                                                         n1243 (net)
                      0.112167    0.000290    2.281645 ^ g1211/A2 (sky130_fd_sc_hd__a21o_1)
     2    0.011321    0.106221    0.183894    2.465539 ^ g1211/X (sky130_fd_sc_hd__a21o_1)
                                                         n1251 (net)
                      0.106222    0.000545    2.466084 ^ g1216/A (sky130_fd_sc_hd__inv_1)
     1    0.002013    0.029650    0.046124    2.512208 v g1216/Y (sky130_fd_sc_hd__inv_1)
                                                         n1256 (net)
                      0.029650    0.000059    2.512267 v g1217/B (sky130_fd_sc_hd__and2_1)
     2    0.007303    0.053823    0.172718    2.684984 v g1217/X (sky130_fd_sc_hd__and2_1)
                                                         n1257 (net)
                      0.053823    0.000155    2.685140 v g1223/A2 (sky130_fd_sc_hd__a21o_1)
     2    0.006550    0.049086    0.202531    2.887671 v g1223/X (sky130_fd_sc_hd__a21o_1)
                                                         n1263 (net)
                      0.049086    0.000189    2.887860 v g1234/A (sky130_fd_sc_hd__inv_1)
     1    0.001978    0.028667    0.047867    2.935727 ^ g1234/Y (sky130_fd_sc_hd__inv_1)
                                                         n1274 (net)
                      0.028667    0.000057    2.935784 ^ g1235/B (sky130_fd_sc_hd__and2_1)
     2    0.008845    0.098539    0.159036    3.094820 ^ g1235/X (sky130_fd_sc_hd__and2_1)
                                                         n1275 (net)
                      0.098539    0.000310    3.095130 ^ g1243/A2 (sky130_fd_sc_hd__a21o_1)
     2    0.004598    0.052473    0.136967    3.232096 ^ g1243/X (sky130_fd_sc_hd__a21o_1)
                                                         n1283 (net)
                      0.052473    0.000113    3.232210 ^ g1248/A (sky130_fd_sc_hd__inv_1)
     1    0.001755    0.019083    0.034035    3.266245 v g1248/Y (sky130_fd_sc_hd__inv_1)
                                                         n1288 (net)
                      0.019083    0.000052    3.266296 v g1249/B (sky130_fd_sc_hd__and2_1)
     2    0.008212    0.057526    0.172414    3.438711 v g1249/X (sky130_fd_sc_hd__and2_1)
                                                         n1289 (net)
                      0.057526    0.000226    3.438936 v g1255/A2 (sky130_fd_sc_hd__a21o_1)
     2    0.007360    0.052794    0.207990    3.646926 v g1255/X (sky130_fd_sc_hd__a21o_1)
                                                         n1295 (net)
                      0.052795    0.000316    3.647242 v g1266/A (sky130_fd_sc_hd__inv_1)
     1    0.002235    0.030661    0.051115    3.698357 ^ g1266/Y (sky130_fd_sc_hd__inv_1)
                                                         n1306 (net)
                      0.030661    0.000049    3.698406 ^ g1267/B (sky130_fd_sc_hd__and2_1)
     2    0.008639    0.096764    0.158216    3.856622 ^ g1267/X (sky130_fd_sc_hd__and2_1)
                                                         n1307 (net)
                      0.096764    0.000213    3.856835 ^ g1275/A2 (sky130_fd_sc_hd__a21o_1)
     2    0.007755    0.077516    0.156693    4.013528 ^ g1275/X (sky130_fd_sc_hd__a21o_1)
                                                         n1315 (net)
                      0.077516    0.000268    4.013796 ^ g1280/A (sky130_fd_sc_hd__inv_1)
     1    0.001831    0.023809    0.039339    4.053134 v g1280/Y (sky130_fd_sc_hd__inv_1)
                                                         n1320 (net)
                      0.023809    0.000038    4.053173 v g1281/B (sky130_fd_sc_hd__and2_1)
     2    0.008384    0.058083    0.175113    4.228285 v g1281/X (sky130_fd_sc_hd__and2_1)
                                                         n1321 (net)
                      0.058083    0.000249    4.228534 v g1287/A2 (sky130_fd_sc_hd__a21o_1)
     2    0.005618    0.044985    0.199716    4.428250 v g1287/X (sky130_fd_sc_hd__a21o_1)
                                                         n1327 (net)
                      0.044985    0.000183    4.428433 v g1297/A (sky130_fd_sc_hd__and2_1)
     2    0.007416    0.054303    0.160831    4.589264 v g1297/X (sky130_fd_sc_hd__and2_1)
                                                         n1337 (net)
                      0.054303    0.000157    4.589421 v g1303/A2 (sky130_fd_sc_hd__a21o_1)
     2    0.006311    0.048021    0.201560    4.790981 v g1303/X (sky130_fd_sc_hd__a21o_1)
                                                         n1343 (net)
                      0.048021    0.000199    4.791180 v g1314/A (sky130_fd_sc_hd__inv_1)
     1    0.002387    0.031128    0.049901    4.841082 ^ g1314/Y (sky130_fd_sc_hd__inv_1)
                                                         n1354 (net)
                      0.031128    0.000075    4.841156 ^ g1315/B (sky130_fd_sc_hd__and2_1)
     2    0.010024    0.109307    0.167937    5.009094 ^ g1315/X (sky130_fd_sc_hd__and2_1)
                                                         n1355 (net)
                      0.109307    0.000374    5.009468 ^ g1323/A2 (sky130_fd_sc_hd__a21o_1)
     2    0.004790    0.054038    0.141565    5.151032 ^ g1323/X (sky130_fd_sc_hd__a21o_1)
                                                         n1363 (net)
                      0.054038    0.000124    5.151156 ^ g1328/A (sky130_fd_sc_hd__inv_1)
     1    0.001712    0.019258    0.034216    5.185372 v g1328/Y (sky130_fd_sc_hd__inv_1)
                                                         n1368 (net)
                      0.019258    0.000035    5.185407 v g1329/B (sky130_fd_sc_hd__and2_1)
     2    0.008391    0.058101    0.173370    5.358777 v g1329/X (sky130_fd_sc_hd__and2_1)
                                                         n1369 (net)
                      0.058101    0.000216    5.358994 v g1335/A2 (sky130_fd_sc_hd__a21o_1)
     2    0.005704    0.045345    0.200171    5.559164 v g1335/X (sky130_fd_sc_hd__a21o_1)
                                                         n1375 (net)
                      0.045345    0.000128    5.559292 v g1346/A (sky130_fd_sc_hd__inv_1)
     1    0.002345    0.030603    0.048449    5.607741 ^ g1346/Y (sky130_fd_sc_hd__inv_1)
                                                         n1386 (net)
                      0.030603    0.000068    5.607809 ^ g1347/B (sky130_fd_sc_hd__and2_1)
     2    0.009574    0.105155    0.164731    5.772540 ^ g1347/X (sky130_fd_sc_hd__and2_1)
                                                         n1387 (net)
                      0.105155    0.000263    5.772803 ^ g1355/A2 (sky130_fd_sc_hd__a21o_1)
     2    0.007437    0.074964    0.157262    5.930065 ^ g1355/X (sky130_fd_sc_hd__a21o_1)
                                                         n1395 (net)
                      0.074964    0.000263    5.930327 ^ g1360/A (sky130_fd_sc_hd__inv_1)
     1    0.001758    0.023130    0.038434    5.968761 v g1360/Y (sky130_fd_sc_hd__inv_1)
                                                         n1400 (net)
                      0.023130    0.000036    5.968798 v g1361/B (sky130_fd_sc_hd__and2_1)
     2    0.009780    0.063489    0.180684    6.149482 v g1361/X (sky130_fd_sc_hd__and2_1)
                                                         n1401 (net)
                      0.063489    0.000261    6.149743 v g1367/A2 (sky130_fd_sc_hd__a21o_1)
     2    0.004976    0.042225    0.198843    6.348586 v g1367/X (sky130_fd_sc_hd__a21o_1)
                                                         n1407 (net)
                      0.042225    0.000050    6.348636 v g1378/A (sky130_fd_sc_hd__inv_1)
     1    0.002513    0.031408    0.048086    6.396721 ^ g1378/Y (sky130_fd_sc_hd__inv_1)
                                                         n1418 (net)
                      0.031408    0.000079    6.396800 ^ g1379/B (sky130_fd_sc_hd__and2_1)
     2    0.018449    0.187367    0.225772    6.622571 ^ g1379/X (sky130_fd_sc_hd__and2_1)
                                                         n1419 (net)
                      0.187437    0.001224    6.623796 ^ g1387/A2 (sky130_fd_sc_hd__a21o_1)
     2    0.007774    0.077643    0.179806    6.803602 ^ g1387/X (sky130_fd_sc_hd__a21o_1)
                                                         n1427 (net)
                      0.077643    0.000333    6.803936 ^ g1392/A (sky130_fd_sc_hd__inv_1)
     1    0.002263    0.025185    0.041843    6.845778 v g1392/Y (sky130_fd_sc_hd__inv_1)
                                                         n1432 (net)
                      0.025185    0.000069    6.845848 v g1393/B (sky130_fd_sc_hd__and2_1)
     2    0.007952    0.056662    0.173732    7.019579 v g1393/X (sky130_fd_sc_hd__and2_1)
                                                         n1433 (net)
                      0.056662    0.000210    7.019789 v g1398/B (sky130_fd_sc_hd__xor2_1)
     2    0.006008    0.167349    0.180227    7.200017 ^ g1398/X (sky130_fd_sc_hd__xor2_1)
                                                         n1438 (net)
                      0.167349    0.000136    7.200153 ^ g1406/A (sky130_fd_sc_hd__inv_1)
     1    0.002093    0.039167    0.054711    7.254864 v g1406/Y (sky130_fd_sc_hd__inv_1)
                                                         n1446 (net)
                      0.039167    0.000062    7.254926 v g1407/B (sky130_fd_sc_hd__and2_1)
     1    0.011374    0.070079    0.194273    7.449199 v g1407/X (sky130_fd_sc_hd__and2_1)
                                                         zN[17] (net)
                      0.070079    0.000263    7.449462 v zN[17] (out)
                                              7.449462   data arrival time

                      0.000000   10.000000   10.000000   clock __VIRTUAL_CLK__ (rise edge)
                                  0.000000   10.000000   clock network delay (ideal)
                                  0.000000   10.000000   clock reconvergence pessimism
                                  0.000000   10.000000   output external delay
                                             10.000000   data required time
---------------------------------------------------------------------------------------------
                                             10.000000   data required time
                                             -7.449462   data arrival time
---------------------------------------------------------------------------------------------
                                              2.550538   slack (MET)


Startpoint: yN[2] (input port clocked by __VIRTUAL_CLK__)
Endpoint: zP[17] (output port clocked by __VIRTUAL_CLK__)
Path Group: __VIRTUAL_CLK__
Path Type: max

Fanout         Cap        Slew       Delay        Time   Description
---------------------------------------------------------------------------------------------
                      0.000000    0.000000    0.000000   clock __VIRTUAL_CLK__ (rise edge)
                                  0.000000    0.000000   clock network delay (ideal)
                                  0.000000    0.000000 v input external delay
    20    0.096011    0.211382    0.161137    0.161137 v yN[2] (in)
                                                         yN[2] (net)
                      0.211442    0.000000    0.161137 v g14/B (sky130_fd_sc_hd__and2_1)
     1    0.002060    0.032420    0.234118    0.395255 v g14/X (sky130_fd_sc_hd__and2_1)
                                                         n54 (net)
                      0.032420    0.000059    0.395314 v g17/A (sky130_fd_sc_hd__or2_1)
     2    0.006593    0.065168    0.250838    0.646152 v g17/X (sky130_fd_sc_hd__or2_1)
                                                         n57 (net)
                      0.065168    0.000181    0.646333 v g1078/A (sky130_fd_sc_hd__xor2_1)
     2    0.008088    0.204353    0.232790    0.879123 ^ g1078/X (sky130_fd_sc_hd__xor2_1)
                                                         n1118 (net)
                      0.204353    0.000283    0.879406 ^ g1160/B (sky130_fd_sc_hd__xor2_1)
     2    0.008168    0.205800    0.246712    1.126118 ^ g1160/X (sky130_fd_sc_hd__xor2_1)
                                                         n1200 (net)
                      0.205800    0.000174    1.126292 ^ g1163/A1 (sky130_fd_sc_hd__a21o_1)
     2    0.005407    0.058890    0.164065    1.290357 ^ g1163/X (sky130_fd_sc_hd__a21o_1)
                                                         n1203 (net)
                      0.058890    0.000157    1.290514 ^ g1168/A (sky130_fd_sc_hd__inv_1)
     1    0.001889    0.020606    0.036026    1.326540 v g1168/Y (sky130_fd_sc_hd__inv_1)
                                                         n1208 (net)
                      0.020606    0.000057    1.326597 v g1169/B (sky130_fd_sc_hd__and2_1)
     2    0.008557    0.058672    0.174654    1.501252 v g1169/X (sky130_fd_sc_hd__and2_1)
                                                         n1209 (net)
                      0.058672    0.000259    1.501510 v g1175/A2 (sky130_fd_sc_hd__a21o_1)
     2    0.004881    0.041847    0.196347    1.697857 v g1175/X (sky130_fd_sc_hd__a21o_1)
                                                         n1215 (net)
                      0.041847    0.000117    1.697973 v g1185/A (sky130_fd_sc_hd__and2_1)
     2    0.009699    0.063174    0.169450    1.867424 v g1185/X (sky130_fd_sc_hd__and2_1)
                                                         n1225 (net)
                      0.063174    0.000346    1.867770 v g1191/A2 (sky130_fd_sc_hd__a21o_1)
     2    0.004532    0.040407    0.196501    2.064271 v g1191/X (sky130_fd_sc_hd__a21o_1)
                                                         n1231 (net)
                      0.040407    0.000124    2.064395 v g1202/A (sky130_fd_sc_hd__inv_1)
     1    0.002447    0.030805    0.046866    2.111261 ^ g1202/Y (sky130_fd_sc_hd__inv_1)
                                                         n1242 (net)
                      0.030805    0.000073    2.111335 ^ g1203/B (sky130_fd_sc_hd__and2_1)
     2    0.010335    0.112167    0.170020    2.281355 ^ g1203/X (sky130_fd_sc_hd__and2_1)
                                                         n1243 (net)
                      0.112167    0.000290    2.281645 ^ g1211/A2 (sky130_fd_sc_hd__a21o_1)
     2    0.011321    0.106221    0.183894    2.465539 ^ g1211/X (sky130_fd_sc_hd__a21o_1)
                                                         n1251 (net)
                      0.106222    0.000545    2.466084 ^ g1216/A (sky130_fd_sc_hd__inv_1)
     1    0.002013    0.029650    0.046124    2.512208 v g1216/Y (sky130_fd_sc_hd__inv_1)
                                                         n1256 (net)
                      0.029650    0.000059    2.512267 v g1217/B (sky130_fd_sc_hd__and2_1)
     2    0.007303    0.053823    0.172718    2.684984 v g1217/X (sky130_fd_sc_hd__and2_1)
                                                         n1257 (net)
                      0.053823    0.000155    2.685140 v g1223/A2 (sky130_fd_sc_hd__a21o_1)
     2    0.006550    0.049086    0.202531    2.887671 v g1223/X (sky130_fd_sc_hd__a21o_1)
                                                         n1263 (net)
                      0.049086    0.000189    2.887860 v g1234/A (sky130_fd_sc_hd__inv_1)
     1    0.001978    0.028667    0.047867    2.935727 ^ g1234/Y (sky130_fd_sc_hd__inv_1)
                                                         n1274 (net)
                      0.028667    0.000057    2.935784 ^ g1235/B (sky130_fd_sc_hd__and2_1)
     2    0.008845    0.098539    0.159036    3.094820 ^ g1235/X (sky130_fd_sc_hd__and2_1)
                                                         n1275 (net)
                      0.098539    0.000310    3.095130 ^ g1243/A2 (sky130_fd_sc_hd__a21o_1)
     2    0.004598    0.052473    0.136967    3.232096 ^ g1243/X (sky130_fd_sc_hd__a21o_1)
                                                         n1283 (net)
                      0.052473    0.000113    3.232210 ^ g1248/A (sky130_fd_sc_hd__inv_1)
     1    0.001755    0.019083    0.034035    3.266245 v g1248/Y (sky130_fd_sc_hd__inv_1)
                                                         n1288 (net)
                      0.019083    0.000052    3.266296 v g1249/B (sky130_fd_sc_hd__and2_1)
     2    0.008212    0.057526    0.172414    3.438711 v g1249/X (sky130_fd_sc_hd__and2_1)
                                                         n1289 (net)
                      0.057526    0.000226    3.438936 v g1255/A2 (sky130_fd_sc_hd__a21o_1)
     2    0.007360    0.052794    0.207990    3.646926 v g1255/X (sky130_fd_sc_hd__a21o_1)
                                                         n1295 (net)
                      0.052795    0.000316    3.647242 v g1266/A (sky130_fd_sc_hd__inv_1)
     1    0.002235    0.030661    0.051115    3.698357 ^ g1266/Y (sky130_fd_sc_hd__inv_1)
                                                         n1306 (net)
                      0.030661    0.000049    3.698406 ^ g1267/B (sky130_fd_sc_hd__and2_1)
     2    0.008639    0.096764    0.158216    3.856622 ^ g1267/X (sky130_fd_sc_hd__and2_1)
                                                         n1307 (net)
                      0.096764    0.000213    3.856835 ^ g1275/A2 (sky130_fd_sc_hd__a21o_1)
     2    0.007755    0.077516    0.156693    4.013528 ^ g1275/X (sky130_fd_sc_hd__a21o_1)
                                                         n1315 (net)
                      0.077516    0.000268    4.013796 ^ g1280/A (sky130_fd_sc_hd__inv_1)
     1    0.001831    0.023809    0.039339    4.053134 v g1280/Y (sky130_fd_sc_hd__inv_1)
                                                         n1320 (net)
                      0.023809    0.000038    4.053173 v g1281/B (sky130_fd_sc_hd__and2_1)
     2    0.008384    0.058083    0.175113    4.228285 v g1281/X (sky130_fd_sc_hd__and2_1)
                                                         n1321 (net)
                      0.058083    0.000249    4.228534 v g1287/A2 (sky130_fd_sc_hd__a21o_1)
     2    0.005618    0.044985    0.199716    4.428250 v g1287/X (sky130_fd_sc_hd__a21o_1)
                                                         n1327 (net)
                      0.044985    0.000180    4.428430 v g1298/A (sky130_fd_sc_hd__inv_1)
     1    0.001844    0.027330    0.045207    4.473636 ^ g1298/Y (sky130_fd_sc_hd__inv_1)
                                                         n1338 (net)
                      0.027330    0.000038    4.473674 ^ g1299/B (sky130_fd_sc_hd__and2_1)
     2    0.008287    0.093738    0.154636    4.628311 ^ g1299/X (sky130_fd_sc_hd__and2_1)
                                                         n1339 (net)
                      0.093738    0.000211    4.628522 ^ g1307/A2 (sky130_fd_sc_hd__a21o_1)
     2    0.005579    0.060180    0.141779    4.770301 ^ g1307/X (sky130_fd_sc_hd__a21o_1)
                                                         n1347 (net)
                      0.060180    0.000156    4.770457 ^ g1312/A (sky130_fd_sc_hd__inv_1)
     1    0.001713    0.020358    0.035376    4.805833 v g1312/Y (sky130_fd_sc_hd__inv_1)
                                                         n1352 (net)
                      0.020358    0.000050    4.805883 v g1313/B (sky130_fd_sc_hd__and2_1)
     2    0.008055    0.056999    0.172184    4.978068 v g1313/X (sky130_fd_sc_hd__and2_1)
                                                         n1353 (net)
                      0.056999    0.000228    4.978296 v g1319/A2 (sky130_fd_sc_hd__a21o_1)
     2    0.005656    0.045147    0.199460    5.177756 v g1319/X (sky130_fd_sc_hd__a21o_1)
                                                         n1359 (net)
                      0.045147    0.000168    5.177924 v g1330/A (sky130_fd_sc_hd__inv_1)
     1    0.002216    0.029754    0.047570    5.225493 ^ g1330/Y (sky130_fd_sc_hd__inv_1)
                                                         n1370 (net)
                      0.029754    0.000064    5.225557 ^ g1331/B (sky130_fd_sc_hd__and2_1)
     2    0.009623    0.105615    0.164738    5.390296 ^ g1331/X (sky130_fd_sc_hd__and2_1)
                                                         n1371 (net)
                      0.105615    0.000322    5.390618 ^ g1339/A2 (sky130_fd_sc_hd__a21o_1)
     2    0.005715    0.061250    0.146368    5.536986 ^ g1339/X (sky130_fd_sc_hd__a21o_1)
                                                         n1379 (net)
                      0.061250    0.000154    5.537139 ^ g1344/A (sky130_fd_sc_hd__inv_1)
     1    0.001697    0.020506    0.035499    5.572638 v g1344/Y (sky130_fd_sc_hd__inv_1)
                                                         n1384 (net)
                      0.020506    0.000049    5.572687 v g1345/B (sky130_fd_sc_hd__and2_1)
     2    0.011222    0.069462    0.185181    5.757869 v g1345/X (sky130_fd_sc_hd__and2_1)
                                                         n1385 (net)
                      0.069463    0.000388    5.758256 v g1351/A2 (sky130_fd_sc_hd__a21o_1)
     2    0.004517    0.040339    0.199041    5.957297 v g1351/X (sky130_fd_sc_hd__a21o_1)
                                                         n1391 (net)
                      0.040339    0.000110    5.957407 v g1362/A (sky130_fd_sc_hd__inv_1)
     1    0.002120    0.028606    0.044815    6.002223 ^ g1362/Y (sky130_fd_sc_hd__inv_1)
                                                         n1402 (net)
                      0.028606    0.000060    6.002283 ^ g1363/B (sky130_fd_sc_hd__and2_1)
     2    0.007549    0.087276    0.149801    6.152083 ^ g1363/X (sky130_fd_sc_hd__and2_1)
                                                         n1403 (net)
                      0.087276    0.000119    6.152203 ^ g1371/A2 (sky130_fd_sc_hd__a21o_1)
     2    0.007090    0.072216    0.149499    6.301702 ^ g1371/X (sky130_fd_sc_hd__a21o_1)
                                                         n1411 (net)
                      0.072216    0.000178    6.301879 ^ g1376/A (sky130_fd_sc_hd__inv_1)
     1    0.001894    0.023041    0.038662    6.340542 v g1376/Y (sky130_fd_sc_hd__inv_1)
                                                         n1416 (net)
                      0.023041    0.000054    6.340595 v g1377/B (sky130_fd_sc_hd__and2_1)
     2    0.015997    0.089819    0.204188    6.544783 v g1377/X (sky130_fd_sc_hd__and2_1)
                                                         n1417 (net)
                      0.089829    0.001032    6.545815 v g1383/A2 (sky130_fd_sc_hd__a21o_1)
     2    0.007434    0.053129    0.221735    6.767550 v g1383/X (sky130_fd_sc_hd__a21o_1)
                                                         n1423 (net)
                      0.053129    0.000294    6.767844 v g1394/A (sky130_fd_sc_hd__inv_1)
     1    0.001995    0.029243    0.049792    6.817636 ^ g1394/Y (sky130_fd_sc_hd__inv_1)
                                                         n1434 (net)
                      0.029243    0.000059    6.817695 ^ g1395/B (sky130_fd_sc_hd__and2_1)
     2    0.008360    0.094361    0.155776    6.973471 ^ g1395/X (sky130_fd_sc_hd__and2_1)
                                                         n1435 (net)
                      0.094361    0.000227    6.973698 ^ g1402/B (sky130_fd_sc_hd__xor2_1)
     2    0.006665    0.178946    0.208586    7.182284 ^ g1402/X (sky130_fd_sc_hd__xor2_1)
                                                         n1442 (net)
                      0.178946    0.000303    7.182587 ^ g1404/A (sky130_fd_sc_hd__inv_1)
     1    0.001944    0.040089    0.054606    7.237193 v g1404/Y (sky130_fd_sc_hd__inv_1)
                                                         n1444 (net)
                      0.040089    0.000058    7.237250 v g1405/B (sky130_fd_sc_hd__and2_1)
     1    0.011256    0.069585    0.194264    7.431514 v g1405/X (sky130_fd_sc_hd__and2_1)
                                                         zP[17] (net)
                      0.069585    0.000233    7.431747 v zP[17] (out)
                                              7.431747   data arrival time

                      0.000000   10.000000   10.000000   clock __VIRTUAL_CLK__ (rise edge)
                                  0.000000   10.000000   clock network delay (ideal)
                                  0.000000   10.000000   clock reconvergence pessimism
                                  0.000000   10.000000   output external delay
                                             10.000000   data required time
---------------------------------------------------------------------------------------------
                                             10.000000   data required time
                                             -7.431747   data arrival time
---------------------------------------------------------------------------------------------
                                              2.568253   slack (MET)


Startpoint: yN[2] (input port clocked by __VIRTUAL_CLK__)
Endpoint: zP[16] (output port clocked by __VIRTUAL_CLK__)
Path Group: __VIRTUAL_CLK__
Path Type: max

Fanout         Cap        Slew       Delay        Time   Description
---------------------------------------------------------------------------------------------
                      0.000000    0.000000    0.000000   clock __VIRTUAL_CLK__ (rise edge)
                                  0.000000    0.000000   clock network delay (ideal)
                                  0.000000    0.000000 v input external delay
    20    0.096011    0.211382    0.161137    0.161137 v yN[2] (in)
                                                         yN[2] (net)
                      0.211442    0.000000    0.161137 v g14/B (sky130_fd_sc_hd__and2_1)
     1    0.002060    0.032420    0.234118    0.395255 v g14/X (sky130_fd_sc_hd__and2_1)
                                                         n54 (net)
                      0.032420    0.000059    0.395314 v g17/A (sky130_fd_sc_hd__or2_1)
     2    0.006593    0.065168    0.250838    0.646152 v g17/X (sky130_fd_sc_hd__or2_1)
                                                         n57 (net)
                      0.065168    0.000181    0.646333 v g1078/A (sky130_fd_sc_hd__xor2_1)
     2    0.008088    0.204353    0.232790    0.879123 ^ g1078/X (sky130_fd_sc_hd__xor2_1)
                                                         n1118 (net)
                      0.204353    0.000283    0.879406 ^ g1160/B (sky130_fd_sc_hd__xor2_1)
     2    0.008168    0.205800    0.246712    1.126118 ^ g1160/X (sky130_fd_sc_hd__xor2_1)
                                                         n1200 (net)
                      0.205800    0.000174    1.126292 ^ g1163/A1 (sky130_fd_sc_hd__a21o_1)
     2    0.005407    0.058890    0.164065    1.290357 ^ g1163/X (sky130_fd_sc_hd__a21o_1)
                                                         n1203 (net)
                      0.058890    0.000157    1.290514 ^ g1168/A (sky130_fd_sc_hd__inv_1)
     1    0.001889    0.020606    0.036026    1.326540 v g1168/Y (sky130_fd_sc_hd__inv_1)
                                                         n1208 (net)
                      0.020606    0.000057    1.326597 v g1169/B (sky130_fd_sc_hd__and2_1)
     2    0.008557    0.058672    0.174654    1.501252 v g1169/X (sky130_fd_sc_hd__and2_1)
                                                         n1209 (net)
                      0.058672    0.000259    1.501510 v g1175/A2 (sky130_fd_sc_hd__a21o_1)
     2    0.004881    0.041847    0.196347    1.697857 v g1175/X (sky130_fd_sc_hd__a21o_1)
                                                         n1215 (net)
                      0.041847    0.000117    1.697973 v g1185/A (sky130_fd_sc_hd__and2_1)
     2    0.009699    0.063174    0.169450    1.867424 v g1185/X (sky130_fd_sc_hd__and2_1)
                                                         n1225 (net)
                      0.063174    0.000346    1.867770 v g1191/A2 (sky130_fd_sc_hd__a21o_1)
     2    0.004532    0.040407    0.196501    2.064271 v g1191/X (sky130_fd_sc_hd__a21o_1)
                                                         n1231 (net)
                      0.040407    0.000124    2.064395 v g1202/A (sky130_fd_sc_hd__inv_1)
     1    0.002447    0.030805    0.046866    2.111261 ^ g1202/Y (sky130_fd_sc_hd__inv_1)
                                                         n1242 (net)
                      0.030805    0.000073    2.111335 ^ g1203/B (sky130_fd_sc_hd__and2_1)
     2    0.010335    0.112167    0.170020    2.281355 ^ g1203/X (sky130_fd_sc_hd__and2_1)
                                                         n1243 (net)
                      0.112167    0.000290    2.281645 ^ g1211/A2 (sky130_fd_sc_hd__a21o_1)
     2    0.011321    0.106221    0.183894    2.465539 ^ g1211/X (sky130_fd_sc_hd__a21o_1)
                                                         n1251 (net)
                      0.106222    0.000545    2.466084 ^ g1216/A (sky130_fd_sc_hd__inv_1)
     1    0.002013    0.029650    0.046124    2.512208 v g1216/Y (sky130_fd_sc_hd__inv_1)
                                                         n1256 (net)
                      0.029650    0.000059    2.512267 v g1217/B (sky130_fd_sc_hd__and2_1)
     2    0.007303    0.053823    0.172718    2.684984 v g1217/X (sky130_fd_sc_hd__and2_1)
                                                         n1257 (net)
                      0.053823    0.000155    2.685140 v g1223/A2 (sky130_fd_sc_hd__a21o_1)
     2    0.006550    0.049086    0.202531    2.887671 v g1223/X (sky130_fd_sc_hd__a21o_1)
                                                         n1263 (net)
                      0.049086    0.000189    2.887860 v g1234/A (sky130_fd_sc_hd__inv_1)
     1    0.001978    0.028667    0.047867    2.935727 ^ g1234/Y (sky130_fd_sc_hd__inv_1)
                                                         n1274 (net)
                      0.028667    0.000057    2.935784 ^ g1235/B (sky130_fd_sc_hd__and2_1)
     2    0.008845    0.098539    0.159036    3.094820 ^ g1235/X (sky130_fd_sc_hd__and2_1)
                                                         n1275 (net)
                      0.098539    0.000310    3.095130 ^ g1243/A2 (sky130_fd_sc_hd__a21o_1)
     2    0.004598    0.052473    0.136967    3.232096 ^ g1243/X (sky130_fd_sc_hd__a21o_1)
                                                         n1283 (net)
                      0.052473    0.000113    3.232210 ^ g1248/A (sky130_fd_sc_hd__inv_1)
     1    0.001755    0.019083    0.034035    3.266245 v g1248/Y (sky130_fd_sc_hd__inv_1)
                                                         n1288 (net)
                      0.019083    0.000052    3.266296 v g1249/B (sky130_fd_sc_hd__and2_1)
     2    0.008212    0.057526    0.172414    3.438711 v g1249/X (sky130_fd_sc_hd__and2_1)
                                                         n1289 (net)
                      0.057526    0.000226    3.438936 v g1255/A2 (sky130_fd_sc_hd__a21o_1)
     2    0.007360    0.052794    0.207990    3.646926 v g1255/X (sky130_fd_sc_hd__a21o_1)
                                                         n1295 (net)
                      0.052795    0.000316    3.647242 v g1266/A (sky130_fd_sc_hd__inv_1)
     1    0.002235    0.030661    0.051115    3.698357 ^ g1266/Y (sky130_fd_sc_hd__inv_1)
                                                         n1306 (net)
                      0.030661    0.000049    3.698406 ^ g1267/B (sky130_fd_sc_hd__and2_1)
     2    0.008639    0.096764    0.158216    3.856622 ^ g1267/X (sky130_fd_sc_hd__and2_1)
                                                         n1307 (net)
                      0.096764    0.000213    3.856835 ^ g1275/A2 (sky130_fd_sc_hd__a21o_1)
     2    0.007755    0.077516    0.156693    4.013528 ^ g1275/X (sky130_fd_sc_hd__a21o_1)
                                                         n1315 (net)
                      0.077516    0.000268    4.013796 ^ g1280/A (sky130_fd_sc_hd__inv_1)
     1    0.001831    0.023809    0.039339    4.053134 v g1280/Y (sky130_fd_sc_hd__inv_1)
                                                         n1320 (net)
                      0.023809    0.000038    4.053173 v g1281/B (sky130_fd_sc_hd__and2_1)
     2    0.008384    0.058083    0.175113    4.228285 v g1281/X (sky130_fd_sc_hd__and2_1)
                                                         n1321 (net)
                      0.058083    0.000249    4.228534 v g1287/A2 (sky130_fd_sc_hd__a21o_1)
     2    0.005618    0.044985    0.199716    4.428250 v g1287/X (sky130_fd_sc_hd__a21o_1)
                                                         n1327 (net)
                      0.044985    0.000183    4.428433 v g1297/A (sky130_fd_sc_hd__and2_1)
     2    0.007416    0.054303    0.160831    4.589264 v g1297/X (sky130_fd_sc_hd__and2_1)
                                                         n1337 (net)
                      0.054303    0.000157    4.589421 v g1303/A2 (sky130_fd_sc_hd__a21o_1)
     2    0.006311    0.048021    0.201560    4.790981 v g1303/X (sky130_fd_sc_hd__a21o_1)
                                                         n1343 (net)
                      0.048021    0.000199    4.791180 v g1314/A (sky130_fd_sc_hd__inv_1)
     1    0.002387    0.031128    0.049901    4.841082 ^ g1314/Y (sky130_fd_sc_hd__inv_1)
                                                         n1354 (net)
                      0.031128    0.000075    4.841156 ^ g1315/B (sky130_fd_sc_hd__and2_1)
     2    0.010024    0.109307    0.167937    5.009094 ^ g1315/X (sky130_fd_sc_hd__and2_1)
                                                         n1355 (net)
                      0.109307    0.000374    5.009468 ^ g1323/A2 (sky130_fd_sc_hd__a21o_1)
     2    0.004790    0.054038    0.141565    5.151032 ^ g1323/X (sky130_fd_sc_hd__a21o_1)
                                                         n1363 (net)
                      0.054038    0.000124    5.151156 ^ g1328/A (sky130_fd_sc_hd__inv_1)
     1    0.001712    0.019258    0.034216    5.185372 v g1328/Y (sky130_fd_sc_hd__inv_1)
                                                         n1368 (net)
                      0.019258    0.000035    5.185407 v g1329/B (sky130_fd_sc_hd__and2_1)
     2    0.008391    0.058101    0.173370    5.358777 v g1329/X (sky130_fd_sc_hd__and2_1)
                                                         n1369 (net)
                      0.058101    0.000216    5.358994 v g1335/A2 (sky130_fd_sc_hd__a21o_1)
     2    0.005704    0.045345    0.200171    5.559164 v g1335/X (sky130_fd_sc_hd__a21o_1)
                                                         n1375 (net)
                      0.045345    0.000128    5.559292 v g1346/A (sky130_fd_sc_hd__inv_1)
     1    0.002345    0.030603    0.048449    5.607741 ^ g1346/Y (sky130_fd_sc_hd__inv_1)
                                                         n1386 (net)
                      0.030603    0.000068    5.607809 ^ g1347/B (sky130_fd_sc_hd__and2_1)
     2    0.009574    0.105155    0.164731    5.772540 ^ g1347/X (sky130_fd_sc_hd__and2_1)
                                                         n1387 (net)
                      0.105155    0.000263    5.772803 ^ g1355/A2 (sky130_fd_sc_hd__a21o_1)
     2    0.007437    0.074964    0.157262    5.930065 ^ g1355/X (sky130_fd_sc_hd__a21o_1)
                                                         n1395 (net)
                      0.074964    0.000263    5.930327 ^ g1360/A (sky130_fd_sc_hd__inv_1)
     1    0.001758    0.023130    0.038434    5.968761 v g1360/Y (sky130_fd_sc_hd__inv_1)
                                                         n1400 (net)
                      0.023130    0.000036    5.968798 v g1361/B (sky130_fd_sc_hd__and2_1)
     2    0.009780    0.063489    0.180684    6.149482 v g1361/X (sky130_fd_sc_hd__and2_1)
                                                         n1401 (net)
                      0.063489    0.000261    6.149743 v g1367/A2 (sky130_fd_sc_hd__a21o_1)
     2    0.004976    0.042225    0.198843    6.348586 v g1367/X (sky130_fd_sc_hd__a21o_1)
                                                         n1407 (net)
                      0.042225    0.000050    6.348636 v g1378/A (sky130_fd_sc_hd__inv_1)
     1    0.002513    0.031408    0.048086    6.396721 ^ g1378/Y (sky130_fd_sc_hd__inv_1)
                                                         n1418 (net)
                      0.031408    0.000079    6.396800 ^ g1379/B (sky130_fd_sc_hd__and2_1)
     2    0.018449    0.187367    0.225772    6.622571 ^ g1379/X (sky130_fd_sc_hd__and2_1)
                                                         n1419 (net)
                      0.187437    0.001244    6.623816 ^ g1386/B (sky130_fd_sc_hd__xor2_1)
     2    0.007025    0.185355    0.228366    6.852182 ^ g1386/X (sky130_fd_sc_hd__xor2_1)
                                                         n1426 (net)
                      0.185355    0.000233    6.852415 ^ g1388/A (sky130_fd_sc_hd__inv_1)
     1    0.002029    0.041361    0.056032    6.908446 v g1388/Y (sky130_fd_sc_hd__inv_1)
                                                         n1428 (net)
                      0.041361    0.000061    6.908508 v g1389/B (sky130_fd_sc_hd__and2_1)
     1    0.011242    0.069530    0.194786    7.103293 v g1389/X (sky130_fd_sc_hd__and2_1)
                                                         zP[16] (net)
                      0.069530    0.000257    7.103550 v zP[16] (out)
                                              7.103550   data arrival time

                      0.000000   10.000000   10.000000   clock __VIRTUAL_CLK__ (rise edge)
                                  0.000000   10.000000   clock network delay (ideal)
                                  0.000000   10.000000   clock reconvergence pessimism
                                  0.000000   10.000000   output external delay
                                             10.000000   data required time
---------------------------------------------------------------------------------------------
                                             10.000000   data required time
                                             -7.103550   data arrival time
---------------------------------------------------------------------------------------------
                                              2.896450   slack (MET)


Startpoint: yN[2] (input port clocked by __VIRTUAL_CLK__)
Endpoint: zN[16] (output port clocked by __VIRTUAL_CLK__)
Path Group: __VIRTUAL_CLK__
Path Type: max

Fanout         Cap        Slew       Delay        Time   Description
---------------------------------------------------------------------------------------------
                      0.000000    0.000000    0.000000   clock __VIRTUAL_CLK__ (rise edge)
                                  0.000000    0.000000   clock network delay (ideal)
                                  0.000000    0.000000 v input external delay
    20    0.096011    0.211382    0.161137    0.161137 v yN[2] (in)
                                                         yN[2] (net)
                      0.211442    0.000000    0.161137 v g14/B (sky130_fd_sc_hd__and2_1)
     1    0.002060    0.032420    0.234118    0.395255 v g14/X (sky130_fd_sc_hd__and2_1)
                                                         n54 (net)
                      0.032420    0.000059    0.395314 v g17/A (sky130_fd_sc_hd__or2_1)
     2    0.006593    0.065168    0.250838    0.646152 v g17/X (sky130_fd_sc_hd__or2_1)
                                                         n57 (net)
                      0.065168    0.000181    0.646333 v g1078/A (sky130_fd_sc_hd__xor2_1)
     2    0.008088    0.204353    0.232790    0.879123 ^ g1078/X (sky130_fd_sc_hd__xor2_1)
                                                         n1118 (net)
                      0.204353    0.000283    0.879406 ^ g1160/B (sky130_fd_sc_hd__xor2_1)
     2    0.008168    0.205800    0.246712    1.126118 ^ g1160/X (sky130_fd_sc_hd__xor2_1)
                                                         n1200 (net)
                      0.205800    0.000174    1.126292 ^ g1163/A1 (sky130_fd_sc_hd__a21o_1)
     2    0.005407    0.058890    0.164065    1.290357 ^ g1163/X (sky130_fd_sc_hd__a21o_1)
                                                         n1203 (net)
                      0.058890    0.000157    1.290514 ^ g1168/A (sky130_fd_sc_hd__inv_1)
     1    0.001889    0.020606    0.036026    1.326540 v g1168/Y (sky130_fd_sc_hd__inv_1)
                                                         n1208 (net)
                      0.020606    0.000057    1.326597 v g1169/B (sky130_fd_sc_hd__and2_1)
     2    0.008557    0.058672    0.174654    1.501252 v g1169/X (sky130_fd_sc_hd__and2_1)
                                                         n1209 (net)
                      0.058672    0.000259    1.501510 v g1175/A2 (sky130_fd_sc_hd__a21o_1)
     2    0.004881    0.041847    0.196347    1.697857 v g1175/X (sky130_fd_sc_hd__a21o_1)
                                                         n1215 (net)
                      0.041847    0.000117    1.697973 v g1185/A (sky130_fd_sc_hd__and2_1)
     2    0.009699    0.063174    0.169450    1.867424 v g1185/X (sky130_fd_sc_hd__and2_1)
                                                         n1225 (net)
                      0.063174    0.000346    1.867770 v g1191/A2 (sky130_fd_sc_hd__a21o_1)
     2    0.004532    0.040407    0.196501    2.064271 v g1191/X (sky130_fd_sc_hd__a21o_1)
                                                         n1231 (net)
                      0.040407    0.000124    2.064395 v g1202/A (sky130_fd_sc_hd__inv_1)
     1    0.002447    0.030805    0.046866    2.111261 ^ g1202/Y (sky130_fd_sc_hd__inv_1)
                                                         n1242 (net)
                      0.030805    0.000073    2.111335 ^ g1203/B (sky130_fd_sc_hd__and2_1)
     2    0.010335    0.112167    0.170020    2.281355 ^ g1203/X (sky130_fd_sc_hd__and2_1)
                                                         n1243 (net)
                      0.112167    0.000290    2.281645 ^ g1211/A2 (sky130_fd_sc_hd__a21o_1)
     2    0.011321    0.106221    0.183894    2.465539 ^ g1211/X (sky130_fd_sc_hd__a21o_1)
                                                         n1251 (net)
                      0.106222    0.000545    2.466084 ^ g1216/A (sky130_fd_sc_hd__inv_1)
     1    0.002013    0.029650    0.046124    2.512208 v g1216/Y (sky130_fd_sc_hd__inv_1)
                                                         n1256 (net)
                      0.029650    0.000059    2.512267 v g1217/B (sky130_fd_sc_hd__and2_1)
     2    0.007303    0.053823    0.172718    2.684984 v g1217/X (sky130_fd_sc_hd__and2_1)
                                                         n1257 (net)
                      0.053823    0.000155    2.685140 v g1223/A2 (sky130_fd_sc_hd__a21o_1)
     2    0.006550    0.049086    0.202531    2.887671 v g1223/X (sky130_fd_sc_hd__a21o_1)
                                                         n1263 (net)
                      0.049086    0.000189    2.887860 v g1234/A (sky130_fd_sc_hd__inv_1)
     1    0.001978    0.028667    0.047867    2.935727 ^ g1234/Y (sky130_fd_sc_hd__inv_1)
                                                         n1274 (net)
                      0.028667    0.000057    2.935784 ^ g1235/B (sky130_fd_sc_hd__and2_1)
     2    0.008845    0.098539    0.159036    3.094820 ^ g1235/X (sky130_fd_sc_hd__and2_1)
                                                         n1275 (net)
                      0.098539    0.000310    3.095130 ^ g1243/A2 (sky130_fd_sc_hd__a21o_1)
     2    0.004598    0.052473    0.136967    3.232096 ^ g1243/X (sky130_fd_sc_hd__a21o_1)
                                                         n1283 (net)
                      0.052473    0.000113    3.232210 ^ g1248/A (sky130_fd_sc_hd__inv_1)
     1    0.001755    0.019083    0.034035    3.266245 v g1248/Y (sky130_fd_sc_hd__inv_1)
                                                         n1288 (net)
                      0.019083    0.000052    3.266296 v g1249/B (sky130_fd_sc_hd__and2_1)
     2    0.008212    0.057526    0.172414    3.438711 v g1249/X (sky130_fd_sc_hd__and2_1)
                                                         n1289 (net)
                      0.057526    0.000226    3.438936 v g1255/A2 (sky130_fd_sc_hd__a21o_1)
     2    0.007360    0.052794    0.207990    3.646926 v g1255/X (sky130_fd_sc_hd__a21o_1)
                                                         n1295 (net)
                      0.052795    0.000316    3.647242 v g1266/A (sky130_fd_sc_hd__inv_1)
     1    0.002235    0.030661    0.051115    3.698357 ^ g1266/Y (sky130_fd_sc_hd__inv_1)
                                                         n1306 (net)
                      0.030661    0.000049    3.698406 ^ g1267/B (sky130_fd_sc_hd__and2_1)
     2    0.008639    0.096764    0.158216    3.856622 ^ g1267/X (sky130_fd_sc_hd__and2_1)
                                                         n1307 (net)
                      0.096764    0.000213    3.856835 ^ g1275/A2 (sky130_fd_sc_hd__a21o_1)
     2    0.007755    0.077516    0.156693    4.013528 ^ g1275/X (sky130_fd_sc_hd__a21o_1)
                                                         n1315 (net)
                      0.077516    0.000268    4.013796 ^ g1280/A (sky130_fd_sc_hd__inv_1)
     1    0.001831    0.023809    0.039339    4.053134 v g1280/Y (sky130_fd_sc_hd__inv_1)
                                                         n1320 (net)
                      0.023809    0.000038    4.053173 v g1281/B (sky130_fd_sc_hd__and2_1)
     2    0.008384    0.058083    0.175113    4.228285 v g1281/X (sky130_fd_sc_hd__and2_1)
                                                         n1321 (net)
                      0.058083    0.000249    4.228534 v g1287/A2 (sky130_fd_sc_hd__a21o_1)
     2    0.005618    0.044985    0.199716    4.428250 v g1287/X (sky130_fd_sc_hd__a21o_1)
                                                         n1327 (net)
                      0.044985    0.000183    4.428433 v g1297/A (sky130_fd_sc_hd__and2_1)
     2    0.007416    0.054303    0.160831    4.589264 v g1297/X (sky130_fd_sc_hd__and2_1)
                                                         n1337 (net)
                      0.054303    0.000157    4.589421 v g1303/A2 (sky130_fd_sc_hd__a21o_1)
     2    0.006311    0.048021    0.201560    4.790981 v g1303/X (sky130_fd_sc_hd__a21o_1)
                                                         n1343 (net)
                      0.048021    0.000199    4.791180 v g1314/A (sky130_fd_sc_hd__inv_1)
     1    0.002387    0.031128    0.049901    4.841082 ^ g1314/Y (sky130_fd_sc_hd__inv_1)
                                                         n1354 (net)
                      0.031128    0.000075    4.841156 ^ g1315/B (sky130_fd_sc_hd__and2_1)
     2    0.010024    0.109307    0.167937    5.009094 ^ g1315/X (sky130_fd_sc_hd__and2_1)
                                                         n1355 (net)
                      0.109307    0.000374    5.009468 ^ g1323/A2 (sky130_fd_sc_hd__a21o_1)
     2    0.004790    0.054038    0.141565    5.151032 ^ g1323/X (sky130_fd_sc_hd__a21o_1)
                                                         n1363 (net)
                      0.054038    0.000124    5.151156 ^ g1328/A (sky130_fd_sc_hd__inv_1)
     1    0.001712    0.019258    0.034216    5.185372 v g1328/Y (sky130_fd_sc_hd__inv_1)
                                                         n1368 (net)
                      0.019258    0.000035    5.185407 v g1329/B (sky130_fd_sc_hd__and2_1)
     2    0.008391    0.058101    0.173370    5.358777 v g1329/X (sky130_fd_sc_hd__and2_1)
                                                         n1369 (net)
                      0.058101    0.000216    5.358994 v g1335/A2 (sky130_fd_sc_hd__a21o_1)
     2    0.005704    0.045345    0.200171    5.559164 v g1335/X (sky130_fd_sc_hd__a21o_1)
                                                         n1375 (net)
                      0.045345    0.000128    5.559292 v g1346/A (sky130_fd_sc_hd__inv_1)
     1    0.002345    0.030603    0.048449    5.607741 ^ g1346/Y (sky130_fd_sc_hd__inv_1)
                                                         n1386 (net)
                      0.030603    0.000068    5.607809 ^ g1347/B (sky130_fd_sc_hd__and2_1)
     2    0.009574    0.105155    0.164731    5.772540 ^ g1347/X (sky130_fd_sc_hd__and2_1)
                                                         n1387 (net)
                      0.105155    0.000263    5.772803 ^ g1355/A2 (sky130_fd_sc_hd__a21o_1)
     2    0.007437    0.074964    0.157262    5.930065 ^ g1355/X (sky130_fd_sc_hd__a21o_1)
                                                         n1395 (net)
                      0.074964    0.000263    5.930327 ^ g1360/A (sky130_fd_sc_hd__inv_1)
     1    0.001758    0.023130    0.038434    5.968761 v g1360/Y (sky130_fd_sc_hd__inv_1)
                                                         n1400 (net)
                      0.023130    0.000036    5.968798 v g1361/B (sky130_fd_sc_hd__and2_1)
     2    0.009780    0.063489    0.180684    6.149482 v g1361/X (sky130_fd_sc_hd__and2_1)
                                                         n1401 (net)
                      0.063489    0.000261    6.149743 v g1367/A2 (sky130_fd_sc_hd__a21o_1)
     2    0.004976    0.042225    0.198843    6.348586 v g1367/X (sky130_fd_sc_hd__a21o_1)
                                                         n1407 (net)
                      0.042225    0.000050    6.348636 v g1378/A (sky130_fd_sc_hd__inv_1)
     1    0.002513    0.031408    0.048086    6.396721 ^ g1378/Y (sky130_fd_sc_hd__inv_1)
                                                         n1418 (net)
                      0.031408    0.000079    6.396800 ^ g1379/B (sky130_fd_sc_hd__and2_1)
     2    0.018449    0.187367    0.225772    6.622571 ^ g1379/X (sky130_fd_sc_hd__and2_1)
                                                         n1419 (net)
                      0.187437    0.001244    6.623816 ^ g1386/B (sky130_fd_sc_hd__xor2_1)
     2    0.007025    0.185355    0.228366    6.852182 ^ g1386/X (sky130_fd_sc_hd__xor2_1)
                                                         n1426 (net)
                      0.185355    0.000219    6.852401 ^ g1391/A (sky130_fd_sc_hd__and2_1)
     1    0.011235    0.121078    0.219286    7.071687 ^ g1391/X (sky130_fd_sc_hd__and2_1)
                                                         zN[16] (net)
                      0.121078    0.000246    7.071933 ^ zN[16] (out)
                                              7.071933   data arrival time

                      0.000000   10.000000   10.000000   clock __VIRTUAL_CLK__ (rise edge)
                                  0.000000   10.000000   clock network delay (ideal)
                                  0.000000   10.000000   clock reconvergence pessimism
                                  0.000000   10.000000   output external delay
                                             10.000000   data required time
---------------------------------------------------------------------------------------------
                                             10.000000   data required time
                                             -7.071933   data arrival time
---------------------------------------------------------------------------------------------
                                              2.928067   slack (MET)


Startpoint: yP[2] (input port clocked by __VIRTUAL_CLK__)
Endpoint: zN[15] (output port clocked by __VIRTUAL_CLK__)
Path Group: __VIRTUAL_CLK__
Path Type: max

Fanout         Cap        Slew       Delay        Time   Description
---------------------------------------------------------------------------------------------
                      0.000000    0.000000    0.000000   clock __VIRTUAL_CLK__ (rise edge)
                                  0.000000    0.000000   clock network delay (ideal)
                                  0.000000    0.000000 v input external delay
    20    0.090979    0.201185    0.148701    0.148701 v yP[2] (in)
                                                         yP[2] (net)
                      0.201198    0.000000    0.148701 v g12/B (sky130_fd_sc_hd__and2_1)
     1    0.001743    0.031152    0.227080    0.375781 v g12/X (sky130_fd_sc_hd__and2_1)
                                                         n52 (net)
                      0.031152    0.000036    0.375817 v g16/A (sky130_fd_sc_hd__or2_1)
     2    0.007406    0.069165    0.255331    0.631147 v g16/X (sky130_fd_sc_hd__or2_1)
                                                         n56 (net)
                      0.069165    0.000174    0.631321 v g808/A (sky130_fd_sc_hd__xor2_1)
     2    0.008035    0.203403    0.233809    0.865130 ^ g808/X (sky130_fd_sc_hd__xor2_1)
                                                         n848 (net)
                      0.203403    0.000177    0.865307 ^ g1156/B (sky130_fd_sc_hd__xor2_1)
     2    0.007788    0.198980    0.241274    1.106581 ^ g1156/X (sky130_fd_sc_hd__xor2_1)
                                                         n1196 (net)
                      0.198980    0.000088    1.106669 ^ g1159/A1 (sky130_fd_sc_hd__a21o_1)
     2    0.006488    0.067394    0.169563    1.276232 ^ g1159/X (sky130_fd_sc_hd__a21o_1)
                                                         n1199 (net)
                      0.067394    0.000216    1.276448 ^ g1170/A (sky130_fd_sc_hd__inv_1)
     1    0.002049    0.022610    0.038559    1.315007 v g1170/Y (sky130_fd_sc_hd__inv_1)
                                                         n1210 (net)
                      0.022610    0.000043    1.315050 v g1171/B (sky130_fd_sc_hd__and2_1)
     2    0.007904    0.056509    0.172333    1.487383 v g1171/X (sky130_fd_sc_hd__and2_1)
                                                         n1211 (net)
                      0.056509    0.000221    1.487604 v g1179/A2 (sky130_fd_sc_hd__a21o_1)
     2    0.004920    0.041997    0.195664    1.683269 v g1179/X (sky130_fd_sc_hd__a21o_1)
                                                         n1219 (net)
                      0.041997    0.000087    1.683356 v g1184/A (sky130_fd_sc_hd__inv_1)
     1    0.002032    0.028204    0.045015    1.728371 ^ g1184/Y (sky130_fd_sc_hd__inv_1)
                                                         n1224 (net)
                      0.028204    0.000060    1.728431 ^ g1185/B (sky130_fd_sc_hd__and2_1)
     2    0.010239    0.111288    0.168486    1.896918 ^ g1185/X (sky130_fd_sc_hd__and2_1)
                                                         n1225 (net)
                      0.111288    0.000368    1.897285 ^ g1191/A2 (sky130_fd_sc_hd__a21o_1)
     2    0.004769    0.053835    0.142051    2.039337 ^ g1191/X (sky130_fd_sc_hd__a21o_1)
                                                         n1231 (net)
                      0.053835    0.000132    2.039469 ^ g1202/A (sky130_fd_sc_hd__inv_1)
     1    0.002318    0.020885    0.037131    2.076600 v g1202/Y (sky130_fd_sc_hd__inv_1)
                                                         n1242 (net)
                      0.020885    0.000069    2.076669 v g1203/B (sky130_fd_sc_hd__and2_1)
     2    0.009795    0.063555    0.179861    2.256530 v g1203/X (sky130_fd_sc_hd__and2_1)
                                                         n1243 (net)
                      0.063555    0.000273    2.256803 v g1211/A2 (sky130_fd_sc_hd__a21o_1)
     2    0.011084    0.066832    0.226966    2.483768 v g1211/X (sky130_fd_sc_hd__a21o_1)
                                                         n1251 (net)
                      0.066834    0.000528    2.484297 v g1216/A (sky130_fd_sc_hd__inv_1)
     1    0.002142    0.032978    0.055606    2.539903 ^ g1216/Y (sky130_fd_sc_hd__inv_1)
                                                         n1256 (net)
                      0.032978    0.000063    2.539965 ^ g1217/B (sky130_fd_sc_hd__and2_1)
     2    0.007843    0.089916    0.153256    2.693222 ^ g1217/X (sky130_fd_sc_hd__and2_1)
                                                         n1257 (net)
                      0.089916    0.000168    2.693389 ^ g1223/A2 (sky130_fd_sc_hd__a21o_1)
     2    0.006787    0.069764    0.148351    2.841741 ^ g1223/X (sky130_fd_sc_hd__a21o_1)
                                                         n1263 (net)
                      0.069764    0.000198    2.841938 ^ g1234/A (sky130_fd_sc_hd__inv_1)
     1    0.001849    0.022462    0.037932    2.879871 v g1234/Y (sky130_fd_sc_hd__inv_1)
                                                         n1274 (net)
                      0.022462    0.000053    2.879924 v g1235/B (sky130_fd_sc_hd__and2_1)
     2    0.008305    0.057820    0.174156    3.054079 v g1235/X (sky130_fd_sc_hd__and2_1)
                                                         n1275 (net)
                      0.057821    0.000289    3.054368 v g1243/A2 (sky130_fd_sc_hd__a21o_1)
     2    0.004361    0.039714    0.193448    3.247817 v g1243/X (sky130_fd_sc_hd__a21o_1)
                                                         n1283 (net)
                      0.039714    0.000106    3.247923 v g1248/A (sky130_fd_sc_hd__inv_1)
     1    0.001884    0.026950    0.043075    3.290998 ^ g1248/Y (sky130_fd_sc_hd__inv_1)
                                                         n1288 (net)
                      0.026950    0.000056    3.291053 ^ g1249/B (sky130_fd_sc_hd__and2_1)
     2    0.008752    0.097748    0.157815    3.448868 ^ g1249/X (sky130_fd_sc_hd__and2_1)
                                                         n1289 (net)
                      0.097748    0.000242    3.449110 ^ g1255/A2 (sky130_fd_sc_hd__a21o_1)
     2    0.007597    0.076225    0.155957    3.605067 ^ g1255/X (sky130_fd_sc_hd__a21o_1)
                                                         n1295 (net)
                      0.076225    0.000328    3.605395 ^ g1266/A (sky130_fd_sc_hd__inv_1)
     1    0.002106    0.024412    0.040657    3.646053 v g1266/Y (sky130_fd_sc_hd__inv_1)
                                                         n1306 (net)
                      0.024412    0.000046    3.646099 v g1267/B (sky130_fd_sc_hd__and2_1)
     2    0.008099    0.057141    0.174055    3.820153 v g1267/X (sky130_fd_sc_hd__and2_1)
                                                         n1307 (net)
                      0.057141    0.000199    3.820352 v g1275/A2 (sky130_fd_sc_hd__a21o_1)
     2    0.007518    0.053505    0.208632    4.028984 v g1275/X (sky130_fd_sc_hd__a21o_1)
                                                         n1315 (net)
                      0.053505    0.000265    4.029249 v g1283/A (sky130_fd_sc_hd__and2_1)
     2    0.007614    0.055201    0.165458    4.194707 v g1283/X (sky130_fd_sc_hd__and2_1)
                                                         n1323 (net)
                      0.055201    0.000183    4.194890 v g1291/A2 (sky130_fd_sc_hd__a21o_1)
     2    0.006407    0.048463    0.202383    4.397273 v g1291/X (sky130_fd_sc_hd__a21o_1)
                                                         n1331 (net)
                      0.048463    0.000240    4.397513 v g1296/A (sky130_fd_sc_hd__inv_1)
     1    0.002201    0.029999    0.048960    4.446473 ^ g1296/Y (sky130_fd_sc_hd__inv_1)
                                                         n1336 (net)
                      0.029999    0.000063    4.446536 ^ g1297/B (sky130_fd_sc_hd__and2_1)
     2    0.007956    0.090880    0.153115    4.599651 ^ g1297/X (sky130_fd_sc_hd__and2_1)
                                                         n1337 (net)
                      0.090880    0.000169    4.599820 ^ g1303/A2 (sky130_fd_sc_hd__a21o_1)
     2    0.006548    0.067892    0.147117    4.746936 ^ g1303/X (sky130_fd_sc_hd__a21o_1)
                                                         n1343 (net)
                      0.067892    0.000208    4.747145 ^ g1314/A (sky130_fd_sc_hd__inv_1)
     1    0.002258    0.023337    0.039774    4.786919 v g1314/Y (sky130_fd_sc_hd__inv_1)
                                                         n1354 (net)
                      0.023337    0.000071    4.786989 v g1315/B (sky130_fd_sc_hd__and2_1)
     2    0.009484    0.062294    0.179586    4.966575 v g1315/X (sky130_fd_sc_hd__and2_1)
                                                         n1355 (net)
                      0.062295    0.000352    4.966927 v g1323/A2 (sky130_fd_sc_hd__a21o_1)
     2    0.004553    0.040494    0.196238    5.163165 v g1323/X (sky130_fd_sc_hd__a21o_1)
                                                         n1363 (net)
                      0.040494    0.000117    5.163282 v g1328/A (sky130_fd_sc_hd__inv_1)
     1    0.001841    0.026762    0.043169    5.206451 ^ g1328/Y (sky130_fd_sc_hd__inv_1)
                                                         n1368 (net)
                      0.026762    0.000038    5.206489 ^ g1329/B (sky130_fd_sc_hd__and2_1)
     2    0.008931    0.099293    0.159073    5.365561 ^ g1329/X (sky130_fd_sc_hd__and2_1)
                                                         n1369 (net)
                      0.099293    0.000231    5.365793 ^ g1335/A2 (sky130_fd_sc_hd__a21o_1)
     2    0.005941    0.063079    0.145854    5.511646 ^ g1335/X (sky130_fd_sc_hd__a21o_1)
                                                         n1375 (net)
                      0.063079    0.000135    5.511781 ^ g1346/A (sky130_fd_sc_hd__inv_1)
     1    0.002216    0.022304    0.038554    5.550335 v g1346/Y (sky130_fd_sc_hd__inv_1)
                                                         n1386 (net)
                      0.022304    0.000064    5.550398 v g1347/B (sky130_fd_sc_hd__and2_1)
     2    0.009034    0.060450    0.177489    5.727888 v g1347/X (sky130_fd_sc_hd__and2_1)
                                                         n1387 (net)
                      0.060450    0.000247    5.728135 v g1355/A2 (sky130_fd_sc_hd__a21o_1)
     2    0.007200    0.052045    0.208444    5.936579 v g1355/X (sky130_fd_sc_hd__a21o_1)
                                                         n1395 (net)
                      0.052046    0.000253    5.936831 v g1360/A (sky130_fd_sc_hd__inv_1)
     1    0.001887    0.028458    0.048647    5.985478 ^ g1360/Y (sky130_fd_sc_hd__inv_1)
                                                         n1400 (net)
                      0.028458    0.000039    5.985518 ^ g1361/B (sky130_fd_sc_hd__and2_1)
     2    0.010320    0.112028    0.169193    6.154711 ^ g1361/X (sky130_fd_sc_hd__and2_1)
                                                         n1401 (net)
                      0.112028    0.000286    6.154997 ^ g1366/B (sky130_fd_sc_hd__xor2_1)
     2    0.004685    0.144267    0.184218    6.339215 ^ g1366/X (sky130_fd_sc_hd__xor2_1)
                                                         n1406 (net)
                      0.144267    0.000115    6.339330 ^ g1374/A (sky130_fd_sc_hd__inv_1)
     1    0.002031    0.035713    0.051780    6.391110 v g1374/Y (sky130_fd_sc_hd__inv_1)
                                                         n1414 (net)
                      0.035713    0.000057    6.391168 v g1375/B (sky130_fd_sc_hd__and2_1)
     1    0.011766    0.071728    0.194144    6.585312 v g1375/X (sky130_fd_sc_hd__and2_1)
                                                         zN[15] (net)
                      0.071729    0.000336    6.585648 v zN[15] (out)
                                              6.585648   data arrival time

                      0.000000   10.000000   10.000000   clock __VIRTUAL_CLK__ (rise edge)
                                  0.000000   10.000000   clock network delay (ideal)
                                  0.000000   10.000000   clock reconvergence pessimism
                                  0.000000   10.000000   output external delay
                                             10.000000   data required time
---------------------------------------------------------------------------------------------
                                             10.000000   data required time
                                             -6.585648   data arrival time
---------------------------------------------------------------------------------------------
                                              3.414352   slack (MET)


Startpoint: yN[2] (input port clocked by __VIRTUAL_CLK__)
Endpoint: zP[15] (output port clocked by __VIRTUAL_CLK__)
Path Group: __VIRTUAL_CLK__
Path Type: max

Fanout         Cap        Slew       Delay        Time   Description
---------------------------------------------------------------------------------------------
                      0.000000    0.000000    0.000000   clock __VIRTUAL_CLK__ (rise edge)
                                  0.000000    0.000000   clock network delay (ideal)
                                  0.000000    0.000000 v input external delay
    20    0.096011    0.211382    0.161137    0.161137 v yN[2] (in)
                                                         yN[2] (net)
                      0.211442    0.000000    0.161137 v g14/B (sky130_fd_sc_hd__and2_1)
     1    0.002060    0.032420    0.234118    0.395255 v g14/X (sky130_fd_sc_hd__and2_1)
                                                         n54 (net)
                      0.032420    0.000059    0.395314 v g17/A (sky130_fd_sc_hd__or2_1)
     2    0.006593    0.065168    0.250838    0.646152 v g17/X (sky130_fd_sc_hd__or2_1)
                                                         n57 (net)
                      0.065168    0.000181    0.646333 v g1078/A (sky130_fd_sc_hd__xor2_1)
     2    0.008088    0.204353    0.232790    0.879123 ^ g1078/X (sky130_fd_sc_hd__xor2_1)
                                                         n1118 (net)
                      0.204353    0.000283    0.879406 ^ g1160/B (sky130_fd_sc_hd__xor2_1)
     2    0.008168    0.205800    0.246712    1.126118 ^ g1160/X (sky130_fd_sc_hd__xor2_1)
                                                         n1200 (net)
                      0.205800    0.000174    1.126292 ^ g1163/A1 (sky130_fd_sc_hd__a21o_1)
     2    0.005407    0.058890    0.164065    1.290357 ^ g1163/X (sky130_fd_sc_hd__a21o_1)
                                                         n1203 (net)
                      0.058890    0.000157    1.290514 ^ g1168/A (sky130_fd_sc_hd__inv_1)
     1    0.001889    0.020606    0.036026    1.326540 v g1168/Y (sky130_fd_sc_hd__inv_1)
                                                         n1208 (net)
                      0.020606    0.000057    1.326597 v g1169/B (sky130_fd_sc_hd__and2_1)
     2    0.008557    0.058672    0.174654    1.501252 v g1169/X (sky130_fd_sc_hd__and2_1)
                                                         n1209 (net)
                      0.058672    0.000259    1.501510 v g1175/A2 (sky130_fd_sc_hd__a21o_1)
     2    0.004881    0.041847    0.196347    1.697857 v g1175/X (sky130_fd_sc_hd__a21o_1)
                                                         n1215 (net)
                      0.041847    0.000117    1.697973 v g1185/A (sky130_fd_sc_hd__and2_1)
     2    0.009699    0.063174    0.169450    1.867424 v g1185/X (sky130_fd_sc_hd__and2_1)
                                                         n1225 (net)
                      0.063174    0.000346    1.867770 v g1191/A2 (sky130_fd_sc_hd__a21o_1)
     2    0.004532    0.040407    0.196501    2.064271 v g1191/X (sky130_fd_sc_hd__a21o_1)
                                                         n1231 (net)
                      0.040407    0.000124    2.064395 v g1202/A (sky130_fd_sc_hd__inv_1)
     1    0.002447    0.030805    0.046866    2.111261 ^ g1202/Y (sky130_fd_sc_hd__inv_1)
                                                         n1242 (net)
                      0.030805    0.000073    2.111335 ^ g1203/B (sky130_fd_sc_hd__and2_1)
     2    0.010335    0.112167    0.170020    2.281355 ^ g1203/X (sky130_fd_sc_hd__and2_1)
                                                         n1243 (net)
                      0.112167    0.000290    2.281645 ^ g1211/A2 (sky130_fd_sc_hd__a21o_1)
     2    0.011321    0.106221    0.183894    2.465539 ^ g1211/X (sky130_fd_sc_hd__a21o_1)
                                                         n1251 (net)
                      0.106222    0.000545    2.466084 ^ g1216/A (sky130_fd_sc_hd__inv_1)
     1    0.002013    0.029650    0.046124    2.512208 v g1216/Y (sky130_fd_sc_hd__inv_1)
                                                         n1256 (net)
                      0.029650    0.000059    2.512267 v g1217/B (sky130_fd_sc_hd__and2_1)
     2    0.007303    0.053823    0.172718    2.684984 v g1217/X (sky130_fd_sc_hd__and2_1)
                                                         n1257 (net)
                      0.053823    0.000155    2.685140 v g1223/A2 (sky130_fd_sc_hd__a21o_1)
     2    0.006550    0.049086    0.202531    2.887671 v g1223/X (sky130_fd_sc_hd__a21o_1)
                                                         n1263 (net)
                      0.049086    0.000189    2.887860 v g1234/A (sky130_fd_sc_hd__inv_1)
     1    0.001978    0.028667    0.047867    2.935727 ^ g1234/Y (sky130_fd_sc_hd__inv_1)
                                                         n1274 (net)
                      0.028667    0.000057    2.935784 ^ g1235/B (sky130_fd_sc_hd__and2_1)
     2    0.008845    0.098539    0.159036    3.094820 ^ g1235/X (sky130_fd_sc_hd__and2_1)
                                                         n1275 (net)
                      0.098539    0.000310    3.095130 ^ g1243/A2 (sky130_fd_sc_hd__a21o_1)
     2    0.004598    0.052473    0.136967    3.232096 ^ g1243/X (sky130_fd_sc_hd__a21o_1)
                                                         n1283 (net)
                      0.052473    0.000113    3.232210 ^ g1248/A (sky130_fd_sc_hd__inv_1)
     1    0.001755    0.019083    0.034035    3.266245 v g1248/Y (sky130_fd_sc_hd__inv_1)
                                                         n1288 (net)
                      0.019083    0.000052    3.266296 v g1249/B (sky130_fd_sc_hd__and2_1)
     2    0.008212    0.057526    0.172414    3.438711 v g1249/X (sky130_fd_sc_hd__and2_1)
                                                         n1289 (net)
                      0.057526    0.000226    3.438936 v g1255/A2 (sky130_fd_sc_hd__a21o_1)
     2    0.007360    0.052794    0.207990    3.646926 v g1255/X (sky130_fd_sc_hd__a21o_1)
                                                         n1295 (net)
                      0.052795    0.000316    3.647242 v g1266/A (sky130_fd_sc_hd__inv_1)
     1    0.002235    0.030661    0.051115    3.698357 ^ g1266/Y (sky130_fd_sc_hd__inv_1)
                                                         n1306 (net)
                      0.030661    0.000049    3.698406 ^ g1267/B (sky130_fd_sc_hd__and2_1)
     2    0.008639    0.096764    0.158216    3.856622 ^ g1267/X (sky130_fd_sc_hd__and2_1)
                                                         n1307 (net)
                      0.096764    0.000213    3.856835 ^ g1275/A2 (sky130_fd_sc_hd__a21o_1)
     2    0.007755    0.077516    0.156693    4.013528 ^ g1275/X (sky130_fd_sc_hd__a21o_1)
                                                         n1315 (net)
                      0.077516    0.000268    4.013796 ^ g1280/A (sky130_fd_sc_hd__inv_1)
     1    0.001831    0.023809    0.039339    4.053134 v g1280/Y (sky130_fd_sc_hd__inv_1)
                                                         n1320 (net)
                      0.023809    0.000038    4.053173 v g1281/B (sky130_fd_sc_hd__and2_1)
     2    0.008384    0.058083    0.175113    4.228285 v g1281/X (sky130_fd_sc_hd__and2_1)
                                                         n1321 (net)
                      0.058083    0.000249    4.228534 v g1287/A2 (sky130_fd_sc_hd__a21o_1)
     2    0.005618    0.044985    0.199716    4.428250 v g1287/X (sky130_fd_sc_hd__a21o_1)
                                                         n1327 (net)
                      0.044985    0.000180    4.428430 v g1298/A (sky130_fd_sc_hd__inv_1)
     1    0.001844    0.027330    0.045207    4.473636 ^ g1298/Y (sky130_fd_sc_hd__inv_1)
                                                         n1338 (net)
                      0.027330    0.000038    4.473674 ^ g1299/B (sky130_fd_sc_hd__and2_1)
     2    0.008287    0.093738    0.154636    4.628311 ^ g1299/X (sky130_fd_sc_hd__and2_1)
                                                         n1339 (net)
                      0.093738    0.000211    4.628522 ^ g1307/A2 (sky130_fd_sc_hd__a21o_1)
     2    0.005579    0.060180    0.141779    4.770301 ^ g1307/X (sky130_fd_sc_hd__a21o_1)
                                                         n1347 (net)
                      0.060180    0.000156    4.770457 ^ g1312/A (sky130_fd_sc_hd__inv_1)
     1    0.001713    0.020358    0.035376    4.805833 v g1312/Y (sky130_fd_sc_hd__inv_1)
                                                         n1352 (net)
                      0.020358    0.000050    4.805883 v g1313/B (sky130_fd_sc_hd__and2_1)
     2    0.008055    0.056999    0.172184    4.978068 v g1313/X (sky130_fd_sc_hd__and2_1)
                                                         n1353 (net)
                      0.056999    0.000228    4.978296 v g1319/A2 (sky130_fd_sc_hd__a21o_1)
     2    0.005656    0.045147    0.199460    5.177756 v g1319/X (sky130_fd_sc_hd__a21o_1)
                                                         n1359 (net)
                      0.045147    0.000168    5.177924 v g1330/A (sky130_fd_sc_hd__inv_1)
     1    0.002216    0.029754    0.047570    5.225493 ^ g1330/Y (sky130_fd_sc_hd__inv_1)
                                                         n1370 (net)
                      0.029754    0.000064    5.225557 ^ g1331/B (sky130_fd_sc_hd__and2_1)
     2    0.009623    0.105615    0.164738    5.390296 ^ g1331/X (sky130_fd_sc_hd__and2_1)
                                                         n1371 (net)
                      0.105615    0.000322    5.390618 ^ g1339/A2 (sky130_fd_sc_hd__a21o_1)
     2    0.005715    0.061250    0.146368    5.536986 ^ g1339/X (sky130_fd_sc_hd__a21o_1)
                                                         n1379 (net)
                      0.061250    0.000154    5.537139 ^ g1344/A (sky130_fd_sc_hd__inv_1)
     1    0.001697    0.020506    0.035499    5.572638 v g1344/Y (sky130_fd_sc_hd__inv_1)
                                                         n1384 (net)
                      0.020506    0.000049    5.572687 v g1345/B (sky130_fd_sc_hd__and2_1)
     2    0.011222    0.069462    0.185181    5.757869 v g1345/X (sky130_fd_sc_hd__and2_1)
                                                         n1385 (net)
                      0.069463    0.000388    5.758256 v g1351/A2 (sky130_fd_sc_hd__a21o_1)
     2    0.004517    0.040339    0.199041    5.957297 v g1351/X (sky130_fd_sc_hd__a21o_1)
                                                         n1391 (net)
                      0.040339    0.000110    5.957407 v g1362/A (sky130_fd_sc_hd__inv_1)
     1    0.002120    0.028606    0.044815    6.002223 ^ g1362/Y (sky130_fd_sc_hd__inv_1)
                                                         n1402 (net)
                      0.028606    0.000060    6.002283 ^ g1363/B (sky130_fd_sc_hd__and2_1)
     2    0.007549    0.087276    0.149801    6.152083 ^ g1363/X (sky130_fd_sc_hd__and2_1)
                                                         n1403 (net)
                      0.087276    0.000128    6.152211 ^ g1370/B (sky130_fd_sc_hd__xor2_1)
     2    0.004678    0.144171    0.178852    6.331063 ^ g1370/X (sky130_fd_sc_hd__xor2_1)
                                                         n1410 (net)
                      0.144171    0.000086    6.331149 ^ g1372/A (sky130_fd_sc_hd__inv_1)
     1    0.002419    0.037358    0.054867    6.386016 v g1372/Y (sky130_fd_sc_hd__inv_1)
                                                         n1412 (net)
                      0.037358    0.000073    6.386089 v g1373/B (sky130_fd_sc_hd__and2_1)
     1    0.012378    0.074300    0.197241    6.583330 v g1373/X (sky130_fd_sc_hd__and2_1)
                                                         zP[15] (net)
                      0.074301    0.000389    6.583720 v zP[15] (out)
                                              6.583720   data arrival time

                      0.000000   10.000000   10.000000   clock __VIRTUAL_CLK__ (rise edge)
                                  0.000000   10.000000   clock network delay (ideal)
                                  0.000000   10.000000   clock reconvergence pessimism
                                  0.000000   10.000000   output external delay
                                             10.000000   data required time
---------------------------------------------------------------------------------------------
                                             10.000000   data required time
                                             -6.583720   data arrival time
---------------------------------------------------------------------------------------------
                                              3.416281   slack (MET)


Startpoint: yP[2] (input port clocked by __VIRTUAL_CLK__)
Endpoint: zN[14] (output port clocked by __VIRTUAL_CLK__)
Path Group: __VIRTUAL_CLK__
Path Type: max

Fanout         Cap        Slew       Delay        Time   Description
---------------------------------------------------------------------------------------------
                      0.000000    0.000000    0.000000   clock __VIRTUAL_CLK__ (rise edge)
                                  0.000000    0.000000   clock network delay (ideal)
                                  0.000000    0.000000 v input external delay
    20    0.090979    0.201185    0.148701    0.148701 v yP[2] (in)
                                                         yP[2] (net)
                      0.201198    0.000000    0.148701 v g12/B (sky130_fd_sc_hd__and2_1)
     1    0.001743    0.031152    0.227080    0.375781 v g12/X (sky130_fd_sc_hd__and2_1)
                                                         n52 (net)
                      0.031152    0.000036    0.375817 v g16/A (sky130_fd_sc_hd__or2_1)
     2    0.007406    0.069165    0.255331    0.631147 v g16/X (sky130_fd_sc_hd__or2_1)
                                                         n56 (net)
                      0.069165    0.000174    0.631321 v g808/A (sky130_fd_sc_hd__xor2_1)
     2    0.008035    0.203403    0.233809    0.865130 ^ g808/X (sky130_fd_sc_hd__xor2_1)
                                                         n848 (net)
                      0.203403    0.000177    0.865307 ^ g1156/B (sky130_fd_sc_hd__xor2_1)
     2    0.007788    0.198980    0.241274    1.106581 ^ g1156/X (sky130_fd_sc_hd__xor2_1)
                                                         n1196 (net)
                      0.198980    0.000088    1.106669 ^ g1159/A1 (sky130_fd_sc_hd__a21o_1)
     2    0.006488    0.067394    0.169563    1.276232 ^ g1159/X (sky130_fd_sc_hd__a21o_1)
                                                         n1199 (net)
                      0.067394    0.000216    1.276448 ^ g1170/A (sky130_fd_sc_hd__inv_1)
     1    0.002049    0.022610    0.038559    1.315007 v g1170/Y (sky130_fd_sc_hd__inv_1)
                                                         n1210 (net)
                      0.022610    0.000043    1.315050 v g1171/B (sky130_fd_sc_hd__and2_1)
     2    0.007904    0.056509    0.172333    1.487383 v g1171/X (sky130_fd_sc_hd__and2_1)
                                                         n1211 (net)
                      0.056509    0.000221    1.487604 v g1179/A2 (sky130_fd_sc_hd__a21o_1)
     2    0.004920    0.041997    0.195664    1.683269 v g1179/X (sky130_fd_sc_hd__a21o_1)
                                                         n1219 (net)
                      0.041997    0.000087    1.683356 v g1184/A (sky130_fd_sc_hd__inv_1)
     1    0.002032    0.028204    0.045015    1.728371 ^ g1184/Y (sky130_fd_sc_hd__inv_1)
                                                         n1224 (net)
                      0.028204    0.000060    1.728431 ^ g1185/B (sky130_fd_sc_hd__and2_1)
     2    0.010239    0.111288    0.168486    1.896918 ^ g1185/X (sky130_fd_sc_hd__and2_1)
                                                         n1225 (net)
                      0.111288    0.000368    1.897285 ^ g1191/A2 (sky130_fd_sc_hd__a21o_1)
     2    0.004769    0.053835    0.142051    2.039337 ^ g1191/X (sky130_fd_sc_hd__a21o_1)
                                                         n1231 (net)
                      0.053835    0.000132    2.039469 ^ g1202/A (sky130_fd_sc_hd__inv_1)
     1    0.002318    0.020885    0.037131    2.076600 v g1202/Y (sky130_fd_sc_hd__inv_1)
                                                         n1242 (net)
                      0.020885    0.000069    2.076669 v g1203/B (sky130_fd_sc_hd__and2_1)
     2    0.009795    0.063555    0.179861    2.256530 v g1203/X (sky130_fd_sc_hd__and2_1)
                                                         n1243 (net)
                      0.063555    0.000273    2.256803 v g1211/A2 (sky130_fd_sc_hd__a21o_1)
     2    0.011084    0.066832    0.226966    2.483768 v g1211/X (sky130_fd_sc_hd__a21o_1)
                                                         n1251 (net)
                      0.066834    0.000528    2.484297 v g1216/A (sky130_fd_sc_hd__inv_1)
     1    0.002142    0.032978    0.055606    2.539903 ^ g1216/Y (sky130_fd_sc_hd__inv_1)
                                                         n1256 (net)
                      0.032978    0.000063    2.539965 ^ g1217/B (sky130_fd_sc_hd__and2_1)
     2    0.007843    0.089916    0.153256    2.693222 ^ g1217/X (sky130_fd_sc_hd__and2_1)
                                                         n1257 (net)
                      0.089916    0.000168    2.693389 ^ g1223/A2 (sky130_fd_sc_hd__a21o_1)
     2    0.006787    0.069764    0.148351    2.841741 ^ g1223/X (sky130_fd_sc_hd__a21o_1)
                                                         n1263 (net)
                      0.069764    0.000198    2.841938 ^ g1234/A (sky130_fd_sc_hd__inv_1)
     1    0.001849    0.022462    0.037932    2.879871 v g1234/Y (sky130_fd_sc_hd__inv_1)
                                                         n1274 (net)
                      0.022462    0.000053    2.879924 v g1235/B (sky130_fd_sc_hd__and2_1)
     2    0.008305    0.057820    0.174156    3.054079 v g1235/X (sky130_fd_sc_hd__and2_1)
                                                         n1275 (net)
                      0.057821    0.000289    3.054368 v g1243/A2 (sky130_fd_sc_hd__a21o_1)
     2    0.004361    0.039714    0.193448    3.247817 v g1243/X (sky130_fd_sc_hd__a21o_1)
                                                         n1283 (net)
                      0.039714    0.000106    3.247923 v g1248/A (sky130_fd_sc_hd__inv_1)
     1    0.001884    0.026950    0.043075    3.290998 ^ g1248/Y (sky130_fd_sc_hd__inv_1)
                                                         n1288 (net)
                      0.026950    0.000056    3.291053 ^ g1249/B (sky130_fd_sc_hd__and2_1)
     2    0.008752    0.097748    0.157815    3.448868 ^ g1249/X (sky130_fd_sc_hd__and2_1)
                                                         n1289 (net)
                      0.097748    0.000242    3.449110 ^ g1255/A2 (sky130_fd_sc_hd__a21o_1)
     2    0.007597    0.076225    0.155957    3.605067 ^ g1255/X (sky130_fd_sc_hd__a21o_1)
                                                         n1295 (net)
                      0.076225    0.000328    3.605395 ^ g1266/A (sky130_fd_sc_hd__inv_1)
     1    0.002106    0.024412    0.040657    3.646053 v g1266/Y (sky130_fd_sc_hd__inv_1)
                                                         n1306 (net)
                      0.024412    0.000046    3.646099 v g1267/B (sky130_fd_sc_hd__and2_1)
     2    0.008099    0.057141    0.174055    3.820153 v g1267/X (sky130_fd_sc_hd__and2_1)
                                                         n1307 (net)
                      0.057141    0.000199    3.820352 v g1275/A2 (sky130_fd_sc_hd__a21o_1)
     2    0.007518    0.053505    0.208632    4.028984 v g1275/X (sky130_fd_sc_hd__a21o_1)
                                                         n1315 (net)
                      0.053505    0.000257    4.029241 v g1280/A (sky130_fd_sc_hd__inv_1)
     1    0.001960    0.029107    0.049711    4.078952 ^ g1280/Y (sky130_fd_sc_hd__inv_1)
                                                         n1320 (net)
                      0.029107    0.000041    4.078994 ^ g1281/B (sky130_fd_sc_hd__and2_1)
     2    0.008924    0.099225    0.159749    4.238742 ^ g1281/X (sky130_fd_sc_hd__and2_1)
                                                         n1321 (net)
                      0.099225    0.000266    4.239009 ^ g1287/A2 (sky130_fd_sc_hd__a21o_1)
     2    0.005855    0.062356    0.145252    4.384261 ^ g1287/X (sky130_fd_sc_hd__a21o_1)
                                                         n1327 (net)
                      0.062356    0.000189    4.384450 ^ g1298/A (sky130_fd_sc_hd__inv_1)
     1    0.001715    0.020750    0.035804    4.420254 v g1298/Y (sky130_fd_sc_hd__inv_1)
                                                         n1338 (net)
                      0.020750    0.000035    4.420289 v g1299/B (sky130_fd_sc_hd__and2_1)
     2    0.007747    0.055810    0.170883    4.591172 v g1299/X (sky130_fd_sc_hd__and2_1)
                                                         n1339 (net)
                      0.055810    0.000196    4.591368 v g1307/A2 (sky130_fd_sc_hd__a21o_1)
     2    0.005342    0.043787    0.197435    4.788803 v g1307/X (sky130_fd_sc_hd__a21o_1)
                                                         n1347 (net)
                      0.043787    0.000148    4.788951 v g1312/A (sky130_fd_sc_hd__inv_1)
     1    0.001842    0.027168    0.044649    4.833600 ^ g1312/Y (sky130_fd_sc_hd__inv_1)
                                                         n1352 (net)
                      0.027168    0.000054    4.833654 ^ g1313/B (sky130_fd_sc_hd__and2_1)
     2    0.008595    0.096390    0.156785    4.990439 ^ g1313/X (sky130_fd_sc_hd__and2_1)
                                                         n1353 (net)
                      0.096390    0.000244    4.990684 ^ g1319/A2 (sky130_fd_sc_hd__a21o_1)
     2    0.005893    0.062637    0.144619    5.135302 ^ g1319/X (sky130_fd_sc_hd__a21o_1)
                                                         n1359 (net)
                      0.062637    0.000176    5.135478 ^ g1330/A (sky130_fd_sc_hd__inv_1)
     1    0.002087    0.021838    0.037793    5.173272 v g1330/Y (sky130_fd_sc_hd__inv_1)
                                                         n1370 (net)
                      0.021840    0.000060    5.173331 v g1331/B (sky130_fd_sc_hd__and2_1)
     2    0.009083    0.060663    0.177451    5.350783 v g1331/X (sky130_fd_sc_hd__and2_1)
                                                         n1371 (net)
                      0.060663    0.000303    5.351086 v g1339/A2 (sky130_fd_sc_hd__a21o_1)
     2    0.005478    0.044369    0.200115    5.551200 v g1339/X (sky130_fd_sc_hd__a21o_1)
                                                         n1379 (net)
                      0.044369    0.000146    5.551346 v g1344/A (sky130_fd_sc_hd__inv_1)
     1    0.001826    0.027139    0.044815    5.596161 ^ g1344/Y (sky130_fd_sc_hd__inv_1)
                                                         n1384 (net)
                      0.027139    0.000053    5.596214 ^ g1345/B (sky130_fd_sc_hd__and2_1)
     2    0.011762    0.125342    0.178658    5.774873 ^ g1345/X (sky130_fd_sc_hd__and2_1)
                                                         n1385 (net)
                      0.125342    0.000417    5.775290 ^ g1350/B (sky130_fd_sc_hd__xor2_1)
     2    0.006916    0.183405    0.218691    5.993980 ^ g1350/X (sky130_fd_sc_hd__xor2_1)
                                                         n1390 (net)
                      0.183405    0.000192    5.994173 ^ g1358/A (sky130_fd_sc_hd__inv_1)
     1    0.002169    0.041746    0.057103    6.051275 v g1358/Y (sky130_fd_sc_hd__inv_1)
                                                         n1398 (net)
                      0.041746    0.000065    6.051340 v g1359/B (sky130_fd_sc_hd__and2_1)
     1    0.011958    0.072537    0.197683    6.249023 v g1359/X (sky130_fd_sc_hd__and2_1)
                                                         zN[14] (net)
                      0.072537    0.000349    6.249372 v zN[14] (out)
                                              6.249372   data arrival time

                      0.000000   10.000000   10.000000   clock __VIRTUAL_CLK__ (rise edge)
                                  0.000000   10.000000   clock network delay (ideal)
                                  0.000000   10.000000   clock reconvergence pessimism
                                  0.000000   10.000000   output external delay
                                             10.000000   data required time
---------------------------------------------------------------------------------------------
                                             10.000000   data required time
                                             -6.249372   data arrival time
---------------------------------------------------------------------------------------------
                                              3.750628   slack (MET)


Startpoint: yP[2] (input port clocked by __VIRTUAL_CLK__)
Endpoint: zP[14] (output port clocked by __VIRTUAL_CLK__)
Path Group: __VIRTUAL_CLK__
Path Type: max

Fanout         Cap        Slew       Delay        Time   Description
---------------------------------------------------------------------------------------------
                      0.000000    0.000000    0.000000   clock __VIRTUAL_CLK__ (rise edge)
                                  0.000000    0.000000   clock network delay (ideal)
                                  0.000000    0.000000 v input external delay
    20    0.090979    0.201185    0.148701    0.148701 v yP[2] (in)
                                                         yP[2] (net)
                      0.201198    0.000000    0.148701 v g12/B (sky130_fd_sc_hd__and2_1)
     1    0.001743    0.031152    0.227080    0.375781 v g12/X (sky130_fd_sc_hd__and2_1)
                                                         n52 (net)
                      0.031152    0.000036    0.375817 v g16/A (sky130_fd_sc_hd__or2_1)
     2    0.007406    0.069165    0.255331    0.631147 v g16/X (sky130_fd_sc_hd__or2_1)
                                                         n56 (net)
                      0.069165    0.000174    0.631321 v g808/A (sky130_fd_sc_hd__xor2_1)
     2    0.008035    0.203403    0.233809    0.865130 ^ g808/X (sky130_fd_sc_hd__xor2_1)
                                                         n848 (net)
                      0.203403    0.000177    0.865307 ^ g1156/B (sky130_fd_sc_hd__xor2_1)
     2    0.007788    0.198980    0.241274    1.106581 ^ g1156/X (sky130_fd_sc_hd__xor2_1)
                                                         n1196 (net)
                      0.198980    0.000088    1.106669 ^ g1159/A1 (sky130_fd_sc_hd__a21o_1)
     2    0.006488    0.067394    0.169563    1.276232 ^ g1159/X (sky130_fd_sc_hd__a21o_1)
                                                         n1199 (net)
                      0.067394    0.000216    1.276448 ^ g1170/A (sky130_fd_sc_hd__inv_1)
     1    0.002049    0.022610    0.038559    1.315007 v g1170/Y (sky130_fd_sc_hd__inv_1)
                                                         n1210 (net)
                      0.022610    0.000043    1.315050 v g1171/B (sky130_fd_sc_hd__and2_1)
     2    0.007904    0.056509    0.172333    1.487383 v g1171/X (sky130_fd_sc_hd__and2_1)
                                                         n1211 (net)
                      0.056509    0.000221    1.487604 v g1179/A2 (sky130_fd_sc_hd__a21o_1)
     2    0.004920    0.041997    0.195664    1.683269 v g1179/X (sky130_fd_sc_hd__a21o_1)
                                                         n1219 (net)
                      0.041997    0.000087    1.683356 v g1184/A (sky130_fd_sc_hd__inv_1)
     1    0.002032    0.028204    0.045015    1.728371 ^ g1184/Y (sky130_fd_sc_hd__inv_1)
                                                         n1224 (net)
                      0.028204    0.000060    1.728431 ^ g1185/B (sky130_fd_sc_hd__and2_1)
     2    0.010239    0.111288    0.168486    1.896918 ^ g1185/X (sky130_fd_sc_hd__and2_1)
                                                         n1225 (net)
                      0.111288    0.000368    1.897285 ^ g1191/A2 (sky130_fd_sc_hd__a21o_1)
     2    0.004769    0.053835    0.142051    2.039337 ^ g1191/X (sky130_fd_sc_hd__a21o_1)
                                                         n1231 (net)
                      0.053835    0.000132    2.039469 ^ g1202/A (sky130_fd_sc_hd__inv_1)
     1    0.002318    0.020885    0.037131    2.076600 v g1202/Y (sky130_fd_sc_hd__inv_1)
                                                         n1242 (net)
                      0.020885    0.000069    2.076669 v g1203/B (sky130_fd_sc_hd__and2_1)
     2    0.009795    0.063555    0.179861    2.256530 v g1203/X (sky130_fd_sc_hd__and2_1)
                                                         n1243 (net)
                      0.063555    0.000273    2.256803 v g1211/A2 (sky130_fd_sc_hd__a21o_1)
     2    0.011084    0.066832    0.226966    2.483768 v g1211/X (sky130_fd_sc_hd__a21o_1)
                                                         n1251 (net)
                      0.066834    0.000528    2.484297 v g1216/A (sky130_fd_sc_hd__inv_1)
     1    0.002142    0.032978    0.055606    2.539903 ^ g1216/Y (sky130_fd_sc_hd__inv_1)
                                                         n1256 (net)
                      0.032978    0.000063    2.539965 ^ g1217/B (sky130_fd_sc_hd__and2_1)
     2    0.007843    0.089916    0.153256    2.693222 ^ g1217/X (sky130_fd_sc_hd__and2_1)
                                                         n1257 (net)
                      0.089916    0.000168    2.693389 ^ g1223/A2 (sky130_fd_sc_hd__a21o_1)
     2    0.006787    0.069764    0.148351    2.841741 ^ g1223/X (sky130_fd_sc_hd__a21o_1)
                                                         n1263 (net)
                      0.069764    0.000198    2.841938 ^ g1234/A (sky130_fd_sc_hd__inv_1)
     1    0.001849    0.022462    0.037932    2.879871 v g1234/Y (sky130_fd_sc_hd__inv_1)
                                                         n1274 (net)
                      0.022462    0.000053    2.879924 v g1235/B (sky130_fd_sc_hd__and2_1)
     2    0.008305    0.057820    0.174156    3.054079 v g1235/X (sky130_fd_sc_hd__and2_1)
                                                         n1275 (net)
                      0.057821    0.000289    3.054368 v g1243/A2 (sky130_fd_sc_hd__a21o_1)
     2    0.004361    0.039714    0.193448    3.247817 v g1243/X (sky130_fd_sc_hd__a21o_1)
                                                         n1283 (net)
                      0.039714    0.000106    3.247923 v g1248/A (sky130_fd_sc_hd__inv_1)
     1    0.001884    0.026950    0.043075    3.290998 ^ g1248/Y (sky130_fd_sc_hd__inv_1)
                                                         n1288 (net)
                      0.026950    0.000056    3.291053 ^ g1249/B (sky130_fd_sc_hd__and2_1)
     2    0.008752    0.097748    0.157815    3.448868 ^ g1249/X (sky130_fd_sc_hd__and2_1)
                                                         n1289 (net)
                      0.097748    0.000242    3.449110 ^ g1255/A2 (sky130_fd_sc_hd__a21o_1)
     2    0.007597    0.076225    0.155957    3.605067 ^ g1255/X (sky130_fd_sc_hd__a21o_1)
                                                         n1295 (net)
                      0.076225    0.000328    3.605395 ^ g1266/A (sky130_fd_sc_hd__inv_1)
     1    0.002106    0.024412    0.040657    3.646053 v g1266/Y (sky130_fd_sc_hd__inv_1)
                                                         n1306 (net)
                      0.024412    0.000046    3.646099 v g1267/B (sky130_fd_sc_hd__and2_1)
     2    0.008099    0.057141    0.174055    3.820153 v g1267/X (sky130_fd_sc_hd__and2_1)
                                                         n1307 (net)
                      0.057141    0.000199    3.820352 v g1275/A2 (sky130_fd_sc_hd__a21o_1)
     2    0.007518    0.053505    0.208632    4.028984 v g1275/X (sky130_fd_sc_hd__a21o_1)
                                                         n1315 (net)
                      0.053505    0.000257    4.029241 v g1280/A (sky130_fd_sc_hd__inv_1)
     1    0.001960    0.029107    0.049711    4.078952 ^ g1280/Y (sky130_fd_sc_hd__inv_1)
                                                         n1320 (net)
                      0.029107    0.000041    4.078994 ^ g1281/B (sky130_fd_sc_hd__and2_1)
     2    0.008924    0.099225    0.159749    4.238742 ^ g1281/X (sky130_fd_sc_hd__and2_1)
                                                         n1321 (net)
                      0.099225    0.000266    4.239009 ^ g1287/A2 (sky130_fd_sc_hd__a21o_1)
     2    0.005855    0.062356    0.145252    4.384261 ^ g1287/X (sky130_fd_sc_hd__a21o_1)
                                                         n1327 (net)
                      0.062356    0.000189    4.384450 ^ g1298/A (sky130_fd_sc_hd__inv_1)
     1    0.001715    0.020750    0.035804    4.420254 v g1298/Y (sky130_fd_sc_hd__inv_1)
                                                         n1338 (net)
                      0.020750    0.000035    4.420289 v g1299/B (sky130_fd_sc_hd__and2_1)
     2    0.007747    0.055810    0.170883    4.591172 v g1299/X (sky130_fd_sc_hd__and2_1)
                                                         n1339 (net)
                      0.055810    0.000196    4.591368 v g1307/A2 (sky130_fd_sc_hd__a21o_1)
     2    0.005342    0.043787    0.197435    4.788803 v g1307/X (sky130_fd_sc_hd__a21o_1)
                                                         n1347 (net)
                      0.043787    0.000148    4.788951 v g1312/A (sky130_fd_sc_hd__inv_1)
     1    0.001842    0.027168    0.044649    4.833600 ^ g1312/Y (sky130_fd_sc_hd__inv_1)
                                                         n1352 (net)
                      0.027168    0.000054    4.833654 ^ g1313/B (sky130_fd_sc_hd__and2_1)
     2    0.008595    0.096390    0.156785    4.990439 ^ g1313/X (sky130_fd_sc_hd__and2_1)
                                                         n1353 (net)
                      0.096390    0.000244    4.990684 ^ g1319/A2 (sky130_fd_sc_hd__a21o_1)
     2    0.005893    0.062637    0.144619    5.135302 ^ g1319/X (sky130_fd_sc_hd__a21o_1)
                                                         n1359 (net)
                      0.062637    0.000176    5.135478 ^ g1330/A (sky130_fd_sc_hd__inv_1)
     1    0.002087    0.021838    0.037793    5.173272 v g1330/Y (sky130_fd_sc_hd__inv_1)
                                                         n1370 (net)
                      0.021840    0.000060    5.173331 v g1331/B (sky130_fd_sc_hd__and2_1)
     2    0.009083    0.060663    0.177451    5.350783 v g1331/X (sky130_fd_sc_hd__and2_1)
                                                         n1371 (net)
                      0.060663    0.000303    5.351086 v g1339/A2 (sky130_fd_sc_hd__a21o_1)
     2    0.005478    0.044369    0.200115    5.551200 v g1339/X (sky130_fd_sc_hd__a21o_1)
                                                         n1379 (net)
                      0.044369    0.000146    5.551346 v g1344/A (sky130_fd_sc_hd__inv_1)
     1    0.001826    0.027139    0.044815    5.596161 ^ g1344/Y (sky130_fd_sc_hd__inv_1)
                                                         n1384 (net)
                      0.027139    0.000053    5.596214 ^ g1345/B (sky130_fd_sc_hd__and2_1)
     2    0.011762    0.125342    0.178658    5.774873 ^ g1345/X (sky130_fd_sc_hd__and2_1)
                                                         n1385 (net)
                      0.125342    0.000417    5.775290 ^ g1350/B (sky130_fd_sc_hd__xor2_1)
     2    0.006916    0.183405    0.218691    5.993980 ^ g1350/X (sky130_fd_sc_hd__xor2_1)
                                                         n1390 (net)
                      0.183405    0.000171    5.994152 ^ g1357/A (sky130_fd_sc_hd__and2_1)
     1    0.012277    0.130652    0.225983    6.220134 ^ g1357/X (sky130_fd_sc_hd__and2_1)
                                                         zP[14] (net)
                      0.130652    0.000378    6.220513 ^ zP[14] (out)
                                              6.220513   data arrival time

                      0.000000   10.000000   10.000000   clock __VIRTUAL_CLK__ (rise edge)
                                  0.000000   10.000000   clock network delay (ideal)
                                  0.000000   10.000000   clock reconvergence pessimism
                                  0.000000   10.000000   output external delay
                                             10.000000   data required time
---------------------------------------------------------------------------------------------
                                             10.000000   data required time
                                             -6.220513   data arrival time
---------------------------------------------------------------------------------------------
                                              3.779488   slack (MET)


Startpoint: yN[2] (input port clocked by __VIRTUAL_CLK__)
Endpoint: zP[13] (output port clocked by __VIRTUAL_CLK__)
Path Group: __VIRTUAL_CLK__
Path Type: max

Fanout         Cap        Slew       Delay        Time   Description
---------------------------------------------------------------------------------------------
                      0.000000    0.000000    0.000000   clock __VIRTUAL_CLK__ (rise edge)
                                  0.000000    0.000000   clock network delay (ideal)
                                  0.000000    0.000000 v input external delay
    20    0.096011    0.211382    0.161137    0.161137 v yN[2] (in)
                                                         yN[2] (net)
                      0.211442    0.000000    0.161137 v g14/B (sky130_fd_sc_hd__and2_1)
     1    0.002060    0.032420    0.234118    0.395255 v g14/X (sky130_fd_sc_hd__and2_1)
                                                         n54 (net)
                      0.032420    0.000059    0.395314 v g17/A (sky130_fd_sc_hd__or2_1)
     2    0.006593    0.065168    0.250838    0.646152 v g17/X (sky130_fd_sc_hd__or2_1)
                                                         n57 (net)
                      0.065168    0.000181    0.646333 v g1078/A (sky130_fd_sc_hd__xor2_1)
     2    0.008088    0.204353    0.232790    0.879123 ^ g1078/X (sky130_fd_sc_hd__xor2_1)
                                                         n1118 (net)
                      0.204353    0.000283    0.879406 ^ g1160/B (sky130_fd_sc_hd__xor2_1)
     2    0.008168    0.205800    0.246712    1.126118 ^ g1160/X (sky130_fd_sc_hd__xor2_1)
                                                         n1200 (net)
                      0.205800    0.000174    1.126292 ^ g1163/A1 (sky130_fd_sc_hd__a21o_1)
     2    0.005407    0.058890    0.164065    1.290357 ^ g1163/X (sky130_fd_sc_hd__a21o_1)
                                                         n1203 (net)
                      0.058890    0.000157    1.290514 ^ g1168/A (sky130_fd_sc_hd__inv_1)
     1    0.001889    0.020606    0.036026    1.326540 v g1168/Y (sky130_fd_sc_hd__inv_1)
                                                         n1208 (net)
                      0.020606    0.000057    1.326597 v g1169/B (sky130_fd_sc_hd__and2_1)
     2    0.008557    0.058672    0.174654    1.501252 v g1169/X (sky130_fd_sc_hd__and2_1)
                                                         n1209 (net)
                      0.058672    0.000259    1.501510 v g1175/A2 (sky130_fd_sc_hd__a21o_1)
     2    0.004881    0.041847    0.196347    1.697857 v g1175/X (sky130_fd_sc_hd__a21o_1)
                                                         n1215 (net)
                      0.041847    0.000117    1.697973 v g1185/A (sky130_fd_sc_hd__and2_1)
     2    0.009699    0.063174    0.169450    1.867424 v g1185/X (sky130_fd_sc_hd__and2_1)
                                                         n1225 (net)
                      0.063174    0.000346    1.867770 v g1191/A2 (sky130_fd_sc_hd__a21o_1)
     2    0.004532    0.040407    0.196501    2.064271 v g1191/X (sky130_fd_sc_hd__a21o_1)
                                                         n1231 (net)
                      0.040407    0.000124    2.064395 v g1202/A (sky130_fd_sc_hd__inv_1)
     1    0.002447    0.030805    0.046866    2.111261 ^ g1202/Y (sky130_fd_sc_hd__inv_1)
                                                         n1242 (net)
                      0.030805    0.000073    2.111335 ^ g1203/B (sky130_fd_sc_hd__and2_1)
     2    0.010335    0.112167    0.170020    2.281355 ^ g1203/X (sky130_fd_sc_hd__and2_1)
                                                         n1243 (net)
                      0.112167    0.000290    2.281645 ^ g1211/A2 (sky130_fd_sc_hd__a21o_1)
     2    0.011321    0.106221    0.183894    2.465539 ^ g1211/X (sky130_fd_sc_hd__a21o_1)
                                                         n1251 (net)
                      0.106222    0.000545    2.466084 ^ g1216/A (sky130_fd_sc_hd__inv_1)
     1    0.002013    0.029650    0.046124    2.512208 v g1216/Y (sky130_fd_sc_hd__inv_1)
                                                         n1256 (net)
                      0.029650    0.000059    2.512267 v g1217/B (sky130_fd_sc_hd__and2_1)
     2    0.007303    0.053823    0.172718    2.684984 v g1217/X (sky130_fd_sc_hd__and2_1)
                                                         n1257 (net)
                      0.053823    0.000155    2.685140 v g1223/A2 (sky130_fd_sc_hd__a21o_1)
     2    0.006550    0.049086    0.202531    2.887671 v g1223/X (sky130_fd_sc_hd__a21o_1)
                                                         n1263 (net)
                      0.049086    0.000189    2.887860 v g1234/A (sky130_fd_sc_hd__inv_1)
     1    0.001978    0.028667    0.047867    2.935727 ^ g1234/Y (sky130_fd_sc_hd__inv_1)
                                                         n1274 (net)
                      0.028667    0.000057    2.935784 ^ g1235/B (sky130_fd_sc_hd__and2_1)
     2    0.008845    0.098539    0.159036    3.094820 ^ g1235/X (sky130_fd_sc_hd__and2_1)
                                                         n1275 (net)
                      0.098539    0.000310    3.095130 ^ g1243/A2 (sky130_fd_sc_hd__a21o_1)
     2    0.004598    0.052473    0.136967    3.232096 ^ g1243/X (sky130_fd_sc_hd__a21o_1)
                                                         n1283 (net)
                      0.052473    0.000113    3.232210 ^ g1248/A (sky130_fd_sc_hd__inv_1)
     1    0.001755    0.019083    0.034035    3.266245 v g1248/Y (sky130_fd_sc_hd__inv_1)
                                                         n1288 (net)
                      0.019083    0.000052    3.266296 v g1249/B (sky130_fd_sc_hd__and2_1)
     2    0.008212    0.057526    0.172414    3.438711 v g1249/X (sky130_fd_sc_hd__and2_1)
                                                         n1289 (net)
                      0.057526    0.000226    3.438936 v g1255/A2 (sky130_fd_sc_hd__a21o_1)
     2    0.007360    0.052794    0.207990    3.646926 v g1255/X (sky130_fd_sc_hd__a21o_1)
                                                         n1295 (net)
                      0.052795    0.000316    3.647242 v g1266/A (sky130_fd_sc_hd__inv_1)
     1    0.002235    0.030661    0.051115    3.698357 ^ g1266/Y (sky130_fd_sc_hd__inv_1)
                                                         n1306 (net)
                      0.030661    0.000049    3.698406 ^ g1267/B (sky130_fd_sc_hd__and2_1)
     2    0.008639    0.096764    0.158216    3.856622 ^ g1267/X (sky130_fd_sc_hd__and2_1)
                                                         n1307 (net)
                      0.096764    0.000213    3.856835 ^ g1275/A2 (sky130_fd_sc_hd__a21o_1)
     2    0.007755    0.077516    0.156693    4.013528 ^ g1275/X (sky130_fd_sc_hd__a21o_1)
                                                         n1315 (net)
                      0.077516    0.000268    4.013796 ^ g1280/A (sky130_fd_sc_hd__inv_1)
     1    0.001831    0.023809    0.039339    4.053134 v g1280/Y (sky130_fd_sc_hd__inv_1)
                                                         n1320 (net)
                      0.023809    0.000038    4.053173 v g1281/B (sky130_fd_sc_hd__and2_1)
     2    0.008384    0.058083    0.175113    4.228285 v g1281/X (sky130_fd_sc_hd__and2_1)
                                                         n1321 (net)
                      0.058083    0.000249    4.228534 v g1287/A2 (sky130_fd_sc_hd__a21o_1)
     2    0.005618    0.044985    0.199716    4.428250 v g1287/X (sky130_fd_sc_hd__a21o_1)
                                                         n1327 (net)
                      0.044985    0.000180    4.428430 v g1298/A (sky130_fd_sc_hd__inv_1)
     1    0.001844    0.027330    0.045207    4.473636 ^ g1298/Y (sky130_fd_sc_hd__inv_1)
                                                         n1338 (net)
                      0.027330    0.000038    4.473674 ^ g1299/B (sky130_fd_sc_hd__and2_1)
     2    0.008287    0.093738    0.154636    4.628311 ^ g1299/X (sky130_fd_sc_hd__and2_1)
                                                         n1339 (net)
                      0.093738    0.000211    4.628522 ^ g1307/A2 (sky130_fd_sc_hd__a21o_1)
     2    0.005579    0.060180    0.141779    4.770301 ^ g1307/X (sky130_fd_sc_hd__a21o_1)
                                                         n1347 (net)
                      0.060180    0.000156    4.770457 ^ g1312/A (sky130_fd_sc_hd__inv_1)
     1    0.001713    0.020358    0.035376    4.805833 v g1312/Y (sky130_fd_sc_hd__inv_1)
                                                         n1352 (net)
                      0.020358    0.000050    4.805883 v g1313/B (sky130_fd_sc_hd__and2_1)
     2    0.008055    0.056999    0.172184    4.978068 v g1313/X (sky130_fd_sc_hd__and2_1)
                                                         n1353 (net)
                      0.056999    0.000228    4.978296 v g1319/A2 (sky130_fd_sc_hd__a21o_1)
     2    0.005656    0.045147    0.199460    5.177756 v g1319/X (sky130_fd_sc_hd__a21o_1)
                                                         n1359 (net)
                      0.045147    0.000168    5.177924 v g1330/A (sky130_fd_sc_hd__inv_1)
     1    0.002216    0.029754    0.047570    5.225493 ^ g1330/Y (sky130_fd_sc_hd__inv_1)
                                                         n1370 (net)
                      0.029754    0.000064    5.225557 ^ g1331/B (sky130_fd_sc_hd__and2_1)
     2    0.009623    0.105615    0.164738    5.390296 ^ g1331/X (sky130_fd_sc_hd__and2_1)
                                                         n1371 (net)
                      0.105615    0.000388    5.390683 ^ g1338/B (sky130_fd_sc_hd__xor2_1)
     2    0.004233    0.136443    0.176398    5.567080 ^ g1338/X (sky130_fd_sc_hd__xor2_1)
                                                         n1378 (net)
                      0.136443    0.000072    5.567153 ^ g1340/A (sky130_fd_sc_hd__inv_1)
     1    0.002046    0.034696    0.051088    5.618241 v g1340/Y (sky130_fd_sc_hd__inv_1)
                                                         n1380 (net)
                      0.034696    0.000044    5.618285 v g1341/B (sky130_fd_sc_hd__and2_1)
     1    0.011749    0.071655    0.193605    5.811890 v g1341/X (sky130_fd_sc_hd__and2_1)
                                                         zP[13] (net)
                      0.071656    0.000335    5.812225 v zP[13] (out)
                                              5.812225   data arrival time

                      0.000000   10.000000   10.000000   clock __VIRTUAL_CLK__ (rise edge)
                                  0.000000   10.000000   clock network delay (ideal)
                                  0.000000   10.000000   clock reconvergence pessimism
                                  0.000000   10.000000   output external delay
                                             10.000000   data required time
---------------------------------------------------------------------------------------------
                                             10.000000   data required time
                                             -5.812225   data arrival time
---------------------------------------------------------------------------------------------
                                              4.187775   slack (MET)


Startpoint: yP[2] (input port clocked by __VIRTUAL_CLK__)
Endpoint: zN[13] (output port clocked by __VIRTUAL_CLK__)
Path Group: __VIRTUAL_CLK__
Path Type: max

Fanout         Cap        Slew       Delay        Time   Description
---------------------------------------------------------------------------------------------
                      0.000000    0.000000    0.000000   clock __VIRTUAL_CLK__ (rise edge)
                                  0.000000    0.000000   clock network delay (ideal)
                                  0.000000    0.000000 v input external delay
    20    0.090979    0.201185    0.148701    0.148701 v yP[2] (in)
                                                         yP[2] (net)
                      0.201198    0.000000    0.148701 v g12/B (sky130_fd_sc_hd__and2_1)
     1    0.001743    0.031152    0.227080    0.375781 v g12/X (sky130_fd_sc_hd__and2_1)
                                                         n52 (net)
                      0.031152    0.000036    0.375817 v g16/A (sky130_fd_sc_hd__or2_1)
     2    0.007406    0.069165    0.255331    0.631147 v g16/X (sky130_fd_sc_hd__or2_1)
                                                         n56 (net)
                      0.069165    0.000174    0.631321 v g808/A (sky130_fd_sc_hd__xor2_1)
     2    0.008035    0.203403    0.233809    0.865130 ^ g808/X (sky130_fd_sc_hd__xor2_1)
                                                         n848 (net)
                      0.203403    0.000177    0.865307 ^ g1156/B (sky130_fd_sc_hd__xor2_1)
     2    0.007788    0.198980    0.241274    1.106581 ^ g1156/X (sky130_fd_sc_hd__xor2_1)
                                                         n1196 (net)
                      0.198980    0.000088    1.106669 ^ g1159/A1 (sky130_fd_sc_hd__a21o_1)
     2    0.006488    0.067394    0.169563    1.276232 ^ g1159/X (sky130_fd_sc_hd__a21o_1)
                                                         n1199 (net)
                      0.067394    0.000216    1.276448 ^ g1170/A (sky130_fd_sc_hd__inv_1)
     1    0.002049    0.022610    0.038559    1.315007 v g1170/Y (sky130_fd_sc_hd__inv_1)
                                                         n1210 (net)
                      0.022610    0.000043    1.315050 v g1171/B (sky130_fd_sc_hd__and2_1)
     2    0.007904    0.056509    0.172333    1.487383 v g1171/X (sky130_fd_sc_hd__and2_1)
                                                         n1211 (net)
                      0.056509    0.000221    1.487604 v g1179/A2 (sky130_fd_sc_hd__a21o_1)
     2    0.004920    0.041997    0.195664    1.683269 v g1179/X (sky130_fd_sc_hd__a21o_1)
                                                         n1219 (net)
                      0.041997    0.000087    1.683356 v g1184/A (sky130_fd_sc_hd__inv_1)
     1    0.002032    0.028204    0.045015    1.728371 ^ g1184/Y (sky130_fd_sc_hd__inv_1)
                                                         n1224 (net)
                      0.028204    0.000060    1.728431 ^ g1185/B (sky130_fd_sc_hd__and2_1)
     2    0.010239    0.111288    0.168486    1.896918 ^ g1185/X (sky130_fd_sc_hd__and2_1)
                                                         n1225 (net)
                      0.111288    0.000368    1.897285 ^ g1191/A2 (sky130_fd_sc_hd__a21o_1)
     2    0.004769    0.053835    0.142051    2.039337 ^ g1191/X (sky130_fd_sc_hd__a21o_1)
                                                         n1231 (net)
                      0.053835    0.000132    2.039469 ^ g1202/A (sky130_fd_sc_hd__inv_1)
     1    0.002318    0.020885    0.037131    2.076600 v g1202/Y (sky130_fd_sc_hd__inv_1)
                                                         n1242 (net)
                      0.020885    0.000069    2.076669 v g1203/B (sky130_fd_sc_hd__and2_1)
     2    0.009795    0.063555    0.179861    2.256530 v g1203/X (sky130_fd_sc_hd__and2_1)
                                                         n1243 (net)
                      0.063555    0.000273    2.256803 v g1211/A2 (sky130_fd_sc_hd__a21o_1)
     2    0.011084    0.066832    0.226966    2.483768 v g1211/X (sky130_fd_sc_hd__a21o_1)
                                                         n1251 (net)
                      0.066834    0.000528    2.484297 v g1216/A (sky130_fd_sc_hd__inv_1)
     1    0.002142    0.032978    0.055606    2.539903 ^ g1216/Y (sky130_fd_sc_hd__inv_1)
                                                         n1256 (net)
                      0.032978    0.000063    2.539965 ^ g1217/B (sky130_fd_sc_hd__and2_1)
     2    0.007843    0.089916    0.153256    2.693222 ^ g1217/X (sky130_fd_sc_hd__and2_1)
                                                         n1257 (net)
                      0.089916    0.000168    2.693389 ^ g1223/A2 (sky130_fd_sc_hd__a21o_1)
     2    0.006787    0.069764    0.148351    2.841741 ^ g1223/X (sky130_fd_sc_hd__a21o_1)
                                                         n1263 (net)
                      0.069764    0.000198    2.841938 ^ g1234/A (sky130_fd_sc_hd__inv_1)
     1    0.001849    0.022462    0.037932    2.879871 v g1234/Y (sky130_fd_sc_hd__inv_1)
                                                         n1274 (net)
                      0.022462    0.000053    2.879924 v g1235/B (sky130_fd_sc_hd__and2_1)
     2    0.008305    0.057820    0.174156    3.054079 v g1235/X (sky130_fd_sc_hd__and2_1)
                                                         n1275 (net)
                      0.057821    0.000289    3.054368 v g1243/A2 (sky130_fd_sc_hd__a21o_1)
     2    0.004361    0.039714    0.193448    3.247817 v g1243/X (sky130_fd_sc_hd__a21o_1)
                                                         n1283 (net)
                      0.039714    0.000106    3.247923 v g1248/A (sky130_fd_sc_hd__inv_1)
     1    0.001884    0.026950    0.043075    3.290998 ^ g1248/Y (sky130_fd_sc_hd__inv_1)
                                                         n1288 (net)
                      0.026950    0.000056    3.291053 ^ g1249/B (sky130_fd_sc_hd__and2_1)
     2    0.008752    0.097748    0.157815    3.448868 ^ g1249/X (sky130_fd_sc_hd__and2_1)
                                                         n1289 (net)
                      0.097748    0.000242    3.449110 ^ g1255/A2 (sky130_fd_sc_hd__a21o_1)
     2    0.007597    0.076225    0.155957    3.605067 ^ g1255/X (sky130_fd_sc_hd__a21o_1)
                                                         n1295 (net)
                      0.076225    0.000328    3.605395 ^ g1266/A (sky130_fd_sc_hd__inv_1)
     1    0.002106    0.024412    0.040657    3.646053 v g1266/Y (sky130_fd_sc_hd__inv_1)
                                                         n1306 (net)
                      0.024412    0.000046    3.646099 v g1267/B (sky130_fd_sc_hd__and2_1)
     2    0.008099    0.057141    0.174055    3.820153 v g1267/X (sky130_fd_sc_hd__and2_1)
                                                         n1307 (net)
                      0.057141    0.000199    3.820352 v g1275/A2 (sky130_fd_sc_hd__a21o_1)
     2    0.007518    0.053505    0.208632    4.028984 v g1275/X (sky130_fd_sc_hd__a21o_1)
                                                         n1315 (net)
                      0.053505    0.000265    4.029249 v g1283/A (sky130_fd_sc_hd__and2_1)
     2    0.007614    0.055201    0.165458    4.194707 v g1283/X (sky130_fd_sc_hd__and2_1)
                                                         n1323 (net)
                      0.055201    0.000183    4.194890 v g1291/A2 (sky130_fd_sc_hd__a21o_1)
     2    0.006407    0.048463    0.202383    4.397273 v g1291/X (sky130_fd_sc_hd__a21o_1)
                                                         n1331 (net)
                      0.048463    0.000240    4.397513 v g1296/A (sky130_fd_sc_hd__inv_1)
     1    0.002201    0.029999    0.048960    4.446473 ^ g1296/Y (sky130_fd_sc_hd__inv_1)
                                                         n1336 (net)
                      0.029999    0.000063    4.446536 ^ g1297/B (sky130_fd_sc_hd__and2_1)
     2    0.007956    0.090880    0.153115    4.599651 ^ g1297/X (sky130_fd_sc_hd__and2_1)
                                                         n1337 (net)
                      0.090880    0.000169    4.599820 ^ g1303/A2 (sky130_fd_sc_hd__a21o_1)
     2    0.006548    0.067892    0.147117    4.746936 ^ g1303/X (sky130_fd_sc_hd__a21o_1)
                                                         n1343 (net)
                      0.067892    0.000208    4.747145 ^ g1314/A (sky130_fd_sc_hd__inv_1)
     1    0.002258    0.023337    0.039774    4.786919 v g1314/Y (sky130_fd_sc_hd__inv_1)
                                                         n1354 (net)
                      0.023337    0.000071    4.786989 v g1315/B (sky130_fd_sc_hd__and2_1)
     2    0.009484    0.062294    0.179586    4.966575 v g1315/X (sky130_fd_sc_hd__and2_1)
                                                         n1355 (net)
                      0.062295    0.000352    4.966927 v g1323/A2 (sky130_fd_sc_hd__a21o_1)
     2    0.004553    0.040494    0.196238    5.163165 v g1323/X (sky130_fd_sc_hd__a21o_1)
                                                         n1363 (net)
                      0.040494    0.000117    5.163282 v g1328/A (sky130_fd_sc_hd__inv_1)
     1    0.001841    0.026762    0.043169    5.206451 ^ g1328/Y (sky130_fd_sc_hd__inv_1)
                                                         n1368 (net)
                      0.026762    0.000038    5.206489 ^ g1329/B (sky130_fd_sc_hd__and2_1)
     2    0.008931    0.099293    0.159073    5.365561 ^ g1329/X (sky130_fd_sc_hd__and2_1)
                                                         n1369 (net)
                      0.099293    0.000253    5.365815 ^ g1334/B (sky130_fd_sc_hd__xor2_1)
     2    0.004690    0.144366    0.181572    5.547386 ^ g1334/X (sky130_fd_sc_hd__xor2_1)
                                                         n1374 (net)
                      0.144366    0.000127    5.547513 ^ g1342/A (sky130_fd_sc_hd__inv_1)
     1    0.001775    0.034659    0.049742    5.597255 v g1342/Y (sky130_fd_sc_hd__inv_1)
                                                         n1382 (net)
                      0.034659    0.000051    5.597306 v g1343/B (sky130_fd_sc_hd__and2_1)
     1    0.011867    0.072152    0.194035    5.791340 v g1343/X (sky130_fd_sc_hd__and2_1)
                                                         zN[13] (net)
                      0.072152    0.000351    5.791691 v zN[13] (out)
                                              5.791691   data arrival time

                      0.000000   10.000000   10.000000   clock __VIRTUAL_CLK__ (rise edge)
                                  0.000000   10.000000   clock network delay (ideal)
                                  0.000000   10.000000   clock reconvergence pessimism
                                  0.000000   10.000000   output external delay
                                             10.000000   data required time
---------------------------------------------------------------------------------------------
                                             10.000000   data required time
                                             -5.791691   data arrival time
---------------------------------------------------------------------------------------------
                                              4.208309   slack (MET)


Startpoint: yN[2] (input port clocked by __VIRTUAL_CLK__)
Endpoint: zP[12] (output port clocked by __VIRTUAL_CLK__)
Path Group: __VIRTUAL_CLK__
Path Type: max

Fanout         Cap        Slew       Delay        Time   Description
---------------------------------------------------------------------------------------------
                      0.000000    0.000000    0.000000   clock __VIRTUAL_CLK__ (rise edge)
                                  0.000000    0.000000   clock network delay (ideal)
                                  0.000000    0.000000 v input external delay
    20    0.096011    0.211382    0.161137    0.161137 v yN[2] (in)
                                                         yN[2] (net)
                      0.211442    0.000000    0.161137 v g14/B (sky130_fd_sc_hd__and2_1)
     1    0.002060    0.032420    0.234118    0.395255 v g14/X (sky130_fd_sc_hd__and2_1)
                                                         n54 (net)
                      0.032420    0.000059    0.395314 v g17/A (sky130_fd_sc_hd__or2_1)
     2    0.006593    0.065168    0.250838    0.646152 v g17/X (sky130_fd_sc_hd__or2_1)
                                                         n57 (net)
                      0.065168    0.000181    0.646333 v g1078/A (sky130_fd_sc_hd__xor2_1)
     2    0.008088    0.204353    0.232790    0.879123 ^ g1078/X (sky130_fd_sc_hd__xor2_1)
                                                         n1118 (net)
                      0.204353    0.000283    0.879406 ^ g1160/B (sky130_fd_sc_hd__xor2_1)
     2    0.008168    0.205800    0.246712    1.126118 ^ g1160/X (sky130_fd_sc_hd__xor2_1)
                                                         n1200 (net)
                      0.205800    0.000174    1.126292 ^ g1163/A1 (sky130_fd_sc_hd__a21o_1)
     2    0.005407    0.058890    0.164065    1.290357 ^ g1163/X (sky130_fd_sc_hd__a21o_1)
                                                         n1203 (net)
                      0.058890    0.000157    1.290514 ^ g1168/A (sky130_fd_sc_hd__inv_1)
     1    0.001889    0.020606    0.036026    1.326540 v g1168/Y (sky130_fd_sc_hd__inv_1)
                                                         n1208 (net)
                      0.020606    0.000057    1.326597 v g1169/B (sky130_fd_sc_hd__and2_1)
     2    0.008557    0.058672    0.174654    1.501252 v g1169/X (sky130_fd_sc_hd__and2_1)
                                                         n1209 (net)
                      0.058672    0.000259    1.501510 v g1175/A2 (sky130_fd_sc_hd__a21o_1)
     2    0.004881    0.041847    0.196347    1.697857 v g1175/X (sky130_fd_sc_hd__a21o_1)
                                                         n1215 (net)
                      0.041847    0.000117    1.697973 v g1185/A (sky130_fd_sc_hd__and2_1)
     2    0.009699    0.063174    0.169450    1.867424 v g1185/X (sky130_fd_sc_hd__and2_1)
                                                         n1225 (net)
                      0.063174    0.000346    1.867770 v g1191/A2 (sky130_fd_sc_hd__a21o_1)
     2    0.004532    0.040407    0.196501    2.064271 v g1191/X (sky130_fd_sc_hd__a21o_1)
                                                         n1231 (net)
                      0.040407    0.000124    2.064395 v g1202/A (sky130_fd_sc_hd__inv_1)
     1    0.002447    0.030805    0.046866    2.111261 ^ g1202/Y (sky130_fd_sc_hd__inv_1)
                                                         n1242 (net)
                      0.030805    0.000073    2.111335 ^ g1203/B (sky130_fd_sc_hd__and2_1)
     2    0.010335    0.112167    0.170020    2.281355 ^ g1203/X (sky130_fd_sc_hd__and2_1)
                                                         n1243 (net)
                      0.112167    0.000290    2.281645 ^ g1211/A2 (sky130_fd_sc_hd__a21o_1)
     2    0.011321    0.106221    0.183894    2.465539 ^ g1211/X (sky130_fd_sc_hd__a21o_1)
                                                         n1251 (net)
                      0.106222    0.000545    2.466084 ^ g1216/A (sky130_fd_sc_hd__inv_1)
     1    0.002013    0.029650    0.046124    2.512208 v g1216/Y (sky130_fd_sc_hd__inv_1)
                                                         n1256 (net)
                      0.029650    0.000059    2.512267 v g1217/B (sky130_fd_sc_hd__and2_1)
     2    0.007303    0.053823    0.172718    2.684984 v g1217/X (sky130_fd_sc_hd__and2_1)
                                                         n1257 (net)
                      0.053823    0.000155    2.685140 v g1223/A2 (sky130_fd_sc_hd__a21o_1)
     2    0.006550    0.049086    0.202531    2.887671 v g1223/X (sky130_fd_sc_hd__a21o_1)
                                                         n1263 (net)
                      0.049086    0.000189    2.887860 v g1234/A (sky130_fd_sc_hd__inv_1)
     1    0.001978    0.028667    0.047867    2.935727 ^ g1234/Y (sky130_fd_sc_hd__inv_1)
                                                         n1274 (net)
                      0.028667    0.000057    2.935784 ^ g1235/B (sky130_fd_sc_hd__and2_1)
     2    0.008845    0.098539    0.159036    3.094820 ^ g1235/X (sky130_fd_sc_hd__and2_1)
                                                         n1275 (net)
                      0.098539    0.000310    3.095130 ^ g1243/A2 (sky130_fd_sc_hd__a21o_1)
     2    0.004598    0.052473    0.136967    3.232096 ^ g1243/X (sky130_fd_sc_hd__a21o_1)
                                                         n1283 (net)
                      0.052473    0.000113    3.232210 ^ g1248/A (sky130_fd_sc_hd__inv_1)
     1    0.001755    0.019083    0.034035    3.266245 v g1248/Y (sky130_fd_sc_hd__inv_1)
                                                         n1288 (net)
                      0.019083    0.000052    3.266296 v g1249/B (sky130_fd_sc_hd__and2_1)
     2    0.008212    0.057526    0.172414    3.438711 v g1249/X (sky130_fd_sc_hd__and2_1)
                                                         n1289 (net)
                      0.057526    0.000226    3.438936 v g1255/A2 (sky130_fd_sc_hd__a21o_1)
     2    0.007360    0.052794    0.207990    3.646926 v g1255/X (sky130_fd_sc_hd__a21o_1)
                                                         n1295 (net)
                      0.052795    0.000316    3.647242 v g1266/A (sky130_fd_sc_hd__inv_1)
     1    0.002235    0.030661    0.051115    3.698357 ^ g1266/Y (sky130_fd_sc_hd__inv_1)
                                                         n1306 (net)
                      0.030661    0.000049    3.698406 ^ g1267/B (sky130_fd_sc_hd__and2_1)
     2    0.008639    0.096764    0.158216    3.856622 ^ g1267/X (sky130_fd_sc_hd__and2_1)
                                                         n1307 (net)
                      0.096764    0.000213    3.856835 ^ g1275/A2 (sky130_fd_sc_hd__a21o_1)
     2    0.007755    0.077516    0.156693    4.013528 ^ g1275/X (sky130_fd_sc_hd__a21o_1)
                                                         n1315 (net)
                      0.077516    0.000268    4.013796 ^ g1280/A (sky130_fd_sc_hd__inv_1)
     1    0.001831    0.023809    0.039339    4.053134 v g1280/Y (sky130_fd_sc_hd__inv_1)
                                                         n1320 (net)
                      0.023809    0.000038    4.053173 v g1281/B (sky130_fd_sc_hd__and2_1)
     2    0.008384    0.058083    0.175113    4.228285 v g1281/X (sky130_fd_sc_hd__and2_1)
                                                         n1321 (net)
                      0.058083    0.000249    4.228534 v g1287/A2 (sky130_fd_sc_hd__a21o_1)
     2    0.005618    0.044985    0.199716    4.428250 v g1287/X (sky130_fd_sc_hd__a21o_1)
                                                         n1327 (net)
                      0.044985    0.000183    4.428433 v g1297/A (sky130_fd_sc_hd__and2_1)
     2    0.007416    0.054303    0.160831    4.589264 v g1297/X (sky130_fd_sc_hd__and2_1)
                                                         n1337 (net)
                      0.054303    0.000157    4.589421 v g1303/A2 (sky130_fd_sc_hd__a21o_1)
     2    0.006311    0.048021    0.201560    4.790981 v g1303/X (sky130_fd_sc_hd__a21o_1)
                                                         n1343 (net)
                      0.048021    0.000199    4.791180 v g1314/A (sky130_fd_sc_hd__inv_1)
     1    0.002387    0.031128    0.049901    4.841082 ^ g1314/Y (sky130_fd_sc_hd__inv_1)
                                                         n1354 (net)
                      0.031128    0.000075    4.841156 ^ g1315/B (sky130_fd_sc_hd__and2_1)
     2    0.010024    0.109307    0.167937    5.009094 ^ g1315/X (sky130_fd_sc_hd__and2_1)
                                                         n1355 (net)
                      0.109307    0.000380    5.009474 ^ g1322/B (sky130_fd_sc_hd__xor2_1)
     2    0.004537    0.141714    0.181520    5.190994 ^ g1322/X (sky130_fd_sc_hd__xor2_1)
                                                         n1362 (net)
                      0.141714    0.000125    5.191119 ^ g1324/A (sky130_fd_sc_hd__inv_1)
     1    0.002059    0.035476    0.051740    5.242860 v g1324/Y (sky130_fd_sc_hd__inv_1)
                                                         n1364 (net)
                      0.035476    0.000044    5.242903 v g1325/B (sky130_fd_sc_hd__and2_1)
     1    0.012063    0.072975    0.195160    5.438063 v g1325/X (sky130_fd_sc_hd__and2_1)
                                                         zP[12] (net)
                      0.072975    0.000385    5.438448 v zP[12] (out)
                                              5.438448   data arrival time

                      0.000000   10.000000   10.000000   clock __VIRTUAL_CLK__ (rise edge)
                                  0.000000   10.000000   clock network delay (ideal)
                                  0.000000   10.000000   clock reconvergence pessimism
                                  0.000000   10.000000   output external delay
                                             10.000000   data required time
---------------------------------------------------------------------------------------------
                                             10.000000   data required time
                                             -5.438448   data arrival time
---------------------------------------------------------------------------------------------
                                              4.561552   slack (MET)


Startpoint: yP[2] (input port clocked by __VIRTUAL_CLK__)
Endpoint: zN[12] (output port clocked by __VIRTUAL_CLK__)
Path Group: __VIRTUAL_CLK__
Path Type: max

Fanout         Cap        Slew       Delay        Time   Description
---------------------------------------------------------------------------------------------
                      0.000000    0.000000    0.000000   clock __VIRTUAL_CLK__ (rise edge)
                                  0.000000    0.000000   clock network delay (ideal)
                                  0.000000    0.000000 v input external delay
    20    0.090979    0.201185    0.148701    0.148701 v yP[2] (in)
                                                         yP[2] (net)
                      0.201198    0.000000    0.148701 v g12/B (sky130_fd_sc_hd__and2_1)
     1    0.001743    0.031152    0.227080    0.375781 v g12/X (sky130_fd_sc_hd__and2_1)
                                                         n52 (net)
                      0.031152    0.000036    0.375817 v g16/A (sky130_fd_sc_hd__or2_1)
     2    0.007406    0.069165    0.255331    0.631147 v g16/X (sky130_fd_sc_hd__or2_1)
                                                         n56 (net)
                      0.069165    0.000174    0.631321 v g808/A (sky130_fd_sc_hd__xor2_1)
     2    0.008035    0.203403    0.233809    0.865130 ^ g808/X (sky130_fd_sc_hd__xor2_1)
                                                         n848 (net)
                      0.203403    0.000177    0.865307 ^ g1156/B (sky130_fd_sc_hd__xor2_1)
     2    0.007788    0.198980    0.241274    1.106581 ^ g1156/X (sky130_fd_sc_hd__xor2_1)
                                                         n1196 (net)
                      0.198980    0.000088    1.106669 ^ g1159/A1 (sky130_fd_sc_hd__a21o_1)
     2    0.006488    0.067394    0.169563    1.276232 ^ g1159/X (sky130_fd_sc_hd__a21o_1)
                                                         n1199 (net)
                      0.067394    0.000216    1.276448 ^ g1170/A (sky130_fd_sc_hd__inv_1)
     1    0.002049    0.022610    0.038559    1.315007 v g1170/Y (sky130_fd_sc_hd__inv_1)
                                                         n1210 (net)
                      0.022610    0.000043    1.315050 v g1171/B (sky130_fd_sc_hd__and2_1)
     2    0.007904    0.056509    0.172333    1.487383 v g1171/X (sky130_fd_sc_hd__and2_1)
                                                         n1211 (net)
                      0.056509    0.000221    1.487604 v g1179/A2 (sky130_fd_sc_hd__a21o_1)
     2    0.004920    0.041997    0.195664    1.683269 v g1179/X (sky130_fd_sc_hd__a21o_1)
                                                         n1219 (net)
                      0.041997    0.000087    1.683356 v g1184/A (sky130_fd_sc_hd__inv_1)
     1    0.002032    0.028204    0.045015    1.728371 ^ g1184/Y (sky130_fd_sc_hd__inv_1)
                                                         n1224 (net)
                      0.028204    0.000060    1.728431 ^ g1185/B (sky130_fd_sc_hd__and2_1)
     2    0.010239    0.111288    0.168486    1.896918 ^ g1185/X (sky130_fd_sc_hd__and2_1)
                                                         n1225 (net)
                      0.111288    0.000368    1.897285 ^ g1191/A2 (sky130_fd_sc_hd__a21o_1)
     2    0.004769    0.053835    0.142051    2.039337 ^ g1191/X (sky130_fd_sc_hd__a21o_1)
                                                         n1231 (net)
                      0.053835    0.000132    2.039469 ^ g1202/A (sky130_fd_sc_hd__inv_1)
     1    0.002318    0.020885    0.037131    2.076600 v g1202/Y (sky130_fd_sc_hd__inv_1)
                                                         n1242 (net)
                      0.020885    0.000069    2.076669 v g1203/B (sky130_fd_sc_hd__and2_1)
     2    0.009795    0.063555    0.179861    2.256530 v g1203/X (sky130_fd_sc_hd__and2_1)
                                                         n1243 (net)
                      0.063555    0.000273    2.256803 v g1211/A2 (sky130_fd_sc_hd__a21o_1)
     2    0.011084    0.066832    0.226966    2.483768 v g1211/X (sky130_fd_sc_hd__a21o_1)
                                                         n1251 (net)
                      0.066834    0.000528    2.484297 v g1216/A (sky130_fd_sc_hd__inv_1)
     1    0.002142    0.032978    0.055606    2.539903 ^ g1216/Y (sky130_fd_sc_hd__inv_1)
                                                         n1256 (net)
                      0.032978    0.000063    2.539965 ^ g1217/B (sky130_fd_sc_hd__and2_1)
     2    0.007843    0.089916    0.153256    2.693222 ^ g1217/X (sky130_fd_sc_hd__and2_1)
                                                         n1257 (net)
                      0.089916    0.000168    2.693389 ^ g1223/A2 (sky130_fd_sc_hd__a21o_1)
     2    0.006787    0.069764    0.148351    2.841741 ^ g1223/X (sky130_fd_sc_hd__a21o_1)
                                                         n1263 (net)
                      0.069764    0.000198    2.841938 ^ g1234/A (sky130_fd_sc_hd__inv_1)
     1    0.001849    0.022462    0.037932    2.879871 v g1234/Y (sky130_fd_sc_hd__inv_1)
                                                         n1274 (net)
                      0.022462    0.000053    2.879924 v g1235/B (sky130_fd_sc_hd__and2_1)
     2    0.008305    0.057820    0.174156    3.054079 v g1235/X (sky130_fd_sc_hd__and2_1)
                                                         n1275 (net)
                      0.057821    0.000289    3.054368 v g1243/A2 (sky130_fd_sc_hd__a21o_1)
     2    0.004361    0.039714    0.193448    3.247817 v g1243/X (sky130_fd_sc_hd__a21o_1)
                                                         n1283 (net)
                      0.039714    0.000106    3.247923 v g1248/A (sky130_fd_sc_hd__inv_1)
     1    0.001884    0.026950    0.043075    3.290998 ^ g1248/Y (sky130_fd_sc_hd__inv_1)
                                                         n1288 (net)
                      0.026950    0.000056    3.291053 ^ g1249/B (sky130_fd_sc_hd__and2_1)
     2    0.008752    0.097748    0.157815    3.448868 ^ g1249/X (sky130_fd_sc_hd__and2_1)
                                                         n1289 (net)
                      0.097748    0.000242    3.449110 ^ g1255/A2 (sky130_fd_sc_hd__a21o_1)
     2    0.007597    0.076225    0.155957    3.605067 ^ g1255/X (sky130_fd_sc_hd__a21o_1)
                                                         n1295 (net)
                      0.076225    0.000328    3.605395 ^ g1266/A (sky130_fd_sc_hd__inv_1)
     1    0.002106    0.024412    0.040657    3.646053 v g1266/Y (sky130_fd_sc_hd__inv_1)
                                                         n1306 (net)
                      0.024412    0.000046    3.646099 v g1267/B (sky130_fd_sc_hd__and2_1)
     2    0.008099    0.057141    0.174055    3.820153 v g1267/X (sky130_fd_sc_hd__and2_1)
                                                         n1307 (net)
                      0.057141    0.000199    3.820352 v g1275/A2 (sky130_fd_sc_hd__a21o_1)
     2    0.007518    0.053505    0.208632    4.028984 v g1275/X (sky130_fd_sc_hd__a21o_1)
                                                         n1315 (net)
                      0.053505    0.000257    4.029241 v g1280/A (sky130_fd_sc_hd__inv_1)
     1    0.001960    0.029107    0.049711    4.078952 ^ g1280/Y (sky130_fd_sc_hd__inv_1)
                                                         n1320 (net)
                      0.029107    0.000041    4.078994 ^ g1281/B (sky130_fd_sc_hd__and2_1)
     2    0.008924    0.099225    0.159749    4.238742 ^ g1281/X (sky130_fd_sc_hd__and2_1)
                                                         n1321 (net)
                      0.099225    0.000266    4.239009 ^ g1287/A2 (sky130_fd_sc_hd__a21o_1)
     2    0.005855    0.062356    0.145252    4.384261 ^ g1287/X (sky130_fd_sc_hd__a21o_1)
                                                         n1327 (net)
                      0.062356    0.000189    4.384450 ^ g1298/A (sky130_fd_sc_hd__inv_1)
     1    0.001715    0.020750    0.035804    4.420254 v g1298/Y (sky130_fd_sc_hd__inv_1)
                                                         n1338 (net)
                      0.020750    0.000035    4.420289 v g1299/B (sky130_fd_sc_hd__and2_1)
     2    0.007747    0.055810    0.170883    4.591172 v g1299/X (sky130_fd_sc_hd__and2_1)
                                                         n1339 (net)
                      0.055810    0.000196    4.591368 v g1307/A2 (sky130_fd_sc_hd__a21o_1)
     2    0.005342    0.043787    0.197435    4.788803 v g1307/X (sky130_fd_sc_hd__a21o_1)
                                                         n1347 (net)
                      0.043787    0.000148    4.788951 v g1312/A (sky130_fd_sc_hd__inv_1)
     1    0.001842    0.027168    0.044649    4.833600 ^ g1312/Y (sky130_fd_sc_hd__inv_1)
                                                         n1352 (net)
                      0.027168    0.000054    4.833654 ^ g1313/B (sky130_fd_sc_hd__and2_1)
     2    0.008595    0.096390    0.156785    4.990439 ^ g1313/X (sky130_fd_sc_hd__and2_1)
                                                         n1353 (net)
                      0.096390    0.000256    4.990695 ^ g1318/B (sky130_fd_sc_hd__xor2_1)
     2    0.004698    0.144496    0.181076    5.171772 ^ g1318/X (sky130_fd_sc_hd__xor2_1)
                                                         n1358 (net)
                      0.144496    0.000119    5.171891 ^ g1326/A (sky130_fd_sc_hd__inv_1)
     1    0.001727    0.034474    0.049365    5.221256 v g1326/Y (sky130_fd_sc_hd__inv_1)
                                                         n1366 (net)
                      0.034474    0.000050    5.221306 v g1327/B (sky130_fd_sc_hd__and2_1)
     1    0.012145    0.073321    0.195009    5.416315 v g1327/X (sky130_fd_sc_hd__and2_1)
                                                         zN[12] (net)
                      0.073322    0.000392    5.416707 v zN[12] (out)
                                              5.416707   data arrival time

                      0.000000   10.000000   10.000000   clock __VIRTUAL_CLK__ (rise edge)
                                  0.000000   10.000000   clock network delay (ideal)
                                  0.000000   10.000000   clock reconvergence pessimism
                                  0.000000   10.000000   output external delay
                                             10.000000   data required time
---------------------------------------------------------------------------------------------
                                             10.000000   data required time
                                             -5.416707   data arrival time
---------------------------------------------------------------------------------------------
                                              4.583293   slack (MET)


Startpoint: yN[2] (input port clocked by __VIRTUAL_CLK__)
Endpoint: zP[11] (output port clocked by __VIRTUAL_CLK__)
Path Group: __VIRTUAL_CLK__
Path Type: max

Fanout         Cap        Slew       Delay        Time   Description
---------------------------------------------------------------------------------------------
                      0.000000    0.000000    0.000000   clock __VIRTUAL_CLK__ (rise edge)
                                  0.000000    0.000000   clock network delay (ideal)
                                  0.000000    0.000000 v input external delay
    20    0.096011    0.211382    0.161137    0.161137 v yN[2] (in)
                                                         yN[2] (net)
                      0.211442    0.000000    0.161137 v g14/B (sky130_fd_sc_hd__and2_1)
     1    0.002060    0.032420    0.234118    0.395255 v g14/X (sky130_fd_sc_hd__and2_1)
                                                         n54 (net)
                      0.032420    0.000059    0.395314 v g17/A (sky130_fd_sc_hd__or2_1)
     2    0.006593    0.065168    0.250838    0.646152 v g17/X (sky130_fd_sc_hd__or2_1)
                                                         n57 (net)
                      0.065168    0.000181    0.646333 v g1078/A (sky130_fd_sc_hd__xor2_1)
     2    0.008088    0.204353    0.232790    0.879123 ^ g1078/X (sky130_fd_sc_hd__xor2_1)
                                                         n1118 (net)
                      0.204353    0.000283    0.879406 ^ g1160/B (sky130_fd_sc_hd__xor2_1)
     2    0.008168    0.205800    0.246712    1.126118 ^ g1160/X (sky130_fd_sc_hd__xor2_1)
                                                         n1200 (net)
                      0.205800    0.000174    1.126292 ^ g1163/A1 (sky130_fd_sc_hd__a21o_1)
     2    0.005407    0.058890    0.164065    1.290357 ^ g1163/X (sky130_fd_sc_hd__a21o_1)
                                                         n1203 (net)
                      0.058890    0.000157    1.290514 ^ g1168/A (sky130_fd_sc_hd__inv_1)
     1    0.001889    0.020606    0.036026    1.326540 v g1168/Y (sky130_fd_sc_hd__inv_1)
                                                         n1208 (net)
                      0.020606    0.000057    1.326597 v g1169/B (sky130_fd_sc_hd__and2_1)
     2    0.008557    0.058672    0.174654    1.501252 v g1169/X (sky130_fd_sc_hd__and2_1)
                                                         n1209 (net)
                      0.058672    0.000259    1.501510 v g1175/A2 (sky130_fd_sc_hd__a21o_1)
     2    0.004881    0.041847    0.196347    1.697857 v g1175/X (sky130_fd_sc_hd__a21o_1)
                                                         n1215 (net)
                      0.041847    0.000117    1.697973 v g1185/A (sky130_fd_sc_hd__and2_1)
     2    0.009699    0.063174    0.169450    1.867424 v g1185/X (sky130_fd_sc_hd__and2_1)
                                                         n1225 (net)
                      0.063174    0.000346    1.867770 v g1191/A2 (sky130_fd_sc_hd__a21o_1)
     2    0.004532    0.040407    0.196501    2.064271 v g1191/X (sky130_fd_sc_hd__a21o_1)
                                                         n1231 (net)
                      0.040407    0.000124    2.064395 v g1202/A (sky130_fd_sc_hd__inv_1)
     1    0.002447    0.030805    0.046866    2.111261 ^ g1202/Y (sky130_fd_sc_hd__inv_1)
                                                         n1242 (net)
                      0.030805    0.000073    2.111335 ^ g1203/B (sky130_fd_sc_hd__and2_1)
     2    0.010335    0.112167    0.170020    2.281355 ^ g1203/X (sky130_fd_sc_hd__and2_1)
                                                         n1243 (net)
                      0.112167    0.000290    2.281645 ^ g1211/A2 (sky130_fd_sc_hd__a21o_1)
     2    0.011321    0.106221    0.183894    2.465539 ^ g1211/X (sky130_fd_sc_hd__a21o_1)
                                                         n1251 (net)
                      0.106222    0.000545    2.466084 ^ g1216/A (sky130_fd_sc_hd__inv_1)
     1    0.002013    0.029650    0.046124    2.512208 v g1216/Y (sky130_fd_sc_hd__inv_1)
                                                         n1256 (net)
                      0.029650    0.000059    2.512267 v g1217/B (sky130_fd_sc_hd__and2_1)
     2    0.007303    0.053823    0.172718    2.684984 v g1217/X (sky130_fd_sc_hd__and2_1)
                                                         n1257 (net)
                      0.053823    0.000155    2.685140 v g1223/A2 (sky130_fd_sc_hd__a21o_1)
     2    0.006550    0.049086    0.202531    2.887671 v g1223/X (sky130_fd_sc_hd__a21o_1)
                                                         n1263 (net)
                      0.049086    0.000189    2.887860 v g1234/A (sky130_fd_sc_hd__inv_1)
     1    0.001978    0.028667    0.047867    2.935727 ^ g1234/Y (sky130_fd_sc_hd__inv_1)
                                                         n1274 (net)
                      0.028667    0.000057    2.935784 ^ g1235/B (sky130_fd_sc_hd__and2_1)
     2    0.008845    0.098539    0.159036    3.094820 ^ g1235/X (sky130_fd_sc_hd__and2_1)
                                                         n1275 (net)
                      0.098539    0.000310    3.095130 ^ g1243/A2 (sky130_fd_sc_hd__a21o_1)
     2    0.004598    0.052473    0.136967    3.232096 ^ g1243/X (sky130_fd_sc_hd__a21o_1)
                                                         n1283 (net)
                      0.052473    0.000113    3.232210 ^ g1248/A (sky130_fd_sc_hd__inv_1)
     1    0.001755    0.019083    0.034035    3.266245 v g1248/Y (sky130_fd_sc_hd__inv_1)
                                                         n1288 (net)
                      0.019083    0.000052    3.266296 v g1249/B (sky130_fd_sc_hd__and2_1)
     2    0.008212    0.057526    0.172414    3.438711 v g1249/X (sky130_fd_sc_hd__and2_1)
                                                         n1289 (net)
                      0.057526    0.000226    3.438936 v g1255/A2 (sky130_fd_sc_hd__a21o_1)
     2    0.007360    0.052794    0.207990    3.646926 v g1255/X (sky130_fd_sc_hd__a21o_1)
                                                         n1295 (net)
                      0.052795    0.000316    3.647242 v g1266/A (sky130_fd_sc_hd__inv_1)
     1    0.002235    0.030661    0.051115    3.698357 ^ g1266/Y (sky130_fd_sc_hd__inv_1)
                                                         n1306 (net)
                      0.030661    0.000049    3.698406 ^ g1267/B (sky130_fd_sc_hd__and2_1)
     2    0.008639    0.096764    0.158216    3.856622 ^ g1267/X (sky130_fd_sc_hd__and2_1)
                                                         n1307 (net)
                      0.096764    0.000213    3.856835 ^ g1275/A2 (sky130_fd_sc_hd__a21o_1)
     2    0.007755    0.077516    0.156693    4.013528 ^ g1275/X (sky130_fd_sc_hd__a21o_1)
                                                         n1315 (net)
                      0.077516    0.000268    4.013796 ^ g1280/A (sky130_fd_sc_hd__inv_1)
     1    0.001831    0.023809    0.039339    4.053134 v g1280/Y (sky130_fd_sc_hd__inv_1)
                                                         n1320 (net)
                      0.023809    0.000038    4.053173 v g1281/B (sky130_fd_sc_hd__and2_1)
     2    0.008384    0.058083    0.175113    4.228285 v g1281/X (sky130_fd_sc_hd__and2_1)
                                                         n1321 (net)
                      0.058083    0.000249    4.228534 v g1287/A2 (sky130_fd_sc_hd__a21o_1)
     2    0.005618    0.044985    0.199716    4.428250 v g1287/X (sky130_fd_sc_hd__a21o_1)
                                                         n1327 (net)
                      0.044985    0.000180    4.428430 v g1298/A (sky130_fd_sc_hd__inv_1)
     1    0.001844    0.027330    0.045207    4.473636 ^ g1298/Y (sky130_fd_sc_hd__inv_1)
                                                         n1338 (net)
                      0.027330    0.000038    4.473674 ^ g1299/B (sky130_fd_sc_hd__and2_1)
     2    0.008287    0.093738    0.154636    4.628311 ^ g1299/X (sky130_fd_sc_hd__and2_1)
                                                         n1339 (net)
                      0.093738    0.000254    4.628565 ^ g1306/B (sky130_fd_sc_hd__xor2_1)
     2    0.004510    0.141235    0.177828    4.806394 ^ g1306/X (sky130_fd_sc_hd__xor2_1)
                                                         n1346 (net)
                      0.141235    0.000079    4.806472 ^ g1308/A (sky130_fd_sc_hd__inv_1)
     1    0.001874    0.034647    0.050221    4.856693 v g1308/Y (sky130_fd_sc_hd__inv_1)
                                                         n1348 (net)
                      0.034647    0.000055    4.856748 v g1309/B (sky130_fd_sc_hd__and2_1)
     1    0.014572    0.083615    0.204361    5.061109 v g1309/X (sky130_fd_sc_hd__and2_1)
                                                         zP[11] (net)
                      0.083617    0.000566    5.061675 v zP[11] (out)
                                              5.061675   data arrival time

                      0.000000   10.000000   10.000000   clock __VIRTUAL_CLK__ (rise edge)
                                  0.000000   10.000000   clock network delay (ideal)
                                  0.000000   10.000000   clock reconvergence pessimism
                                  0.000000   10.000000   output external delay
                                             10.000000   data required time
---------------------------------------------------------------------------------------------
                                             10.000000   data required time
                                             -5.061675   data arrival time
---------------------------------------------------------------------------------------------
                                              4.938325   slack (MET)


Startpoint: yN[2] (input port clocked by __VIRTUAL_CLK__)
Endpoint: zN[11] (output port clocked by __VIRTUAL_CLK__)
Path Group: __VIRTUAL_CLK__
Path Type: max

Fanout         Cap        Slew       Delay        Time   Description
---------------------------------------------------------------------------------------------
                      0.000000    0.000000    0.000000   clock __VIRTUAL_CLK__ (rise edge)
                                  0.000000    0.000000   clock network delay (ideal)
                                  0.000000    0.000000 v input external delay
    20    0.096011    0.211382    0.161137    0.161137 v yN[2] (in)
                                                         yN[2] (net)
                      0.211442    0.000000    0.161137 v g14/B (sky130_fd_sc_hd__and2_1)
     1    0.002060    0.032420    0.234118    0.395255 v g14/X (sky130_fd_sc_hd__and2_1)
                                                         n54 (net)
                      0.032420    0.000059    0.395314 v g17/A (sky130_fd_sc_hd__or2_1)
     2    0.006593    0.065168    0.250838    0.646152 v g17/X (sky130_fd_sc_hd__or2_1)
                                                         n57 (net)
                      0.065168    0.000181    0.646333 v g1078/A (sky130_fd_sc_hd__xor2_1)
     2    0.008088    0.204353    0.232790    0.879123 ^ g1078/X (sky130_fd_sc_hd__xor2_1)
                                                         n1118 (net)
                      0.204353    0.000283    0.879406 ^ g1160/B (sky130_fd_sc_hd__xor2_1)
     2    0.008168    0.205800    0.246712    1.126118 ^ g1160/X (sky130_fd_sc_hd__xor2_1)
                                                         n1200 (net)
                      0.205800    0.000174    1.126292 ^ g1163/A1 (sky130_fd_sc_hd__a21o_1)
     2    0.005407    0.058890    0.164065    1.290357 ^ g1163/X (sky130_fd_sc_hd__a21o_1)
                                                         n1203 (net)
                      0.058890    0.000157    1.290514 ^ g1168/A (sky130_fd_sc_hd__inv_1)
     1    0.001889    0.020606    0.036026    1.326540 v g1168/Y (sky130_fd_sc_hd__inv_1)
                                                         n1208 (net)
                      0.020606    0.000057    1.326597 v g1169/B (sky130_fd_sc_hd__and2_1)
     2    0.008557    0.058672    0.174654    1.501252 v g1169/X (sky130_fd_sc_hd__and2_1)
                                                         n1209 (net)
                      0.058672    0.000259    1.501510 v g1175/A2 (sky130_fd_sc_hd__a21o_1)
     2    0.004881    0.041847    0.196347    1.697857 v g1175/X (sky130_fd_sc_hd__a21o_1)
                                                         n1215 (net)
                      0.041847    0.000117    1.697973 v g1185/A (sky130_fd_sc_hd__and2_1)
     2    0.009699    0.063174    0.169450    1.867424 v g1185/X (sky130_fd_sc_hd__and2_1)
                                                         n1225 (net)
                      0.063174    0.000346    1.867770 v g1191/A2 (sky130_fd_sc_hd__a21o_1)
     2    0.004532    0.040407    0.196501    2.064271 v g1191/X (sky130_fd_sc_hd__a21o_1)
                                                         n1231 (net)
                      0.040407    0.000124    2.064395 v g1202/A (sky130_fd_sc_hd__inv_1)
     1    0.002447    0.030805    0.046866    2.111261 ^ g1202/Y (sky130_fd_sc_hd__inv_1)
                                                         n1242 (net)
                      0.030805    0.000073    2.111335 ^ g1203/B (sky130_fd_sc_hd__and2_1)
     2    0.010335    0.112167    0.170020    2.281355 ^ g1203/X (sky130_fd_sc_hd__and2_1)
                                                         n1243 (net)
                      0.112167    0.000290    2.281645 ^ g1211/A2 (sky130_fd_sc_hd__a21o_1)
     2    0.011321    0.106221    0.183894    2.465539 ^ g1211/X (sky130_fd_sc_hd__a21o_1)
                                                         n1251 (net)
                      0.106222    0.000545    2.466084 ^ g1216/A (sky130_fd_sc_hd__inv_1)
     1    0.002013    0.029650    0.046124    2.512208 v g1216/Y (sky130_fd_sc_hd__inv_1)
                                                         n1256 (net)
                      0.029650    0.000059    2.512267 v g1217/B (sky130_fd_sc_hd__and2_1)
     2    0.007303    0.053823    0.172718    2.684984 v g1217/X (sky130_fd_sc_hd__and2_1)
                                                         n1257 (net)
                      0.053823    0.000155    2.685140 v g1223/A2 (sky130_fd_sc_hd__a21o_1)
     2    0.006550    0.049086    0.202531    2.887671 v g1223/X (sky130_fd_sc_hd__a21o_1)
                                                         n1263 (net)
                      0.049086    0.000189    2.887860 v g1234/A (sky130_fd_sc_hd__inv_1)
     1    0.001978    0.028667    0.047867    2.935727 ^ g1234/Y (sky130_fd_sc_hd__inv_1)
                                                         n1274 (net)
                      0.028667    0.000057    2.935784 ^ g1235/B (sky130_fd_sc_hd__and2_1)
     2    0.008845    0.098539    0.159036    3.094820 ^ g1235/X (sky130_fd_sc_hd__and2_1)
                                                         n1275 (net)
                      0.098539    0.000310    3.095130 ^ g1243/A2 (sky130_fd_sc_hd__a21o_1)
     2    0.004598    0.052473    0.136967    3.232096 ^ g1243/X (sky130_fd_sc_hd__a21o_1)
                                                         n1283 (net)
                      0.052473    0.000113    3.232210 ^ g1248/A (sky130_fd_sc_hd__inv_1)
     1    0.001755    0.019083    0.034035    3.266245 v g1248/Y (sky130_fd_sc_hd__inv_1)
                                                         n1288 (net)
                      0.019083    0.000052    3.266296 v g1249/B (sky130_fd_sc_hd__and2_1)
     2    0.008212    0.057526    0.172414    3.438711 v g1249/X (sky130_fd_sc_hd__and2_1)
                                                         n1289 (net)
                      0.057526    0.000226    3.438936 v g1255/A2 (sky130_fd_sc_hd__a21o_1)
     2    0.007360    0.052794    0.207990    3.646926 v g1255/X (sky130_fd_sc_hd__a21o_1)
                                                         n1295 (net)
                      0.052795    0.000316    3.647242 v g1266/A (sky130_fd_sc_hd__inv_1)
     1    0.002235    0.030661    0.051115    3.698357 ^ g1266/Y (sky130_fd_sc_hd__inv_1)
                                                         n1306 (net)
                      0.030661    0.000049    3.698406 ^ g1267/B (sky130_fd_sc_hd__and2_1)
     2    0.008639    0.096764    0.158216    3.856622 ^ g1267/X (sky130_fd_sc_hd__and2_1)
                                                         n1307 (net)
                      0.096764    0.000213    3.856835 ^ g1275/A2 (sky130_fd_sc_hd__a21o_1)
     2    0.007755    0.077516    0.156693    4.013528 ^ g1275/X (sky130_fd_sc_hd__a21o_1)
                                                         n1315 (net)
                      0.077516    0.000268    4.013796 ^ g1280/A (sky130_fd_sc_hd__inv_1)
     1    0.001831    0.023809    0.039339    4.053134 v g1280/Y (sky130_fd_sc_hd__inv_1)
                                                         n1320 (net)
                      0.023809    0.000038    4.053173 v g1281/B (sky130_fd_sc_hd__and2_1)
     2    0.008384    0.058083    0.175113    4.228285 v g1281/X (sky130_fd_sc_hd__and2_1)
                                                         n1321 (net)
                      0.058083    0.000249    4.228534 v g1287/A2 (sky130_fd_sc_hd__a21o_1)
     2    0.005618    0.044985    0.199716    4.428250 v g1287/X (sky130_fd_sc_hd__a21o_1)
                                                         n1327 (net)
                      0.044985    0.000180    4.428430 v g1298/A (sky130_fd_sc_hd__inv_1)
     1    0.001844    0.027330    0.045207    4.473636 ^ g1298/Y (sky130_fd_sc_hd__inv_1)
                                                         n1338 (net)
                      0.027330    0.000038    4.473674 ^ g1299/B (sky130_fd_sc_hd__and2_1)
     2    0.008287    0.093738    0.154636    4.628311 ^ g1299/X (sky130_fd_sc_hd__and2_1)
                                                         n1339 (net)
                      0.093738    0.000254    4.628565 ^ g1306/B (sky130_fd_sc_hd__xor2_1)
     2    0.004510    0.141235    0.177828    4.806394 ^ g1306/X (sky130_fd_sc_hd__xor2_1)
                                                         n1346 (net)
                      0.141235    0.000091    4.806484 ^ g1311/A (sky130_fd_sc_hd__and2_1)
     1    0.014880    0.154332    0.233676    5.040161 ^ g1311/X (sky130_fd_sc_hd__and2_1)
                                                         zN[11] (net)
                      0.154332    0.000452    5.040612 ^ zN[11] (out)
                                              5.040612   data arrival time

                      0.000000   10.000000   10.000000   clock __VIRTUAL_CLK__ (rise edge)
                                  0.000000   10.000000   clock network delay (ideal)
                                  0.000000   10.000000   clock reconvergence pessimism
                                  0.000000   10.000000   output external delay
                                             10.000000   data required time
---------------------------------------------------------------------------------------------
                                             10.000000   data required time
                                             -5.040612   data arrival time
---------------------------------------------------------------------------------------------
                                              4.959388   slack (MET)


Startpoint: yP[2] (input port clocked by __VIRTUAL_CLK__)
Endpoint: zN[10] (output port clocked by __VIRTUAL_CLK__)
Path Group: __VIRTUAL_CLK__
Path Type: max

Fanout         Cap        Slew       Delay        Time   Description
---------------------------------------------------------------------------------------------
                      0.000000    0.000000    0.000000   clock __VIRTUAL_CLK__ (rise edge)
                                  0.000000    0.000000   clock network delay (ideal)
                                  0.000000    0.000000 v input external delay
    20    0.090979    0.201185    0.148701    0.148701 v yP[2] (in)
                                                         yP[2] (net)
                      0.201198    0.000000    0.148701 v g12/B (sky130_fd_sc_hd__and2_1)
     1    0.001743    0.031152    0.227080    0.375781 v g12/X (sky130_fd_sc_hd__and2_1)
                                                         n52 (net)
                      0.031152    0.000036    0.375817 v g16/A (sky130_fd_sc_hd__or2_1)
     2    0.007406    0.069165    0.255331    0.631147 v g16/X (sky130_fd_sc_hd__or2_1)
                                                         n56 (net)
                      0.069165    0.000174    0.631321 v g808/A (sky130_fd_sc_hd__xor2_1)
     2    0.008035    0.203403    0.233809    0.865130 ^ g808/X (sky130_fd_sc_hd__xor2_1)
                                                         n848 (net)
                      0.203403    0.000177    0.865307 ^ g1156/B (sky130_fd_sc_hd__xor2_1)
     2    0.007788    0.198980    0.241274    1.106581 ^ g1156/X (sky130_fd_sc_hd__xor2_1)
                                                         n1196 (net)
                      0.198980    0.000088    1.106669 ^ g1159/A1 (sky130_fd_sc_hd__a21o_1)
     2    0.006488    0.067394    0.169563    1.276232 ^ g1159/X (sky130_fd_sc_hd__a21o_1)
                                                         n1199 (net)
                      0.067394    0.000216    1.276448 ^ g1170/A (sky130_fd_sc_hd__inv_1)
     1    0.002049    0.022610    0.038559    1.315007 v g1170/Y (sky130_fd_sc_hd__inv_1)
                                                         n1210 (net)
                      0.022610    0.000043    1.315050 v g1171/B (sky130_fd_sc_hd__and2_1)
     2    0.007904    0.056509    0.172333    1.487383 v g1171/X (sky130_fd_sc_hd__and2_1)
                                                         n1211 (net)
                      0.056509    0.000221    1.487604 v g1179/A2 (sky130_fd_sc_hd__a21o_1)
     2    0.004920    0.041997    0.195664    1.683269 v g1179/X (sky130_fd_sc_hd__a21o_1)
                                                         n1219 (net)
                      0.041997    0.000087    1.683356 v g1184/A (sky130_fd_sc_hd__inv_1)
     1    0.002032    0.028204    0.045015    1.728371 ^ g1184/Y (sky130_fd_sc_hd__inv_1)
                                                         n1224 (net)
                      0.028204    0.000060    1.728431 ^ g1185/B (sky130_fd_sc_hd__and2_1)
     2    0.010239    0.111288    0.168486    1.896918 ^ g1185/X (sky130_fd_sc_hd__and2_1)
                                                         n1225 (net)
                      0.111288    0.000368    1.897285 ^ g1191/A2 (sky130_fd_sc_hd__a21o_1)
     2    0.004769    0.053835    0.142051    2.039337 ^ g1191/X (sky130_fd_sc_hd__a21o_1)
                                                         n1231 (net)
                      0.053835    0.000132    2.039469 ^ g1202/A (sky130_fd_sc_hd__inv_1)
     1    0.002318    0.020885    0.037131    2.076600 v g1202/Y (sky130_fd_sc_hd__inv_1)
                                                         n1242 (net)
                      0.020885    0.000069    2.076669 v g1203/B (sky130_fd_sc_hd__and2_1)
     2    0.009795    0.063555    0.179861    2.256530 v g1203/X (sky130_fd_sc_hd__and2_1)
                                                         n1243 (net)
                      0.063555    0.000273    2.256803 v g1211/A2 (sky130_fd_sc_hd__a21o_1)
     2    0.011084    0.066832    0.226966    2.483768 v g1211/X (sky130_fd_sc_hd__a21o_1)
                                                         n1251 (net)
                      0.066834    0.000528    2.484297 v g1216/A (sky130_fd_sc_hd__inv_1)
     1    0.002142    0.032978    0.055606    2.539903 ^ g1216/Y (sky130_fd_sc_hd__inv_1)
                                                         n1256 (net)
                      0.032978    0.000063    2.539965 ^ g1217/B (sky130_fd_sc_hd__and2_1)
     2    0.007843    0.089916    0.153256    2.693222 ^ g1217/X (sky130_fd_sc_hd__and2_1)
                                                         n1257 (net)
                      0.089916    0.000168    2.693389 ^ g1223/A2 (sky130_fd_sc_hd__a21o_1)
     2    0.006787    0.069764    0.148351    2.841741 ^ g1223/X (sky130_fd_sc_hd__a21o_1)
                                                         n1263 (net)
                      0.069764    0.000198    2.841938 ^ g1234/A (sky130_fd_sc_hd__inv_1)
     1    0.001849    0.022462    0.037932    2.879871 v g1234/Y (sky130_fd_sc_hd__inv_1)
                                                         n1274 (net)
                      0.022462    0.000053    2.879924 v g1235/B (sky130_fd_sc_hd__and2_1)
     2    0.008305    0.057820    0.174156    3.054079 v g1235/X (sky130_fd_sc_hd__and2_1)
                                                         n1275 (net)
                      0.057821    0.000289    3.054368 v g1243/A2 (sky130_fd_sc_hd__a21o_1)
     2    0.004361    0.039714    0.193448    3.247817 v g1243/X (sky130_fd_sc_hd__a21o_1)
                                                         n1283 (net)
                      0.039714    0.000106    3.247923 v g1248/A (sky130_fd_sc_hd__inv_1)
     1    0.001884    0.026950    0.043075    3.290998 ^ g1248/Y (sky130_fd_sc_hd__inv_1)
                                                         n1288 (net)
                      0.026950    0.000056    3.291053 ^ g1249/B (sky130_fd_sc_hd__and2_1)
     2    0.008752    0.097748    0.157815    3.448868 ^ g1249/X (sky130_fd_sc_hd__and2_1)
                                                         n1289 (net)
                      0.097748    0.000242    3.449110 ^ g1255/A2 (sky130_fd_sc_hd__a21o_1)
     2    0.007597    0.076225    0.155957    3.605067 ^ g1255/X (sky130_fd_sc_hd__a21o_1)
                                                         n1295 (net)
                      0.076225    0.000328    3.605395 ^ g1266/A (sky130_fd_sc_hd__inv_1)
     1    0.002106    0.024412    0.040657    3.646053 v g1266/Y (sky130_fd_sc_hd__inv_1)
                                                         n1306 (net)
                      0.024412    0.000046    3.646099 v g1267/B (sky130_fd_sc_hd__and2_1)
     2    0.008099    0.057141    0.174055    3.820153 v g1267/X (sky130_fd_sc_hd__and2_1)
                                                         n1307 (net)
                      0.057141    0.000199    3.820352 v g1275/A2 (sky130_fd_sc_hd__a21o_1)
     2    0.007518    0.053505    0.208632    4.028984 v g1275/X (sky130_fd_sc_hd__a21o_1)
                                                         n1315 (net)
                      0.053505    0.000257    4.029241 v g1280/A (sky130_fd_sc_hd__inv_1)
     1    0.001960    0.029107    0.049711    4.078952 ^ g1280/Y (sky130_fd_sc_hd__inv_1)
                                                         n1320 (net)
                      0.029107    0.000041    4.078994 ^ g1281/B (sky130_fd_sc_hd__and2_1)
     2    0.008924    0.099225    0.159749    4.238742 ^ g1281/X (sky130_fd_sc_hd__and2_1)
                                                         n1321 (net)
                      0.099225    0.000298    4.239040 ^ g1286/B (sky130_fd_sc_hd__xor2_1)
     2    0.005133    0.152028    0.187902    4.426942 ^ g1286/X (sky130_fd_sc_hd__xor2_1)
                                                         n1326 (net)
                      0.152028    0.000124    4.427066 ^ g1294/A (sky130_fd_sc_hd__inv_1)
     1    0.001823    0.035891    0.050872    4.477939 v g1294/Y (sky130_fd_sc_hd__inv_1)
                                                         n1334 (net)
                      0.035891    0.000053    4.477992 v g1295/B (sky130_fd_sc_hd__and2_1)
     1    0.013099    0.077322    0.199380    4.677372 v g1295/X (sky130_fd_sc_hd__and2_1)
                                                         zN[10] (net)
                      0.077322    0.000341    4.677712 v zN[10] (out)
                                              4.677712   data arrival time

                      0.000000   10.000000   10.000000   clock __VIRTUAL_CLK__ (rise edge)
                                  0.000000   10.000000   clock network delay (ideal)
                                  0.000000   10.000000   clock reconvergence pessimism
                                  0.000000   10.000000   output external delay
                                             10.000000   data required time
---------------------------------------------------------------------------------------------
                                             10.000000   data required time
                                             -4.677712   data arrival time
---------------------------------------------------------------------------------------------
                                              5.322288   slack (MET)


Startpoint: yN[2] (input port clocked by __VIRTUAL_CLK__)
Endpoint: zP[10] (output port clocked by __VIRTUAL_CLK__)
Path Group: __VIRTUAL_CLK__
Path Type: max

Fanout         Cap        Slew       Delay        Time   Description
---------------------------------------------------------------------------------------------
                      0.000000    0.000000    0.000000   clock __VIRTUAL_CLK__ (rise edge)
                                  0.000000    0.000000   clock network delay (ideal)
                                  0.000000    0.000000 v input external delay
    20    0.096011    0.211382    0.161137    0.161137 v yN[2] (in)
                                                         yN[2] (net)
                      0.211442    0.000000    0.161137 v g14/B (sky130_fd_sc_hd__and2_1)
     1    0.002060    0.032420    0.234118    0.395255 v g14/X (sky130_fd_sc_hd__and2_1)
                                                         n54 (net)
                      0.032420    0.000059    0.395314 v g17/A (sky130_fd_sc_hd__or2_1)
     2    0.006593    0.065168    0.250838    0.646152 v g17/X (sky130_fd_sc_hd__or2_1)
                                                         n57 (net)
                      0.065168    0.000181    0.646333 v g1078/A (sky130_fd_sc_hd__xor2_1)
     2    0.008088    0.204353    0.232790    0.879123 ^ g1078/X (sky130_fd_sc_hd__xor2_1)
                                                         n1118 (net)
                      0.204353    0.000283    0.879406 ^ g1160/B (sky130_fd_sc_hd__xor2_1)
     2    0.008168    0.205800    0.246712    1.126118 ^ g1160/X (sky130_fd_sc_hd__xor2_1)
                                                         n1200 (net)
                      0.205800    0.000174    1.126292 ^ g1163/A1 (sky130_fd_sc_hd__a21o_1)
     2    0.005407    0.058890    0.164065    1.290357 ^ g1163/X (sky130_fd_sc_hd__a21o_1)
                                                         n1203 (net)
                      0.058890    0.000157    1.290514 ^ g1168/A (sky130_fd_sc_hd__inv_1)
     1    0.001889    0.020606    0.036026    1.326540 v g1168/Y (sky130_fd_sc_hd__inv_1)
                                                         n1208 (net)
                      0.020606    0.000057    1.326597 v g1169/B (sky130_fd_sc_hd__and2_1)
     2    0.008557    0.058672    0.174654    1.501252 v g1169/X (sky130_fd_sc_hd__and2_1)
                                                         n1209 (net)
                      0.058672    0.000259    1.501510 v g1175/A2 (sky130_fd_sc_hd__a21o_1)
     2    0.004881    0.041847    0.196347    1.697857 v g1175/X (sky130_fd_sc_hd__a21o_1)
                                                         n1215 (net)
                      0.041847    0.000117    1.697973 v g1185/A (sky130_fd_sc_hd__and2_1)
     2    0.009699    0.063174    0.169450    1.867424 v g1185/X (sky130_fd_sc_hd__and2_1)
                                                         n1225 (net)
                      0.063174    0.000346    1.867770 v g1191/A2 (sky130_fd_sc_hd__a21o_1)
     2    0.004532    0.040407    0.196501    2.064271 v g1191/X (sky130_fd_sc_hd__a21o_1)
                                                         n1231 (net)
                      0.040407    0.000124    2.064395 v g1202/A (sky130_fd_sc_hd__inv_1)
     1    0.002447    0.030805    0.046866    2.111261 ^ g1202/Y (sky130_fd_sc_hd__inv_1)
                                                         n1242 (net)
                      0.030805    0.000073    2.111335 ^ g1203/B (sky130_fd_sc_hd__and2_1)
     2    0.010335    0.112167    0.170020    2.281355 ^ g1203/X (sky130_fd_sc_hd__and2_1)
                                                         n1243 (net)
                      0.112167    0.000290    2.281645 ^ g1211/A2 (sky130_fd_sc_hd__a21o_1)
     2    0.011321    0.106221    0.183894    2.465539 ^ g1211/X (sky130_fd_sc_hd__a21o_1)
                                                         n1251 (net)
                      0.106222    0.000545    2.466084 ^ g1216/A (sky130_fd_sc_hd__inv_1)
     1    0.002013    0.029650    0.046124    2.512208 v g1216/Y (sky130_fd_sc_hd__inv_1)
                                                         n1256 (net)
                      0.029650    0.000059    2.512267 v g1217/B (sky130_fd_sc_hd__and2_1)
     2    0.007303    0.053823    0.172718    2.684984 v g1217/X (sky130_fd_sc_hd__and2_1)
                                                         n1257 (net)
                      0.053823    0.000155    2.685140 v g1223/A2 (sky130_fd_sc_hd__a21o_1)
     2    0.006550    0.049086    0.202531    2.887671 v g1223/X (sky130_fd_sc_hd__a21o_1)
                                                         n1263 (net)
                      0.049086    0.000196    2.887867 v g1233/A (sky130_fd_sc_hd__and2_1)
     2    0.007398    0.054228    0.162540    3.050407 v g1233/X (sky130_fd_sc_hd__and2_1)
                                                         n1273 (net)
                      0.054228    0.000099    3.050506 v g1239/A2 (sky130_fd_sc_hd__a21o_1)
     2    0.005502    0.044473    0.197547    3.248053 v g1239/X (sky130_fd_sc_hd__a21o_1)
                                                         n1279 (net)
                      0.044473    0.000187    3.248241 v g1250/A (sky130_fd_sc_hd__inv_1)
     1    0.002201    0.029585    0.047177    3.295418 ^ g1250/Y (sky130_fd_sc_hd__inv_1)
                                                         n1290 (net)
                      0.029585    0.000047    3.295465 ^ g1251/B (sky130_fd_sc_hd__and2_1)
     2    0.009242    0.102130    0.162092    3.457557 ^ g1251/X (sky130_fd_sc_hd__and2_1)
                                                         n1291 (net)
                      0.102130    0.000291    3.457848 ^ g1259/A2 (sky130_fd_sc_hd__a21o_1)
     2    0.006145    0.064626    0.148026    3.605874 ^ g1259/X (sky130_fd_sc_hd__a21o_1)
                                                         n1299 (net)
                      0.064626    0.000187    3.606062 ^ g1264/A (sky130_fd_sc_hd__inv_1)
     1    0.001837    0.021500    0.036871    3.642933 v g1264/Y (sky130_fd_sc_hd__inv_1)
                                                         n1304 (net)
                      0.021500    0.000055    3.642987 v g1265/B (sky130_fd_sc_hd__and2_1)
     2    0.008887    0.059865    0.176551    3.819539 v g1265/X (sky130_fd_sc_hd__and2_1)
                                                         n1305 (net)
                      0.059865    0.000281    3.819820 v g1271/A2 (sky130_fd_sc_hd__a21o_1)
     2    0.005173    0.043069    0.198271    4.018090 v g1271/X (sky130_fd_sc_hd__a21o_1)
                                                         n1311 (net)
                      0.043069    0.000152    4.018243 v g1282/A (sky130_fd_sc_hd__inv_1)
     1    0.002588    0.031981    0.048931    4.067173 ^ g1282/Y (sky130_fd_sc_hd__inv_1)
                                                         n1322 (net)
                      0.031982    0.000063    4.067236 ^ g1283/B (sky130_fd_sc_hd__and2_1)
     2    0.008154    0.092595    0.155164    4.222400 ^ g1283/X (sky130_fd_sc_hd__and2_1)
                                                         n1323 (net)
                      0.092595    0.000244    4.222645 ^ g1290/B (sky130_fd_sc_hd__xor2_1)
     2    0.004811    0.146451    0.181875    4.404520 ^ g1290/X (sky130_fd_sc_hd__xor2_1)
                                                         n1330 (net)
                      0.146451    0.000140    4.404660 ^ g1292/A (sky130_fd_sc_hd__inv_1)
     1    0.002093    0.036272    0.052509    4.457169 v g1292/Y (sky130_fd_sc_hd__inv_1)
                                                         n1332 (net)
                      0.036272    0.000045    4.457213 v g1293/B (sky130_fd_sc_hd__and2_1)
     1    0.013526    0.079136    0.201180    4.658394 v g1293/X (sky130_fd_sc_hd__and2_1)
                                                         zP[10] (net)
                      0.079136    0.000392    4.658786 v zP[10] (out)
                                              4.658786   data arrival time

                      0.000000   10.000000   10.000000   clock __VIRTUAL_CLK__ (rise edge)
                                  0.000000   10.000000   clock network delay (ideal)
                                  0.000000   10.000000   clock reconvergence pessimism
                                  0.000000   10.000000   output external delay
                                             10.000000   data required time
---------------------------------------------------------------------------------------------
                                             10.000000   data required time
                                             -4.658786   data arrival time
---------------------------------------------------------------------------------------------
                                              5.341214   slack (MET)


Startpoint: yN[2] (input port clocked by __VIRTUAL_CLK__)
Endpoint: zP[9] (output port clocked by __VIRTUAL_CLK__)
Path Group: __VIRTUAL_CLK__
Path Type: max

Fanout         Cap        Slew       Delay        Time   Description
---------------------------------------------------------------------------------------------
                      0.000000    0.000000    0.000000   clock __VIRTUAL_CLK__ (rise edge)
                                  0.000000    0.000000   clock network delay (ideal)
                                  0.000000    0.000000 v input external delay
    20    0.096011    0.211382    0.161137    0.161137 v yN[2] (in)
                                                         yN[2] (net)
                      0.211442    0.000000    0.161137 v g14/B (sky130_fd_sc_hd__and2_1)
     1    0.002060    0.032420    0.234118    0.395255 v g14/X (sky130_fd_sc_hd__and2_1)
                                                         n54 (net)
                      0.032420    0.000059    0.395314 v g17/A (sky130_fd_sc_hd__or2_1)
     2    0.006593    0.065168    0.250838    0.646152 v g17/X (sky130_fd_sc_hd__or2_1)
                                                         n57 (net)
                      0.065168    0.000181    0.646333 v g1078/A (sky130_fd_sc_hd__xor2_1)
     2    0.008088    0.204353    0.232790    0.879123 ^ g1078/X (sky130_fd_sc_hd__xor2_1)
                                                         n1118 (net)
                      0.204353    0.000283    0.879406 ^ g1160/B (sky130_fd_sc_hd__xor2_1)
     2    0.008168    0.205800    0.246712    1.126118 ^ g1160/X (sky130_fd_sc_hd__xor2_1)
                                                         n1200 (net)
                      0.205800    0.000174    1.126292 ^ g1163/A1 (sky130_fd_sc_hd__a21o_1)
     2    0.005407    0.058890    0.164065    1.290357 ^ g1163/X (sky130_fd_sc_hd__a21o_1)
                                                         n1203 (net)
                      0.058890    0.000157    1.290514 ^ g1168/A (sky130_fd_sc_hd__inv_1)
     1    0.001889    0.020606    0.036026    1.326540 v g1168/Y (sky130_fd_sc_hd__inv_1)
                                                         n1208 (net)
                      0.020606    0.000057    1.326597 v g1169/B (sky130_fd_sc_hd__and2_1)
     2    0.008557    0.058672    0.174654    1.501252 v g1169/X (sky130_fd_sc_hd__and2_1)
                                                         n1209 (net)
                      0.058672    0.000259    1.501510 v g1175/A2 (sky130_fd_sc_hd__a21o_1)
     2    0.004881    0.041847    0.196347    1.697857 v g1175/X (sky130_fd_sc_hd__a21o_1)
                                                         n1215 (net)
                      0.041847    0.000117    1.697973 v g1185/A (sky130_fd_sc_hd__and2_1)
     2    0.009699    0.063174    0.169450    1.867424 v g1185/X (sky130_fd_sc_hd__and2_1)
                                                         n1225 (net)
                      0.063174    0.000346    1.867770 v g1191/A2 (sky130_fd_sc_hd__a21o_1)
     2    0.004532    0.040407    0.196501    2.064271 v g1191/X (sky130_fd_sc_hd__a21o_1)
                                                         n1231 (net)
                      0.040407    0.000124    2.064395 v g1202/A (sky130_fd_sc_hd__inv_1)
     1    0.002447    0.030805    0.046866    2.111261 ^ g1202/Y (sky130_fd_sc_hd__inv_1)
                                                         n1242 (net)
                      0.030805    0.000073    2.111335 ^ g1203/B (sky130_fd_sc_hd__and2_1)
     2    0.010335    0.112167    0.170020    2.281355 ^ g1203/X (sky130_fd_sc_hd__and2_1)
                                                         n1243 (net)
                      0.112167    0.000290    2.281645 ^ g1211/A2 (sky130_fd_sc_hd__a21o_1)
     2    0.011321    0.106221    0.183894    2.465539 ^ g1211/X (sky130_fd_sc_hd__a21o_1)
                                                         n1251 (net)
                      0.106222    0.000545    2.466084 ^ g1216/A (sky130_fd_sc_hd__inv_1)
     1    0.002013    0.029650    0.046124    2.512208 v g1216/Y (sky130_fd_sc_hd__inv_1)
                                                         n1256 (net)
                      0.029650    0.000059    2.512267 v g1217/B (sky130_fd_sc_hd__and2_1)
     2    0.007303    0.053823    0.172718    2.684984 v g1217/X (sky130_fd_sc_hd__and2_1)
                                                         n1257 (net)
                      0.053823    0.000155    2.685140 v g1223/A2 (sky130_fd_sc_hd__a21o_1)
     2    0.006550    0.049086    0.202531    2.887671 v g1223/X (sky130_fd_sc_hd__a21o_1)
                                                         n1263 (net)
                      0.049086    0.000189    2.887860 v g1234/A (sky130_fd_sc_hd__inv_1)
     1    0.001978    0.028667    0.047867    2.935727 ^ g1234/Y (sky130_fd_sc_hd__inv_1)
                                                         n1274 (net)
                      0.028667    0.000057    2.935784 ^ g1235/B (sky130_fd_sc_hd__and2_1)
     2    0.008845    0.098539    0.159036    3.094820 ^ g1235/X (sky130_fd_sc_hd__and2_1)
                                                         n1275 (net)
                      0.098539    0.000310    3.095130 ^ g1243/A2 (sky130_fd_sc_hd__a21o_1)
     2    0.004598    0.052473    0.136967    3.232096 ^ g1243/X (sky130_fd_sc_hd__a21o_1)
                                                         n1283 (net)
                      0.052473    0.000113    3.232210 ^ g1248/A (sky130_fd_sc_hd__inv_1)
     1    0.001755    0.019083    0.034035    3.266245 v g1248/Y (sky130_fd_sc_hd__inv_1)
                                                         n1288 (net)
                      0.019083    0.000052    3.266296 v g1249/B (sky130_fd_sc_hd__and2_1)
     2    0.008212    0.057526    0.172414    3.438711 v g1249/X (sky130_fd_sc_hd__and2_1)
                                                         n1289 (net)
                      0.057526    0.000226    3.438936 v g1255/A2 (sky130_fd_sc_hd__a21o_1)
     2    0.007360    0.052794    0.207990    3.646926 v g1255/X (sky130_fd_sc_hd__a21o_1)
                                                         n1295 (net)
                      0.052795    0.000316    3.647242 v g1266/A (sky130_fd_sc_hd__inv_1)
     1    0.002235    0.030661    0.051115    3.698357 ^ g1266/Y (sky130_fd_sc_hd__inv_1)
                                                         n1306 (net)
                      0.030661    0.000049    3.698406 ^ g1267/B (sky130_fd_sc_hd__and2_1)
     2    0.008639    0.096764    0.158216    3.856622 ^ g1267/X (sky130_fd_sc_hd__and2_1)
                                                         n1307 (net)
                      0.096764    0.000270    3.856892 ^ g1274/B (sky130_fd_sc_hd__xor2_1)
     2    0.004885    0.147733    0.183827    4.040719 ^ g1274/X (sky130_fd_sc_hd__xor2_1)
                                                         n1314 (net)
                      0.147733    0.000134    4.040853 ^ g1276/A (sky130_fd_sc_hd__inv_1)
     1    0.001772    0.035096    0.050039    4.090892 v g1276/Y (sky130_fd_sc_hd__inv_1)
                                                         n1316 (net)
                      0.035096    0.000051    4.090942 v g1277/B (sky130_fd_sc_hd__and2_1)
     1    0.012156    0.073357    0.195362    4.286304 v g1277/X (sky130_fd_sc_hd__and2_1)
                                                         zP[9] (net)
                      0.073358    0.000344    4.286648 v zP[9] (out)
                                              4.286648   data arrival time

                      0.000000   10.000000   10.000000   clock __VIRTUAL_CLK__ (rise edge)
                                  0.000000   10.000000   clock network delay (ideal)
                                  0.000000   10.000000   clock reconvergence pessimism
                                  0.000000   10.000000   output external delay
                                             10.000000   data required time
---------------------------------------------------------------------------------------------
                                             10.000000   data required time
                                             -4.286648   data arrival time
---------------------------------------------------------------------------------------------
                                              5.713352   slack (MET)


Startpoint: yP[2] (input port clocked by __VIRTUAL_CLK__)
Endpoint: zN[9] (output port clocked by __VIRTUAL_CLK__)
Path Group: __VIRTUAL_CLK__
Path Type: max

Fanout         Cap        Slew       Delay        Time   Description
---------------------------------------------------------------------------------------------
                      0.000000    0.000000    0.000000   clock __VIRTUAL_CLK__ (rise edge)
                                  0.000000    0.000000   clock network delay (ideal)
                                  0.000000    0.000000 v input external delay
    20    0.090979    0.201185    0.148701    0.148701 v yP[2] (in)
                                                         yP[2] (net)
                      0.201198    0.000000    0.148701 v g12/B (sky130_fd_sc_hd__and2_1)
     1    0.001743    0.031152    0.227080    0.375781 v g12/X (sky130_fd_sc_hd__and2_1)
                                                         n52 (net)
                      0.031152    0.000036    0.375817 v g16/A (sky130_fd_sc_hd__or2_1)
     2    0.007406    0.069165    0.255331    0.631147 v g16/X (sky130_fd_sc_hd__or2_1)
                                                         n56 (net)
                      0.069165    0.000174    0.631321 v g808/A (sky130_fd_sc_hd__xor2_1)
     2    0.008035    0.203403    0.233809    0.865130 ^ g808/X (sky130_fd_sc_hd__xor2_1)
                                                         n848 (net)
                      0.203403    0.000177    0.865307 ^ g1156/B (sky130_fd_sc_hd__xor2_1)
     2    0.007788    0.198980    0.241274    1.106581 ^ g1156/X (sky130_fd_sc_hd__xor2_1)
                                                         n1196 (net)
                      0.198980    0.000088    1.106669 ^ g1159/A1 (sky130_fd_sc_hd__a21o_1)
     2    0.006488    0.067394    0.169563    1.276232 ^ g1159/X (sky130_fd_sc_hd__a21o_1)
                                                         n1199 (net)
                      0.067394    0.000216    1.276448 ^ g1170/A (sky130_fd_sc_hd__inv_1)
     1    0.002049    0.022610    0.038559    1.315007 v g1170/Y (sky130_fd_sc_hd__inv_1)
                                                         n1210 (net)
                      0.022610    0.000043    1.315050 v g1171/B (sky130_fd_sc_hd__and2_1)
     2    0.007904    0.056509    0.172333    1.487383 v g1171/X (sky130_fd_sc_hd__and2_1)
                                                         n1211 (net)
                      0.056509    0.000221    1.487604 v g1179/A2 (sky130_fd_sc_hd__a21o_1)
     2    0.004920    0.041997    0.195664    1.683269 v g1179/X (sky130_fd_sc_hd__a21o_1)
                                                         n1219 (net)
                      0.041997    0.000107    1.683376 v g1187/A (sky130_fd_sc_hd__and2_1)
     2    0.008065    0.057011    0.162600    1.845976 v g1187/X (sky130_fd_sc_hd__and2_1)
                                                         n1227 (net)
                      0.057011    0.000171    1.846147 v g1195/A2 (sky130_fd_sc_hd__a21o_1)
     2    0.005262    0.043441    0.197531    2.043678 v g1195/X (sky130_fd_sc_hd__a21o_1)
                                                         n1235 (net)
                      0.043441    0.000158    2.043837 v g1200/A (sky130_fd_sc_hd__inv_1)
     1    0.002102    0.028826    0.046096    2.089932 ^ g1200/Y (sky130_fd_sc_hd__inv_1)
                                                         n1240 (net)
                      0.028827    0.000063    2.089995 ^ g1201/B (sky130_fd_sc_hd__and2_1)
     2    0.013592    0.142274    0.191709    2.281704 ^ g1201/X (sky130_fd_sc_hd__and2_1)
                                                         n1241 (net)
                      0.142274    0.000591    2.282295 ^ g1207/A2 (sky130_fd_sc_hd__a21o_1)
     2    0.009388    0.090448    0.179737    2.462033 ^ g1207/X (sky130_fd_sc_hd__a21o_1)
                                                         n1247 (net)
                      0.090448    0.000393    2.462426 ^ g1218/A (sky130_fd_sc_hd__inv_1)
     1    0.002053    0.026879    0.043215    2.505641 v g1218/Y (sky130_fd_sc_hd__inv_1)
                                                         n1258 (net)
                      0.026880    0.000060    2.505702 v g1219/B (sky130_fd_sc_hd__and2_1)
     2    0.007363    0.054080    0.171730    2.677431 v g1219/X (sky130_fd_sc_hd__and2_1)
                                                         n1259 (net)
                      0.054080    0.000170    2.677601 v g1227/A2 (sky130_fd_sc_hd__a21o_1)
     2    0.004100    0.038665    0.190628    2.868229 v g1227/X (sky130_fd_sc_hd__a21o_1)
                                                         n1267 (net)
                      0.038665    0.000071    2.868300 v g1232/A (sky130_fd_sc_hd__inv_1)
     1    0.001819    0.026388    0.042206    2.910506 ^ g1232/Y (sky130_fd_sc_hd__inv_1)
                                                         n1272 (net)
                      0.026388    0.000053    2.910559 ^ g1233/B (sky130_fd_sc_hd__and2_1)
     2    0.007938    0.090727    0.151856    3.062416 ^ g1233/X (sky130_fd_sc_hd__and2_1)
                                                         n1273 (net)
                      0.090727    0.000107    3.062522 ^ g1239/A2 (sky130_fd_sc_hd__a21o_1)
     2    0.005739    0.061471    0.141849    3.204371 ^ g1239/X (sky130_fd_sc_hd__a21o_1)
                                                         n1279 (net)
                      0.061471    0.000197    3.204568 ^ g1250/A (sky130_fd_sc_hd__inv_1)
     1    0.002072    0.021578    0.037482    3.242050 v g1250/Y (sky130_fd_sc_hd__inv_1)
                                                         n1290 (net)
                      0.021578    0.000044    3.242095 v g1251/B (sky130_fd_sc_hd__and2_1)
     2    0.008702    0.059186    0.175706    3.417801 v g1251/X (sky130_fd_sc_hd__and2_1)
                                                         n1291 (net)
                      0.059186    0.000272    3.418073 v g1259/A2 (sky130_fd_sc_hd__a21o_1)
     2    0.005908    0.046247    0.201597    3.619670 v g1259/X (sky130_fd_sc_hd__a21o_1)
                                                         n1299 (net)
                      0.046247    0.000179    3.619848 v g1264/A (sky130_fd_sc_hd__inv_1)
     1    0.001966    0.028263    0.046518    3.666366 ^ g1264/Y (sky130_fd_sc_hd__inv_1)
                                                         n1304 (net)
                      0.028263    0.000059    3.666425 ^ g1265/B (sky130_fd_sc_hd__and2_1)
     2    0.009427    0.103827    0.162944    3.829369 ^ g1265/X (sky130_fd_sc_hd__and2_1)
                                                         n1305 (net)
                      0.103827    0.000315    3.829685 ^ g1270/B (sky130_fd_sc_hd__xor2_1)
     2    0.005161    0.152519    0.189287    4.018972 ^ g1270/X (sky130_fd_sc_hd__xor2_1)
                                                         n1310 (net)
                      0.152519    0.000146    4.019118 ^ g1278/A (sky130_fd_sc_hd__inv_1)
     1    0.002047    0.036918    0.052766    4.071883 v g1278/Y (sky130_fd_sc_hd__inv_1)
                                                         n1318 (net)
                      0.036918    0.000062    4.071945 v g1279/B (sky130_fd_sc_hd__and2_1)
     1    0.012918    0.076560    0.199152    4.271097 v g1279/X (sky130_fd_sc_hd__and2_1)
                                                         zN[9] (net)
                      0.076561    0.000357    4.271454 v zN[9] (out)
                                              4.271454   data arrival time

                      0.000000   10.000000   10.000000   clock __VIRTUAL_CLK__ (rise edge)
                                  0.000000   10.000000   clock network delay (ideal)
                                  0.000000   10.000000   clock reconvergence pessimism
                                  0.000000   10.000000   output external delay
                                             10.000000   data required time
---------------------------------------------------------------------------------------------
                                             10.000000   data required time
                                             -4.271454   data arrival time
---------------------------------------------------------------------------------------------
                                              5.728546   slack (MET)


Startpoint: yP[2] (input port clocked by __VIRTUAL_CLK__)
Endpoint: zN[8] (output port clocked by __VIRTUAL_CLK__)
Path Group: __VIRTUAL_CLK__
Path Type: max

Fanout         Cap        Slew       Delay        Time   Description
---------------------------------------------------------------------------------------------
                      0.000000    0.000000    0.000000   clock __VIRTUAL_CLK__ (rise edge)
                                  0.000000    0.000000   clock network delay (ideal)
                                  0.000000    0.000000 v input external delay
    20    0.090979    0.201185    0.148701    0.148701 v yP[2] (in)
                                                         yP[2] (net)
                      0.201198    0.000000    0.148701 v g12/B (sky130_fd_sc_hd__and2_1)
     1    0.001743    0.031152    0.227080    0.375781 v g12/X (sky130_fd_sc_hd__and2_1)
                                                         n52 (net)
                      0.031152    0.000036    0.375817 v g16/A (sky130_fd_sc_hd__or2_1)
     2    0.007406    0.069165    0.255331    0.631147 v g16/X (sky130_fd_sc_hd__or2_1)
                                                         n56 (net)
                      0.069165    0.000174    0.631321 v g808/A (sky130_fd_sc_hd__xor2_1)
     2    0.008035    0.203403    0.233809    0.865130 ^ g808/X (sky130_fd_sc_hd__xor2_1)
                                                         n848 (net)
                      0.203403    0.000177    0.865307 ^ g1156/B (sky130_fd_sc_hd__xor2_1)
     2    0.007788    0.198980    0.241274    1.106581 ^ g1156/X (sky130_fd_sc_hd__xor2_1)
                                                         n1196 (net)
                      0.198980    0.000088    1.106669 ^ g1159/A1 (sky130_fd_sc_hd__a21o_1)
     2    0.006488    0.067394    0.169563    1.276232 ^ g1159/X (sky130_fd_sc_hd__a21o_1)
                                                         n1199 (net)
                      0.067394    0.000216    1.276448 ^ g1170/A (sky130_fd_sc_hd__inv_1)
     1    0.002049    0.022610    0.038559    1.315007 v g1170/Y (sky130_fd_sc_hd__inv_1)
                                                         n1210 (net)
                      0.022610    0.000043    1.315050 v g1171/B (sky130_fd_sc_hd__and2_1)
     2    0.007904    0.056509    0.172333    1.487383 v g1171/X (sky130_fd_sc_hd__and2_1)
                                                         n1211 (net)
                      0.056509    0.000221    1.487604 v g1179/A2 (sky130_fd_sc_hd__a21o_1)
     2    0.004920    0.041997    0.195664    1.683269 v g1179/X (sky130_fd_sc_hd__a21o_1)
                                                         n1219 (net)
                      0.041997    0.000087    1.683356 v g1184/A (sky130_fd_sc_hd__inv_1)
     1    0.002032    0.028204    0.045015    1.728371 ^ g1184/Y (sky130_fd_sc_hd__inv_1)
                                                         n1224 (net)
                      0.028204    0.000060    1.728431 ^ g1185/B (sky130_fd_sc_hd__and2_1)
     2    0.010239    0.111288    0.168486    1.896918 ^ g1185/X (sky130_fd_sc_hd__and2_1)
                                                         n1225 (net)
                      0.111288    0.000368    1.897285 ^ g1191/A2 (sky130_fd_sc_hd__a21o_1)
     2    0.004769    0.053835    0.142051    2.039337 ^ g1191/X (sky130_fd_sc_hd__a21o_1)
                                                         n1231 (net)
                      0.053835    0.000132    2.039469 ^ g1202/A (sky130_fd_sc_hd__inv_1)
     1    0.002318    0.020885    0.037131    2.076600 v g1202/Y (sky130_fd_sc_hd__inv_1)
                                                         n1242 (net)
                      0.020885    0.000069    2.076669 v g1203/B (sky130_fd_sc_hd__and2_1)
     2    0.009795    0.063555    0.179861    2.256530 v g1203/X (sky130_fd_sc_hd__and2_1)
                                                         n1243 (net)
                      0.063555    0.000273    2.256803 v g1211/A2 (sky130_fd_sc_hd__a21o_1)
     2    0.011084    0.066832    0.226966    2.483768 v g1211/X (sky130_fd_sc_hd__a21o_1)
                                                         n1251 (net)
                      0.066834    0.000528    2.484297 v g1216/A (sky130_fd_sc_hd__inv_1)
     1    0.002142    0.032978    0.055606    2.539903 ^ g1216/Y (sky130_fd_sc_hd__inv_1)
                                                         n1256 (net)
                      0.032978    0.000063    2.539965 ^ g1217/B (sky130_fd_sc_hd__and2_1)
     2    0.007843    0.089916    0.153256    2.693222 ^ g1217/X (sky130_fd_sc_hd__and2_1)
                                                         n1257 (net)
                      0.089916    0.000168    2.693389 ^ g1223/A2 (sky130_fd_sc_hd__a21o_1)
     2    0.006787    0.069764    0.148351    2.841741 ^ g1223/X (sky130_fd_sc_hd__a21o_1)
                                                         n1263 (net)
                      0.069764    0.000198    2.841938 ^ g1234/A (sky130_fd_sc_hd__inv_1)
     1    0.001849    0.022462    0.037932    2.879871 v g1234/Y (sky130_fd_sc_hd__inv_1)
                                                         n1274 (net)
                      0.022462    0.000053    2.879924 v g1235/B (sky130_fd_sc_hd__and2_1)
     2    0.008305    0.057820    0.174156    3.054079 v g1235/X (sky130_fd_sc_hd__and2_1)
                                                         n1275 (net)
                      0.057821    0.000289    3.054368 v g1243/A2 (sky130_fd_sc_hd__a21o_1)
     2    0.004361    0.039714    0.193448    3.247817 v g1243/X (sky130_fd_sc_hd__a21o_1)
                                                         n1283 (net)
                      0.039714    0.000106    3.247923 v g1248/A (sky130_fd_sc_hd__inv_1)
     1    0.001884    0.026950    0.043075    3.290998 ^ g1248/Y (sky130_fd_sc_hd__inv_1)
                                                         n1288 (net)
                      0.026950    0.000056    3.291053 ^ g1249/B (sky130_fd_sc_hd__and2_1)
     2    0.008752    0.097748    0.157815    3.448868 ^ g1249/X (sky130_fd_sc_hd__and2_1)
                                                         n1289 (net)
                      0.097748    0.000337    3.449205 ^ g1254/B (sky130_fd_sc_hd__xor2_1)
     2    0.005513    0.158640    0.193006    3.642211 ^ g1254/X (sky130_fd_sc_hd__xor2_1)
                                                         n1294 (net)
                      0.158640    0.000150    3.642361 ^ g1262/A (sky130_fd_sc_hd__inv_1)
     1    0.001791    0.036649    0.051260    3.693621 v g1262/Y (sky130_fd_sc_hd__inv_1)
                                                         n1302 (net)
                      0.036649    0.000052    3.693673 v g1263/B (sky130_fd_sc_hd__and2_1)
     1    0.011998    0.072699    0.195464    3.889138 v g1263/X (sky130_fd_sc_hd__and2_1)
                                                         zN[8] (net)
                      0.072700    0.000360    3.889498 v zN[8] (out)
                                              3.889498   data arrival time

                      0.000000   10.000000   10.000000   clock __VIRTUAL_CLK__ (rise edge)
                                  0.000000   10.000000   clock network delay (ideal)
                                  0.000000   10.000000   clock reconvergence pessimism
                                  0.000000   10.000000   output external delay
                                             10.000000   data required time
---------------------------------------------------------------------------------------------
                                             10.000000   data required time
                                             -3.889498   data arrival time
---------------------------------------------------------------------------------------------
                                              6.110503   slack (MET)


Startpoint: yN[2] (input port clocked by __VIRTUAL_CLK__)
Endpoint: zP[8] (output port clocked by __VIRTUAL_CLK__)
Path Group: __VIRTUAL_CLK__
Path Type: max

Fanout         Cap        Slew       Delay        Time   Description
---------------------------------------------------------------------------------------------
                      0.000000    0.000000    0.000000   clock __VIRTUAL_CLK__ (rise edge)
                                  0.000000    0.000000   clock network delay (ideal)
                                  0.000000    0.000000 v input external delay
    20    0.096011    0.211382    0.161137    0.161137 v yN[2] (in)
                                                         yN[2] (net)
                      0.211442    0.000000    0.161137 v g14/B (sky130_fd_sc_hd__and2_1)
     1    0.002060    0.032420    0.234118    0.395255 v g14/X (sky130_fd_sc_hd__and2_1)
                                                         n54 (net)
                      0.032420    0.000059    0.395314 v g17/A (sky130_fd_sc_hd__or2_1)
     2    0.006593    0.065168    0.250838    0.646152 v g17/X (sky130_fd_sc_hd__or2_1)
                                                         n57 (net)
                      0.065168    0.000181    0.646333 v g1078/A (sky130_fd_sc_hd__xor2_1)
     2    0.008088    0.204353    0.232790    0.879123 ^ g1078/X (sky130_fd_sc_hd__xor2_1)
                                                         n1118 (net)
                      0.204353    0.000283    0.879406 ^ g1160/B (sky130_fd_sc_hd__xor2_1)
     2    0.008168    0.205800    0.246712    1.126118 ^ g1160/X (sky130_fd_sc_hd__xor2_1)
                                                         n1200 (net)
                      0.205800    0.000174    1.126292 ^ g1163/A1 (sky130_fd_sc_hd__a21o_1)
     2    0.005407    0.058890    0.164065    1.290357 ^ g1163/X (sky130_fd_sc_hd__a21o_1)
                                                         n1203 (net)
                      0.058890    0.000157    1.290514 ^ g1168/A (sky130_fd_sc_hd__inv_1)
     1    0.001889    0.020606    0.036026    1.326540 v g1168/Y (sky130_fd_sc_hd__inv_1)
                                                         n1208 (net)
                      0.020606    0.000057    1.326597 v g1169/B (sky130_fd_sc_hd__and2_1)
     2    0.008557    0.058672    0.174654    1.501252 v g1169/X (sky130_fd_sc_hd__and2_1)
                                                         n1209 (net)
                      0.058672    0.000259    1.501510 v g1175/A2 (sky130_fd_sc_hd__a21o_1)
     2    0.004881    0.041847    0.196347    1.697857 v g1175/X (sky130_fd_sc_hd__a21o_1)
                                                         n1215 (net)
                      0.041847    0.000117    1.697973 v g1185/A (sky130_fd_sc_hd__and2_1)
     2    0.009699    0.063174    0.169450    1.867424 v g1185/X (sky130_fd_sc_hd__and2_1)
                                                         n1225 (net)
                      0.063174    0.000346    1.867770 v g1191/A2 (sky130_fd_sc_hd__a21o_1)
     2    0.004532    0.040407    0.196501    2.064271 v g1191/X (sky130_fd_sc_hd__a21o_1)
                                                         n1231 (net)
                      0.040407    0.000124    2.064395 v g1202/A (sky130_fd_sc_hd__inv_1)
     1    0.002447    0.030805    0.046866    2.111261 ^ g1202/Y (sky130_fd_sc_hd__inv_1)
                                                         n1242 (net)
                      0.030805    0.000073    2.111335 ^ g1203/B (sky130_fd_sc_hd__and2_1)
     2    0.010335    0.112167    0.170020    2.281355 ^ g1203/X (sky130_fd_sc_hd__and2_1)
                                                         n1243 (net)
                      0.112167    0.000290    2.281645 ^ g1211/A2 (sky130_fd_sc_hd__a21o_1)
     2    0.011321    0.106221    0.183894    2.465539 ^ g1211/X (sky130_fd_sc_hd__a21o_1)
                                                         n1251 (net)
                      0.106222    0.000545    2.466084 ^ g1216/A (sky130_fd_sc_hd__inv_1)
     1    0.002013    0.029650    0.046124    2.512208 v g1216/Y (sky130_fd_sc_hd__inv_1)
                                                         n1256 (net)
                      0.029650    0.000059    2.512267 v g1217/B (sky130_fd_sc_hd__and2_1)
     2    0.007303    0.053823    0.172718    2.684984 v g1217/X (sky130_fd_sc_hd__and2_1)
                                                         n1257 (net)
                      0.053823    0.000155    2.685140 v g1223/A2 (sky130_fd_sc_hd__a21o_1)
     2    0.006550    0.049086    0.202531    2.887671 v g1223/X (sky130_fd_sc_hd__a21o_1)
                                                         n1263 (net)
                      0.049086    0.000196    2.887867 v g1233/A (sky130_fd_sc_hd__and2_1)
     2    0.007398    0.054228    0.162540    3.050407 v g1233/X (sky130_fd_sc_hd__and2_1)
                                                         n1273 (net)
                      0.054228    0.000099    3.050506 v g1239/A2 (sky130_fd_sc_hd__a21o_1)
     2    0.005502    0.044473    0.197547    3.248053 v g1239/X (sky130_fd_sc_hd__a21o_1)
                                                         n1279 (net)
                      0.044473    0.000187    3.248241 v g1250/A (sky130_fd_sc_hd__inv_1)
     1    0.002201    0.029585    0.047177    3.295418 ^ g1250/Y (sky130_fd_sc_hd__inv_1)
                                                         n1290 (net)
                      0.029585    0.000047    3.295465 ^ g1251/B (sky130_fd_sc_hd__and2_1)
     2    0.009242    0.102130    0.162092    3.457557 ^ g1251/X (sky130_fd_sc_hd__and2_1)
                                                         n1291 (net)
                      0.102130    0.000305    3.457863 ^ g1258/B (sky130_fd_sc_hd__xor2_1)
     2    0.004252    0.136782    0.175938    3.633801 ^ g1258/X (sky130_fd_sc_hd__xor2_1)
                                                         n1298 (net)
                      0.136782    0.000074    3.633875 ^ g1260/A (sky130_fd_sc_hd__inv_1)
     1    0.002175    0.035270    0.052129    3.686004 v g1260/Y (sky130_fd_sc_hd__inv_1)
                                                         n1300 (net)
                      0.035270    0.000044    3.686048 v g1261/B (sky130_fd_sc_hd__and2_1)
     1    0.011966    0.072535    0.194774    3.880822 v g1261/X (sky130_fd_sc_hd__and2_1)
                                                         zP[8] (net)
                      0.072535    0.000230    3.881052 v zP[8] (out)
                                              3.881052   data arrival time

                      0.000000   10.000000   10.000000   clock __VIRTUAL_CLK__ (rise edge)
                                  0.000000   10.000000   clock network delay (ideal)
                                  0.000000   10.000000   clock reconvergence pessimism
                                  0.000000   10.000000   output external delay
                                             10.000000   data required time
---------------------------------------------------------------------------------------------
                                             10.000000   data required time
                                             -3.881052   data arrival time
---------------------------------------------------------------------------------------------
                                              6.118948   slack (MET)


Startpoint: yN[2] (input port clocked by __VIRTUAL_CLK__)
Endpoint: zP[7] (output port clocked by __VIRTUAL_CLK__)
Path Group: __VIRTUAL_CLK__
Path Type: max

Fanout         Cap        Slew       Delay        Time   Description
---------------------------------------------------------------------------------------------
                      0.000000    0.000000    0.000000   clock __VIRTUAL_CLK__ (rise edge)
                                  0.000000    0.000000   clock network delay (ideal)
                                  0.000000    0.000000 v input external delay
    20    0.096011    0.211382    0.161137    0.161137 v yN[2] (in)
                                                         yN[2] (net)
                      0.211442    0.000000    0.161137 v g14/B (sky130_fd_sc_hd__and2_1)
     1    0.002060    0.032420    0.234118    0.395255 v g14/X (sky130_fd_sc_hd__and2_1)
                                                         n54 (net)
                      0.032420    0.000059    0.395314 v g17/A (sky130_fd_sc_hd__or2_1)
     2    0.006593    0.065168    0.250838    0.646152 v g17/X (sky130_fd_sc_hd__or2_1)
                                                         n57 (net)
                      0.065168    0.000181    0.646333 v g1078/A (sky130_fd_sc_hd__xor2_1)
     2    0.008088    0.204353    0.232790    0.879123 ^ g1078/X (sky130_fd_sc_hd__xor2_1)
                                                         n1118 (net)
                      0.204353    0.000283    0.879406 ^ g1160/B (sky130_fd_sc_hd__xor2_1)
     2    0.008168    0.205800    0.246712    1.126118 ^ g1160/X (sky130_fd_sc_hd__xor2_1)
                                                         n1200 (net)
                      0.205800    0.000174    1.126292 ^ g1163/A1 (sky130_fd_sc_hd__a21o_1)
     2    0.005407    0.058890    0.164065    1.290357 ^ g1163/X (sky130_fd_sc_hd__a21o_1)
                                                         n1203 (net)
                      0.058890    0.000157    1.290514 ^ g1168/A (sky130_fd_sc_hd__inv_1)
     1    0.001889    0.020606    0.036026    1.326540 v g1168/Y (sky130_fd_sc_hd__inv_1)
                                                         n1208 (net)
                      0.020606    0.000057    1.326597 v g1169/B (sky130_fd_sc_hd__and2_1)
     2    0.008557    0.058672    0.174654    1.501252 v g1169/X (sky130_fd_sc_hd__and2_1)
                                                         n1209 (net)
                      0.058672    0.000259    1.501510 v g1175/A2 (sky130_fd_sc_hd__a21o_1)
     2    0.004881    0.041847    0.196347    1.697857 v g1175/X (sky130_fd_sc_hd__a21o_1)
                                                         n1215 (net)
                      0.041847    0.000117    1.697973 v g1185/A (sky130_fd_sc_hd__and2_1)
     2    0.009699    0.063174    0.169450    1.867424 v g1185/X (sky130_fd_sc_hd__and2_1)
                                                         n1225 (net)
                      0.063174    0.000346    1.867770 v g1191/A2 (sky130_fd_sc_hd__a21o_1)
     2    0.004532    0.040407    0.196501    2.064271 v g1191/X (sky130_fd_sc_hd__a21o_1)
                                                         n1231 (net)
                      0.040407    0.000124    2.064395 v g1202/A (sky130_fd_sc_hd__inv_1)
     1    0.002447    0.030805    0.046866    2.111261 ^ g1202/Y (sky130_fd_sc_hd__inv_1)
                                                         n1242 (net)
                      0.030805    0.000073    2.111335 ^ g1203/B (sky130_fd_sc_hd__and2_1)
     2    0.010335    0.112167    0.170020    2.281355 ^ g1203/X (sky130_fd_sc_hd__and2_1)
                                                         n1243 (net)
                      0.112167    0.000290    2.281645 ^ g1211/A2 (sky130_fd_sc_hd__a21o_1)
     2    0.011321    0.106221    0.183894    2.465539 ^ g1211/X (sky130_fd_sc_hd__a21o_1)
                                                         n1251 (net)
                      0.106222    0.000545    2.466084 ^ g1216/A (sky130_fd_sc_hd__inv_1)
     1    0.002013    0.029650    0.046124    2.512208 v g1216/Y (sky130_fd_sc_hd__inv_1)
                                                         n1256 (net)
                      0.029650    0.000059    2.512267 v g1217/B (sky130_fd_sc_hd__and2_1)
     2    0.007303    0.053823    0.172718    2.684984 v g1217/X (sky130_fd_sc_hd__and2_1)
                                                         n1257 (net)
                      0.053823    0.000155    2.685140 v g1223/A2 (sky130_fd_sc_hd__a21o_1)
     2    0.006550    0.049086    0.202531    2.887671 v g1223/X (sky130_fd_sc_hd__a21o_1)
                                                         n1263 (net)
                      0.049086    0.000189    2.887860 v g1234/A (sky130_fd_sc_hd__inv_1)
     1    0.001978    0.028667    0.047867    2.935727 ^ g1234/Y (sky130_fd_sc_hd__inv_1)
                                                         n1274 (net)
                      0.028667    0.000057    2.935784 ^ g1235/B (sky130_fd_sc_hd__and2_1)
     2    0.008845    0.098539    0.159036    3.094820 ^ g1235/X (sky130_fd_sc_hd__and2_1)
                                                         n1275 (net)
                      0.098539    0.000288    3.095109 ^ g1242/B (sky130_fd_sc_hd__xor2_1)
     2    0.005365    0.156065    0.191057    3.286165 ^ g1242/X (sky130_fd_sc_hd__xor2_1)
                                                         n1282 (net)
                      0.156066    0.000172    3.286337 ^ g1244/A (sky130_fd_sc_hd__inv_1)
     1    0.001756    0.036147    0.050715    3.337052 v g1244/Y (sky130_fd_sc_hd__inv_1)
                                                         n1284 (net)
                      0.036147    0.000036    3.337089 v g1245/B (sky130_fd_sc_hd__and2_1)
     1    0.012458    0.074627    0.197018    3.534107 v g1245/X (sky130_fd_sc_hd__and2_1)
                                                         zP[7] (net)
                      0.074627    0.000344    3.534451 v zP[7] (out)
                                              3.534451   data arrival time

                      0.000000   10.000000   10.000000   clock __VIRTUAL_CLK__ (rise edge)
                                  0.000000   10.000000   clock network delay (ideal)
                                  0.000000   10.000000   clock reconvergence pessimism
                                  0.000000   10.000000   output external delay
                                             10.000000   data required time
---------------------------------------------------------------------------------------------
                                             10.000000   data required time
                                             -3.534451   data arrival time
---------------------------------------------------------------------------------------------
                                              6.465549   slack (MET)


Startpoint: yN[2] (input port clocked by __VIRTUAL_CLK__)
Endpoint: zN[7] (output port clocked by __VIRTUAL_CLK__)
Path Group: __VIRTUAL_CLK__
Path Type: max

Fanout         Cap        Slew       Delay        Time   Description
---------------------------------------------------------------------------------------------
                      0.000000    0.000000    0.000000   clock __VIRTUAL_CLK__ (rise edge)
                                  0.000000    0.000000   clock network delay (ideal)
                                  0.000000    0.000000 v input external delay
    20    0.096011    0.211382    0.161137    0.161137 v yN[2] (in)
                                                         yN[2] (net)
                      0.211442    0.000000    0.161137 v g14/B (sky130_fd_sc_hd__and2_1)
     1    0.002060    0.032420    0.234118    0.395255 v g14/X (sky130_fd_sc_hd__and2_1)
                                                         n54 (net)
                      0.032420    0.000059    0.395314 v g17/A (sky130_fd_sc_hd__or2_1)
     2    0.006593    0.065168    0.250838    0.646152 v g17/X (sky130_fd_sc_hd__or2_1)
                                                         n57 (net)
                      0.065168    0.000181    0.646333 v g1078/A (sky130_fd_sc_hd__xor2_1)
     2    0.008088    0.204353    0.232790    0.879123 ^ g1078/X (sky130_fd_sc_hd__xor2_1)
                                                         n1118 (net)
                      0.204353    0.000283    0.879406 ^ g1160/B (sky130_fd_sc_hd__xor2_1)
     2    0.008168    0.205800    0.246712    1.126118 ^ g1160/X (sky130_fd_sc_hd__xor2_1)
                                                         n1200 (net)
                      0.205800    0.000174    1.126292 ^ g1163/A1 (sky130_fd_sc_hd__a21o_1)
     2    0.005407    0.058890    0.164065    1.290357 ^ g1163/X (sky130_fd_sc_hd__a21o_1)
                                                         n1203 (net)
                      0.058890    0.000157    1.290514 ^ g1168/A (sky130_fd_sc_hd__inv_1)
     1    0.001889    0.020606    0.036026    1.326540 v g1168/Y (sky130_fd_sc_hd__inv_1)
                                                         n1208 (net)
                      0.020606    0.000057    1.326597 v g1169/B (sky130_fd_sc_hd__and2_1)
     2    0.008557    0.058672    0.174654    1.501252 v g1169/X (sky130_fd_sc_hd__and2_1)
                                                         n1209 (net)
                      0.058672    0.000259    1.501510 v g1175/A2 (sky130_fd_sc_hd__a21o_1)
     2    0.004881    0.041847    0.196347    1.697857 v g1175/X (sky130_fd_sc_hd__a21o_1)
                                                         n1215 (net)
                      0.041847    0.000117    1.697973 v g1185/A (sky130_fd_sc_hd__and2_1)
     2    0.009699    0.063174    0.169450    1.867424 v g1185/X (sky130_fd_sc_hd__and2_1)
                                                         n1225 (net)
                      0.063174    0.000346    1.867770 v g1191/A2 (sky130_fd_sc_hd__a21o_1)
     2    0.004532    0.040407    0.196501    2.064271 v g1191/X (sky130_fd_sc_hd__a21o_1)
                                                         n1231 (net)
                      0.040407    0.000124    2.064395 v g1202/A (sky130_fd_sc_hd__inv_1)
     1    0.002447    0.030805    0.046866    2.111261 ^ g1202/Y (sky130_fd_sc_hd__inv_1)
                                                         n1242 (net)
                      0.030805    0.000073    2.111335 ^ g1203/B (sky130_fd_sc_hd__and2_1)
     2    0.010335    0.112167    0.170020    2.281355 ^ g1203/X (sky130_fd_sc_hd__and2_1)
                                                         n1243 (net)
                      0.112167    0.000290    2.281645 ^ g1211/A2 (sky130_fd_sc_hd__a21o_1)
     2    0.011321    0.106221    0.183894    2.465539 ^ g1211/X (sky130_fd_sc_hd__a21o_1)
                                                         n1251 (net)
                      0.106222    0.000545    2.466084 ^ g1216/A (sky130_fd_sc_hd__inv_1)
     1    0.002013    0.029650    0.046124    2.512208 v g1216/Y (sky130_fd_sc_hd__inv_1)
                                                         n1256 (net)
                      0.029650    0.000059    2.512267 v g1217/B (sky130_fd_sc_hd__and2_1)
     2    0.007303    0.053823    0.172718    2.684984 v g1217/X (sky130_fd_sc_hd__and2_1)
                                                         n1257 (net)
                      0.053823    0.000155    2.685140 v g1223/A2 (sky130_fd_sc_hd__a21o_1)
     2    0.006550    0.049086    0.202531    2.887671 v g1223/X (sky130_fd_sc_hd__a21o_1)
                                                         n1263 (net)
                      0.049086    0.000189    2.887860 v g1234/A (sky130_fd_sc_hd__inv_1)
     1    0.001978    0.028667    0.047867    2.935727 ^ g1234/Y (sky130_fd_sc_hd__inv_1)
                                                         n1274 (net)
                      0.028667    0.000057    2.935784 ^ g1235/B (sky130_fd_sc_hd__and2_1)
     2    0.008845    0.098539    0.159036    3.094820 ^ g1235/X (sky130_fd_sc_hd__and2_1)
                                                         n1275 (net)
                      0.098539    0.000288    3.095109 ^ g1242/B (sky130_fd_sc_hd__xor2_1)
     2    0.005365    0.156065    0.191057    3.286165 ^ g1242/X (sky130_fd_sc_hd__xor2_1)
                                                         n1282 (net)
                      0.156065    0.000131    3.286296 ^ g1247/A (sky130_fd_sc_hd__and2_1)
     1    0.012931    0.136433    0.223792    3.510088 ^ g1247/X (sky130_fd_sc_hd__and2_1)
                                                         zN[7] (net)
                      0.136433    0.000384    3.510472 ^ zN[7] (out)
                                              3.510472   data arrival time

                      0.000000   10.000000   10.000000   clock __VIRTUAL_CLK__ (rise edge)
                                  0.000000   10.000000   clock network delay (ideal)
                                  0.000000   10.000000   clock reconvergence pessimism
                                  0.000000   10.000000   output external delay
                                             10.000000   data required time
---------------------------------------------------------------------------------------------
                                             10.000000   data required time
                                             -3.510472   data arrival time
---------------------------------------------------------------------------------------------
                                              6.489528   slack (MET)


Startpoint: yN[2] (input port clocked by __VIRTUAL_CLK__)
Endpoint: zP[6] (output port clocked by __VIRTUAL_CLK__)
Path Group: __VIRTUAL_CLK__
Path Type: max

Fanout         Cap        Slew       Delay        Time   Description
---------------------------------------------------------------------------------------------
                      0.000000    0.000000    0.000000   clock __VIRTUAL_CLK__ (rise edge)
                                  0.000000    0.000000   clock network delay (ideal)
                                  0.000000    0.000000 v input external delay
    20    0.096011    0.211382    0.161137    0.161137 v yN[2] (in)
                                                         yN[2] (net)
                      0.211442    0.000000    0.161137 v g14/B (sky130_fd_sc_hd__and2_1)
     1    0.002060    0.032420    0.234118    0.395255 v g14/X (sky130_fd_sc_hd__and2_1)
                                                         n54 (net)
                      0.032420    0.000059    0.395314 v g17/A (sky130_fd_sc_hd__or2_1)
     2    0.006593    0.065168    0.250838    0.646152 v g17/X (sky130_fd_sc_hd__or2_1)
                                                         n57 (net)
                      0.065168    0.000181    0.646333 v g1078/A (sky130_fd_sc_hd__xor2_1)
     2    0.008088    0.204353    0.232790    0.879123 ^ g1078/X (sky130_fd_sc_hd__xor2_1)
                                                         n1118 (net)
                      0.204353    0.000283    0.879406 ^ g1160/B (sky130_fd_sc_hd__xor2_1)
     2    0.008168    0.205800    0.246712    1.126118 ^ g1160/X (sky130_fd_sc_hd__xor2_1)
                                                         n1200 (net)
                      0.205800    0.000174    1.126292 ^ g1163/A1 (sky130_fd_sc_hd__a21o_1)
     2    0.005407    0.058890    0.164065    1.290357 ^ g1163/X (sky130_fd_sc_hd__a21o_1)
                                                         n1203 (net)
                      0.058890    0.000157    1.290514 ^ g1168/A (sky130_fd_sc_hd__inv_1)
     1    0.001889    0.020606    0.036026    1.326540 v g1168/Y (sky130_fd_sc_hd__inv_1)
                                                         n1208 (net)
                      0.020606    0.000057    1.326597 v g1169/B (sky130_fd_sc_hd__and2_1)
     2    0.008557    0.058672    0.174654    1.501252 v g1169/X (sky130_fd_sc_hd__and2_1)
                                                         n1209 (net)
                      0.058672    0.000259    1.501510 v g1175/A2 (sky130_fd_sc_hd__a21o_1)
     2    0.004881    0.041847    0.196347    1.697857 v g1175/X (sky130_fd_sc_hd__a21o_1)
                                                         n1215 (net)
                      0.041847    0.000148    1.698004 v g1186/A (sky130_fd_sc_hd__inv_1)
     1    0.001894    0.027279    0.044105    1.742109 ^ g1186/Y (sky130_fd_sc_hd__inv_1)
                                                         n1226 (net)
                      0.027279    0.000040    1.742149 ^ g1187/B (sky130_fd_sc_hd__and2_1)
     2    0.008605    0.096465    0.156930    1.899079 ^ g1187/X (sky130_fd_sc_hd__and2_1)
                                                         n1227 (net)
                      0.096465    0.000183    1.899262 ^ g1195/A2 (sky130_fd_sc_hd__a21o_1)
     2    0.005499    0.059609    0.142108    2.041370 ^ g1195/X (sky130_fd_sc_hd__a21o_1)
                                                         n1235 (net)
                      0.059609    0.000167    2.041537 ^ g1200/A (sky130_fd_sc_hd__inv_1)
     1    0.001973    0.020965    0.036593    2.078130 v g1200/Y (sky130_fd_sc_hd__inv_1)
                                                         n1240 (net)
                      0.020965    0.000059    2.078189 v g1201/B (sky130_fd_sc_hd__and2_1)
     2    0.013052    0.077175    0.192305    2.270494 v g1201/X (sky130_fd_sc_hd__and2_1)
                                                         n1241 (net)
                      0.077177    0.000563    2.271057 v g1207/A2 (sky130_fd_sc_hd__a21o_1)
     2    0.009151    0.059449    0.224913    2.495971 v g1207/X (sky130_fd_sc_hd__a21o_1)
                                                         n1247 (net)
                      0.059450    0.000381    2.496351 v g1218/A (sky130_fd_sc_hd__inv_1)
     1    0.002182    0.031681    0.053213    2.549564 ^ g1218/Y (sky130_fd_sc_hd__inv_1)
                                                         n1258 (net)
                      0.031681    0.000064    2.549628 ^ g1219/B (sky130_fd_sc_hd__and2_1)
     2    0.007903    0.090464    0.153281    2.702909 ^ g1219/X (sky130_fd_sc_hd__and2_1)
                                                         n1259 (net)
                      0.090464    0.000200    2.703110 ^ g1226/B (sky130_fd_sc_hd__xor2_1)
     2    0.006059    0.168246    0.199211    2.902321 ^ g1226/X (sky130_fd_sc_hd__xor2_1)
                                                         n1266 (net)
                      0.168246    0.000198    2.902519 ^ g1228/A (sky130_fd_sc_hd__inv_1)
     1    0.002176    0.039663    0.055525    2.958044 v g1228/Y (sky130_fd_sc_hd__inv_1)
                                                         n1268 (net)
                      0.039663    0.000066    2.958110 v g1229/B (sky130_fd_sc_hd__and2_1)
     1    0.012208    0.073584    0.197675    3.155785 v g1229/X (sky130_fd_sc_hd__and2_1)
                                                         zP[6] (net)
                      0.073584    0.000363    3.156148 v zP[6] (out)
                                              3.156148   data arrival time

                      0.000000   10.000000   10.000000   clock __VIRTUAL_CLK__ (rise edge)
                                  0.000000   10.000000   clock network delay (ideal)
                                  0.000000   10.000000   clock reconvergence pessimism
                                  0.000000   10.000000   output external delay
                                             10.000000   data required time
---------------------------------------------------------------------------------------------
                                             10.000000   data required time
                                             -3.156148   data arrival time
---------------------------------------------------------------------------------------------
                                              6.843853   slack (MET)


Startpoint: yP[2] (input port clocked by __VIRTUAL_CLK__)
Endpoint: zN[6] (output port clocked by __VIRTUAL_CLK__)
Path Group: __VIRTUAL_CLK__
Path Type: max

Fanout         Cap        Slew       Delay        Time   Description
---------------------------------------------------------------------------------------------
                      0.000000    0.000000    0.000000   clock __VIRTUAL_CLK__ (rise edge)
                                  0.000000    0.000000   clock network delay (ideal)
                                  0.000000    0.000000 v input external delay
    20    0.090979    0.201185    0.148701    0.148701 v yP[2] (in)
                                                         yP[2] (net)
                      0.201198    0.000000    0.148701 v g12/B (sky130_fd_sc_hd__and2_1)
     1    0.001743    0.031152    0.227080    0.375781 v g12/X (sky130_fd_sc_hd__and2_1)
                                                         n52 (net)
                      0.031152    0.000036    0.375817 v g16/A (sky130_fd_sc_hd__or2_1)
     2    0.007406    0.069165    0.255331    0.631147 v g16/X (sky130_fd_sc_hd__or2_1)
                                                         n56 (net)
                      0.069165    0.000174    0.631321 v g808/A (sky130_fd_sc_hd__xor2_1)
     2    0.008035    0.203403    0.233809    0.865130 ^ g808/X (sky130_fd_sc_hd__xor2_1)
                                                         n848 (net)
                      0.203403    0.000177    0.865307 ^ g1156/B (sky130_fd_sc_hd__xor2_1)
     2    0.007788    0.198980    0.241274    1.106581 ^ g1156/X (sky130_fd_sc_hd__xor2_1)
                                                         n1196 (net)
                      0.198980    0.000088    1.106669 ^ g1159/A1 (sky130_fd_sc_hd__a21o_1)
     2    0.006488    0.067394    0.169563    1.276232 ^ g1159/X (sky130_fd_sc_hd__a21o_1)
                                                         n1199 (net)
                      0.067394    0.000216    1.276448 ^ g1170/A (sky130_fd_sc_hd__inv_1)
     1    0.002049    0.022610    0.038559    1.315007 v g1170/Y (sky130_fd_sc_hd__inv_1)
                                                         n1210 (net)
                      0.022610    0.000043    1.315050 v g1171/B (sky130_fd_sc_hd__and2_1)
     2    0.007904    0.056509    0.172333    1.487383 v g1171/X (sky130_fd_sc_hd__and2_1)
                                                         n1211 (net)
                      0.056509    0.000221    1.487604 v g1179/A2 (sky130_fd_sc_hd__a21o_1)
     2    0.004920    0.041997    0.195664    1.683269 v g1179/X (sky130_fd_sc_hd__a21o_1)
                                                         n1219 (net)
                      0.041997    0.000087    1.683356 v g1184/A (sky130_fd_sc_hd__inv_1)
     1    0.002032    0.028204    0.045015    1.728371 ^ g1184/Y (sky130_fd_sc_hd__inv_1)
                                                         n1224 (net)
                      0.028204    0.000060    1.728431 ^ g1185/B (sky130_fd_sc_hd__and2_1)
     2    0.010239    0.111288    0.168486    1.896918 ^ g1185/X (sky130_fd_sc_hd__and2_1)
                                                         n1225 (net)
                      0.111288    0.000368    1.897285 ^ g1191/A2 (sky130_fd_sc_hd__a21o_1)
     2    0.004769    0.053835    0.142051    2.039337 ^ g1191/X (sky130_fd_sc_hd__a21o_1)
                                                         n1231 (net)
                      0.053835    0.000132    2.039469 ^ g1202/A (sky130_fd_sc_hd__inv_1)
     1    0.002318    0.020885    0.037131    2.076600 v g1202/Y (sky130_fd_sc_hd__inv_1)
                                                         n1242 (net)
                      0.020885    0.000069    2.076669 v g1203/B (sky130_fd_sc_hd__and2_1)
     2    0.009795    0.063555    0.179861    2.256530 v g1203/X (sky130_fd_sc_hd__and2_1)
                                                         n1243 (net)
                      0.063555    0.000273    2.256803 v g1211/A2 (sky130_fd_sc_hd__a21o_1)
     2    0.011084    0.066832    0.226966    2.483768 v g1211/X (sky130_fd_sc_hd__a21o_1)
                                                         n1251 (net)
                      0.066834    0.000528    2.484297 v g1216/A (sky130_fd_sc_hd__inv_1)
     1    0.002142    0.032978    0.055606    2.539903 ^ g1216/Y (sky130_fd_sc_hd__inv_1)
                                                         n1256 (net)
                      0.032978    0.000063    2.539965 ^ g1217/B (sky130_fd_sc_hd__and2_1)
     2    0.007843    0.089916    0.153256    2.693222 ^ g1217/X (sky130_fd_sc_hd__and2_1)
                                                         n1257 (net)
                      0.089916    0.000219    2.693441 ^ g1222/B (sky130_fd_sc_hd__xor2_1)
     2    0.005306    0.155030    0.188359    2.881799 ^ g1222/X (sky130_fd_sc_hd__xor2_1)
                                                         n1262 (net)
                      0.155030    0.000153    2.881953 ^ g1230/A (sky130_fd_sc_hd__inv_1)
     1    0.001792    0.036165    0.050919    2.932871 v g1230/Y (sky130_fd_sc_hd__inv_1)
                                                         n1270 (net)
                      0.036165    0.000038    2.932909 v g1231/B (sky130_fd_sc_hd__and2_1)
     1    0.011737    0.071605    0.194242    3.127151 v g1231/X (sky130_fd_sc_hd__and2_1)
                                                         zN[6] (net)
                      0.071605    0.000332    3.127483 v zN[6] (out)
                                              3.127483   data arrival time

                      0.000000   10.000000   10.000000   clock __VIRTUAL_CLK__ (rise edge)
                                  0.000000   10.000000   clock network delay (ideal)
                                  0.000000   10.000000   clock reconvergence pessimism
                                  0.000000   10.000000   output external delay
                                             10.000000   data required time
---------------------------------------------------------------------------------------------
                                             10.000000   data required time
                                             -3.127483   data arrival time
---------------------------------------------------------------------------------------------
                                              6.872518   slack (MET)


Startpoint: yN[2] (input port clocked by __VIRTUAL_CLK__)
Endpoint: zP[5] (output port clocked by __VIRTUAL_CLK__)
Path Group: __VIRTUAL_CLK__
Path Type: max

Fanout         Cap        Slew       Delay        Time   Description
---------------------------------------------------------------------------------------------
                      0.000000    0.000000    0.000000   clock __VIRTUAL_CLK__ (rise edge)
                                  0.000000    0.000000   clock network delay (ideal)
                                  0.000000    0.000000 v input external delay
    20    0.096011    0.211382    0.161137    0.161137 v yN[2] (in)
                                                         yN[2] (net)
                      0.211442    0.000000    0.161137 v g14/B (sky130_fd_sc_hd__and2_1)
     1    0.002060    0.032420    0.234118    0.395255 v g14/X (sky130_fd_sc_hd__and2_1)
                                                         n54 (net)
                      0.032420    0.000059    0.395314 v g17/A (sky130_fd_sc_hd__or2_1)
     2    0.006593    0.065168    0.250838    0.646152 v g17/X (sky130_fd_sc_hd__or2_1)
                                                         n57 (net)
                      0.065168    0.000181    0.646333 v g1078/A (sky130_fd_sc_hd__xor2_1)
     2    0.008088    0.204353    0.232790    0.879123 ^ g1078/X (sky130_fd_sc_hd__xor2_1)
                                                         n1118 (net)
                      0.204353    0.000283    0.879406 ^ g1160/B (sky130_fd_sc_hd__xor2_1)
     2    0.008168    0.205800    0.246712    1.126118 ^ g1160/X (sky130_fd_sc_hd__xor2_1)
                                                         n1200 (net)
                      0.205800    0.000174    1.126292 ^ g1163/A1 (sky130_fd_sc_hd__a21o_1)
     2    0.005407    0.058890    0.164065    1.290357 ^ g1163/X (sky130_fd_sc_hd__a21o_1)
                                                         n1203 (net)
                      0.058890    0.000157    1.290514 ^ g1168/A (sky130_fd_sc_hd__inv_1)
     1    0.001889    0.020606    0.036026    1.326540 v g1168/Y (sky130_fd_sc_hd__inv_1)
                                                         n1208 (net)
                      0.020606    0.000057    1.326597 v g1169/B (sky130_fd_sc_hd__and2_1)
     2    0.008557    0.058672    0.174654    1.501252 v g1169/X (sky130_fd_sc_hd__and2_1)
                                                         n1209 (net)
                      0.058672    0.000259    1.501510 v g1175/A2 (sky130_fd_sc_hd__a21o_1)
     2    0.004881    0.041847    0.196347    1.697857 v g1175/X (sky130_fd_sc_hd__a21o_1)
                                                         n1215 (net)
                      0.041847    0.000117    1.697973 v g1185/A (sky130_fd_sc_hd__and2_1)
     2    0.009699    0.063174    0.169450    1.867424 v g1185/X (sky130_fd_sc_hd__and2_1)
                                                         n1225 (net)
                      0.063174    0.000346    1.867770 v g1191/A2 (sky130_fd_sc_hd__a21o_1)
     2    0.004532    0.040407    0.196501    2.064271 v g1191/X (sky130_fd_sc_hd__a21o_1)
                                                         n1231 (net)
                      0.040407    0.000124    2.064395 v g1202/A (sky130_fd_sc_hd__inv_1)
     1    0.002447    0.030805    0.046866    2.111261 ^ g1202/Y (sky130_fd_sc_hd__inv_1)
                                                         n1242 (net)
                      0.030805    0.000073    2.111335 ^ g1203/B (sky130_fd_sc_hd__and2_1)
     2    0.010335    0.112167    0.170020    2.281355 ^ g1203/X (sky130_fd_sc_hd__and2_1)
                                                         n1243 (net)
                      0.112167    0.000336    2.281690 ^ g1210/B (sky130_fd_sc_hd__xor2_1)
     2    0.007793    0.199078    0.228402    2.510093 ^ g1210/X (sky130_fd_sc_hd__xor2_1)
                                                         n1250 (net)
                      0.199078    0.000288    2.510381 ^ g1212/A (sky130_fd_sc_hd__inv_1)
     1    0.002265    0.044399    0.059707    2.570088 v g1212/Y (sky130_fd_sc_hd__inv_1)
                                                         n1252 (net)
                      0.044399    0.000070    2.570158 v g1213/B (sky130_fd_sc_hd__and2_1)
     1    0.011259    0.069609    0.196250    2.766408 v g1213/X (sky130_fd_sc_hd__and2_1)
                                                         zP[5] (net)
                      0.069609    0.000279    2.766687 v zP[5] (out)
                                              2.766687   data arrival time

                      0.000000   10.000000   10.000000   clock __VIRTUAL_CLK__ (rise edge)
                                  0.000000   10.000000   clock network delay (ideal)
                                  0.000000   10.000000   clock reconvergence pessimism
                                  0.000000   10.000000   output external delay
                                             10.000000   data required time
---------------------------------------------------------------------------------------------
                                             10.000000   data required time
                                             -2.766687   data arrival time
---------------------------------------------------------------------------------------------
                                              7.233314   slack (MET)


Startpoint: yN[2] (input port clocked by __VIRTUAL_CLK__)
Endpoint: zN[5] (output port clocked by __VIRTUAL_CLK__)
Path Group: __VIRTUAL_CLK__
Path Type: max

Fanout         Cap        Slew       Delay        Time   Description
---------------------------------------------------------------------------------------------
                      0.000000    0.000000    0.000000   clock __VIRTUAL_CLK__ (rise edge)
                                  0.000000    0.000000   clock network delay (ideal)
                                  0.000000    0.000000 v input external delay
    20    0.096011    0.211382    0.161137    0.161137 v yN[2] (in)
                                                         yN[2] (net)
                      0.211442    0.000000    0.161137 v g14/B (sky130_fd_sc_hd__and2_1)
     1    0.002060    0.032420    0.234118    0.395255 v g14/X (sky130_fd_sc_hd__and2_1)
                                                         n54 (net)
                      0.032420    0.000059    0.395314 v g17/A (sky130_fd_sc_hd__or2_1)
     2    0.006593    0.065168    0.250838    0.646152 v g17/X (sky130_fd_sc_hd__or2_1)
                                                         n57 (net)
                      0.065168    0.000181    0.646333 v g1078/A (sky130_fd_sc_hd__xor2_1)
     2    0.008088    0.204353    0.232790    0.879123 ^ g1078/X (sky130_fd_sc_hd__xor2_1)
                                                         n1118 (net)
                      0.204353    0.000283    0.879406 ^ g1160/B (sky130_fd_sc_hd__xor2_1)
     2    0.008168    0.205800    0.246712    1.126118 ^ g1160/X (sky130_fd_sc_hd__xor2_1)
                                                         n1200 (net)
                      0.205800    0.000174    1.126292 ^ g1163/A1 (sky130_fd_sc_hd__a21o_1)
     2    0.005407    0.058890    0.164065    1.290357 ^ g1163/X (sky130_fd_sc_hd__a21o_1)
                                                         n1203 (net)
                      0.058890    0.000157    1.290514 ^ g1168/A (sky130_fd_sc_hd__inv_1)
     1    0.001889    0.020606    0.036026    1.326540 v g1168/Y (sky130_fd_sc_hd__inv_1)
                                                         n1208 (net)
                      0.020606    0.000057    1.326597 v g1169/B (sky130_fd_sc_hd__and2_1)
     2    0.008557    0.058672    0.174654    1.501252 v g1169/X (sky130_fd_sc_hd__and2_1)
                                                         n1209 (net)
                      0.058672    0.000259    1.501510 v g1175/A2 (sky130_fd_sc_hd__a21o_1)
     2    0.004881    0.041847    0.196347    1.697857 v g1175/X (sky130_fd_sc_hd__a21o_1)
                                                         n1215 (net)
                      0.041847    0.000117    1.697973 v g1185/A (sky130_fd_sc_hd__and2_1)
     2    0.009699    0.063174    0.169450    1.867424 v g1185/X (sky130_fd_sc_hd__and2_1)
                                                         n1225 (net)
                      0.063174    0.000346    1.867770 v g1191/A2 (sky130_fd_sc_hd__a21o_1)
     2    0.004532    0.040407    0.196501    2.064271 v g1191/X (sky130_fd_sc_hd__a21o_1)
                                                         n1231 (net)
                      0.040407    0.000124    2.064395 v g1202/A (sky130_fd_sc_hd__inv_1)
     1    0.002447    0.030805    0.046866    2.111261 ^ g1202/Y (sky130_fd_sc_hd__inv_1)
                                                         n1242 (net)
                      0.030805    0.000073    2.111335 ^ g1203/B (sky130_fd_sc_hd__and2_1)
     2    0.010335    0.112167    0.170020    2.281355 ^ g1203/X (sky130_fd_sc_hd__and2_1)
                                                         n1243 (net)
                      0.112167    0.000336    2.281690 ^ g1210/B (sky130_fd_sc_hd__xor2_1)
     2    0.007793    0.199078    0.228402    2.510093 ^ g1210/X (sky130_fd_sc_hd__xor2_1)
                                                         n1250 (net)
                      0.199078    0.000282    2.510375 ^ g1215/A (sky130_fd_sc_hd__and2_1)
     1    0.011637    0.124906    0.225427    2.735802 ^ g1215/X (sky130_fd_sc_hd__and2_1)
                                                         zN[5] (net)
                      0.124906    0.000315    2.736117 ^ zN[5] (out)
                                              2.736117   data arrival time

                      0.000000   10.000000   10.000000   clock __VIRTUAL_CLK__ (rise edge)
                                  0.000000   10.000000   clock network delay (ideal)
                                  0.000000   10.000000   clock reconvergence pessimism
                                  0.000000   10.000000   output external delay
                                             10.000000   data required time
---------------------------------------------------------------------------------------------
                                             10.000000   data required time
                                             -2.736117   data arrival time
---------------------------------------------------------------------------------------------
                                              7.263884   slack (MET)


Startpoint: yN[2] (input port clocked by __VIRTUAL_CLK__)
Endpoint: zP[4] (output port clocked by __VIRTUAL_CLK__)
Path Group: __VIRTUAL_CLK__
Path Type: max

Fanout         Cap        Slew       Delay        Time   Description
---------------------------------------------------------------------------------------------
                      0.000000    0.000000    0.000000   clock __VIRTUAL_CLK__ (rise edge)
                                  0.000000    0.000000   clock network delay (ideal)
                                  0.000000    0.000000 v input external delay
    20    0.096011    0.211382    0.161137    0.161137 v yN[2] (in)
                                                         yN[2] (net)
                      0.211442    0.000000    0.161137 v g14/B (sky130_fd_sc_hd__and2_1)
     1    0.002060    0.032420    0.234118    0.395255 v g14/X (sky130_fd_sc_hd__and2_1)
                                                         n54 (net)
                      0.032420    0.000059    0.395314 v g17/A (sky130_fd_sc_hd__or2_1)
     2    0.006593    0.065168    0.250838    0.646152 v g17/X (sky130_fd_sc_hd__or2_1)
                                                         n57 (net)
                      0.065168    0.000181    0.646333 v g1078/A (sky130_fd_sc_hd__xor2_1)
     2    0.008088    0.204353    0.232790    0.879123 ^ g1078/X (sky130_fd_sc_hd__xor2_1)
                                                         n1118 (net)
                      0.204353    0.000283    0.879406 ^ g1160/B (sky130_fd_sc_hd__xor2_1)
     2    0.008168    0.205800    0.246712    1.126118 ^ g1160/X (sky130_fd_sc_hd__xor2_1)
                                                         n1200 (net)
                      0.205800    0.000174    1.126292 ^ g1163/A1 (sky130_fd_sc_hd__a21o_1)
     2    0.005407    0.058890    0.164065    1.290357 ^ g1163/X (sky130_fd_sc_hd__a21o_1)
                                                         n1203 (net)
                      0.058890    0.000157    1.290514 ^ g1168/A (sky130_fd_sc_hd__inv_1)
     1    0.001889    0.020606    0.036026    1.326540 v g1168/Y (sky130_fd_sc_hd__inv_1)
                                                         n1208 (net)
                      0.020606    0.000057    1.326597 v g1169/B (sky130_fd_sc_hd__and2_1)
     2    0.008557    0.058672    0.174654    1.501252 v g1169/X (sky130_fd_sc_hd__and2_1)
                                                         n1209 (net)
                      0.058672    0.000259    1.501510 v g1175/A2 (sky130_fd_sc_hd__a21o_1)
     2    0.004881    0.041847    0.196347    1.697857 v g1175/X (sky130_fd_sc_hd__a21o_1)
                                                         n1215 (net)
                      0.041847    0.000148    1.698004 v g1186/A (sky130_fd_sc_hd__inv_1)
     1    0.001894    0.027279    0.044105    1.742109 ^ g1186/Y (sky130_fd_sc_hd__inv_1)
                                                         n1226 (net)
                      0.027279    0.000040    1.742149 ^ g1187/B (sky130_fd_sc_hd__and2_1)
     2    0.008605    0.096465    0.156930    1.899079 ^ g1187/X (sky130_fd_sc_hd__and2_1)
                                                         n1227 (net)
                      0.096465    0.000174    1.899253 ^ g1194/B (sky130_fd_sc_hd__xor2_1)
     2    0.006805    0.181434    0.211029    2.110281 ^ g1194/X (sky130_fd_sc_hd__xor2_1)
                                                         n1234 (net)
                      0.181434    0.000233    2.110514 ^ g1196/A (sky130_fd_sc_hd__inv_1)
     1    0.002145    0.041359    0.056680    2.167195 v g1196/Y (sky130_fd_sc_hd__inv_1)
                                                         n1236 (net)
                      0.041359    0.000046    2.167241 v g1197/B (sky130_fd_sc_hd__and2_1)
     1    0.012160    0.073382    0.198277    2.365518 v g1197/X (sky130_fd_sc_hd__and2_1)
                                                         zP[4] (net)
                      0.073382    0.000349    2.365867 v zP[4] (out)
                                              2.365867   data arrival time

                      0.000000   10.000000   10.000000   clock __VIRTUAL_CLK__ (rise edge)
                                  0.000000   10.000000   clock network delay (ideal)
                                  0.000000   10.000000   clock reconvergence pessimism
                                  0.000000   10.000000   output external delay
                                             10.000000   data required time
---------------------------------------------------------------------------------------------
                                             10.000000   data required time
                                             -2.365867   data arrival time
---------------------------------------------------------------------------------------------
                                              7.634133   slack (MET)


Startpoint: yP[2] (input port clocked by __VIRTUAL_CLK__)
Endpoint: zN[4] (output port clocked by __VIRTUAL_CLK__)
Path Group: __VIRTUAL_CLK__
Path Type: max

Fanout         Cap        Slew       Delay        Time   Description
---------------------------------------------------------------------------------------------
                      0.000000    0.000000    0.000000   clock __VIRTUAL_CLK__ (rise edge)
                                  0.000000    0.000000   clock network delay (ideal)
                                  0.000000    0.000000 v input external delay
    20    0.090979    0.201185    0.148701    0.148701 v yP[2] (in)
                                                         yP[2] (net)
                      0.201198    0.000000    0.148701 v g12/B (sky130_fd_sc_hd__and2_1)
     1    0.001743    0.031152    0.227080    0.375781 v g12/X (sky130_fd_sc_hd__and2_1)
                                                         n52 (net)
                      0.031152    0.000036    0.375817 v g16/A (sky130_fd_sc_hd__or2_1)
     2    0.007406    0.069165    0.255331    0.631147 v g16/X (sky130_fd_sc_hd__or2_1)
                                                         n56 (net)
                      0.069165    0.000174    0.631321 v g808/A (sky130_fd_sc_hd__xor2_1)
     2    0.008035    0.203403    0.233809    0.865130 ^ g808/X (sky130_fd_sc_hd__xor2_1)
                                                         n848 (net)
                      0.203403    0.000177    0.865307 ^ g1156/B (sky130_fd_sc_hd__xor2_1)
     2    0.007788    0.198980    0.241274    1.106581 ^ g1156/X (sky130_fd_sc_hd__xor2_1)
                                                         n1196 (net)
                      0.198980    0.000088    1.106669 ^ g1159/A1 (sky130_fd_sc_hd__a21o_1)
     2    0.006488    0.067394    0.169563    1.276232 ^ g1159/X (sky130_fd_sc_hd__a21o_1)
                                                         n1199 (net)
                      0.067394    0.000216    1.276448 ^ g1170/A (sky130_fd_sc_hd__inv_1)
     1    0.002049    0.022610    0.038559    1.315007 v g1170/Y (sky130_fd_sc_hd__inv_1)
                                                         n1210 (net)
                      0.022610    0.000043    1.315050 v g1171/B (sky130_fd_sc_hd__and2_1)
     2    0.007904    0.056509    0.172333    1.487383 v g1171/X (sky130_fd_sc_hd__and2_1)
                                                         n1211 (net)
                      0.056509    0.000221    1.487604 v g1179/A2 (sky130_fd_sc_hd__a21o_1)
     2    0.004920    0.041997    0.195664    1.683269 v g1179/X (sky130_fd_sc_hd__a21o_1)
                                                         n1219 (net)
                      0.041997    0.000087    1.683356 v g1184/A (sky130_fd_sc_hd__inv_1)
     1    0.002032    0.028204    0.045015    1.728371 ^ g1184/Y (sky130_fd_sc_hd__inv_1)
                                                         n1224 (net)
                      0.028204    0.000060    1.728431 ^ g1185/B (sky130_fd_sc_hd__and2_1)
     2    0.010239    0.111288    0.168486    1.896918 ^ g1185/X (sky130_fd_sc_hd__and2_1)
                                                         n1225 (net)
                      0.111288    0.000397    1.897315 ^ g1190/B (sky130_fd_sc_hd__xor2_1)
     2    0.005105    0.151549    0.190069    2.087384 ^ g1190/X (sky130_fd_sc_hd__xor2_1)
                                                         n1230 (net)
                      0.151549    0.000149    2.087533 ^ g1198/A (sky130_fd_sc_hd__inv_1)
     1    0.002312    0.037919    0.054848    2.142380 v g1198/Y (sky130_fd_sc_hd__inv_1)
                                                         n1238 (net)
                      0.037919    0.000048    2.142428 v g1199/B (sky130_fd_sc_hd__and2_1)
     1    0.012032    0.072843    0.196195    2.338623 v g1199/X (sky130_fd_sc_hd__and2_1)
                                                         zN[4] (net)
                      0.072844    0.000337    2.338960 v zN[4] (out)
                                              2.338960   data arrival time

                      0.000000   10.000000   10.000000   clock __VIRTUAL_CLK__ (rise edge)
                                  0.000000   10.000000   clock network delay (ideal)
                                  0.000000   10.000000   clock reconvergence pessimism
                                  0.000000   10.000000   output external delay
                                             10.000000   data required time
---------------------------------------------------------------------------------------------
                                             10.000000   data required time
                                             -2.338960   data arrival time
---------------------------------------------------------------------------------------------
                                              7.661040   slack (MET)


Startpoint: yN[2] (input port clocked by __VIRTUAL_CLK__)
Endpoint: zN[3] (output port clocked by __VIRTUAL_CLK__)
Path Group: __VIRTUAL_CLK__
Path Type: max

Fanout         Cap        Slew       Delay        Time   Description
---------------------------------------------------------------------------------------------
                      0.000000    0.000000    0.000000   clock __VIRTUAL_CLK__ (rise edge)
                                  0.000000    0.000000   clock network delay (ideal)
                                  0.000000    0.000000 v input external delay
    20    0.096011    0.211382    0.161137    0.161137 v yN[2] (in)
                                                         yN[2] (net)
                      0.211442    0.000000    0.161137 v g14/B (sky130_fd_sc_hd__and2_1)
     1    0.002060    0.032420    0.234118    0.395255 v g14/X (sky130_fd_sc_hd__and2_1)
                                                         n54 (net)
                      0.032420    0.000059    0.395314 v g17/A (sky130_fd_sc_hd__or2_1)
     2    0.006593    0.065168    0.250838    0.646152 v g17/X (sky130_fd_sc_hd__or2_1)
                                                         n57 (net)
                      0.065168    0.000181    0.646333 v g1078/A (sky130_fd_sc_hd__xor2_1)
     2    0.008088    0.204353    0.232790    0.879123 ^ g1078/X (sky130_fd_sc_hd__xor2_1)
                                                         n1118 (net)
                      0.204353    0.000283    0.879406 ^ g1160/B (sky130_fd_sc_hd__xor2_1)
     2    0.008168    0.205800    0.246712    1.126118 ^ g1160/X (sky130_fd_sc_hd__xor2_1)
                                                         n1200 (net)
                      0.205800    0.000174    1.126292 ^ g1163/A1 (sky130_fd_sc_hd__a21o_1)
     2    0.005407    0.058890    0.164065    1.290357 ^ g1163/X (sky130_fd_sc_hd__a21o_1)
                                                         n1203 (net)
                      0.058890    0.000157    1.290514 ^ g1168/A (sky130_fd_sc_hd__inv_1)
     1    0.001889    0.020606    0.036026    1.326540 v g1168/Y (sky130_fd_sc_hd__inv_1)
                                                         n1208 (net)
                      0.020606    0.000057    1.326597 v g1169/B (sky130_fd_sc_hd__and2_1)
     2    0.008557    0.058672    0.174654    1.501252 v g1169/X (sky130_fd_sc_hd__and2_1)
                                                         n1209 (net)
                      0.058672    0.000258    1.501510 v g1174/B (sky130_fd_sc_hd__xor2_1)
     2    0.005927    0.165920    0.179840    1.681349 ^ g1174/X (sky130_fd_sc_hd__xor2_1)
                                                         n1214 (net)
                      0.165920    0.000181    1.681530 ^ g1182/A (sky130_fd_sc_hd__inv_1)
     1    0.002449    0.040596    0.057620    1.739150 v g1182/Y (sky130_fd_sc_hd__inv_1)
                                                         n1222 (net)
                      0.040596    0.000076    1.739226 v g1183/B (sky130_fd_sc_hd__and2_1)
     1    0.011296    0.069760    0.194626    1.933852 v g1183/X (sky130_fd_sc_hd__and2_1)
                                                         zN[3] (net)
                      0.069760    0.000279    1.934131 v zN[3] (out)
                                              1.934131   data arrival time

                      0.000000   10.000000   10.000000   clock __VIRTUAL_CLK__ (rise edge)
                                  0.000000   10.000000   clock network delay (ideal)
                                  0.000000   10.000000   clock reconvergence pessimism
                                  0.000000   10.000000   output external delay
                                             10.000000   data required time
---------------------------------------------------------------------------------------------
                                             10.000000   data required time
                                             -1.934131   data arrival time
---------------------------------------------------------------------------------------------
                                              8.065869   slack (MET)


Startpoint: yP[2] (input port clocked by __VIRTUAL_CLK__)
Endpoint: zP[3] (output port clocked by __VIRTUAL_CLK__)
Path Group: __VIRTUAL_CLK__
Path Type: max

Fanout         Cap        Slew       Delay        Time   Description
---------------------------------------------------------------------------------------------
                      0.000000    0.000000    0.000000   clock __VIRTUAL_CLK__ (rise edge)
                                  0.000000    0.000000   clock network delay (ideal)
                                  0.000000    0.000000 v input external delay
    20    0.090979    0.201185    0.148701    0.148701 v yP[2] (in)
                                                         yP[2] (net)
                      0.201198    0.000000    0.148701 v g12/B (sky130_fd_sc_hd__and2_1)
     1    0.001743    0.031152    0.227080    0.375781 v g12/X (sky130_fd_sc_hd__and2_1)
                                                         n52 (net)
                      0.031152    0.000036    0.375817 v g16/A (sky130_fd_sc_hd__or2_1)
     2    0.007406    0.069165    0.255331    0.631147 v g16/X (sky130_fd_sc_hd__or2_1)
                                                         n56 (net)
                      0.069165    0.000174    0.631321 v g808/A (sky130_fd_sc_hd__xor2_1)
     2    0.008035    0.203403    0.233809    0.865130 ^ g808/X (sky130_fd_sc_hd__xor2_1)
                                                         n848 (net)
                      0.203403    0.000177    0.865307 ^ g1156/B (sky130_fd_sc_hd__xor2_1)
     2    0.007788    0.198980    0.241274    1.106581 ^ g1156/X (sky130_fd_sc_hd__xor2_1)
                                                         n1196 (net)
                      0.198980    0.000088    1.106669 ^ g1159/A1 (sky130_fd_sc_hd__a21o_1)
     2    0.006488    0.067394    0.169563    1.276232 ^ g1159/X (sky130_fd_sc_hd__a21o_1)
                                                         n1199 (net)
                      0.067394    0.000216    1.276448 ^ g1170/A (sky130_fd_sc_hd__inv_1)
     1    0.002049    0.022610    0.038559    1.315007 v g1170/Y (sky130_fd_sc_hd__inv_1)
                                                         n1210 (net)
                      0.022610    0.000043    1.315050 v g1171/B (sky130_fd_sc_hd__and2_1)
     2    0.007904    0.056509    0.172333    1.487383 v g1171/X (sky130_fd_sc_hd__and2_1)
                                                         n1211 (net)
                      0.056509    0.000231    1.487614 v g1178/B (sky130_fd_sc_hd__xor2_1)
     2    0.006765    0.180736    0.191011    1.678625 ^ g1178/X (sky130_fd_sc_hd__xor2_1)
                                                         n1218 (net)
                      0.180736    0.000216    1.678842 ^ g1180/A (sky130_fd_sc_hd__inv_1)
     1    0.001741    0.039390    0.052957    1.731798 v g1180/Y (sky130_fd_sc_hd__inv_1)
                                                         n1220 (net)
                      0.039390    0.000036    1.731835 v g1181/B (sky130_fd_sc_hd__and2_1)
     1    0.011735    0.071596    0.195740    1.927574 v g1181/X (sky130_fd_sc_hd__and2_1)
                                                         zP[3] (net)
                      0.071596    0.000319    1.927893 v zP[3] (out)
                                              1.927893   data arrival time

                      0.000000   10.000000   10.000000   clock __VIRTUAL_CLK__ (rise edge)
                                  0.000000   10.000000   clock network delay (ideal)
                                  0.000000   10.000000   clock reconvergence pessimism
                                  0.000000   10.000000   output external delay
                                             10.000000   data required time
---------------------------------------------------------------------------------------------
                                             10.000000   data required time
                                             -1.927893   data arrival time
---------------------------------------------------------------------------------------------
                                              8.072107   slack (MET)


Startpoint: yN[2] (input port clocked by __VIRTUAL_CLK__)
Endpoint: zP[2] (output port clocked by __VIRTUAL_CLK__)
Path Group: __VIRTUAL_CLK__
Path Type: max

Fanout         Cap        Slew       Delay        Time   Description
---------------------------------------------------------------------------------------------
                      0.000000    0.000000    0.000000   clock __VIRTUAL_CLK__ (rise edge)
                                  0.000000    0.000000   clock network delay (ideal)
                                  0.000000    0.000000 v input external delay
    20    0.096011    0.211382    0.161137    0.161137 v yN[2] (in)
                                                         yN[2] (net)
                      0.211442    0.000000    0.161137 v g14/B (sky130_fd_sc_hd__and2_1)
     1    0.002060    0.032420    0.234118    0.395255 v g14/X (sky130_fd_sc_hd__and2_1)
                                                         n54 (net)
                      0.032420    0.000059    0.395314 v g17/A (sky130_fd_sc_hd__or2_1)
     2    0.006593    0.065168    0.250838    0.646152 v g17/X (sky130_fd_sc_hd__or2_1)
                                                         n57 (net)
                      0.065168    0.000181    0.646333 v g1078/A (sky130_fd_sc_hd__xor2_1)
     2    0.008088    0.204353    0.232790    0.879123 ^ g1078/X (sky130_fd_sc_hd__xor2_1)
                                                         n1118 (net)
                      0.204353    0.000283    0.879406 ^ g1160/B (sky130_fd_sc_hd__xor2_1)
     2    0.008168    0.205800    0.246712    1.126118 ^ g1160/X (sky130_fd_sc_hd__xor2_1)
                                                         n1200 (net)
                      0.205800    0.000207    1.126324 ^ g1162/A (sky130_fd_sc_hd__xor2_1)
     2    0.006599    0.177787    0.223433    1.349757 ^ g1162/X (sky130_fd_sc_hd__xor2_1)
                                                         n1202 (net)
                      0.177787    0.000229    1.349987 ^ g1164/A (sky130_fd_sc_hd__inv_1)
     1    0.002378    0.041943    0.058366    1.408353 v g1164/Y (sky130_fd_sc_hd__inv_1)
                                                         n1204 (net)
                      0.041943    0.000074    1.408426 v g1165/B (sky130_fd_sc_hd__and2_1)
     1    0.012383    0.074353    0.199326    1.607752 v g1165/X (sky130_fd_sc_hd__and2_1)
                                                         zP[2] (net)
                      0.074355    0.000517    1.608269 v zP[2] (out)
                                              1.608269   data arrival time

                      0.000000   10.000000   10.000000   clock __VIRTUAL_CLK__ (rise edge)
                                  0.000000   10.000000   clock network delay (ideal)
                                  0.000000   10.000000   clock reconvergence pessimism
                                  0.000000   10.000000   output external delay
                                             10.000000   data required time
---------------------------------------------------------------------------------------------
                                             10.000000   data required time
                                             -1.608269   data arrival time
---------------------------------------------------------------------------------------------
                                              8.391731   slack (MET)


Startpoint: yN[2] (input port clocked by __VIRTUAL_CLK__)
Endpoint: zN[2] (output port clocked by __VIRTUAL_CLK__)
Path Group: __VIRTUAL_CLK__
Path Type: max

Fanout         Cap        Slew       Delay        Time   Description
---------------------------------------------------------------------------------------------
                      0.000000    0.000000    0.000000   clock __VIRTUAL_CLK__ (rise edge)
                                  0.000000    0.000000   clock network delay (ideal)
                                  0.000000    0.000000 v input external delay
    20    0.096011    0.211382    0.161137    0.161137 v yN[2] (in)
                                                         yN[2] (net)
                      0.211442    0.000000    0.161137 v g14/B (sky130_fd_sc_hd__and2_1)
     1    0.002060    0.032420    0.234118    0.395255 v g14/X (sky130_fd_sc_hd__and2_1)
                                                         n54 (net)
                      0.032420    0.000059    0.395314 v g17/A (sky130_fd_sc_hd__or2_1)
     2    0.006593    0.065168    0.250838    0.646152 v g17/X (sky130_fd_sc_hd__or2_1)
                                                         n57 (net)
                      0.065168    0.000181    0.646333 v g1078/A (sky130_fd_sc_hd__xor2_1)
     2    0.008088    0.204353    0.232790    0.879123 ^ g1078/X (sky130_fd_sc_hd__xor2_1)
                                                         n1118 (net)
                      0.204353    0.000283    0.879406 ^ g1160/B (sky130_fd_sc_hd__xor2_1)
     2    0.008168    0.205800    0.246712    1.126118 ^ g1160/X (sky130_fd_sc_hd__xor2_1)
                                                         n1200 (net)
                      0.205800    0.000207    1.126324 ^ g1162/A (sky130_fd_sc_hd__xor2_1)
     2    0.006599    0.177787    0.223433    1.349757 ^ g1162/X (sky130_fd_sc_hd__xor2_1)
                                                         n1202 (net)
                      0.177787    0.000202    1.349960 ^ g1167/A (sky130_fd_sc_hd__and2_1)
     1    0.012943    0.136733    0.229202    1.579162 ^ g1167/X (sky130_fd_sc_hd__and2_1)
                                                         zN[2] (net)
                      0.136733    0.000424    1.579586 ^ zN[2] (out)
                                              1.579586   data arrival time

                      0.000000   10.000000   10.000000   clock __VIRTUAL_CLK__ (rise edge)
                                  0.000000   10.000000   clock network delay (ideal)
                                  0.000000   10.000000   clock reconvergence pessimism
                                  0.000000   10.000000   output external delay
                                             10.000000   data required time
---------------------------------------------------------------------------------------------
                                             10.000000   data required time
                                             -1.579586   data arrival time
---------------------------------------------------------------------------------------------
                                              8.420415   slack (MET)


Startpoint: yN[1] (input port clocked by __VIRTUAL_CLK__)
Endpoint: zP[1] (output port clocked by __VIRTUAL_CLK__)
Path Group: __VIRTUAL_CLK__
Path Type: max

Fanout         Cap        Slew       Delay        Time   Description
---------------------------------------------------------------------------------------------
                      0.000000    0.000000    0.000000   clock __VIRTUAL_CLK__ (rise edge)
                                  0.000000    0.000000   clock network delay (ideal)
                                  0.000000    0.000000 v input external delay
    20    0.088149    0.194275    0.148646    0.148646 v yN[1] (in)
                                                         yN[1] (net)
                      0.194352    0.000000    0.148646 v g8/B (sky130_fd_sc_hd__and2_1)
     1    0.001568    0.030445    0.222604    0.371250 v g8/X (sky130_fd_sc_hd__and2_1)
                                                         n48 (net)
                      0.030445    0.000031    0.371282 v g11/A (sky130_fd_sc_hd__or2_1)
     2    0.006952    0.066903    0.252324    0.623605 v g11/X (sky130_fd_sc_hd__or2_1)
                                                         n51 (net)
                      0.066903    0.000136    0.623741 v g1146/A (sky130_fd_sc_hd__xor2_1)
     2    0.004166    0.052117    0.177215    0.800956 v g1146/X (sky130_fd_sc_hd__xor2_1)
                                                         n1186 (net)
                      0.052117    0.000097    0.801053 v g1148/A (sky130_fd_sc_hd__inv_1)
     1    0.002333    0.031190    0.051407    0.852460 ^ g1148/Y (sky130_fd_sc_hd__inv_1)
                                                         n1188 (net)
                      0.031190    0.000070    0.852530 ^ g1149/B (sky130_fd_sc_hd__and2_1)
     1    0.020685    0.208266    0.241052    1.093582 ^ g1149/X (sky130_fd_sc_hd__and2_1)
                                                         zP[1] (net)
                      0.208271    0.001360    1.094942 ^ zP[1] (out)
                                              1.094942   data arrival time

                      0.000000   10.000000   10.000000   clock __VIRTUAL_CLK__ (rise edge)
                                  0.000000   10.000000   clock network delay (ideal)
                                  0.000000   10.000000   clock reconvergence pessimism
                                  0.000000   10.000000   output external delay
                                             10.000000   data required time
---------------------------------------------------------------------------------------------
                                             10.000000   data required time
                                             -1.094942   data arrival time
---------------------------------------------------------------------------------------------
                                              8.905058   slack (MET)


Startpoint: yP[1] (input port clocked by __VIRTUAL_CLK__)
Endpoint: zN[1] (output port clocked by __VIRTUAL_CLK__)
Path Group: __VIRTUAL_CLK__
Path Type: max

Fanout         Cap        Slew       Delay        Time   Description
---------------------------------------------------------------------------------------------
                      0.000000    0.000000    0.000000   clock __VIRTUAL_CLK__ (rise edge)
                                  0.000000    0.000000   clock network delay (ideal)
                                  0.000000    0.000000 v input external delay
    20    0.085083    0.189222    0.140639    0.140639 v yP[1] (in)
                                                         yP[1] (net)
                      0.189497    0.000000    0.140639 v g6/B (sky130_fd_sc_hd__and2_1)
     1    0.001663    0.030785    0.220797    0.361436 v g6/X (sky130_fd_sc_hd__and2_1)
                                                         n46 (net)
                      0.030785    0.000034    0.361469 v g10/A (sky130_fd_sc_hd__or2_1)
     2    0.007530    0.069785    0.255952    0.617421 v g10/X (sky130_fd_sc_hd__or2_1)
                                                         n50 (net)
                      0.069785    0.000168    0.617589 v g1144/A (sky130_fd_sc_hd__xor2_1)
     2    0.005448    0.157497    0.197173    0.814762 ^ g1144/X (sky130_fd_sc_hd__xor2_1)
                                                         n1184 (net)
                      0.157497    0.000162    0.814924 ^ g1150/A (sky130_fd_sc_hd__inv_1)
     1    0.001697    0.036087    0.050360    0.865284 v g1150/Y (sky130_fd_sc_hd__inv_1)
                                                         n1190 (net)
                      0.036087    0.000049    0.865333 v g1151/B (sky130_fd_sc_hd__and2_1)
     1    0.015923    0.089355    0.210297    1.075629 v g1151/X (sky130_fd_sc_hd__and2_1)
                                                         zN[1] (net)
                      0.089356    0.000528    1.076157 v zN[1] (out)
                                              1.076157   data arrival time

                      0.000000   10.000000   10.000000   clock __VIRTUAL_CLK__ (rise edge)
                                  0.000000   10.000000   clock network delay (ideal)
                                  0.000000   10.000000   clock reconvergence pessimism
                                  0.000000   10.000000   output external delay
                                             10.000000   data required time
---------------------------------------------------------------------------------------------
                                             10.000000   data required time
                                             -1.076157   data arrival time
---------------------------------------------------------------------------------------------
                                              8.923843   slack (MET)


Startpoint: yN[0] (input port clocked by __VIRTUAL_CLK__)
Endpoint: zP[0] (output port clocked by __VIRTUAL_CLK__)
Path Group: __VIRTUAL_CLK__
Path Type: max

Fanout         Cap        Slew       Delay        Time   Description
---------------------------------------------------------------------------------------------
                      0.000000    0.000000    0.000000   clock __VIRTUAL_CLK__ (rise edge)
                                  0.000000    0.000000   clock network delay (ideal)
                                  0.000000    0.000000 v input external delay
    20    0.084563    0.186227    0.142537    0.142537 v yN[0] (in)
                                                         yN[0] (net)
                      0.186266    0.000000    0.142537 v g2/B (sky130_fd_sc_hd__and2_1)
     1    0.002372    0.033478    0.223621    0.366158 v g2/X (sky130_fd_sc_hd__and2_1)
                                                         n42 (net)
                      0.033478    0.000069    0.366227 v g5/A (sky130_fd_sc_hd__or2_1)
     2    0.004618    0.056264    0.239230    0.605458 v g5/X (sky130_fd_sc_hd__or2_1)
                                                         n45 (net)
                      0.056264    0.000106    0.605564 v g1140/A (sky130_fd_sc_hd__inv_1)
     1    0.001880    0.029210    0.050173    0.655737 ^ g1140/Y (sky130_fd_sc_hd__inv_1)
                                                         n1180 (net)
                      0.029210    0.000055    0.655793 ^ g1141/B (sky130_fd_sc_hd__and2_1)
     1    0.015402    0.159014    0.204454    0.860247 ^ g1141/X (sky130_fd_sc_hd__and2_1)
                                                         zP[0] (net)
                      0.159014    0.000430    0.860677 ^ zP[0] (out)
                                              0.860677   data arrival time

                      0.000000   10.000000   10.000000   clock __VIRTUAL_CLK__ (rise edge)
                                  0.000000   10.000000   clock network delay (ideal)
                                  0.000000   10.000000   clock reconvergence pessimism
                                  0.000000   10.000000   output external delay
                                             10.000000   data required time
---------------------------------------------------------------------------------------------
                                             10.000000   data required time
                                             -0.860677   data arrival time
---------------------------------------------------------------------------------------------
                                              9.139323   slack (MET)


Startpoint: yP[0] (input port clocked by __VIRTUAL_CLK__)
Endpoint: zN[0] (output port clocked by __VIRTUAL_CLK__)
Path Group: __VIRTUAL_CLK__
Path Type: max

Fanout         Cap        Slew       Delay        Time   Description
---------------------------------------------------------------------------------------------
                      0.000000    0.000000    0.000000   clock __VIRTUAL_CLK__ (rise edge)
                                  0.000000    0.000000   clock network delay (ideal)
                                  0.000000    0.000000 v input external delay
    20    0.082855    0.182553    0.139751    0.139751 v yP[0] (in)
                                                         yP[0] (net)
                      0.182597    0.000000    0.139751 v g0/B (sky130_fd_sc_hd__and2_1)
     1    0.001703    0.030902    0.217628    0.357379 v g0/X (sky130_fd_sc_hd__and2_1)
                                                         n40 (net)
                      0.030902    0.000049    0.357428 v g4/A (sky130_fd_sc_hd__or2_1)
     2    0.004842    0.057193    0.239634    0.597063 v g4/X (sky130_fd_sc_hd__or2_1)
                                                         n44 (net)
                      0.057193    0.000125    0.597188 v g1142/A (sky130_fd_sc_hd__inv_1)
     1    0.002247    0.031610    0.052817    0.650006 ^ g1142/Y (sky130_fd_sc_hd__inv_1)
                                                         n1182 (net)
                      0.031610    0.000065    0.650070 ^ g1143/B (sky130_fd_sc_hd__and2_1)
     1    0.015269    0.157802    0.204177    0.854247 ^ g1143/X (sky130_fd_sc_hd__and2_1)
                                                         zN[0] (net)
                      0.157802    0.000635    0.854882 ^ zN[0] (out)
                                              0.854882   data arrival time

                      0.000000   10.000000   10.000000   clock __VIRTUAL_CLK__ (rise edge)
                                  0.000000   10.000000   clock network delay (ideal)
                                  0.000000   10.000000   clock reconvergence pessimism
                                  0.000000   10.000000   output external delay
                                             10.000000   data required time
---------------------------------------------------------------------------------------------
                                             10.000000   data required time
                                             -0.854882   data arrival time
---------------------------------------------------------------------------------------------
                                              9.145119   slack (MET)



